"target","conditional_gene","rank"
"ABHD17B","ABHD17B",1
"ABHD17B","B3GNT2",2
"ABHD17B","BMF",3
"ABHD17B","C5orf24",4
"ABHD17B","CDK6",5
"ABHD17B","CRNDE",6
"ABHD17B","DHX9",7
"ABHD17B","DTL",8
"ABHD17B","EMP1",9
"ABHD17B","FABP5",10
"ABHD17B","FGL2",11
"ABHD17B","FGR",12
"ABHD17B","HRK",13
"ABHD17B","HSP90AB1",14
"ABHD17B","ID3",15
"ABHD17B","IGLL1",16
"ABHD17B","IL18R1",17
"ABHD17B","IL18RAP",18
"ABHD17B","ITGB2-AS1",19
"ABHD17B","KCNK12",20
"ABHD17B","LEF1",21
"ABHD17B","LGALS3",22
"ABHD17B","LILRA1",23
"ABHD17B","LOC100130872",24
"ABHD17B","MNDA",25
"ABHD17B","MSH6",26
"ABHD17B","MYRIP",27
"ABHD17B","NEDD9",28
"ABHD17B","PPBP",29
"ABHD17B","PPP1R16B",30
"ABHD17B","PSPH",31
"ABHD17B","PTP4A1",32
"ABHD17B","RAB31",33
"ABHD17B","RAG1",34
"ABHD17B","RAG2",35
"ABHD17B","RBM14",36
"ABHD17B","RBMS3",37
"ABHD17B","RMI2",38
"ABHD17B","SEMA4D",39
"ABHD17B","SMIM3",40
"ABHD17B","TNFSF8",41
"ABHD17B","TOP2A",42
"ABHD17B","TYMS",43
"ABHD17B","WASF1",44
"AKAP12","AKAP12",1
"AKAP12","ARPP21",2
"AKAP12","BCL2L11",3
"AKAP12","BMF",4
"AKAP12","BTNL9",5
"AKAP12","C5orf24",6
"AKAP12","CENPV",7
"AKAP12","CPM",8
"AKAP12","DENND3",9
"AKAP12","DPEP1",10
"AKAP12","GSN",11
"AKAP12","HRK",12
"AKAP12","ID3",13
"AKAP12","IFNGR1",14
"AKAP12","IGLL1",15
"AKAP12","IL1B",16
"AKAP12","IL27RA",17
"AKAP12","IL6ST",18
"AKAP12","IRAK3",19
"AKAP12","ISG20",20
"AKAP12","ITGAM",21
"AKAP12","ITGB2-AS1",22
"AKAP12","KCNK12",23
"AKAP12","KIF26A",24
"AKAP12","LILRA1",25
"AKAP12","LILRB2",26
"AKAP12","LOC100130872",27
"AKAP12","LOC285097",28
"AKAP12","MDK",29
"AKAP12","MDM2",30
"AKAP12","METTL7A",31
"AKAP12","MIR4683",32
"AKAP12","MS4A1",33
"AKAP12","MSH6",34
"AKAP12","MTSS1",35
"AKAP12","NPCDR1",36
"AKAP12","P2RY14",37
"AKAP12","PDE4B",38
"AKAP12","POU4F1",39
"AKAP12","RAG1",40
"AKAP12","RAG2",41
"AKAP12","RBMS3",42
"AKAP12","RPS6KA2",43
"AKAP12","S100A11",44
"AKAP12","SEMA4D",45
"AKAP12","SERPINB9",46
"AKAP12","SIK1",47
"AKAP12","SLA",48
"AKAP12","SNX10",49
"AKAP12","SOS1",50
"AKAP12","TENM4",51
"AKAP12","TMEM2",52
"AKAP12","TNFSF8",53
"AKAP12","UBE2C",54
"AKAP12","WASF1",55
"AKAP12","WFS1",56
"AKAP12","ZFP36L2",57
"ANLN","ANLN",1
"ANLN","ANP32E",2
"ANLN","APITD1-CORT",3
"ANLN","ASF1B",4
"ANLN","ASPM",5
"ANLN","ATAD2",6
"ANLN","AURKA",7
"ANLN","AURKB",8
"ANLN","BCAT1",9
"ANLN","BCL2L11",10
"ANLN","BIRC5",11
"ANLN","BMF",12
"ANLN","BRCA1",13
"ANLN","BRIP1",14
"ANLN","BTG1",15
"ANLN","BUB1",16
"ANLN","BUB1B",17
"ANLN","BYSL",18
"ANLN","C4orf46",19
"ANLN","CCDC34",20
"ANLN","CCDC86",21
"ANLN","CCNA2",22
"ANLN","CCNB1",23
"ANLN","CCNB2",24
"ANLN","CCNE2",25
"ANLN","CCR1",26
"ANLN","CD53",27
"ANLN","CDC20",28
"ANLN","CDC42EP3",29
"ANLN","CDC45",30
"ANLN","CDC6",31
"ANLN","CDCA2",32
"ANLN","CDCA3",33
"ANLN","CDCA5",34
"ANLN","CDK1",35
"ANLN","CDKN3",36
"ANLN","CDT1",37
"ANLN","CELF2",38
"ANLN","CENPA",39
"ANLN","CENPE",40
"ANLN","CENPF",41
"ANLN","CENPH",42
"ANLN","CENPK",43
"ANLN","CENPN",44
"ANLN","CENPU",45
"ANLN","CENPV",46
"ANLN","CENPW",47
"ANLN","CEP55",48
"ANLN","CHEK1",49
"ANLN","CKAP2",50
"ANLN","CKAP2L",51
"ANLN","CKS1B",52
"ANLN","CLEC2B",53
"ANLN","CPM",54
"ANLN","CRNDE",55
"ANLN","DENND3",56
"ANLN","DEPDC1",57
"ANLN","DEPDC1B",58
"ANLN","DFNA5",59
"ANLN","DHFR",60
"ANLN","DHX9",61
"ANLN","DLGAP5",62
"ANLN","DPEP1",63
"ANLN","DSCC1",64
"ANLN","DTL",65
"ANLN","E2F7",66
"ANLN","E2F8",67
"ANLN","ECT2",68
"ANLN","FABP5",69
"ANLN","FAM72C",70
"ANLN","FANCI",71
"ANLN","FCGR3B",72
"ANLN","FEN1",73
"ANLN","FGD2",74
"ANLN","FH",75
"ANLN","FOXM1",76
"ANLN","FUS",77
"ANLN","GBP4",78
"ANLN","GGH",79
"ANLN","GIMAP4",80
"ANLN","GIMAP7",81
"ANLN","GINS1",82
"ANLN","GINS2",83
"ANLN","GSN",84
"ANLN","GVINP1",85
"ANLN","HBB",86
"ANLN","HELLS",87
"ANLN","HIST4H4",88
"ANLN","HJURP",89
"ANLN","HMMR",90
"ANLN","HRK",91
"ANLN","ID2",92
"ANLN","IFNGR1",93
"ANLN","IL18R1",94
"ANLN","IL1B",95
"ANLN","IL6ST",96
"ANLN","IQGAP3",97
"ANLN","IRAK3",98
"ANLN","ISG20",99
"ANLN","ITGAM",100
"ANLN","KIAA0101",101
"ANLN","KIF11",102
"ANLN","KIF14",103
"ANLN","KIF15",104
"ANLN","KIF18A",105
"ANLN","KIF18B",106
"ANLN","KIF20A",107
"ANLN","KIF23",108
"ANLN","KIF2C",109
"ANLN","KIF4A",110
"ANLN","KNL1",111
"ANLN","LILRB2",112
"ANLN","LOC100996643",113
"ANLN","LYZ",114
"ANLN","MAD2L1",115
"ANLN","MCM10",116
"ANLN","MCM4",117
"ANLN","MCM5",118
"ANLN","MCM7",119
"ANLN","MELK",120
"ANLN","METTL7A",121
"ANLN","MIR4683",122
"ANLN","MIR6845",123
"ANLN","MIR8071-1",124
"ANLN","MKI67",125
"ANLN","MND1",126
"ANLN","MS4A1",127
"ANLN","MS4A4A",128
"ANLN","MTHFD2",129
"ANLN","MTSS1",130
"ANLN","NCAPG",131
"ANLN","NCAPH",132
"ANLN","NEAT1",133
"ANLN","NEDD9",134
"ANLN","NEK2",135
"ANLN","NME1",136
"ANLN","NPCDR1",137
"ANLN","NUF2",138
"ANLN","NUSAP1",139
"ANLN","OIP5",140
"ANLN","P2RY14",141
"ANLN","PAICS",142
"ANLN","PBK",143
"ANLN","PCNA",144
"ANLN","PDE4B",145
"ANLN","PHF19",146
"ANLN","PIK3IP1",147
"ANLN","PLK4",148
"ANLN","POLE2",149
"ANLN","POLQ",150
"ANLN","POU4F1",151
"ANLN","PPIF",152
"ANLN","PRR11",153
"ANLN","PTP4A1",154
"ANLN","PTTG1",155
"ANLN","RAD51",156
"ANLN","RAD51AP1",157
"ANLN","RBM14",158
"ANLN","RBMS3",159
"ANLN","RCC1",160
"ANLN","RFC3",161
"ANLN","RMI2",162
"ANLN","RNASET2",163
"ANLN","RRM2",164
"ANLN","S100A8",165
"ANLN","SCML4",166
"ANLN","SELENOI",167
"ANLN","SERPINB9",168
"ANLN","SESN1",169
"ANLN","SHCBP1",170
"ANLN","SIK1",171
"ANLN","SKP2",172
"ANLN","SLC22A23",173
"ANLN","SMAP2",174
"ANLN","SMC2",175
"ANLN","SNORA21",176
"ANLN","SOS1",177
"ANLN","SQLE",178
"ANLN","STIL",179
"ANLN","SUV39H2",180
"ANLN","TARSL2",181
"ANLN","TBXA2R",182
"ANLN","TCF19",183
"ANLN","TIMELESS",184
"ANLN","TIPIN",185
"ANLN","TK1",186
"ANLN","TMEM2",187
"ANLN","TMEM97",188
"ANLN","TNFRSF21",189
"ANLN","TOP2A",190
"ANLN","TPX2",191
"ANLN","TRIP13",192
"ANLN","TTK",193
"ANLN","TXNIP",194
"ANLN","TYMS",195
"ANLN","UBE2C",196
"ANLN","UBE2T",197
"ANLN","WDHD1",198
"ANLN","WDR76",199
"ANLN","ZNF367",200
"ANLN","ZWINT",201
"ANP32E","ANLN",1
"ANP32E","ANP32E",2
"ANP32E","APITD1-CORT",3
"ANP32E","ARPP21",4
"ANP32E","ASF1B",5
"ANP32E","ASPM",6
"ANP32E","ATAD2",7
"ANP32E","AURKA",8
"ANP32E","AURKB",9
"ANP32E","BCAT1",10
"ANP32E","BCL2L11",11
"ANP32E","BIRC5",12
"ANP32E","BMF",13
"ANP32E","BRCA1",14
"ANP32E","BRIP1",15
"ANP32E","BTG1",16
"ANP32E","BUB1",17
"ANP32E","BUB1B",18
"ANP32E","BYSL",19
"ANP32E","C4orf46",20
"ANP32E","CCDC34",21
"ANP32E","CCDC86",22
"ANP32E","CCNA2",23
"ANP32E","CCNB1",24
"ANP32E","CCNB2",25
"ANP32E","CCNE2",26
"ANP32E","CCR1",27
"ANP32E","CD53",28
"ANP32E","CDC20",29
"ANP32E","CDC42EP3",30
"ANP32E","CDC45",31
"ANP32E","CDC6",32
"ANP32E","CDCA2",33
"ANP32E","CDCA3",34
"ANP32E","CDCA5",35
"ANP32E","CDK1",36
"ANP32E","CDK6",37
"ANP32E","CDKN3",38
"ANP32E","CDT1",39
"ANP32E","CELF2",40
"ANP32E","CENPA",41
"ANP32E","CENPE",42
"ANP32E","CENPF",43
"ANP32E","CENPH",44
"ANP32E","CENPK",45
"ANP32E","CENPN",46
"ANP32E","CENPU",47
"ANP32E","CENPV",48
"ANP32E","CENPW",49
"ANP32E","CEP55",50
"ANP32E","CHEK1",51
"ANP32E","CKAP2",52
"ANP32E","CKAP2L",53
"ANP32E","CKS1B",54
"ANP32E","CLEC2B",55
"ANP32E","CRNDE",56
"ANP32E","DENND3",57
"ANP32E","DEPDC1",58
"ANP32E","DEPDC1B",59
"ANP32E","DFNA5",60
"ANP32E","DHFR",61
"ANP32E","DHX9",62
"ANP32E","DLGAP5",63
"ANP32E","DPEP1",64
"ANP32E","DSCC1",65
"ANP32E","DTL",66
"ANP32E","E2F7",67
"ANP32E","E2F8",68
"ANP32E","ECT2",69
"ANP32E","EMP1",70
"ANP32E","FABP5",71
"ANP32E","FAM72C",72
"ANP32E","FANCI",73
"ANP32E","FCER1G",74
"ANP32E","FCGR3B",75
"ANP32E","FEN1",76
"ANP32E","FGR",77
"ANP32E","FH",78
"ANP32E","FOXM1",79
"ANP32E","FUS",80
"ANP32E","GBP4",81
"ANP32E","GGH",82
"ANP32E","GIMAP4",83
"ANP32E","GIMAP7",84
"ANP32E","GINS1",85
"ANP32E","GINS2",86
"ANP32E","GSN",87
"ANP32E","GVINP1",88
"ANP32E","HBB",89
"ANP32E","HELLS",90
"ANP32E","HIST4H4",91
"ANP32E","HJURP",92
"ANP32E","HMMR",93
"ANP32E","ID2",94
"ANP32E","IFNGR1",95
"ANP32E","IGH",96
"ANP32E","IL18R1",97
"ANP32E","IL1B",98
"ANP32E","IL6ST",99
"ANP32E","IQGAP3",100
"ANP32E","IRAK3",101
"ANP32E","ISG20",102
"ANP32E","ITGAM",103
"ANP32E","KIAA0101",104
"ANP32E","KIF11",105
"ANP32E","KIF14",106
"ANP32E","KIF15",107
"ANP32E","KIF18A",108
"ANP32E","KIF18B",109
"ANP32E","KIF20A",110
"ANP32E","KIF23",111
"ANP32E","KIF2C",112
"ANP32E","KIF4A",113
"ANP32E","KNL1",114
"ANP32E","LILRB2",115
"ANP32E","LOC100996643",116
"ANP32E","LY96",117
"ANP32E","LYZ",118
"ANP32E","MAD2L1",119
"ANP32E","MCM10",120
"ANP32E","MCM4",121
"ANP32E","MCM5",122
"ANP32E","MCM7",123
"ANP32E","MELK",124
"ANP32E","METTL7A",125
"ANP32E","MIR4683",126
"ANP32E","MIR6845",127
"ANP32E","MIR8071-1",128
"ANP32E","MKI67",129
"ANP32E","MND1",130
"ANP32E","MS4A1",131
"ANP32E","MS4A4A",132
"ANP32E","MS4A7",133
"ANP32E","MTHFD2",134
"ANP32E","MTSS1",135
"ANP32E","NCAPG",136
"ANP32E","NCAPH",137
"ANP32E","NEAT1",138
"ANP32E","NEDD9",139
"ANP32E","NEK2",140
"ANP32E","NME1",141
"ANP32E","NPCDR1",142
"ANP32E","NUF2",143
"ANP32E","NUSAP1",144
"ANP32E","OIP5",145
"ANP32E","P2RY14",146
"ANP32E","PAICS",147
"ANP32E","PBK",148
"ANP32E","PCNA",149
"ANP32E","PDE4B",150
"ANP32E","PHF19",151
"ANP32E","PIK3IP1",152
"ANP32E","PLK4",153
"ANP32E","POLE2",154
"ANP32E","POLQ",155
"ANP32E","PPIF",156
"ANP32E","PPP1R16B",157
"ANP32E","PRR11",158
"ANP32E","PSPH",159
"ANP32E","PTP4A1",160
"ANP32E","PTTG1",161
"ANP32E","RAD51",162
"ANP32E","RAD51AP1",163
"ANP32E","RBM14",164
"ANP32E","RBMS3",165
"ANP32E","RCC1",166
"ANP32E","RFC3",167
"ANP32E","RHOBTB3",168
"ANP32E","RMI2",169
"ANP32E","RNASET2",170
"ANP32E","RRM2",171
"ANP32E","S100A8",172
"ANP32E","SCML4",173
"ANP32E","SELENOI",174
"ANP32E","SERPINA1",175
"ANP32E","SERPINB9",176
"ANP32E","SESN1",177
"ANP32E","SHCBP1",178
"ANP32E","SKP2",179
"ANP32E","SLC22A23",180
"ANP32E","SMAP2",181
"ANP32E","SMC2",182
"ANP32E","SNORA21",183
"ANP32E","SNORD3B-1",184
"ANP32E","SNX29P2",185
"ANP32E","SOS1",186
"ANP32E","SQLE",187
"ANP32E","STIL",188
"ANP32E","SUV39H2",189
"ANP32E","TARSL2",190
"ANP32E","TBXA2R",191
"ANP32E","TCF19",192
"ANP32E","TIMELESS",193
"ANP32E","TIPIN",194
"ANP32E","TK1",195
"ANP32E","TMEM2",196
"ANP32E","TMEM97",197
"ANP32E","TNFRSF21",198
"ANP32E","TOP2A",199
"ANP32E","TPX2",200
"ANP32E","TRIP13",201
"ANP32E","TTK",202
"ANP32E","TXNIP",203
"ANP32E","TYMS",204
"ANP32E","UBE2C",205
"ANP32E","UBE2T",206
"ANP32E","WDHD1",207
"ANP32E","WDR76",208
"ANP32E","ZNF367",209
"ANP32E","ZWINT",210
"APITD1-CORT","ANLN",1
"APITD1-CORT","ANP32E",2
"APITD1-CORT","APITD1-CORT",3
"APITD1-CORT","ARPP21",4
"APITD1-CORT","ASF1B",5
"APITD1-CORT","ASPM",6
"APITD1-CORT","ATAD2",7
"APITD1-CORT","AURKA",8
"APITD1-CORT","AURKB",9
"APITD1-CORT","B3GNT2",10
"APITD1-CORT","BCAT1",11
"APITD1-CORT","BCL2L11",12
"APITD1-CORT","BIRC5",13
"APITD1-CORT","BMF",14
"APITD1-CORT","BRCA1",15
"APITD1-CORT","BRIP1",16
"APITD1-CORT","BTG1",17
"APITD1-CORT","BUB1",18
"APITD1-CORT","BUB1B",19
"APITD1-CORT","BYSL",20
"APITD1-CORT","C4orf46",21
"APITD1-CORT","CCDC34",22
"APITD1-CORT","CCDC86",23
"APITD1-CORT","CCNA2",24
"APITD1-CORT","CCNB1",25
"APITD1-CORT","CCNB2",26
"APITD1-CORT","CCNE2",27
"APITD1-CORT","CCNL1",28
"APITD1-CORT","CCR1",29
"APITD1-CORT","CD53",30
"APITD1-CORT","CDC20",31
"APITD1-CORT","CDC42EP3",32
"APITD1-CORT","CDC45",33
"APITD1-CORT","CDC6",34
"APITD1-CORT","CDCA2",35
"APITD1-CORT","CDCA3",36
"APITD1-CORT","CDCA5",37
"APITD1-CORT","CDK1",38
"APITD1-CORT","CDK6",39
"APITD1-CORT","CDKN3",40
"APITD1-CORT","CDT1",41
"APITD1-CORT","CELF2",42
"APITD1-CORT","CENPA",43
"APITD1-CORT","CENPE",44
"APITD1-CORT","CENPF",45
"APITD1-CORT","CENPH",46
"APITD1-CORT","CENPK",47
"APITD1-CORT","CENPN",48
"APITD1-CORT","CENPU",49
"APITD1-CORT","CENPV",50
"APITD1-CORT","CENPW",51
"APITD1-CORT","CEP55",52
"APITD1-CORT","CHEK1",53
"APITD1-CORT","CKAP2",54
"APITD1-CORT","CKAP2L",55
"APITD1-CORT","CKS1B",56
"APITD1-CORT","CLEC2B",57
"APITD1-CORT","CPM",58
"APITD1-CORT","CRNDE",59
"APITD1-CORT","DEFA1",60
"APITD1-CORT","DENND3",61
"APITD1-CORT","DEPDC1",62
"APITD1-CORT","DEPDC1B",63
"APITD1-CORT","DFNA5",64
"APITD1-CORT","DHFR",65
"APITD1-CORT","DHX9",66
"APITD1-CORT","DLGAP5",67
"APITD1-CORT","DPEP1",68
"APITD1-CORT","DSCC1",69
"APITD1-CORT","DTL",70
"APITD1-CORT","E2F7",71
"APITD1-CORT","E2F8",72
"APITD1-CORT","ECT2",73
"APITD1-CORT","EGR1",74
"APITD1-CORT","EMP1",75
"APITD1-CORT","FAM72C",76
"APITD1-CORT","FANCI",77
"APITD1-CORT","FCER1G",78
"APITD1-CORT","FCGR3B",79
"APITD1-CORT","FEN1",80
"APITD1-CORT","FGD2",81
"APITD1-CORT","FGR",82
"APITD1-CORT","FH",83
"APITD1-CORT","FOXM1",84
"APITD1-CORT","FUS",85
"APITD1-CORT","GBP4",86
"APITD1-CORT","GGH",87
"APITD1-CORT","GIMAP4",88
"APITD1-CORT","GIMAP7",89
"APITD1-CORT","GINS1",90
"APITD1-CORT","GINS2",91
"APITD1-CORT","GSN",92
"APITD1-CORT","HBB",93
"APITD1-CORT","HBG1",94
"APITD1-CORT","HELLS",95
"APITD1-CORT","HIST4H4",96
"APITD1-CORT","HJURP",97
"APITD1-CORT","HMMR",98
"APITD1-CORT","HRK",99
"APITD1-CORT","ID2",100
"APITD1-CORT","IFNGR1",101
"APITD1-CORT","IGH",102
"APITD1-CORT","IGLC1",103
"APITD1-CORT","IL1B",104
"APITD1-CORT","IL6ST",105
"APITD1-CORT","IQGAP3",106
"APITD1-CORT","IRAK3",107
"APITD1-CORT","ISG20",108
"APITD1-CORT","ITGAM",109
"APITD1-CORT","KIAA0101",110
"APITD1-CORT","KIF11",111
"APITD1-CORT","KIF14",112
"APITD1-CORT","KIF15",113
"APITD1-CORT","KIF18A",114
"APITD1-CORT","KIF18B",115
"APITD1-CORT","KIF20A",116
"APITD1-CORT","KIF23",117
"APITD1-CORT","KIF2C",118
"APITD1-CORT","KIF4A",119
"APITD1-CORT","KNL1",120
"APITD1-CORT","LILRB2",121
"APITD1-CORT","LOC100996643",122
"APITD1-CORT","LY96",123
"APITD1-CORT","LYZ",124
"APITD1-CORT","MAD2L1",125
"APITD1-CORT","MCM10",126
"APITD1-CORT","MCM4",127
"APITD1-CORT","MCM5",128
"APITD1-CORT","MCM7",129
"APITD1-CORT","MDK",130
"APITD1-CORT","MELK",131
"APITD1-CORT","METTL7A",132
"APITD1-CORT","MIR4683",133
"APITD1-CORT","MIR6845",134
"APITD1-CORT","MIR8071-1",135
"APITD1-CORT","MKI67",136
"APITD1-CORT","MND1",137
"APITD1-CORT","MS4A1",138
"APITD1-CORT","MS4A4A",139
"APITD1-CORT","MS4A7",140
"APITD1-CORT","MTHFD2",141
"APITD1-CORT","MTSS1",142
"APITD1-CORT","NCAPG",143
"APITD1-CORT","NCAPH",144
"APITD1-CORT","NEAT1",145
"APITD1-CORT","NEDD9",146
"APITD1-CORT","NEK2",147
"APITD1-CORT","NME1",148
"APITD1-CORT","NPCDR1",149
"APITD1-CORT","NUF2",150
"APITD1-CORT","NUSAP1",151
"APITD1-CORT","OIP5",152
"APITD1-CORT","P2RY14",153
"APITD1-CORT","PAICS",154
"APITD1-CORT","PBK",155
"APITD1-CORT","PCNA",156
"APITD1-CORT","PDE4B",157
"APITD1-CORT","PHF19",158
"APITD1-CORT","PIK3IP1",159
"APITD1-CORT","PLK4",160
"APITD1-CORT","POLE2",161
"APITD1-CORT","POLQ",162
"APITD1-CORT","POU4F1",163
"APITD1-CORT","PPIF",164
"APITD1-CORT","PPP1R16B",165
"APITD1-CORT","PRR11",166
"APITD1-CORT","PSPH",167
"APITD1-CORT","PTP4A1",168
"APITD1-CORT","PTTG1",169
"APITD1-CORT","RAD51",170
"APITD1-CORT","RAD51AP1",171
"APITD1-CORT","RBM14",172
"APITD1-CORT","RBMS3",173
"APITD1-CORT","RCC1",174
"APITD1-CORT","RFC3",175
"APITD1-CORT","RHOBTB3",176
"APITD1-CORT","RMI2",177
"APITD1-CORT","RNASET2",178
"APITD1-CORT","RRM2",179
"APITD1-CORT","S100A8",180
"APITD1-CORT","SCML4",181
"APITD1-CORT","SELENOI",182
"APITD1-CORT","SERPINA1",183
"APITD1-CORT","SERPINB9",184
"APITD1-CORT","SESN1",185
"APITD1-CORT","SHCBP1",186
"APITD1-CORT","SIK1",187
"APITD1-CORT","SKP2",188
"APITD1-CORT","SLC22A23",189
"APITD1-CORT","SMAP2",190
"APITD1-CORT","SMC2",191
"APITD1-CORT","SNORA21",192
"APITD1-CORT","SOS1",193
"APITD1-CORT","SQLE",194
"APITD1-CORT","STIL",195
"APITD1-CORT","SUV39H2",196
"APITD1-CORT","TARSL2",197
"APITD1-CORT","TBXA2R",198
"APITD1-CORT","TCF19",199
"APITD1-CORT","TIMELESS",200
"APITD1-CORT","TIPIN",201
"APITD1-CORT","TK1",202
"APITD1-CORT","TMEM97",203
"APITD1-CORT","TNFRSF21",204
"APITD1-CORT","TOP2A",205
"APITD1-CORT","TPX2",206
"APITD1-CORT","TRIP13",207
"APITD1-CORT","TTK",208
"APITD1-CORT","TXNIP",209
"APITD1-CORT","TYMS",210
"APITD1-CORT","UBE2C",211
"APITD1-CORT","UBE2T",212
"APITD1-CORT","WDHD1",213
"APITD1-CORT","WDR76",214
"APITD1-CORT","ZFP36L2",215
"APITD1-CORT","ZNF367",216
"APITD1-CORT","ZWINT",217
"ARPP21","AKAP12",1
"ARPP21","ANP32E",2
"ARPP21","ARPP21",3
"ARPP21","BCL2L11",4
"ARPP21","BMF",5
"ARPP21","CENPH",6
"ARPP21","CENPK",7
"ARPP21","CENPV",8
"ARPP21","DENND3",9
"ARPP21","DPEP1",10
"ARPP21","ECT2",11
"ARPP21","FH",12
"ARPP21","GIMAP7",13
"ARPP21","GSN",14
"ARPP21","ID2",15
"ARPP21","IGLL1",16
"ARPP21","IL1B",17
"ARPP21","IRAK3",18
"ARPP21","ISG20",19
"ARPP21","ITPKB",20
"ARPP21","KCNK12",21
"ARPP21","LOC285097",22
"ARPP21","LYZ",23
"ARPP21","MIR4683",24
"ARPP21","MTHFD2",25
"ARPP21","NEAT1",26
"ARPP21","NPCDR1",27
"ARPP21","P2RY14",28
"ARPP21","PDE4B",29
"ARPP21","RAG1",30
"ARPP21","RAG2",31
"ARPP21","RFC3",32
"ARPP21","RPS6KA2",33
"ARPP21","SNORD3B-1",34
"ARPP21","WFS1",35
"ARRDC3","ABHD17B",1
"ARRDC3","ARRDC3",2
"ARRDC3","B3GNT2",3
"ARRDC3","BIRC3",4
"ARRDC3","CDC42EP3",5
"ARRDC3","EMP1",6
"ARRDC3","FGL2",7
"ARRDC3","GVINP1",8
"ARRDC3","HBG1",9
"ARRDC3","ID3",10
"ARRDC3","IGH",11
"ARRDC3","IL18R1",12
"ARRDC3","IL18RAP",13
"ARRDC3","IL27RA",14
"ARRDC3","ITGB2-AS1",15
"ARRDC3","KIF26A",16
"ARRDC3","LGALS3",17
"ARRDC3","LILRA1",18
"ARRDC3","LOC728175",19
"ARRDC3","MS4A7",20
"ARRDC3","MSH6",21
"ARRDC3","PIK3IP1",22
"ARRDC3","POU4F1",23
"ARRDC3","PPBP",24
"ARRDC3","PRDM1",25
"ARRDC3","PRPS2",26
"ARRDC3","RAD51AP1",27
"ARRDC3","RAG1",28
"ARRDC3","RAG2",29
"ARRDC3","S100A11",30
"ARRDC3","SEMA4D",31
"ARRDC3","SERPINA1",32
"ARRDC3","SLA",33
"ARRDC3","SNX10",34
"ARRDC3","SOCS1",35
"ARRDC3","TNFSF8",36
"ARRDC3","WASF1",37
"ARRDC3","ZBTB16",38
"ASF1B","ANLN",1
"ASF1B","ANP32E",2
"ASF1B","APITD1-CORT",3
"ASF1B","ARPP21",4
"ASF1B","ASF1B",5
"ASF1B","ASPM",6
"ASF1B","ATAD2",7
"ASF1B","AURKA",8
"ASF1B","AURKB",9
"ASF1B","B3GNT2",10
"ASF1B","BCAT1",11
"ASF1B","BCL2L11",12
"ASF1B","BIRC5",13
"ASF1B","BMF",14
"ASF1B","BRCA1",15
"ASF1B","BRIP1",16
"ASF1B","BTG1",17
"ASF1B","BUB1",18
"ASF1B","BUB1B",19
"ASF1B","BYSL",20
"ASF1B","C4orf46",21
"ASF1B","CCDC34",22
"ASF1B","CCDC86",23
"ASF1B","CCNA2",24
"ASF1B","CCNB1",25
"ASF1B","CCNB2",26
"ASF1B","CCNE2",27
"ASF1B","CCNL1",28
"ASF1B","CCR1",29
"ASF1B","CD53",30
"ASF1B","CDC20",31
"ASF1B","CDC42EP3",32
"ASF1B","CDC45",33
"ASF1B","CDC6",34
"ASF1B","CDCA2",35
"ASF1B","CDCA3",36
"ASF1B","CDCA5",37
"ASF1B","CDK1",38
"ASF1B","CDK6",39
"ASF1B","CDKN3",40
"ASF1B","CDT1",41
"ASF1B","CELF2",42
"ASF1B","CENPA",43
"ASF1B","CENPE",44
"ASF1B","CENPF",45
"ASF1B","CENPH",46
"ASF1B","CENPK",47
"ASF1B","CENPN",48
"ASF1B","CENPU",49
"ASF1B","CENPV",50
"ASF1B","CENPW",51
"ASF1B","CEP55",52
"ASF1B","CHEK1",53
"ASF1B","CKAP2",54
"ASF1B","CKAP2L",55
"ASF1B","CKS1B",56
"ASF1B","CLEC2B",57
"ASF1B","CPM",58
"ASF1B","CRNDE",59
"ASF1B","DEFA1",60
"ASF1B","DENND3",61
"ASF1B","DEPDC1",62
"ASF1B","DEPDC1B",63
"ASF1B","DFNA5",64
"ASF1B","DHFR",65
"ASF1B","DHX9",66
"ASF1B","DLGAP5",67
"ASF1B","DPEP1",68
"ASF1B","DSCC1",69
"ASF1B","DTL",70
"ASF1B","E2F7",71
"ASF1B","E2F8",72
"ASF1B","ECT2",73
"ASF1B","EGR1",74
"ASF1B","EMP1",75
"ASF1B","FAM72C",76
"ASF1B","FANCI",77
"ASF1B","FCER1G",78
"ASF1B","FCGR3B",79
"ASF1B","FEN1",80
"ASF1B","FGD2",81
"ASF1B","FGR",82
"ASF1B","FH",83
"ASF1B","FOXM1",84
"ASF1B","FUS",85
"ASF1B","GBP4",86
"ASF1B","GGH",87
"ASF1B","GIMAP4",88
"ASF1B","GIMAP7",89
"ASF1B","GINS1",90
"ASF1B","GINS2",91
"ASF1B","GSN",92
"ASF1B","HBB",93
"ASF1B","HBG1",94
"ASF1B","HELLS",95
"ASF1B","HIST4H4",96
"ASF1B","HJURP",97
"ASF1B","HMMR",98
"ASF1B","HRK",99
"ASF1B","ID2",100
"ASF1B","IFNGR1",101
"ASF1B","IGH",102
"ASF1B","IGLC1",103
"ASF1B","IL1B",104
"ASF1B","IL6ST",105
"ASF1B","IQGAP3",106
"ASF1B","IRAK3",107
"ASF1B","ISG20",108
"ASF1B","ITGAM",109
"ASF1B","KIAA0101",110
"ASF1B","KIF11",111
"ASF1B","KIF14",112
"ASF1B","KIF15",113
"ASF1B","KIF18A",114
"ASF1B","KIF18B",115
"ASF1B","KIF20A",116
"ASF1B","KIF23",117
"ASF1B","KIF2C",118
"ASF1B","KIF4A",119
"ASF1B","KNL1",120
"ASF1B","LILRB2",121
"ASF1B","LOC100996643",122
"ASF1B","LY96",123
"ASF1B","LYZ",124
"ASF1B","MAD2L1",125
"ASF1B","MCM10",126
"ASF1B","MCM4",127
"ASF1B","MCM5",128
"ASF1B","MCM7",129
"ASF1B","MDK",130
"ASF1B","MELK",131
"ASF1B","METTL7A",132
"ASF1B","MIR4683",133
"ASF1B","MIR6845",134
"ASF1B","MIR8071-1",135
"ASF1B","MKI67",136
"ASF1B","MND1",137
"ASF1B","MS4A1",138
"ASF1B","MS4A4A",139
"ASF1B","MS4A7",140
"ASF1B","MTHFD2",141
"ASF1B","MTSS1",142
"ASF1B","NCAPG",143
"ASF1B","NCAPH",144
"ASF1B","NEAT1",145
"ASF1B","NEDD9",146
"ASF1B","NEK2",147
"ASF1B","NME1",148
"ASF1B","NPCDR1",149
"ASF1B","NUF2",150
"ASF1B","NUSAP1",151
"ASF1B","OIP5",152
"ASF1B","P2RY14",153
"ASF1B","PAICS",154
"ASF1B","PBK",155
"ASF1B","PCNA",156
"ASF1B","PDE4B",157
"ASF1B","PHF19",158
"ASF1B","PIK3IP1",159
"ASF1B","PLK4",160
"ASF1B","POLE2",161
"ASF1B","POLQ",162
"ASF1B","POU4F1",163
"ASF1B","PPIF",164
"ASF1B","PPP1R16B",165
"ASF1B","PRR11",166
"ASF1B","PSPH",167
"ASF1B","PTP4A1",168
"ASF1B","PTTG1",169
"ASF1B","RAD51",170
"ASF1B","RAD51AP1",171
"ASF1B","RBM14",172
"ASF1B","RBMS3",173
"ASF1B","RCC1",174
"ASF1B","RFC3",175
"ASF1B","RHOBTB3",176
"ASF1B","RMI2",177
"ASF1B","RNASET2",178
"ASF1B","RRM2",179
"ASF1B","S100A8",180
"ASF1B","SCML4",181
"ASF1B","SELENOI",182
"ASF1B","SERPINA1",183
"ASF1B","SERPINB9",184
"ASF1B","SESN1",185
"ASF1B","SHCBP1",186
"ASF1B","SIK1",187
"ASF1B","SKP2",188
"ASF1B","SLC22A23",189
"ASF1B","SMAP2",190
"ASF1B","SMC2",191
"ASF1B","SNORA21",192
"ASF1B","SOS1",193
"ASF1B","SQLE",194
"ASF1B","STIL",195
"ASF1B","SUV39H2",196
"ASF1B","TARSL2",197
"ASF1B","TBXA2R",198
"ASF1B","TCF19",199
"ASF1B","TIMELESS",200
"ASF1B","TIPIN",201
"ASF1B","TK1",202
"ASF1B","TMEM97",203
"ASF1B","TNFRSF21",204
"ASF1B","TOP2A",205
"ASF1B","TPX2",206
"ASF1B","TRIP13",207
"ASF1B","TTK",208
"ASF1B","TXNIP",209
"ASF1B","TYMS",210
"ASF1B","UBE2C",211
"ASF1B","UBE2T",212
"ASF1B","WDHD1",213
"ASF1B","WDR76",214
"ASF1B","ZFP36L2",215
"ASF1B","ZNF367",216
"ASF1B","ZWINT",217
"ASPM","ANLN",1
"ASPM","ANP32E",2
"ASPM","APITD1-CORT",3
"ASPM","ARPP21",4
"ASPM","ASF1B",5
"ASPM","ASPM",6
"ASPM","ATAD2",7
"ASPM","AURKA",8
"ASPM","AURKB",9
"ASPM","BCAT1",10
"ASPM","BCL2L11",11
"ASPM","BIRC5",12
"ASPM","BMF",13
"ASPM","BRCA1",14
"ASPM","BRIP1",15
"ASPM","BTG1",16
"ASPM","BUB1",17
"ASPM","BUB1B",18
"ASPM","BYSL",19
"ASPM","C4orf46",20
"ASPM","CCDC34",21
"ASPM","CCDC86",22
"ASPM","CCNA2",23
"ASPM","CCNB1",24
"ASPM","CCNB2",25
"ASPM","CCNE2",26
"ASPM","CD53",27
"ASPM","CDC20",28
"ASPM","CDC42EP3",29
"ASPM","CDC45",30
"ASPM","CDC6",31
"ASPM","CDCA2",32
"ASPM","CDCA3",33
"ASPM","CDCA5",34
"ASPM","CDK1",35
"ASPM","CDK6",36
"ASPM","CDKN3",37
"ASPM","CDT1",38
"ASPM","CELF2",39
"ASPM","CENPA",40
"ASPM","CENPE",41
"ASPM","CENPF",42
"ASPM","CENPH",43
"ASPM","CENPK",44
"ASPM","CENPN",45
"ASPM","CENPU",46
"ASPM","CENPV",47
"ASPM","CENPW",48
"ASPM","CEP55",49
"ASPM","CHEK1",50
"ASPM","CKAP2",51
"ASPM","CKAP2L",52
"ASPM","CKS1B",53
"ASPM","CRNDE",54
"ASPM","DDIT4",55
"ASPM","DENND3",56
"ASPM","DEPDC1",57
"ASPM","DEPDC1B",58
"ASPM","DFNA5",59
"ASPM","DHFR",60
"ASPM","DHX9",61
"ASPM","DLGAP5",62
"ASPM","DSCC1",63
"ASPM","DTL",64
"ASPM","E2F7",65
"ASPM","E2F8",66
"ASPM","ECT2",67
"ASPM","EGR1",68
"ASPM","F13A1",69
"ASPM","FABP5",70
"ASPM","FAM72C",71
"ASPM","FANCI",72
"ASPM","FCER1G",73
"ASPM","FCGR3B",74
"ASPM","FEN1",75
"ASPM","FGR",76
"ASPM","FH",77
"ASPM","FOXM1",78
"ASPM","GBP4",79
"ASPM","GGH",80
"ASPM","GIMAP4",81
"ASPM","GIMAP7",82
"ASPM","GINS1",83
"ASPM","GINS2",84
"ASPM","GSN",85
"ASPM","GVINP1",86
"ASPM","HBB",87
"ASPM","HBG1",88
"ASPM","HELLS",89
"ASPM","HIST4H4",90
"ASPM","HJURP",91
"ASPM","HMMR",92
"ASPM","HSP90AB1",93
"ASPM","IFNGR1",94
"ASPM","IGH",95
"ASPM","IGLL1",96
"ASPM","IL18R1",97
"ASPM","IL1B",98
"ASPM","IQGAP3",99
"ASPM","IRAK3",100
"ASPM","ISG20",101
"ASPM","ITGAM",102
"ASPM","ITGB2-AS1",103
"ASPM","KIAA0101",104
"ASPM","KIF11",105
"ASPM","KIF14",106
"ASPM","KIF15",107
"ASPM","KIF18A",108
"ASPM","KIF18B",109
"ASPM","KIF20A",110
"ASPM","KIF23",111
"ASPM","KIF2C",112
"ASPM","KIF4A",113
"ASPM","KNL1",114
"ASPM","LILRB2",115
"ASPM","LOC100996643",116
"ASPM","LY96",117
"ASPM","LYZ",118
"ASPM","MAD2L1",119
"ASPM","MCM10",120
"ASPM","MCM4",121
"ASPM","MCM5",122
"ASPM","MCM7",123
"ASPM","MDK",124
"ASPM","MELK",125
"ASPM","MIR4683",126
"ASPM","MIR6845",127
"ASPM","MIR8071-1",128
"ASPM","MKI67",129
"ASPM","MND1",130
"ASPM","MPV17L",131
"ASPM","MS4A1",132
"ASPM","MS4A4A",133
"ASPM","MS4A7",134
"ASPM","MTHFD2",135
"ASPM","MTSS1",136
"ASPM","NCAPG",137
"ASPM","NCAPH",138
"ASPM","NEAT1",139
"ASPM","NEDD9",140
"ASPM","NEK2",141
"ASPM","NME1",142
"ASPM","NUF2",143
"ASPM","NUSAP1",144
"ASPM","OIP5",145
"ASPM","P2RY14",146
"ASPM","PAICS",147
"ASPM","PBK",148
"ASPM","PCNA",149
"ASPM","PDE4B",150
"ASPM","PHF19",151
"ASPM","PIK3IP1",152
"ASPM","PLK4",153
"ASPM","POLE2",154
"ASPM","POLQ",155
"ASPM","PPIF",156
"ASPM","PPP1R16B",157
"ASPM","PRDM1",158
"ASPM","PRR11",159
"ASPM","PSPH",160
"ASPM","PTP4A1",161
"ASPM","PTTG1",162
"ASPM","RAD51",163
"ASPM","RAD51AP1",164
"ASPM","RBM14",165
"ASPM","RFC3",166
"ASPM","RHOBTB3",167
"ASPM","RMI2",168
"ASPM","RNASET2",169
"ASPM","RRM2",170
"ASPM","S100A8",171
"ASPM","SCML4",172
"ASPM","SELENOI",173
"ASPM","SERPINA1",174
"ASPM","SERPINB9",175
"ASPM","SHCBP1",176
"ASPM","SKP2",177
"ASPM","SLC22A23",178
"ASPM","SMAP2",179
"ASPM","SMC2",180
"ASPM","SNORA21",181
"ASPM","SNORD3B-1",182
"ASPM","SNX29P2",183
"ASPM","SOS1",184
"ASPM","SQLE",185
"ASPM","STIL",186
"ASPM","SUV39H2",187
"ASPM","TBXA2R",188
"ASPM","TCF19",189
"ASPM","TIMELESS",190
"ASPM","TIPIN",191
"ASPM","TK1",192
"ASPM","TMEM97",193
"ASPM","TNFRSF21",194
"ASPM","TOP2A",195
"ASPM","TPX2",196
"ASPM","TRIP13",197
"ASPM","TTK",198
"ASPM","TXNIP",199
"ASPM","TYMS",200
"ASPM","UBE2C",201
"ASPM","UBE2T",202
"ASPM","WDHD1",203
"ASPM","WDR76",204
"ASPM","ZNF367",205
"ASPM","ZWINT",206
"ATAD2","ANLN",1
"ATAD2","ANP32E",2
"ATAD2","APITD1-CORT",3
"ATAD2","ARPP21",4
"ATAD2","ASF1B",5
"ATAD2","ASPM",6
"ATAD2","ATAD2",7
"ATAD2","AURKA",8
"ATAD2","AURKB",9
"ATAD2","B3GNT2",10
"ATAD2","BCAT1",11
"ATAD2","BCL2L11",12
"ATAD2","BIRC5",13
"ATAD2","BMF",14
"ATAD2","BRCA1",15
"ATAD2","BRIP1",16
"ATAD2","BTG1",17
"ATAD2","BUB1",18
"ATAD2","BUB1B",19
"ATAD2","BYSL",20
"ATAD2","C4orf46",21
"ATAD2","CCDC34",22
"ATAD2","CCDC86",23
"ATAD2","CCNA2",24
"ATAD2","CCNB1",25
"ATAD2","CCNB2",26
"ATAD2","CCNE2",27
"ATAD2","CCNL1",28
"ATAD2","CCR1",29
"ATAD2","CD53",30
"ATAD2","CDC20",31
"ATAD2","CDC42EP3",32
"ATAD2","CDC45",33
"ATAD2","CDC6",34
"ATAD2","CDCA2",35
"ATAD2","CDCA3",36
"ATAD2","CDCA5",37
"ATAD2","CDK1",38
"ATAD2","CDK6",39
"ATAD2","CDKN3",40
"ATAD2","CDT1",41
"ATAD2","CELF2",42
"ATAD2","CENPA",43
"ATAD2","CENPE",44
"ATAD2","CENPF",45
"ATAD2","CENPH",46
"ATAD2","CENPK",47
"ATAD2","CENPN",48
"ATAD2","CENPU",49
"ATAD2","CENPV",50
"ATAD2","CENPW",51
"ATAD2","CEP55",52
"ATAD2","CHEK1",53
"ATAD2","CKAP2",54
"ATAD2","CKAP2L",55
"ATAD2","CKS1B",56
"ATAD2","CLEC2B",57
"ATAD2","CPM",58
"ATAD2","CRNDE",59
"ATAD2","DEFA1",60
"ATAD2","DENND3",61
"ATAD2","DEPDC1",62
"ATAD2","DEPDC1B",63
"ATAD2","DFNA5",64
"ATAD2","DHFR",65
"ATAD2","DHX9",66
"ATAD2","DLGAP5",67
"ATAD2","DPEP1",68
"ATAD2","DSCC1",69
"ATAD2","DTL",70
"ATAD2","E2F7",71
"ATAD2","E2F8",72
"ATAD2","ECT2",73
"ATAD2","EGR1",74
"ATAD2","EMP1",75
"ATAD2","FAM72C",76
"ATAD2","FANCI",77
"ATAD2","FCER1G",78
"ATAD2","FCGR3B",79
"ATAD2","FEN1",80
"ATAD2","FGD2",81
"ATAD2","FGR",82
"ATAD2","FH",83
"ATAD2","FOXM1",84
"ATAD2","FUS",85
"ATAD2","GBP4",86
"ATAD2","GGH",87
"ATAD2","GIMAP4",88
"ATAD2","GIMAP7",89
"ATAD2","GINS1",90
"ATAD2","GINS2",91
"ATAD2","GSN",92
"ATAD2","HBB",93
"ATAD2","HBG1",94
"ATAD2","HELLS",95
"ATAD2","HIST4H4",96
"ATAD2","HJURP",97
"ATAD2","HMMR",98
"ATAD2","HRK",99
"ATAD2","ID2",100
"ATAD2","IFNGR1",101
"ATAD2","IGH",102
"ATAD2","IGLC1",103
"ATAD2","IL1B",104
"ATAD2","IL6ST",105
"ATAD2","IQGAP3",106
"ATAD2","IRAK3",107
"ATAD2","ISG20",108
"ATAD2","ITGAM",109
"ATAD2","KIAA0101",110
"ATAD2","KIF11",111
"ATAD2","KIF14",112
"ATAD2","KIF15",113
"ATAD2","KIF18A",114
"ATAD2","KIF18B",115
"ATAD2","KIF20A",116
"ATAD2","KIF23",117
"ATAD2","KIF2C",118
"ATAD2","KIF4A",119
"ATAD2","KNL1",120
"ATAD2","LILRB2",121
"ATAD2","LOC100996643",122
"ATAD2","LY96",123
"ATAD2","LYZ",124
"ATAD2","MAD2L1",125
"ATAD2","MCM10",126
"ATAD2","MCM4",127
"ATAD2","MCM5",128
"ATAD2","MCM7",129
"ATAD2","MDK",130
"ATAD2","MELK",131
"ATAD2","METTL7A",132
"ATAD2","MIR4683",133
"ATAD2","MIR6845",134
"ATAD2","MIR8071-1",135
"ATAD2","MKI67",136
"ATAD2","MND1",137
"ATAD2","MS4A1",138
"ATAD2","MS4A4A",139
"ATAD2","MS4A7",140
"ATAD2","MTHFD2",141
"ATAD2","MTSS1",142
"ATAD2","NCAPG",143
"ATAD2","NCAPH",144
"ATAD2","NEAT1",145
"ATAD2","NEDD9",146
"ATAD2","NEK2",147
"ATAD2","NME1",148
"ATAD2","NPCDR1",149
"ATAD2","NUF2",150
"ATAD2","NUSAP1",151
"ATAD2","OIP5",152
"ATAD2","P2RY14",153
"ATAD2","PAICS",154
"ATAD2","PBK",155
"ATAD2","PCNA",156
"ATAD2","PDE4B",157
"ATAD2","PHF19",158
"ATAD2","PIK3IP1",159
"ATAD2","PLK4",160
"ATAD2","POLE2",161
"ATAD2","POLQ",162
"ATAD2","POU4F1",163
"ATAD2","PPIF",164
"ATAD2","PPP1R16B",165
"ATAD2","PRR11",166
"ATAD2","PSPH",167
"ATAD2","PTP4A1",168
"ATAD2","PTTG1",169
"ATAD2","RAD51",170
"ATAD2","RAD51AP1",171
"ATAD2","RBM14",172
"ATAD2","RBMS3",173
"ATAD2","RCC1",174
"ATAD2","RFC3",175
"ATAD2","RHOBTB3",176
"ATAD2","RMI2",177
"ATAD2","RNASET2",178
"ATAD2","RRM2",179
"ATAD2","S100A8",180
"ATAD2","SCML4",181
"ATAD2","SELENOI",182
"ATAD2","SERPINA1",183
"ATAD2","SERPINB9",184
"ATAD2","SESN1",185
"ATAD2","SHCBP1",186
"ATAD2","SIK1",187
"ATAD2","SKP2",188
"ATAD2","SLC22A23",189
"ATAD2","SMAP2",190
"ATAD2","SMC2",191
"ATAD2","SNORA21",192
"ATAD2","SOS1",193
"ATAD2","SQLE",194
"ATAD2","STIL",195
"ATAD2","SUV39H2",196
"ATAD2","TARSL2",197
"ATAD2","TBXA2R",198
"ATAD2","TCF19",199
"ATAD2","TIMELESS",200
"ATAD2","TIPIN",201
"ATAD2","TK1",202
"ATAD2","TMEM97",203
"ATAD2","TNFRSF21",204
"ATAD2","TOP2A",205
"ATAD2","TPX2",206
"ATAD2","TRIP13",207
"ATAD2","TTK",208
"ATAD2","TXNIP",209
"ATAD2","TYMS",210
"ATAD2","UBE2C",211
"ATAD2","UBE2T",212
"ATAD2","WDHD1",213
"ATAD2","WDR76",214
"ATAD2","ZFP36L2",215
"ATAD2","ZNF367",216
"ATAD2","ZWINT",217
"AURKA","ANLN",1
"AURKA","ANP32E",2
"AURKA","APITD1-CORT",3
"AURKA","ARPP21",4
"AURKA","ASF1B",5
"AURKA","ASPM",6
"AURKA","ATAD2",7
"AURKA","AURKA",8
"AURKA","AURKB",9
"AURKA","B3GNT2",10
"AURKA","BCAT1",11
"AURKA","BCL2L11",12
"AURKA","BIRC5",13
"AURKA","BMF",14
"AURKA","BRCA1",15
"AURKA","BRIP1",16
"AURKA","BTG1",17
"AURKA","BUB1",18
"AURKA","BUB1B",19
"AURKA","BYSL",20
"AURKA","C4orf46",21
"AURKA","CCDC34",22
"AURKA","CCDC86",23
"AURKA","CCNA2",24
"AURKA","CCNB1",25
"AURKA","CCNB2",26
"AURKA","CCNE2",27
"AURKA","CCNL1",28
"AURKA","CCR1",29
"AURKA","CD53",30
"AURKA","CDC20",31
"AURKA","CDC42EP3",32
"AURKA","CDC45",33
"AURKA","CDC6",34
"AURKA","CDCA2",35
"AURKA","CDCA3",36
"AURKA","CDCA5",37
"AURKA","CDK1",38
"AURKA","CDK6",39
"AURKA","CDKN3",40
"AURKA","CDT1",41
"AURKA","CELF2",42
"AURKA","CENPA",43
"AURKA","CENPE",44
"AURKA","CENPF",45
"AURKA","CENPH",46
"AURKA","CENPK",47
"AURKA","CENPN",48
"AURKA","CENPU",49
"AURKA","CENPV",50
"AURKA","CENPW",51
"AURKA","CEP55",52
"AURKA","CHEK1",53
"AURKA","CKAP2",54
"AURKA","CKAP2L",55
"AURKA","CKS1B",56
"AURKA","CLEC2B",57
"AURKA","CPM",58
"AURKA","CRNDE",59
"AURKA","DEFA1",60
"AURKA","DENND3",61
"AURKA","DEPDC1",62
"AURKA","DEPDC1B",63
"AURKA","DFNA5",64
"AURKA","DHFR",65
"AURKA","DHX9",66
"AURKA","DLGAP5",67
"AURKA","DPEP1",68
"AURKA","DSCC1",69
"AURKA","DTL",70
"AURKA","E2F7",71
"AURKA","E2F8",72
"AURKA","ECT2",73
"AURKA","EGR1",74
"AURKA","EMP1",75
"AURKA","FAM72C",76
"AURKA","FANCI",77
"AURKA","FCER1G",78
"AURKA","FCGR3B",79
"AURKA","FEN1",80
"AURKA","FGD2",81
"AURKA","FGR",82
"AURKA","FH",83
"AURKA","FOXM1",84
"AURKA","FUS",85
"AURKA","GBP4",86
"AURKA","GGH",87
"AURKA","GIMAP4",88
"AURKA","GIMAP7",89
"AURKA","GINS1",90
"AURKA","GINS2",91
"AURKA","GSN",92
"AURKA","HBB",93
"AURKA","HBG1",94
"AURKA","HELLS",95
"AURKA","HIST4H4",96
"AURKA","HJURP",97
"AURKA","HMMR",98
"AURKA","HRK",99
"AURKA","ID2",100
"AURKA","IFNGR1",101
"AURKA","IGH",102
"AURKA","IGLC1",103
"AURKA","IL1B",104
"AURKA","IL6ST",105
"AURKA","IQGAP3",106
"AURKA","IRAK3",107
"AURKA","ISG20",108
"AURKA","ITGAM",109
"AURKA","KIAA0101",110
"AURKA","KIF11",111
"AURKA","KIF14",112
"AURKA","KIF15",113
"AURKA","KIF18A",114
"AURKA","KIF18B",115
"AURKA","KIF20A",116
"AURKA","KIF23",117
"AURKA","KIF2C",118
"AURKA","KIF4A",119
"AURKA","KNL1",120
"AURKA","LILRB2",121
"AURKA","LOC100996643",122
"AURKA","LY96",123
"AURKA","LYZ",124
"AURKA","MAD2L1",125
"AURKA","MCM10",126
"AURKA","MCM4",127
"AURKA","MCM5",128
"AURKA","MCM7",129
"AURKA","MDK",130
"AURKA","MELK",131
"AURKA","METTL7A",132
"AURKA","MIR4683",133
"AURKA","MIR6845",134
"AURKA","MIR8071-1",135
"AURKA","MKI67",136
"AURKA","MND1",137
"AURKA","MS4A1",138
"AURKA","MS4A4A",139
"AURKA","MS4A7",140
"AURKA","MTHFD2",141
"AURKA","MTSS1",142
"AURKA","NCAPG",143
"AURKA","NCAPH",144
"AURKA","NEAT1",145
"AURKA","NEDD9",146
"AURKA","NEK2",147
"AURKA","NME1",148
"AURKA","NPCDR1",149
"AURKA","NUF2",150
"AURKA","NUSAP1",151
"AURKA","OIP5",152
"AURKA","P2RY14",153
"AURKA","PAICS",154
"AURKA","PBK",155
"AURKA","PCNA",156
"AURKA","PDE4B",157
"AURKA","PHF19",158
"AURKA","PIK3IP1",159
"AURKA","PLK4",160
"AURKA","POLE2",161
"AURKA","POLQ",162
"AURKA","POU4F1",163
"AURKA","PPIF",164
"AURKA","PPP1R16B",165
"AURKA","PRR11",166
"AURKA","PSPH",167
"AURKA","PTP4A1",168
"AURKA","PTTG1",169
"AURKA","RAD51",170
"AURKA","RAD51AP1",171
"AURKA","RBM14",172
"AURKA","RBMS3",173
"AURKA","RCC1",174
"AURKA","RFC3",175
"AURKA","RHOBTB3",176
"AURKA","RMI2",177
"AURKA","RNASET2",178
"AURKA","RRM2",179
"AURKA","S100A8",180
"AURKA","SCML4",181
"AURKA","SELENOI",182
"AURKA","SERPINA1",183
"AURKA","SERPINB9",184
"AURKA","SESN1",185
"AURKA","SHCBP1",186
"AURKA","SIK1",187
"AURKA","SKP2",188
"AURKA","SLC22A23",189
"AURKA","SMAP2",190
"AURKA","SMC2",191
"AURKA","SNORA21",192
"AURKA","SOS1",193
"AURKA","SQLE",194
"AURKA","STIL",195
"AURKA","SUV39H2",196
"AURKA","TARSL2",197
"AURKA","TBXA2R",198
"AURKA","TCF19",199
"AURKA","TIMELESS",200
"AURKA","TIPIN",201
"AURKA","TK1",202
"AURKA","TMEM97",203
"AURKA","TNFRSF21",204
"AURKA","TOP2A",205
"AURKA","TPX2",206
"AURKA","TRIP13",207
"AURKA","TTK",208
"AURKA","TXNIP",209
"AURKA","TYMS",210
"AURKA","UBE2C",211
"AURKA","UBE2T",212
"AURKA","WDHD1",213
"AURKA","WDR76",214
"AURKA","ZFP36L2",215
"AURKA","ZNF367",216
"AURKA","ZWINT",217
"AURKB","ANLN",1
"AURKB","ANP32E",2
"AURKB","APITD1-CORT",3
"AURKB","ARPP21",4
"AURKB","ASF1B",5
"AURKB","ASPM",6
"AURKB","ATAD2",7
"AURKB","AURKA",8
"AURKB","AURKB",9
"AURKB","B3GNT2",10
"AURKB","BCAT1",11
"AURKB","BCL2L11",12
"AURKB","BIRC5",13
"AURKB","BMF",14
"AURKB","BRCA1",15
"AURKB","BRIP1",16
"AURKB","BTG1",17
"AURKB","BUB1",18
"AURKB","BUB1B",19
"AURKB","BYSL",20
"AURKB","C4orf46",21
"AURKB","CCDC34",22
"AURKB","CCDC86",23
"AURKB","CCNA2",24
"AURKB","CCNB1",25
"AURKB","CCNB2",26
"AURKB","CCNE2",27
"AURKB","CCNL1",28
"AURKB","CCR1",29
"AURKB","CD53",30
"AURKB","CDC20",31
"AURKB","CDC42EP3",32
"AURKB","CDC45",33
"AURKB","CDC6",34
"AURKB","CDCA2",35
"AURKB","CDCA3",36
"AURKB","CDCA5",37
"AURKB","CDK1",38
"AURKB","CDK6",39
"AURKB","CDKN3",40
"AURKB","CDT1",41
"AURKB","CELF2",42
"AURKB","CENPA",43
"AURKB","CENPE",44
"AURKB","CENPF",45
"AURKB","CENPH",46
"AURKB","CENPK",47
"AURKB","CENPN",48
"AURKB","CENPU",49
"AURKB","CENPV",50
"AURKB","CENPW",51
"AURKB","CEP55",52
"AURKB","CHEK1",53
"AURKB","CKAP2",54
"AURKB","CKAP2L",55
"AURKB","CKS1B",56
"AURKB","CLEC2B",57
"AURKB","CPM",58
"AURKB","CRNDE",59
"AURKB","DEFA1",60
"AURKB","DENND3",61
"AURKB","DEPDC1",62
"AURKB","DEPDC1B",63
"AURKB","DFNA5",64
"AURKB","DHFR",65
"AURKB","DHX9",66
"AURKB","DLGAP5",67
"AURKB","DPEP1",68
"AURKB","DSCC1",69
"AURKB","DTL",70
"AURKB","E2F7",71
"AURKB","E2F8",72
"AURKB","ECT2",73
"AURKB","EGR1",74
"AURKB","EMP1",75
"AURKB","FAM72C",76
"AURKB","FANCI",77
"AURKB","FCER1G",78
"AURKB","FCGR3B",79
"AURKB","FEN1",80
"AURKB","FGD2",81
"AURKB","FGR",82
"AURKB","FH",83
"AURKB","FOXM1",84
"AURKB","FUS",85
"AURKB","GBP4",86
"AURKB","GGH",87
"AURKB","GIMAP4",88
"AURKB","GIMAP7",89
"AURKB","GINS1",90
"AURKB","GINS2",91
"AURKB","GSN",92
"AURKB","HBB",93
"AURKB","HBG1",94
"AURKB","HELLS",95
"AURKB","HIST4H4",96
"AURKB","HJURP",97
"AURKB","HMMR",98
"AURKB","HRK",99
"AURKB","ID2",100
"AURKB","IFNGR1",101
"AURKB","IGH",102
"AURKB","IGLC1",103
"AURKB","IL1B",104
"AURKB","IL6ST",105
"AURKB","IQGAP3",106
"AURKB","IRAK3",107
"AURKB","ISG20",108
"AURKB","ITGAM",109
"AURKB","KIAA0101",110
"AURKB","KIF11",111
"AURKB","KIF14",112
"AURKB","KIF15",113
"AURKB","KIF18A",114
"AURKB","KIF18B",115
"AURKB","KIF20A",116
"AURKB","KIF23",117
"AURKB","KIF2C",118
"AURKB","KIF4A",119
"AURKB","KNL1",120
"AURKB","LILRB2",121
"AURKB","LOC100996643",122
"AURKB","LY96",123
"AURKB","LYZ",124
"AURKB","MAD2L1",125
"AURKB","MCM10",126
"AURKB","MCM4",127
"AURKB","MCM5",128
"AURKB","MCM7",129
"AURKB","MDK",130
"AURKB","MELK",131
"AURKB","METTL7A",132
"AURKB","MIR4683",133
"AURKB","MIR6845",134
"AURKB","MIR8071-1",135
"AURKB","MKI67",136
"AURKB","MND1",137
"AURKB","MS4A1",138
"AURKB","MS4A4A",139
"AURKB","MS4A7",140
"AURKB","MTHFD2",141
"AURKB","MTSS1",142
"AURKB","NCAPG",143
"AURKB","NCAPH",144
"AURKB","NEAT1",145
"AURKB","NEDD9",146
"AURKB","NEK2",147
"AURKB","NME1",148
"AURKB","NPCDR1",149
"AURKB","NUF2",150
"AURKB","NUSAP1",151
"AURKB","OIP5",152
"AURKB","P2RY14",153
"AURKB","PAICS",154
"AURKB","PBK",155
"AURKB","PCNA",156
"AURKB","PDE4B",157
"AURKB","PHF19",158
"AURKB","PIK3IP1",159
"AURKB","PLK4",160
"AURKB","POLE2",161
"AURKB","POLQ",162
"AURKB","POU4F1",163
"AURKB","PPIF",164
"AURKB","PPP1R16B",165
"AURKB","PRR11",166
"AURKB","PSPH",167
"AURKB","PTP4A1",168
"AURKB","PTTG1",169
"AURKB","RAD51",170
"AURKB","RAD51AP1",171
"AURKB","RBM14",172
"AURKB","RBMS3",173
"AURKB","RCC1",174
"AURKB","RFC3",175
"AURKB","RHOBTB3",176
"AURKB","RMI2",177
"AURKB","RNASET2",178
"AURKB","RRM2",179
"AURKB","S100A8",180
"AURKB","SCML4",181
"AURKB","SELENOI",182
"AURKB","SERPINA1",183
"AURKB","SERPINB9",184
"AURKB","SESN1",185
"AURKB","SHCBP1",186
"AURKB","SIK1",187
"AURKB","SKP2",188
"AURKB","SLC22A23",189
"AURKB","SMAP2",190
"AURKB","SMC2",191
"AURKB","SNORA21",192
"AURKB","SOS1",193
"AURKB","SQLE",194
"AURKB","STIL",195
"AURKB","SUV39H2",196
"AURKB","TARSL2",197
"AURKB","TBXA2R",198
"AURKB","TCF19",199
"AURKB","TIMELESS",200
"AURKB","TIPIN",201
"AURKB","TK1",202
"AURKB","TMEM97",203
"AURKB","TNFRSF21",204
"AURKB","TOP2A",205
"AURKB","TPX2",206
"AURKB","TRIP13",207
"AURKB","TTK",208
"AURKB","TXNIP",209
"AURKB","TYMS",210
"AURKB","UBE2C",211
"AURKB","UBE2T",212
"AURKB","WDHD1",213
"AURKB","WDR76",214
"AURKB","ZFP36L2",215
"AURKB","ZNF367",216
"AURKB","ZWINT",217
"B3GNT2","ABHD17B",1
"B3GNT2","AKAP12",2
"B3GNT2","APITD1-CORT",3
"B3GNT2","ASF1B",4
"B3GNT2","AURKA",5
"B3GNT2","B3GNT2",6
"B3GNT2","BMF",7
"B3GNT2","BTG1",8
"B3GNT2","CCDC34",9
"B3GNT2","CCNE2",10
"B3GNT2","CDC6",11
"B3GNT2","CDCA2",12
"B3GNT2","CDCA3",13
"B3GNT2","CDK6",14
"B3GNT2","CDKN3",15
"B3GNT2","CENPE",16
"B3GNT2","CKAP2",17
"B3GNT2","DENND3",18
"B3GNT2","DEPDC1",19
"B3GNT2","DPEP1",20
"B3GNT2","ECT2",21
"B3GNT2","EMP1",22
"B3GNT2","FAM72C",23
"B3GNT2","GSN",24
"B3GNT2","HBG1",25
"B3GNT2","HJURP",26
"B3GNT2","HRK",27
"B3GNT2","HSP90AB1",28
"B3GNT2","ID3",29
"B3GNT2","IL1B",30
"B3GNT2","IL6ST",31
"B3GNT2","ISG20",32
"B3GNT2","ITGB2-AS1",33
"B3GNT2","KIF23",34
"B3GNT2","KIF26A",35
"B3GNT2","LEF1",36
"B3GNT2","LGALS3",37
"B3GNT2","LILRB2",38
"B3GNT2","LOC100130872",39
"B3GNT2","METTL7A",40
"B3GNT2","MIR4683",41
"B3GNT2","MS4A1",42
"B3GNT2","MSH6",43
"B3GNT2","MTSS1",44
"B3GNT2","NCAPH",45
"B3GNT2","NPCDR1",46
"B3GNT2","P2RY14",47
"B3GNT2","PBK",48
"B3GNT2","PPP1R16B",49
"B3GNT2","PTP4A1",50
"B3GNT2","RBMS3",51
"B3GNT2","S100A11",52
"B3GNT2","SEMA4D",53
"B3GNT2","SERPINB9",54
"B3GNT2","SIK1",55
"B3GNT2","SKP2",56
"B3GNT2","SLA",57
"B3GNT2","SMAP2",58
"B3GNT2","SMIM3",59
"B3GNT2","SNORD3B-1",60
"B3GNT2","SUV39H2",61
"B3GNT2","TARSL2",62
"B3GNT2","TMEM2",63
"B3GNT2","TNFSF8",64
"B3GNT2","TXNIP",65
"B3GNT2","TYMS",66
"B3GNT2","UBE2C",67
"B3GNT2","WASF1",68
"BCAT1","ANLN",1
"BCAT1","ANP32E",2
"BCAT1","APITD1-CORT",3
"BCAT1","ASF1B",4
"BCAT1","ATAD2",5
"BCAT1","AURKA",6
"BCAT1","AURKB",7
"BCAT1","BCAT1",8
"BCAT1","BIRC5",9
"BCAT1","BRCA1",10
"BCAT1","BRIP1",11
"BCAT1","BTG1",12
"BCAT1","BUB1",13
"BCAT1","BUB1B",14
"BCAT1","BYSL",15
"BCAT1","C4orf46",16
"BCAT1","C5orf24",17
"BCAT1","CCDC34",18
"BCAT1","CCDC86",19
"BCAT1","CCNA2",20
"BCAT1","CCNB1",21
"BCAT1","CCNB2",22
"BCAT1","CCNE2",23
"BCAT1","CCR1",24
"BCAT1","CD53",25
"BCAT1","CDC20",26
"BCAT1","CDC45",27
"BCAT1","CDC6",28
"BCAT1","CDCA2",29
"BCAT1","CDCA3",30
"BCAT1","CDCA5",31
"BCAT1","CDK1",32
"BCAT1","CDKN3",33
"BCAT1","CELF2",34
"BCAT1","CENPA",35
"BCAT1","CENPE",36
"BCAT1","CENPF",37
"BCAT1","CENPH",38
"BCAT1","CENPN",39
"BCAT1","CENPU",40
"BCAT1","CENPV",41
"BCAT1","CENPW",42
"BCAT1","CEP55",43
"BCAT1","CHEK1",44
"BCAT1","CKAP2",45
"BCAT1","CKAP2L",46
"BCAT1","CKS1B",47
"BCAT1","CLEC2B",48
"BCAT1","CRNDE",49
"BCAT1","DEFA1",50
"BCAT1","DEPDC1",51
"BCAT1","DEPDC1B",52
"BCAT1","DFNA5",53
"BCAT1","DHFR",54
"BCAT1","DLGAP5",55
"BCAT1","DPEP1",56
"BCAT1","DSCC1",57
"BCAT1","E2F7",58
"BCAT1","E2F8",59
"BCAT1","ECT2",60
"BCAT1","ELL2",61
"BCAT1","FABP5",62
"BCAT1","FAM72C",63
"BCAT1","FANCI",64
"BCAT1","FEN1",65
"BCAT1","FGD2",66
"BCAT1","FH",67
"BCAT1","FOXM1",68
"BCAT1","FUS",69
"BCAT1","GGH",70
"BCAT1","GIMAP4",71
"BCAT1","GIMAP7",72
"BCAT1","GINS1",73
"BCAT1","GVINP1",74
"BCAT1","HBG1",75
"BCAT1","HELLS",76
"BCAT1","HIST4H4",77
"BCAT1","HJURP",78
"BCAT1","HMMR",79
"BCAT1","HRK",80
"BCAT1","IFNGR1",81
"BCAT1","IGH",82
"BCAT1","IGLC1",83
"BCAT1","IGLL1",84
"BCAT1","IL6ST",85
"BCAT1","IQGAP3",86
"BCAT1","IRAK3",87
"BCAT1","ISG20",88
"BCAT1","ITGAM",89
"BCAT1","KIAA0101",90
"BCAT1","KIF11",91
"BCAT1","KIF14",92
"BCAT1","KIF15",93
"BCAT1","KIF18A",94
"BCAT1","KIF18B",95
"BCAT1","KIF20A",96
"BCAT1","KIF23",97
"BCAT1","KIF2C",98
"BCAT1","KIF4A",99
"BCAT1","LGALS3",100
"BCAT1","LILRB2",101
"BCAT1","LOC100130872",102
"BCAT1","LOC100996643",103
"BCAT1","LOC728175",104
"BCAT1","LY96",105
"BCAT1","LYZ",106
"BCAT1","MAD2L1",107
"BCAT1","MCM10",108
"BCAT1","MCM4",109
"BCAT1","MCM7",110
"BCAT1","MELK",111
"BCAT1","MIR4683",112
"BCAT1","MIR6845",113
"BCAT1","MIR8071-1",114
"BCAT1","MKI67",115
"BCAT1","MND1",116
"BCAT1","MNDA",117
"BCAT1","MPV17L",118
"BCAT1","MS4A1",119
"BCAT1","MS4A4A",120
"BCAT1","MTHFD2",121
"BCAT1","MTSS1",122
"BCAT1","NCAPG",123
"BCAT1","NCAPH",124
"BCAT1","NEAT1",125
"BCAT1","NEDD9",126
"BCAT1","NEK2",127
"BCAT1","NME1",128
"BCAT1","NPCDR1",129
"BCAT1","NUSAP1",130
"BCAT1","OIP5",131
"BCAT1","PAICS",132
"BCAT1","PBK",133
"BCAT1","PCNA",134
"BCAT1","PDE4B",135
"BCAT1","PHF19",136
"BCAT1","PIK3IP1",137
"BCAT1","PLK4",138
"BCAT1","POLE2",139
"BCAT1","POLQ",140
"BCAT1","PPIF",141
"BCAT1","PPP1R16B",142
"BCAT1","PRPS2",143
"BCAT1","PRR11",144
"BCAT1","PSPH",145
"BCAT1","PTTG1",146
"BCAT1","RAB31",147
"BCAT1","RAD51",148
"BCAT1","RAD51AP1",149
"BCAT1","RASSF4",150
"BCAT1","RCC1",151
"BCAT1","RFC3",152
"BCAT1","RHOBTB3",153
"BCAT1","RNASET2",154
"BCAT1","RPS6KA2",155
"BCAT1","RRM2",156
"BCAT1","S100A8",157
"BCAT1","SELENOI",158
"BCAT1","SERPINB9",159
"BCAT1","SHCBP1",160
"BCAT1","SKP2",161
"BCAT1","SMAP2",162
"BCAT1","SMC2",163
"BCAT1","SNX29P2",164
"BCAT1","SOS1",165
"BCAT1","SQLE",166
"BCAT1","STIL",167
"BCAT1","SUV39H2",168
"BCAT1","TCF19",169
"BCAT1","TIMELESS",170
"BCAT1","TIPIN",171
"BCAT1","TK1",172
"BCAT1","TMEM2",173
"BCAT1","TMEM97",174
"BCAT1","TNFRSF21",175
"BCAT1","TPX2",176
"BCAT1","TRIP13",177
"BCAT1","TTK",178
"BCAT1","TXNIP",179
"BCAT1","UBE2C",180
"BCAT1","UBE2T",181
"BCAT1","WDHD1",182
"BCAT1","WDR76",183
"BCAT1","ZFP36L2",184
"BCAT1","ZNF367",185
"BCL10","PSPH",1
"BCL10","SMIM3",2
"BCL2L11","ANLN",1
"BCL2L11","ANP32E",2
"BCL2L11","APITD1-CORT",3
"BCL2L11","ASF1B",4
"BCL2L11","ATAD2",5
"BCL2L11","AURKA",6
"BCL2L11","AURKB",7
"BCL2L11","BCL2L11",8
"BCL2L11","BIRC5",9
"BCL2L11","BMF",10
"BCL2L11","BRIP1",11
"BCL2L11","BTG1",12
"BCL2L11","BUB1",13
"BCL2L11","C4orf46",14
"BCL2L11","C5orf24",15
"BCL2L11","CCDC34",16
"BCL2L11","CCNA2",17
"BCL2L11","CCNB2",18
"BCL2L11","CCNE2",19
"BCL2L11","CDC45",20
"BCL2L11","CDC6",21
"BCL2L11","CDCA2",22
"BCL2L11","CDCA3",23
"BCL2L11","CDCA5",24
"BCL2L11","CDK6",25
"BCL2L11","CDKN3",26
"BCL2L11","CDT1",27
"BCL2L11","CENPA",28
"BCL2L11","CENPE",29
"BCL2L11","CENPF",30
"BCL2L11","CENPU",31
"BCL2L11","CENPV",32
"BCL2L11","CEP55",33
"BCL2L11","CHEK1",34
"BCL2L11","DENND3",35
"BCL2L11","DEPDC1",36
"BCL2L11","DEPDC1B",37
"BCL2L11","DLGAP5",38
"BCL2L11","DPEP1",39
"BCL2L11","DSCC1",40
"BCL2L11","E2F7",41
"BCL2L11","ECT2",42
"BCL2L11","EMP1",43
"BCL2L11","FAM72C",44
"BCL2L11","FANCI",45
"BCL2L11","FEN1",46
"BCL2L11","FOXM1",47
"BCL2L11","GBP4",48
"BCL2L11","GIMAP4",49
"BCL2L11","GINS1",50
"BCL2L11","GSN",51
"BCL2L11","HELLS",52
"BCL2L11","HJURP",53
"BCL2L11","IL1B",54
"BCL2L11","IRAK3",55
"BCL2L11","KIAA0101",56
"BCL2L11","KIF18A",57
"BCL2L11","KIF18B",58
"BCL2L11","KIF23",59
"BCL2L11","KNL1",60
"BCL2L11","LILRB2",61
"BCL2L11","LOC100130872",62
"BCL2L11","MAD2L1",63
"BCL2L11","MCM4",64
"BCL2L11","MELK",65
"BCL2L11","MIR4683",66
"BCL2L11","MNDA",67
"BCL2L11","NCAPG",68
"BCL2L11","NCAPH",69
"BCL2L11","NEK2",70
"BCL2L11","NPCDR1",71
"BCL2L11","NUSAP1",72
"BCL2L11","OIP5",73
"BCL2L11","P2RY14",74
"BCL2L11","PBK",75
"BCL2L11","PDE4B",76
"BCL2L11","PHF19",77
"BCL2L11","POLE2",78
"BCL2L11","RAG1",79
"BCL2L11","RRM2",80
"BCL2L11","SIK1",81
"BCL2L11","SKP2",82
"BCL2L11","SLA",83
"BCL2L11","SNTB2",84
"BCL2L11","STIL",85
"BCL2L11","SUV39H2",86
"BCL2L11","TARSL2",87
"BCL2L11","TCF19",88
"BCL2L11","TIPIN",89
"BCL2L11","TNFSF8",90
"BCL2L11","TPX2",91
"BCL2L11","TRIP13",92
"BCL2L11","TTK",93
"BCL2L11","UBE2T",94
"BIRC3","BIRC3",1
"BIRC3","EMP1",2
"BIRC3","FGR",3
"BIRC3","HBB",4
"BIRC3","HBG1",5
"BIRC3","ID3",6
"BIRC3","IGH",7
"BIRC3","IGLC1",8
"BIRC3","IL18R1",9
"BIRC3","IQGAP3",10
"BIRC3","ITGB2-AS1",11
"BIRC3","LOC100996643",12
"BIRC3","LOC728175",13
"BIRC3","MYRIP",14
"BIRC3","PFKFB2",15
"BIRC3","PPBP",16
"BIRC3","PPP1R16B",17
"BIRC3","PRPS2",18
"BIRC3","PTP4A1",19
"BIRC3","RAD51AP1",20
"BIRC3","RAG1",21
"BIRC3","SELENOI",22
"BIRC3","SERPINA1",23
"BIRC3","SLA",24
"BIRC3","SNX10",25
"BIRC3","TNFSF8",26
"BIRC3","TYMS",27
"BIRC5","ANLN",1
"BIRC5","ANP32E",2
"BIRC5","APITD1-CORT",3
"BIRC5","ARPP21",4
"BIRC5","ASF1B",5
"BIRC5","ASPM",6
"BIRC5","ATAD2",7
"BIRC5","AURKA",8
"BIRC5","AURKB",9
"BIRC5","B3GNT2",10
"BIRC5","BCAT1",11
"BIRC5","BCL2L11",12
"BIRC5","BIRC5",13
"BIRC5","BMF",14
"BIRC5","BRCA1",15
"BIRC5","BRIP1",16
"BIRC5","BTG1",17
"BIRC5","BUB1",18
"BIRC5","BUB1B",19
"BIRC5","BYSL",20
"BIRC5","C4orf46",21
"BIRC5","CCDC34",22
"BIRC5","CCDC86",23
"BIRC5","CCNA2",24
"BIRC5","CCNB1",25
"BIRC5","CCNB2",26
"BIRC5","CCNE2",27
"BIRC5","CCNL1",28
"BIRC5","CCR1",29
"BIRC5","CD53",30
"BIRC5","CDC20",31
"BIRC5","CDC42EP3",32
"BIRC5","CDC45",33
"BIRC5","CDC6",34
"BIRC5","CDCA2",35
"BIRC5","CDCA3",36
"BIRC5","CDCA5",37
"BIRC5","CDK1",38
"BIRC5","CDK6",39
"BIRC5","CDKN3",40
"BIRC5","CDT1",41
"BIRC5","CELF2",42
"BIRC5","CENPA",43
"BIRC5","CENPE",44
"BIRC5","CENPF",45
"BIRC5","CENPH",46
"BIRC5","CENPK",47
"BIRC5","CENPN",48
"BIRC5","CENPU",49
"BIRC5","CENPV",50
"BIRC5","CENPW",51
"BIRC5","CEP55",52
"BIRC5","CHEK1",53
"BIRC5","CKAP2",54
"BIRC5","CKAP2L",55
"BIRC5","CKS1B",56
"BIRC5","CLEC2B",57
"BIRC5","CPM",58
"BIRC5","CRNDE",59
"BIRC5","DEFA1",60
"BIRC5","DENND3",61
"BIRC5","DEPDC1",62
"BIRC5","DEPDC1B",63
"BIRC5","DFNA5",64
"BIRC5","DHFR",65
"BIRC5","DHX9",66
"BIRC5","DLGAP5",67
"BIRC5","DPEP1",68
"BIRC5","DSCC1",69
"BIRC5","DTL",70
"BIRC5","E2F7",71
"BIRC5","E2F8",72
"BIRC5","ECT2",73
"BIRC5","EGR1",74
"BIRC5","EMP1",75
"BIRC5","FAM72C",76
"BIRC5","FANCI",77
"BIRC5","FCER1G",78
"BIRC5","FCGR3B",79
"BIRC5","FEN1",80
"BIRC5","FGD2",81
"BIRC5","FGR",82
"BIRC5","FH",83
"BIRC5","FOXM1",84
"BIRC5","FUS",85
"BIRC5","GBP4",86
"BIRC5","GGH",87
"BIRC5","GIMAP4",88
"BIRC5","GIMAP7",89
"BIRC5","GINS1",90
"BIRC5","GINS2",91
"BIRC5","GSN",92
"BIRC5","HBB",93
"BIRC5","HBG1",94
"BIRC5","HELLS",95
"BIRC5","HIST4H4",96
"BIRC5","HJURP",97
"BIRC5","HMMR",98
"BIRC5","HRK",99
"BIRC5","ID2",100
"BIRC5","IFNGR1",101
"BIRC5","IGH",102
"BIRC5","IGLC1",103
"BIRC5","IL1B",104
"BIRC5","IL6ST",105
"BIRC5","IQGAP3",106
"BIRC5","IRAK3",107
"BIRC5","ISG20",108
"BIRC5","ITGAM",109
"BIRC5","KIAA0101",110
"BIRC5","KIF11",111
"BIRC5","KIF14",112
"BIRC5","KIF15",113
"BIRC5","KIF18A",114
"BIRC5","KIF18B",115
"BIRC5","KIF20A",116
"BIRC5","KIF23",117
"BIRC5","KIF2C",118
"BIRC5","KIF4A",119
"BIRC5","KNL1",120
"BIRC5","LILRB2",121
"BIRC5","LOC100996643",122
"BIRC5","LY96",123
"BIRC5","LYZ",124
"BIRC5","MAD2L1",125
"BIRC5","MCM10",126
"BIRC5","MCM4",127
"BIRC5","MCM5",128
"BIRC5","MCM7",129
"BIRC5","MDK",130
"BIRC5","MELK",131
"BIRC5","METTL7A",132
"BIRC5","MIR4683",133
"BIRC5","MIR6845",134
"BIRC5","MIR8071-1",135
"BIRC5","MKI67",136
"BIRC5","MND1",137
"BIRC5","MS4A1",138
"BIRC5","MS4A4A",139
"BIRC5","MS4A7",140
"BIRC5","MTHFD2",141
"BIRC5","MTSS1",142
"BIRC5","NCAPG",143
"BIRC5","NCAPH",144
"BIRC5","NEAT1",145
"BIRC5","NEDD9",146
"BIRC5","NEK2",147
"BIRC5","NME1",148
"BIRC5","NPCDR1",149
"BIRC5","NUF2",150
"BIRC5","NUSAP1",151
"BIRC5","OIP5",152
"BIRC5","P2RY14",153
"BIRC5","PAICS",154
"BIRC5","PBK",155
"BIRC5","PCNA",156
"BIRC5","PDE4B",157
"BIRC5","PHF19",158
"BIRC5","PIK3IP1",159
"BIRC5","PLK4",160
"BIRC5","POLE2",161
"BIRC5","POLQ",162
"BIRC5","POU4F1",163
"BIRC5","PPIF",164
"BIRC5","PPP1R16B",165
"BIRC5","PRR11",166
"BIRC5","PSPH",167
"BIRC5","PTP4A1",168
"BIRC5","PTTG1",169
"BIRC5","RAD51",170
"BIRC5","RAD51AP1",171
"BIRC5","RBM14",172
"BIRC5","RBMS3",173
"BIRC5","RCC1",174
"BIRC5","RFC3",175
"BIRC5","RHOBTB3",176
"BIRC5","RMI2",177
"BIRC5","RNASET2",178
"BIRC5","RRM2",179
"BIRC5","S100A8",180
"BIRC5","SCML4",181
"BIRC5","SELENOI",182
"BIRC5","SERPINA1",183
"BIRC5","SERPINB9",184
"BIRC5","SESN1",185
"BIRC5","SHCBP1",186
"BIRC5","SIK1",187
"BIRC5","SKP2",188
"BIRC5","SLC22A23",189
"BIRC5","SMAP2",190
"BIRC5","SMC2",191
"BIRC5","SNORA21",192
"BIRC5","SOS1",193
"BIRC5","SQLE",194
"BIRC5","STIL",195
"BIRC5","SUV39H2",196
"BIRC5","TARSL2",197
"BIRC5","TBXA2R",198
"BIRC5","TCF19",199
"BIRC5","TIMELESS",200
"BIRC5","TIPIN",201
"BIRC5","TK1",202
"BIRC5","TMEM97",203
"BIRC5","TNFRSF21",204
"BIRC5","TOP2A",205
"BIRC5","TPX2",206
"BIRC5","TRIP13",207
"BIRC5","TTK",208
"BIRC5","TXNIP",209
"BIRC5","TYMS",210
"BIRC5","UBE2C",211
"BIRC5","UBE2T",212
"BIRC5","WDHD1",213
"BIRC5","WDR76",214
"BIRC5","ZFP36L2",215
"BIRC5","ZNF367",216
"BIRC5","ZWINT",217
"BMF","ABHD17B",1
"BMF","AKAP12",2
"BMF","ANLN",3
"BMF","ANP32E",4
"BMF","APITD1-CORT",5
"BMF","ARPP21",6
"BMF","ARRDC3",7
"BMF","ASF1B",8
"BMF","ATAD2",9
"BMF","AURKA",10
"BMF","AURKB",11
"BMF","B3GNT2",12
"BMF","BCL2L11",13
"BMF","BIRC5",14
"BMF","BMF",15
"BMF","BRCA1",16
"BMF","BRIP1",17
"BMF","BTG1",18
"BMF","BUB1",19
"BMF","BUB1B",20
"BMF","C4orf46",21
"BMF","CCDC34",22
"BMF","CCDC86",23
"BMF","CCNA2",24
"BMF","CCNB1",25
"BMF","CCNB2",26
"BMF","CCNE2",27
"BMF","CD53",28
"BMF","CDC20",29
"BMF","CDC45",30
"BMF","CDC6",31
"BMF","CDCA2",32
"BMF","CDCA3",33
"BMF","CDCA5",34
"BMF","CDK1",35
"BMF","CDK6",36
"BMF","CDKN3",37
"BMF","CDT1",38
"BMF","CENPA",39
"BMF","CENPE",40
"BMF","CENPF",41
"BMF","CENPH",42
"BMF","CENPK",43
"BMF","CENPN",44
"BMF","CENPU",45
"BMF","CENPV",46
"BMF","CENPW",47
"BMF","CEP55",48
"BMF","CHEK1",49
"BMF","CKAP2",50
"BMF","CKAP2L",51
"BMF","CKS1B",52
"BMF","CPM",53
"BMF","DDIT4",54
"BMF","DENND3",55
"BMF","DEPDC1",56
"BMF","DEPDC1B",57
"BMF","DHFR",58
"BMF","DLGAP5",59
"BMF","DPEP1",60
"BMF","DSCC1",61
"BMF","E2F7",62
"BMF","ECT2",63
"BMF","EMP1",64
"BMF","FAM72C",65
"BMF","FANCI",66
"BMF","FEN1",67
"BMF","FH",68
"BMF","FOXM1",69
"BMF","GBP4",70
"BMF","GGH",71
"BMF","GIMAP4",72
"BMF","GINS1",73
"BMF","GSN",74
"BMF","HELLS",75
"BMF","HIST4H4",76
"BMF","HJURP",77
"BMF","HMMR",78
"BMF","HRK",79
"BMF","ID3",80
"BMF","IFNGR1",81
"BMF","IGLL1",82
"BMF","IL1B",83
"BMF","IL6ST",84
"BMF","IQGAP3",85
"BMF","IRAK3",86
"BMF","ISG20",87
"BMF","ITGB2-AS1",88
"BMF","KIAA0101",89
"BMF","KIF14",90
"BMF","KIF15",91
"BMF","KIF18A",92
"BMF","KIF18B",93
"BMF","KIF20A",94
"BMF","KIF23",95
"BMF","KIF26A",96
"BMF","KIF2C",97
"BMF","KNL1",98
"BMF","LILRB2",99
"BMF","LOC100130872",100
"BMF","MAD2L1",101
"BMF","MCM10",102
"BMF","MCM4",103
"BMF","MCM7",104
"BMF","MELK",105
"BMF","METTL7A",106
"BMF","MIR4683",107
"BMF","MKI67",108
"BMF","MS4A1",109
"BMF","MSH6",110
"BMF","MTHFD2",111
"BMF","MTSS1",112
"BMF","NCAPG",113
"BMF","NCAPH",114
"BMF","NEAT1",115
"BMF","NEK2",116
"BMF","NPCDR1",117
"BMF","NUF2",118
"BMF","NUSAP1",119
"BMF","OIP5",120
"BMF","P2RY14",121
"BMF","PBK",122
"BMF","PHF19",123
"BMF","PIK3IP1",124
"BMF","PLK4",125
"BMF","POLE2",126
"BMF","POLQ",127
"BMF","POU4F1",128
"BMF","PPIF",129
"BMF","PRR11",130
"BMF","PTTG1",131
"BMF","RAD51",132
"BMF","RAG1",133
"BMF","RAG2",134
"BMF","RBMS3",135
"BMF","RNASET2",136
"BMF","RPS6KA2",137
"BMF","RRM2",138
"BMF","S100A11",139
"BMF","S100A8",140
"BMF","SEMA4D",141
"BMF","SERPINB9",142
"BMF","SHCBP1",143
"BMF","SIK1",144
"BMF","SKP2",145
"BMF","SMAP2",146
"BMF","SMC2",147
"BMF","SMIM3",148
"BMF","SOS1",149
"BMF","SQLE",150
"BMF","STIL",151
"BMF","SUV39H2",152
"BMF","TARSL2",153
"BMF","TCF19",154
"BMF","TIMELESS",155
"BMF","TIPIN",156
"BMF","TMEM2",157
"BMF","TMEM97",158
"BMF","TNFSF8",159
"BMF","TPX2",160
"BMF","TRIP13",161
"BMF","TTK",162
"BMF","TXNIP",163
"BMF","UBE2C",164
"BMF","UBE2T",165
"BMF","WASF1",166
"BMF","WDHD1",167
"BMF","ZWINT",168
"BRCA1","ANLN",1
"BRCA1","ANP32E",2
"BRCA1","APITD1-CORT",3
"BRCA1","ASF1B",4
"BRCA1","ASPM",5
"BRCA1","ATAD2",6
"BRCA1","AURKA",7
"BRCA1","AURKB",8
"BRCA1","BCAT1",9
"BRCA1","BCL2L11",10
"BRCA1","BIRC5",11
"BRCA1","BRCA1",12
"BRCA1","BRIP1",13
"BRCA1","BTG1",14
"BRCA1","BUB1",15
"BRCA1","BUB1B",16
"BRCA1","BYSL",17
"BRCA1","C4orf46",18
"BRCA1","CCDC34",19
"BRCA1","CCDC86",20
"BRCA1","CCNA2",21
"BRCA1","CCNB1",22
"BRCA1","CCNB2",23
"BRCA1","CCNE2",24
"BRCA1","CD53",25
"BRCA1","CDC20",26
"BRCA1","CDC42EP3",27
"BRCA1","CDC45",28
"BRCA1","CDC6",29
"BRCA1","CDCA2",30
"BRCA1","CDCA3",31
"BRCA1","CDCA5",32
"BRCA1","CDK1",33
"BRCA1","CDKN3",34
"BRCA1","CDT1",35
"BRCA1","CELF2",36
"BRCA1","CENPA",37
"BRCA1","CENPE",38
"BRCA1","CENPF",39
"BRCA1","CENPH",40
"BRCA1","CENPK",41
"BRCA1","CENPN",42
"BRCA1","CENPU",43
"BRCA1","CENPW",44
"BRCA1","CEP55",45
"BRCA1","CHEK1",46
"BRCA1","CKAP2",47
"BRCA1","CKAP2L",48
"BRCA1","CKS1B",49
"BRCA1","CLEC2B",50
"BRCA1","CRNDE",51
"BRCA1","DEPDC1",52
"BRCA1","DEPDC1B",53
"BRCA1","DHFR",54
"BRCA1","DHX9",55
"BRCA1","DLGAP5",56
"BRCA1","DSCC1",57
"BRCA1","DTL",58
"BRCA1","E2F7",59
"BRCA1","E2F8",60
"BRCA1","ECT2",61
"BRCA1","FABP5",62
"BRCA1","FAM72C",63
"BRCA1","FANCI",64
"BRCA1","FCER1G",65
"BRCA1","FCGR3B",66
"BRCA1","FEN1",67
"BRCA1","FGD2",68
"BRCA1","FGL2",69
"BRCA1","FGR",70
"BRCA1","FH",71
"BRCA1","FOXM1",72
"BRCA1","GBP4",73
"BRCA1","GGH",74
"BRCA1","GIMAP4",75
"BRCA1","GINS1",76
"BRCA1","GINS2",77
"BRCA1","GVINP1",78
"BRCA1","HELLS",79
"BRCA1","HIST4H4",80
"BRCA1","HJURP",81
"BRCA1","HMMR",82
"BRCA1","IQGAP3",83
"BRCA1","ISG20",84
"BRCA1","KIAA0101",85
"BRCA1","KIF11",86
"BRCA1","KIF14",87
"BRCA1","KIF15",88
"BRCA1","KIF18A",89
"BRCA1","KIF18B",90
"BRCA1","KIF20A",91
"BRCA1","KIF23",92
"BRCA1","KIF2C",93
"BRCA1","KIF4A",94
"BRCA1","KNL1",95
"BRCA1","LGALS3",96
"BRCA1","LILRB2",97
"BRCA1","LOC100996643",98
"BRCA1","LOC728175",99
"BRCA1","LYZ",100
"BRCA1","MAD2L1",101
"BRCA1","MCM10",102
"BRCA1","MCM4",103
"BRCA1","MCM5",104
"BRCA1","MCM7",105
"BRCA1","MDK",106
"BRCA1","MELK",107
"BRCA1","MIR6845",108
"BRCA1","MKI67",109
"BRCA1","MND1",110
"BRCA1","MNDA",111
"BRCA1","MTHFD2",112
"BRCA1","NCAPG",113
"BRCA1","NCAPH",114
"BRCA1","NEDD9",115
"BRCA1","NEK2",116
"BRCA1","NME1",117
"BRCA1","NUF2",118
"BRCA1","NUSAP1",119
"BRCA1","OIP5",120
"BRCA1","P2RX5",121
"BRCA1","P2RY14",122
"BRCA1","PAICS",123
"BRCA1","PBK",124
"BRCA1","PCNA",125
"BRCA1","PHF19",126
"BRCA1","PIK3IP1",127
"BRCA1","PLK4",128
"BRCA1","POLE2",129
"BRCA1","POLQ",130
"BRCA1","PPBP",131
"BRCA1","PPIF",132
"BRCA1","PRDM1",133
"BRCA1","PRR11",134
"BRCA1","PTP4A1",135
"BRCA1","PTTG1",136
"BRCA1","RAB31",137
"BRCA1","RAD51",138
"BRCA1","RAD51AP1",139
"BRCA1","RFC3",140
"BRCA1","RMI2",141
"BRCA1","RNASET2",142
"BRCA1","RRM2",143
"BRCA1","S100A8",144
"BRCA1","SELENOI",145
"BRCA1","SESN1",146
"BRCA1","SHCBP1",147
"BRCA1","SKP2",148
"BRCA1","SMAP2",149
"BRCA1","SMC2",150
"BRCA1","SQLE",151
"BRCA1","STIL",152
"BRCA1","SUV39H2",153
"BRCA1","TBXA2R",154
"BRCA1","TCF19",155
"BRCA1","TIMELESS",156
"BRCA1","TIPIN",157
"BRCA1","TK1",158
"BRCA1","TMEM97",159
"BRCA1","TNFRSF21",160
"BRCA1","TOP2A",161
"BRCA1","TPX2",162
"BRCA1","TRIP13",163
"BRCA1","TTK",164
"BRCA1","TXNIP",165
"BRCA1","TYMS",166
"BRCA1","UBE2C",167
"BRCA1","UBE2T",168
"BRCA1","WDHD1",169
"BRCA1","WDR76",170
"BRCA1","ZFP36L2",171
"BRCA1","ZNF367",172
"BRCA1","ZWINT",173
"BRIP1","ANLN",1
"BRIP1","ANP32E",2
"BRIP1","APITD1-CORT",3
"BRIP1","ASF1B",4
"BRIP1","ASPM",5
"BRIP1","ATAD2",6
"BRIP1","AURKA",7
"BRIP1","AURKB",8
"BRIP1","BCL2L11",9
"BRIP1","BIRC5",10
"BRIP1","BMF",11
"BRIP1","BRCA1",12
"BRIP1","BRIP1",13
"BRIP1","BTG1",14
"BRIP1","BUB1",15
"BRIP1","BUB1B",16
"BRIP1","BYSL",17
"BRIP1","C4orf46",18
"BRIP1","CCDC34",19
"BRIP1","CCDC86",20
"BRIP1","CCNA2",21
"BRIP1","CCNB1",22
"BRIP1","CCNB2",23
"BRIP1","CCNE2",24
"BRIP1","CD53",25
"BRIP1","CDC20",26
"BRIP1","CDC42EP3",27
"BRIP1","CDC45",28
"BRIP1","CDC6",29
"BRIP1","CDCA2",30
"BRIP1","CDCA3",31
"BRIP1","CDCA5",32
"BRIP1","CDK1",33
"BRIP1","CDKN3",34
"BRIP1","CDT1",35
"BRIP1","CELF2",36
"BRIP1","CENPA",37
"BRIP1","CENPE",38
"BRIP1","CENPF",39
"BRIP1","CENPH",40
"BRIP1","CENPK",41
"BRIP1","CENPN",42
"BRIP1","CENPU",43
"BRIP1","CENPV",44
"BRIP1","CENPW",45
"BRIP1","CEP55",46
"BRIP1","CHEK1",47
"BRIP1","CKAP2",48
"BRIP1","CKAP2L",49
"BRIP1","CKS1B",50
"BRIP1","CLEC2B",51
"BRIP1","CPM",52
"BRIP1","CRNDE",53
"BRIP1","DENND3",54
"BRIP1","DEPDC1",55
"BRIP1","DEPDC1B",56
"BRIP1","DFNA5",57
"BRIP1","DHFR",58
"BRIP1","DHX9",59
"BRIP1","DLGAP5",60
"BRIP1","DPEP1",61
"BRIP1","DSCC1",62
"BRIP1","DTL",63
"BRIP1","E2F7",64
"BRIP1","E2F8",65
"BRIP1","ECT2",66
"BRIP1","FABP5",67
"BRIP1","FAM72C",68
"BRIP1","FANCI",69
"BRIP1","FCGR3B",70
"BRIP1","FEN1",71
"BRIP1","FGD2",72
"BRIP1","FH",73
"BRIP1","FOXM1",74
"BRIP1","GBP4",75
"BRIP1","GGH",76
"BRIP1","GIMAP4",77
"BRIP1","GIMAP7",78
"BRIP1","GINS1",79
"BRIP1","GINS2",80
"BRIP1","GVINP1",81
"BRIP1","HBB",82
"BRIP1","HELLS",83
"BRIP1","HIST4H4",84
"BRIP1","HJURP",85
"BRIP1","HMMR",86
"BRIP1","ID2",87
"BRIP1","IFNGR1",88
"BRIP1","IL18R1",89
"BRIP1","IL1B",90
"BRIP1","IQGAP3",91
"BRIP1","IRAK3",92
"BRIP1","ISG20",93
"BRIP1","KIAA0101",94
"BRIP1","KIF11",95
"BRIP1","KIF14",96
"BRIP1","KIF15",97
"BRIP1","KIF18A",98
"BRIP1","KIF18B",99
"BRIP1","KIF20A",100
"BRIP1","KIF23",101
"BRIP1","KIF2C",102
"BRIP1","KIF4A",103
"BRIP1","KNL1",104
"BRIP1","LILRB2",105
"BRIP1","LOC100996643",106
"BRIP1","LOC728175",107
"BRIP1","LYZ",108
"BRIP1","MAD2L1",109
"BRIP1","MCM10",110
"BRIP1","MCM4",111
"BRIP1","MCM5",112
"BRIP1","MCM7",113
"BRIP1","MDK",114
"BRIP1","MELK",115
"BRIP1","METTL7A",116
"BRIP1","MIR6845",117
"BRIP1","MIR8071-1",118
"BRIP1","MKI67",119
"BRIP1","MND1",120
"BRIP1","MS4A1",121
"BRIP1","MS4A4A",122
"BRIP1","MTHFD2",123
"BRIP1","MTSS1",124
"BRIP1","NCAPG",125
"BRIP1","NCAPH",126
"BRIP1","NEAT1",127
"BRIP1","NEDD9",128
"BRIP1","NEK2",129
"BRIP1","NME1",130
"BRIP1","NPCDR1",131
"BRIP1","NUF2",132
"BRIP1","NUSAP1",133
"BRIP1","OIP5",134
"BRIP1","P2RX5",135
"BRIP1","P2RY14",136
"BRIP1","PAICS",137
"BRIP1","PBK",138
"BRIP1","PCNA",139
"BRIP1","PDE4B",140
"BRIP1","PHF19",141
"BRIP1","PIK3IP1",142
"BRIP1","PLK4",143
"BRIP1","POLE2",144
"BRIP1","POLQ",145
"BRIP1","PPIF",146
"BRIP1","PRR11",147
"BRIP1","PTP4A1",148
"BRIP1","PTTG1",149
"BRIP1","RAD51",150
"BRIP1","RAD51AP1",151
"BRIP1","RBM14",152
"BRIP1","RCC1",153
"BRIP1","RFC3",154
"BRIP1","RMI2",155
"BRIP1","RNASET2",156
"BRIP1","RRM2",157
"BRIP1","S100A8",158
"BRIP1","SCML4",159
"BRIP1","SELENOI",160
"BRIP1","SERPINB9",161
"BRIP1","SESN1",162
"BRIP1","SHCBP1",163
"BRIP1","SIK1",164
"BRIP1","SKP2",165
"BRIP1","SMAP2",166
"BRIP1","SMC2",167
"BRIP1","SNORA21",168
"BRIP1","SOS1",169
"BRIP1","SQLE",170
"BRIP1","STIL",171
"BRIP1","SUV39H2",172
"BRIP1","TARSL2",173
"BRIP1","TBXA2R",174
"BRIP1","TCF19",175
"BRIP1","TENM4",176
"BRIP1","TIMELESS",177
"BRIP1","TIPIN",178
"BRIP1","TK1",179
"BRIP1","TMEM97",180
"BRIP1","TNFRSF21",181
"BRIP1","TOP2A",182
"BRIP1","TPX2",183
"BRIP1","TRIP13",184
"BRIP1","TTK",185
"BRIP1","TXNIP",186
"BRIP1","TYMS",187
"BRIP1","UBE2C",188
"BRIP1","UBE2T",189
"BRIP1","WDHD1",190
"BRIP1","WDR76",191
"BRIP1","ZNF367",192
"BRIP1","ZWINT",193
"BTG1","ANLN",1
"BTG1","ANP32E",2
"BTG1","APITD1-CORT",3
"BTG1","ASF1B",4
"BTG1","ASPM",5
"BTG1","ATAD2",6
"BTG1","AURKA",7
"BTG1","AURKB",8
"BTG1","B3GNT2",9
"BTG1","BCAT1",10
"BTG1","BCL2L11",11
"BTG1","BIRC5",12
"BTG1","BMF",13
"BTG1","BRCA1",14
"BTG1","BRIP1",15
"BTG1","BTG1",16
"BTG1","BUB1",17
"BTG1","BUB1B",18
"BTG1","BYSL",19
"BTG1","C4orf46",20
"BTG1","CCDC34",21
"BTG1","CCDC86",22
"BTG1","CCNA2",23
"BTG1","CCNB1",24
"BTG1","CCNB2",25
"BTG1","CCNE2",26
"BTG1","CD53",27
"BTG1","CDC20",28
"BTG1","CDC42EP3",29
"BTG1","CDC45",30
"BTG1","CDC6",31
"BTG1","CDCA2",32
"BTG1","CDCA3",33
"BTG1","CDCA5",34
"BTG1","CDK1",35
"BTG1","CDKN3",36
"BTG1","CDT1",37
"BTG1","CELF2",38
"BTG1","CENPA",39
"BTG1","CENPE",40
"BTG1","CENPF",41
"BTG1","CENPH",42
"BTG1","CENPK",43
"BTG1","CENPN",44
"BTG1","CENPU",45
"BTG1","CENPV",46
"BTG1","CENPW",47
"BTG1","CEP55",48
"BTG1","CHEK1",49
"BTG1","CKAP2",50
"BTG1","CKAP2L",51
"BTG1","CKS1B",52
"BTG1","CLEC2B",53
"BTG1","CRNDE",54
"BTG1","DENND3",55
"BTG1","DEPDC1",56
"BTG1","DEPDC1B",57
"BTG1","DFNA5",58
"BTG1","DHFR",59
"BTG1","DHX9",60
"BTG1","DLGAP5",61
"BTG1","DPEP1",62
"BTG1","DSCC1",63
"BTG1","DTL",64
"BTG1","E2F7",65
"BTG1","E2F8",66
"BTG1","ECT2",67
"BTG1","EGR1",68
"BTG1","EMP1",69
"BTG1","FAM72C",70
"BTG1","FANCI",71
"BTG1","FEN1",72
"BTG1","FGR",73
"BTG1","FH",74
"BTG1","FOXM1",75
"BTG1","FUS",76
"BTG1","GBP4",77
"BTG1","GGH",78
"BTG1","GIMAP4",79
"BTG1","GIMAP7",80
"BTG1","GINS1",81
"BTG1","GINS2",82
"BTG1","GSN",83
"BTG1","HBB",84
"BTG1","HBG1",85
"BTG1","HELLS",86
"BTG1","HIST4H4",87
"BTG1","HJURP",88
"BTG1","HMMR",89
"BTG1","HRK",90
"BTG1","ID2",91
"BTG1","IFNGR1",92
"BTG1","IGH",93
"BTG1","IGLC1",94
"BTG1","IL1B",95
"BTG1","IL6ST",96
"BTG1","IQGAP3",97
"BTG1","IRAK3",98
"BTG1","ISG20",99
"BTG1","ITGAM",100
"BTG1","KIAA0101",101
"BTG1","KIF11",102
"BTG1","KIF14",103
"BTG1","KIF15",104
"BTG1","KIF18A",105
"BTG1","KIF18B",106
"BTG1","KIF20A",107
"BTG1","KIF23",108
"BTG1","KIF26A",109
"BTG1","KIF2C",110
"BTG1","KIF4A",111
"BTG1","KNL1",112
"BTG1","LILRB2",113
"BTG1","LOC100996643",114
"BTG1","LYZ",115
"BTG1","MAD2L1",116
"BTG1","MCM10",117
"BTG1","MCM4",118
"BTG1","MCM5",119
"BTG1","MCM7",120
"BTG1","MELK",121
"BTG1","METTL7A",122
"BTG1","MIR4683",123
"BTG1","MIR6845",124
"BTG1","MIR8071-1",125
"BTG1","MKI67",126
"BTG1","MND1",127
"BTG1","MS4A1",128
"BTG1","MS4A4A",129
"BTG1","MS4A7",130
"BTG1","MTHFD2",131
"BTG1","MTSS1",132
"BTG1","NCAPG",133
"BTG1","NCAPH",134
"BTG1","NEAT1",135
"BTG1","NEDD9",136
"BTG1","NEK2",137
"BTG1","NME1",138
"BTG1","NPCDR1",139
"BTG1","NUF2",140
"BTG1","NUSAP1",141
"BTG1","OIP5",142
"BTG1","P2RY14",143
"BTG1","PAICS",144
"BTG1","PBK",145
"BTG1","PCNA",146
"BTG1","PDE4B",147
"BTG1","PHF19",148
"BTG1","PIK3IP1",149
"BTG1","PLK4",150
"BTG1","POLE2",151
"BTG1","POLQ",152
"BTG1","PPIF",153
"BTG1","PPP1R16B",154
"BTG1","PRR11",155
"BTG1","PSPH",156
"BTG1","PTTG1",157
"BTG1","RAD51",158
"BTG1","RAD51AP1",159
"BTG1","RBM14",160
"BTG1","RCC1",161
"BTG1","RFC3",162
"BTG1","RHOBTB3",163
"BTG1","RMI2",164
"BTG1","RNASET2",165
"BTG1","RRM2",166
"BTG1","S100A8",167
"BTG1","SCML4",168
"BTG1","SELENOI",169
"BTG1","SERPINA1",170
"BTG1","SERPINB9",171
"BTG1","SESN1",172
"BTG1","SHCBP1",173
"BTG1","SIK1",174
"BTG1","SKP2",175
"BTG1","SLC22A23",176
"BTG1","SMAP2",177
"BTG1","SMC2",178
"BTG1","SOS1",179
"BTG1","SQLE",180
"BTG1","STIL",181
"BTG1","SUV39H2",182
"BTG1","TARSL2",183
"BTG1","TBXA2R",184
"BTG1","TCF19",185
"BTG1","TIMELESS",186
"BTG1","TIPIN",187
"BTG1","TK1",188
"BTG1","TMEM2",189
"BTG1","TMEM97",190
"BTG1","TOP2A",191
"BTG1","TPX2",192
"BTG1","TRIP13",193
"BTG1","TTK",194
"BTG1","TXNIP",195
"BTG1","TYMS",196
"BTG1","UBE2C",197
"BTG1","UBE2T",198
"BTG1","WDHD1",199
"BTG1","WDR76",200
"BTG1","ZNF367",201
"BTG1","ZWINT",202
"BTNL9","AKAP12",1
"BTNL9","ANLN",2
"BTNL9","BCL2L11",3
"BTNL9","BMF",4
"BTNL9","BTNL9",5
"BTNL9","CD53",6
"BTNL9","CENPV",7
"BTNL9","CEP55",8
"BTNL9","CKAP2L",9
"BTNL9","DENND3",10
"BTNL9","DEPDC1B",11
"BTNL9","E2F7",12
"BTNL9","FOXM1",13
"BTNL9","GSN",14
"BTNL9","IFNGR1",15
"BTNL9","IGLL1",16
"BTNL9","IL1B",17
"BTNL9","ITGB2-AS1",18
"BTNL9","KIF18B",19
"BTNL9","KIF26A",20
"BTNL9","LILRB2",21
"BTNL9","LOC285097",22
"BTNL9","MIR4683",23
"BTNL9","MIR6845",24
"BTNL9","MKI67",25
"BTNL9","NUSAP1",26
"BTNL9","P2RY14",27
"BTNL9","PPIF",28
"BTNL9","PRR11",29
"BTNL9","RAG1",30
"BTNL9","RBMS3",31
"BTNL9","RNASET2",32
"BTNL9","RPS6KA2",33
"BTNL9","S100A11",34
"BTNL9","SIK1",35
"BTNL9","SMAP2",36
"BTNL9","STIL",37
"BTNL9","TMEM2",38
"BTNL9","UBE2T",39
"BTNL9","WFS1",40
"BUB1","ANLN",1
"BUB1","ANP32E",2
"BUB1","APITD1-CORT",3
"BUB1","ARPP21",4
"BUB1","ASF1B",5
"BUB1","ASPM",6
"BUB1","ATAD2",7
"BUB1","AURKA",8
"BUB1","AURKB",9
"BUB1","B3GNT2",10
"BUB1","BCAT1",11
"BUB1","BCL2L11",12
"BUB1","BIRC5",13
"BUB1","BMF",14
"BUB1","BRCA1",15
"BUB1","BRIP1",16
"BUB1","BTG1",17
"BUB1","BUB1",18
"BUB1","BUB1B",19
"BUB1","BYSL",20
"BUB1","C4orf46",21
"BUB1","CCDC34",22
"BUB1","CCDC86",23
"BUB1","CCNA2",24
"BUB1","CCNB1",25
"BUB1","CCNB2",26
"BUB1","CCNE2",27
"BUB1","CCNL1",28
"BUB1","CCR1",29
"BUB1","CD53",30
"BUB1","CDC20",31
"BUB1","CDC42EP3",32
"BUB1","CDC45",33
"BUB1","CDC6",34
"BUB1","CDCA2",35
"BUB1","CDCA3",36
"BUB1","CDCA5",37
"BUB1","CDK1",38
"BUB1","CDK6",39
"BUB1","CDKN3",40
"BUB1","CDT1",41
"BUB1","CELF2",42
"BUB1","CENPA",43
"BUB1","CENPE",44
"BUB1","CENPF",45
"BUB1","CENPH",46
"BUB1","CENPK",47
"BUB1","CENPN",48
"BUB1","CENPU",49
"BUB1","CENPV",50
"BUB1","CENPW",51
"BUB1","CEP55",52
"BUB1","CHEK1",53
"BUB1","CKAP2",54
"BUB1","CKAP2L",55
"BUB1","CKS1B",56
"BUB1","CLEC2B",57
"BUB1","CPM",58
"BUB1","CRNDE",59
"BUB1","DEFA1",60
"BUB1","DENND3",61
"BUB1","DEPDC1",62
"BUB1","DEPDC1B",63
"BUB1","DFNA5",64
"BUB1","DHFR",65
"BUB1","DHX9",66
"BUB1","DLGAP5",67
"BUB1","DPEP1",68
"BUB1","DSCC1",69
"BUB1","DTL",70
"BUB1","E2F7",71
"BUB1","E2F8",72
"BUB1","ECT2",73
"BUB1","EGR1",74
"BUB1","EMP1",75
"BUB1","FAM72C",76
"BUB1","FANCI",77
"BUB1","FCER1G",78
"BUB1","FCGR3B",79
"BUB1","FEN1",80
"BUB1","FGD2",81
"BUB1","FGR",82
"BUB1","FH",83
"BUB1","FOXM1",84
"BUB1","FUS",85
"BUB1","GBP4",86
"BUB1","GGH",87
"BUB1","GIMAP4",88
"BUB1","GIMAP7",89
"BUB1","GINS1",90
"BUB1","GINS2",91
"BUB1","GSN",92
"BUB1","HBB",93
"BUB1","HBG1",94
"BUB1","HELLS",95
"BUB1","HIST4H4",96
"BUB1","HJURP",97
"BUB1","HMMR",98
"BUB1","HRK",99
"BUB1","ID2",100
"BUB1","IFNGR1",101
"BUB1","IGH",102
"BUB1","IGLC1",103
"BUB1","IL1B",104
"BUB1","IL6ST",105
"BUB1","IQGAP3",106
"BUB1","IRAK3",107
"BUB1","ISG20",108
"BUB1","ITGAM",109
"BUB1","KIAA0101",110
"BUB1","KIF11",111
"BUB1","KIF14",112
"BUB1","KIF15",113
"BUB1","KIF18A",114
"BUB1","KIF18B",115
"BUB1","KIF20A",116
"BUB1","KIF23",117
"BUB1","KIF2C",118
"BUB1","KIF4A",119
"BUB1","KNL1",120
"BUB1","LILRB2",121
"BUB1","LOC100996643",122
"BUB1","LY96",123
"BUB1","LYZ",124
"BUB1","MAD2L1",125
"BUB1","MCM10",126
"BUB1","MCM4",127
"BUB1","MCM5",128
"BUB1","MCM7",129
"BUB1","MDK",130
"BUB1","MELK",131
"BUB1","METTL7A",132
"BUB1","MIR4683",133
"BUB1","MIR6845",134
"BUB1","MIR8071-1",135
"BUB1","MKI67",136
"BUB1","MND1",137
"BUB1","MS4A1",138
"BUB1","MS4A4A",139
"BUB1","MS4A7",140
"BUB1","MTHFD2",141
"BUB1","MTSS1",142
"BUB1","NCAPG",143
"BUB1","NCAPH",144
"BUB1","NEAT1",145
"BUB1","NEDD9",146
"BUB1","NEK2",147
"BUB1","NME1",148
"BUB1","NPCDR1",149
"BUB1","NUF2",150
"BUB1","NUSAP1",151
"BUB1","OIP5",152
"BUB1","P2RY14",153
"BUB1","PAICS",154
"BUB1","PBK",155
"BUB1","PCNA",156
"BUB1","PDE4B",157
"BUB1","PHF19",158
"BUB1","PIK3IP1",159
"BUB1","PLK4",160
"BUB1","POLE2",161
"BUB1","POLQ",162
"BUB1","POU4F1",163
"BUB1","PPIF",164
"BUB1","PPP1R16B",165
"BUB1","PRR11",166
"BUB1","PSPH",167
"BUB1","PTP4A1",168
"BUB1","PTTG1",169
"BUB1","RAD51",170
"BUB1","RAD51AP1",171
"BUB1","RBM14",172
"BUB1","RBMS3",173
"BUB1","RCC1",174
"BUB1","RFC3",175
"BUB1","RHOBTB3",176
"BUB1","RMI2",177
"BUB1","RNASET2",178
"BUB1","RRM2",179
"BUB1","S100A8",180
"BUB1","SCML4",181
"BUB1","SELENOI",182
"BUB1","SERPINA1",183
"BUB1","SERPINB9",184
"BUB1","SESN1",185
"BUB1","SHCBP1",186
"BUB1","SIK1",187
"BUB1","SKP2",188
"BUB1","SLC22A23",189
"BUB1","SMAP2",190
"BUB1","SMC2",191
"BUB1","SNORA21",192
"BUB1","SOS1",193
"BUB1","SQLE",194
"BUB1","STIL",195
"BUB1","SUV39H2",196
"BUB1","TARSL2",197
"BUB1","TBXA2R",198
"BUB1","TCF19",199
"BUB1","TIMELESS",200
"BUB1","TIPIN",201
"BUB1","TK1",202
"BUB1","TMEM97",203
"BUB1","TNFRSF21",204
"BUB1","TOP2A",205
"BUB1","TPX2",206
"BUB1","TRIP13",207
"BUB1","TTK",208
"BUB1","TXNIP",209
"BUB1","TYMS",210
"BUB1","UBE2C",211
"BUB1","UBE2T",212
"BUB1","WDHD1",213
"BUB1","WDR76",214
"BUB1","ZFP36L2",215
"BUB1","ZNF367",216
"BUB1","ZWINT",217
"BUB1B","ANLN",1
"BUB1B","ANP32E",2
"BUB1B","APITD1-CORT",3
"BUB1B","ASF1B",4
"BUB1B","ASPM",5
"BUB1B","ATAD2",6
"BUB1B","AURKA",7
"BUB1B","AURKB",8
"BUB1B","BCAT1",9
"BUB1B","BCL2L11",10
"BUB1B","BIRC5",11
"BUB1B","BMF",12
"BUB1B","BRCA1",13
"BUB1B","BRIP1",14
"BUB1B","BTG1",15
"BUB1B","BUB1",16
"BUB1B","BUB1B",17
"BUB1B","BYSL",18
"BUB1B","C4orf46",19
"BUB1B","CCDC34",20
"BUB1B","CCDC86",21
"BUB1B","CCNA2",22
"BUB1B","CCNB1",23
"BUB1B","CCNB2",24
"BUB1B","CCNE2",25
"BUB1B","CCNL1",26
"BUB1B","CD53",27
"BUB1B","CDC20",28
"BUB1B","CDC42EP3",29
"BUB1B","CDC45",30
"BUB1B","CDC6",31
"BUB1B","CDCA2",32
"BUB1B","CDCA3",33
"BUB1B","CDCA5",34
"BUB1B","CDK1",35
"BUB1B","CDKN3",36
"BUB1B","CDT1",37
"BUB1B","CELF2",38
"BUB1B","CENPA",39
"BUB1B","CENPE",40
"BUB1B","CENPF",41
"BUB1B","CENPH",42
"BUB1B","CENPK",43
"BUB1B","CENPN",44
"BUB1B","CENPU",45
"BUB1B","CENPV",46
"BUB1B","CENPW",47
"BUB1B","CEP55",48
"BUB1B","CHEK1",49
"BUB1B","CKAP2",50
"BUB1B","CKAP2L",51
"BUB1B","CKS1B",52
"BUB1B","CLEC2B",53
"BUB1B","CPM",54
"BUB1B","CRNDE",55
"BUB1B","DEFA1",56
"BUB1B","DENND3",57
"BUB1B","DEPDC1",58
"BUB1B","DEPDC1B",59
"BUB1B","DFNA5",60
"BUB1B","DHFR",61
"BUB1B","DHX9",62
"BUB1B","DLGAP5",63
"BUB1B","DPEP1",64
"BUB1B","DSCC1",65
"BUB1B","DTL",66
"BUB1B","E2F7",67
"BUB1B","E2F8",68
"BUB1B","ECT2",69
"BUB1B","EGR1",70
"BUB1B","FABP5",71
"BUB1B","FAM72C",72
"BUB1B","FANCI",73
"BUB1B","FCER1G",74
"BUB1B","FCGR3B",75
"BUB1B","FEN1",76
"BUB1B","FGD2",77
"BUB1B","FGR",78
"BUB1B","FH",79
"BUB1B","FOXM1",80
"BUB1B","FUS",81
"BUB1B","GBP4",82
"BUB1B","GGH",83
"BUB1B","GIMAP4",84
"BUB1B","GIMAP7",85
"BUB1B","GINS1",86
"BUB1B","GINS2",87
"BUB1B","GVINP1",88
"BUB1B","HBB",89
"BUB1B","HBG1",90
"BUB1B","HELLS",91
"BUB1B","HIST4H4",92
"BUB1B","HJURP",93
"BUB1B","HMMR",94
"BUB1B","ID2",95
"BUB1B","IFNGR1",96
"BUB1B","IGH",97
"BUB1B","IGLC1",98
"BUB1B","IL18R1",99
"BUB1B","IL1B",100
"BUB1B","IQGAP3",101
"BUB1B","IRAK3",102
"BUB1B","ISG20",103
"BUB1B","KIAA0101",104
"BUB1B","KIF11",105
"BUB1B","KIF14",106
"BUB1B","KIF15",107
"BUB1B","KIF18A",108
"BUB1B","KIF18B",109
"BUB1B","KIF20A",110
"BUB1B","KIF23",111
"BUB1B","KIF2C",112
"BUB1B","KIF4A",113
"BUB1B","KNL1",114
"BUB1B","LILRB2",115
"BUB1B","LOC100996643",116
"BUB1B","LOC728175",117
"BUB1B","LYZ",118
"BUB1B","MAD2L1",119
"BUB1B","MCM10",120
"BUB1B","MCM4",121
"BUB1B","MCM5",122
"BUB1B","MCM7",123
"BUB1B","MDK",124
"BUB1B","MELK",125
"BUB1B","METTL7A",126
"BUB1B","MIR6845",127
"BUB1B","MIR8071-1",128
"BUB1B","MKI67",129
"BUB1B","MND1",130
"BUB1B","MS4A1",131
"BUB1B","MS4A4A",132
"BUB1B","MS4A7",133
"BUB1B","MTHFD2",134
"BUB1B","MTSS1",135
"BUB1B","NCAPG",136
"BUB1B","NCAPH",137
"BUB1B","NEAT1",138
"BUB1B","NEDD9",139
"BUB1B","NEK2",140
"BUB1B","NME1",141
"BUB1B","NPCDR1",142
"BUB1B","NUF2",143
"BUB1B","NUSAP1",144
"BUB1B","OIP5",145
"BUB1B","P2RY14",146
"BUB1B","PAICS",147
"BUB1B","PBK",148
"BUB1B","PCNA",149
"BUB1B","PDE4B",150
"BUB1B","PHF19",151
"BUB1B","PIK3IP1",152
"BUB1B","PLK4",153
"BUB1B","POLE2",154
"BUB1B","POLQ",155
"BUB1B","PPIF",156
"BUB1B","PPP1R16B",157
"BUB1B","PRR11",158
"BUB1B","PSPH",159
"BUB1B","PTP4A1",160
"BUB1B","PTTG1",161
"BUB1B","RAD51",162
"BUB1B","RAD51AP1",163
"BUB1B","RBM14",164
"BUB1B","RCC1",165
"BUB1B","RFC3",166
"BUB1B","RMI2",167
"BUB1B","RNASET2",168
"BUB1B","RRM2",169
"BUB1B","S100A8",170
"BUB1B","SCML4",171
"BUB1B","SELENOI",172
"BUB1B","SERPINA1",173
"BUB1B","SERPINB9",174
"BUB1B","SESN1",175
"BUB1B","SHCBP1",176
"BUB1B","SIK1",177
"BUB1B","SKP2",178
"BUB1B","SLC22A23",179
"BUB1B","SMAP2",180
"BUB1B","SMC2",181
"BUB1B","SNORA21",182
"BUB1B","SNORD3B-1",183
"BUB1B","SNX29P2",184
"BUB1B","SOS1",185
"BUB1B","SQLE",186
"BUB1B","STIL",187
"BUB1B","SUV39H2",188
"BUB1B","TARSL2",189
"BUB1B","TBXA2R",190
"BUB1B","TCF19",191
"BUB1B","TENM4",192
"BUB1B","TIMELESS",193
"BUB1B","TIPIN",194
"BUB1B","TK1",195
"BUB1B","TMEM97",196
"BUB1B","TNFRSF21",197
"BUB1B","TOP2A",198
"BUB1B","TPX2",199
"BUB1B","TRIP13",200
"BUB1B","TTK",201
"BUB1B","TXNIP",202
"BUB1B","TYMS",203
"BUB1B","UBE2C",204
"BUB1B","UBE2T",205
"BUB1B","WDHD1",206
"BUB1B","WDR76",207
"BUB1B","ZNF367",208
"BUB1B","ZWINT",209
"BYSL","ANLN",1
"BYSL","ANP32E",2
"BYSL","APITD1-CORT",3
"BYSL","ASF1B",4
"BYSL","ASPM",5
"BYSL","ATAD2",6
"BYSL","AURKA",7
"BYSL","AURKB",8
"BYSL","BCAT1",9
"BYSL","BCL2L11",10
"BYSL","BIRC5",11
"BYSL","BMF",12
"BYSL","BRCA1",13
"BYSL","BRIP1",14
"BYSL","BTG1",15
"BYSL","BUB1",16
"BYSL","BUB1B",17
"BYSL","BYSL",18
"BYSL","C4orf46",19
"BYSL","CCDC34",20
"BYSL","CCDC86",21
"BYSL","CCNA2",22
"BYSL","CCNB1",23
"BYSL","CCNB2",24
"BYSL","CCNE2",25
"BYSL","CCR1",26
"BYSL","CD53",27
"BYSL","CDC20",28
"BYSL","CDC45",29
"BYSL","CDC6",30
"BYSL","CDCA2",31
"BYSL","CDCA3",32
"BYSL","CDCA5",33
"BYSL","CDK1",34
"BYSL","CDKN3",35
"BYSL","CDT1",36
"BYSL","CELF2",37
"BYSL","CENPA",38
"BYSL","CENPE",39
"BYSL","CENPF",40
"BYSL","CENPH",41
"BYSL","CENPK",42
"BYSL","CENPN",43
"BYSL","CENPU",44
"BYSL","CENPV",45
"BYSL","CENPW",46
"BYSL","CEP55",47
"BYSL","CHEK1",48
"BYSL","CKAP2",49
"BYSL","CKAP2L",50
"BYSL","CKS1B",51
"BYSL","CLEC2B",52
"BYSL","CRNDE",53
"BYSL","DDIT4",54
"BYSL","DEPDC1",55
"BYSL","DEPDC1B",56
"BYSL","DHFR",57
"BYSL","DHX9",58
"BYSL","DLGAP5",59
"BYSL","DSCC1",60
"BYSL","DTL",61
"BYSL","E2F7",62
"BYSL","E2F8",63
"BYSL","ECT2",64
"BYSL","FABP5",65
"BYSL","FAM72C",66
"BYSL","FANCI",67
"BYSL","FEN1",68
"BYSL","FGD2",69
"BYSL","FH",70
"BYSL","FOXM1",71
"BYSL","GBP4",72
"BYSL","GGH",73
"BYSL","GIMAP4",74
"BYSL","GIMAP7",75
"BYSL","GINS1",76
"BYSL","GINS2",77
"BYSL","GSN",78
"BYSL","GVINP1",79
"BYSL","HELLS",80
"BYSL","HIST4H4",81
"BYSL","HJURP",82
"BYSL","HMMR",83
"BYSL","IFNGR1",84
"BYSL","IL6ST",85
"BYSL","IQGAP3",86
"BYSL","IRAK3",87
"BYSL","ISG20",88
"BYSL","ITPKB",89
"BYSL","KIAA0101",90
"BYSL","KIF11",91
"BYSL","KIF14",92
"BYSL","KIF15",93
"BYSL","KIF18A",94
"BYSL","KIF18B",95
"BYSL","KIF20A",96
"BYSL","KIF23",97
"BYSL","KIF2C",98
"BYSL","KIF4A",99
"BYSL","KLF9",100
"BYSL","KNL1",101
"BYSL","LGALS3",102
"BYSL","LILRB2",103
"BYSL","LOC100996643",104
"BYSL","LYZ",105
"BYSL","MAD2L1",106
"BYSL","MCM10",107
"BYSL","MCM4",108
"BYSL","MCM5",109
"BYSL","MCM7",110
"BYSL","MDK",111
"BYSL","MELK",112
"BYSL","MIR6845",113
"BYSL","MIR8071-1",114
"BYSL","MKI67",115
"BYSL","MND1",116
"BYSL","MNDA",117
"BYSL","MS4A1",118
"BYSL","MS4A4A",119
"BYSL","MS4A7",120
"BYSL","MTHFD2",121
"BYSL","MTSS1",122
"BYSL","NCAPG",123
"BYSL","NCAPH",124
"BYSL","NEAT1",125
"BYSL","NEK2",126
"BYSL","NME1",127
"BYSL","NUF2",128
"BYSL","NUSAP1",129
"BYSL","OIP5",130
"BYSL","P2RY14",131
"BYSL","PAICS",132
"BYSL","PBK",133
"BYSL","PCNA",134
"BYSL","PFKFB2",135
"BYSL","PHF19",136
"BYSL","PIK3IP1",137
"BYSL","PLK4",138
"BYSL","POLE2",139
"BYSL","POLQ",140
"BYSL","PPIF",141
"BYSL","PRDM1",142
"BYSL","PRR11",143
"BYSL","PTP4A1",144
"BYSL","PTTG1",145
"BYSL","RAD51",146
"BYSL","RAD51AP1",147
"BYSL","RBM14",148
"BYSL","RCC1",149
"BYSL","RFC3",150
"BYSL","RMI2",151
"BYSL","RNASET2",152
"BYSL","RRM2",153
"BYSL","S100A8",154
"BYSL","SCML4",155
"BYSL","SELENOI",156
"BYSL","SERPINA1",157
"BYSL","SERPINB9",158
"BYSL","SESN1",159
"BYSL","SHCBP1",160
"BYSL","SIK1",161
"BYSL","SKP2",162
"BYSL","SMAP2",163
"BYSL","SMC2",164
"BYSL","SOCS1",165
"BYSL","SOS1",166
"BYSL","SQLE",167
"BYSL","STIL",168
"BYSL","SUV39H2",169
"BYSL","TARSL2",170
"BYSL","TBXA2R",171
"BYSL","TCF19",172
"BYSL","TIMELESS",173
"BYSL","TIPIN",174
"BYSL","TK1",175
"BYSL","TMEM97",176
"BYSL","TNFRSF21",177
"BYSL","TOP2A",178
"BYSL","TPX2",179
"BYSL","TRIP13",180
"BYSL","TTK",181
"BYSL","TXNIP",182
"BYSL","TYMS",183
"BYSL","UBE2C",184
"BYSL","UBE2T",185
"BYSL","WDHD1",186
"BYSL","WDR76",187
"BYSL","ZBTB16",188
"BYSL","ZFP36L2",189
"BYSL","ZNF367",190
"BYSL","ZWINT",191
"C4orf46","ANLN",1
"C4orf46","ANP32E",2
"C4orf46","APITD1-CORT",3
"C4orf46","ASF1B",4
"C4orf46","ASPM",5
"C4orf46","ATAD2",6
"C4orf46","AURKA",7
"C4orf46","AURKB",8
"C4orf46","BCAT1",9
"C4orf46","BCL2L11",10
"C4orf46","BIRC5",11
"C4orf46","BMF",12
"C4orf46","BRCA1",13
"C4orf46","BRIP1",14
"C4orf46","BTG1",15
"C4orf46","BUB1",16
"C4orf46","BUB1B",17
"C4orf46","BYSL",18
"C4orf46","C4orf46",19
"C4orf46","C5orf24",20
"C4orf46","CCDC34",21
"C4orf46","CCDC86",22
"C4orf46","CCNA2",23
"C4orf46","CCNB1",24
"C4orf46","CCNB2",25
"C4orf46","CCNE2",26
"C4orf46","CCNL1",27
"C4orf46","CD53",28
"C4orf46","CDC20",29
"C4orf46","CDC42EP3",30
"C4orf46","CDC45",31
"C4orf46","CDC6",32
"C4orf46","CDCA2",33
"C4orf46","CDCA3",34
"C4orf46","CDCA5",35
"C4orf46","CDK1",36
"C4orf46","CDKN3",37
"C4orf46","CDT1",38
"C4orf46","CELF2",39
"C4orf46","CENPA",40
"C4orf46","CENPE",41
"C4orf46","CENPF",42
"C4orf46","CENPH",43
"C4orf46","CENPK",44
"C4orf46","CENPN",45
"C4orf46","CENPU",46
"C4orf46","CENPV",47
"C4orf46","CENPW",48
"C4orf46","CEP55",49
"C4orf46","CHEK1",50
"C4orf46","CKAP2",51
"C4orf46","CKAP2L",52
"C4orf46","CKS1B",53
"C4orf46","CLEC2B",54
"C4orf46","CPM",55
"C4orf46","CRNDE",56
"C4orf46","DEFA1",57
"C4orf46","DENND3",58
"C4orf46","DEPDC1",59
"C4orf46","DEPDC1B",60
"C4orf46","DFNA5",61
"C4orf46","DHFR",62
"C4orf46","DHX9",63
"C4orf46","DLGAP5",64
"C4orf46","DPEP1",65
"C4orf46","DSCC1",66
"C4orf46","DTL",67
"C4orf46","E2F7",68
"C4orf46","E2F8",69
"C4orf46","ECT2",70
"C4orf46","EGR1",71
"C4orf46","FABP5",72
"C4orf46","FAM72C",73
"C4orf46","FANCI",74
"C4orf46","FCER1G",75
"C4orf46","FCGR3B",76
"C4orf46","FEN1",77
"C4orf46","FGR",78
"C4orf46","FH",79
"C4orf46","FOXM1",80
"C4orf46","FUS",81
"C4orf46","GBP4",82
"C4orf46","GGH",83
"C4orf46","GIMAP4",84
"C4orf46","GIMAP7",85
"C4orf46","GINS1",86
"C4orf46","GINS2",87
"C4orf46","GVINP1",88
"C4orf46","HBB",89
"C4orf46","HBG1",90
"C4orf46","HELLS",91
"C4orf46","HIST4H4",92
"C4orf46","HJURP",93
"C4orf46","HMMR",94
"C4orf46","HSP90AB1",95
"C4orf46","ID2",96
"C4orf46","IFNGR1",97
"C4orf46","IGH",98
"C4orf46","IGLC1",99
"C4orf46","IQGAP3",100
"C4orf46","IRAK3",101
"C4orf46","ISG20",102
"C4orf46","KIAA0101",103
"C4orf46","KIF11",104
"C4orf46","KIF14",105
"C4orf46","KIF15",106
"C4orf46","KIF18A",107
"C4orf46","KIF18B",108
"C4orf46","KIF20A",109
"C4orf46","KIF23",110
"C4orf46","KIF2C",111
"C4orf46","KIF4A",112
"C4orf46","KNL1",113
"C4orf46","LILRB2",114
"C4orf46","LOC100996643",115
"C4orf46","LYZ",116
"C4orf46","MAD2L1",117
"C4orf46","MCM10",118
"C4orf46","MCM4",119
"C4orf46","MCM5",120
"C4orf46","MCM7",121
"C4orf46","MDK",122
"C4orf46","MELK",123
"C4orf46","MIR6845",124
"C4orf46","MIR8071-1",125
"C4orf46","MKI67",126
"C4orf46","MND1",127
"C4orf46","MPV17L",128
"C4orf46","MS4A1",129
"C4orf46","MS4A4A",130
"C4orf46","MTHFD2",131
"C4orf46","MTSS1",132
"C4orf46","NCAPG",133
"C4orf46","NCAPH",134
"C4orf46","NEAT1",135
"C4orf46","NEDD9",136
"C4orf46","NEK2",137
"C4orf46","NME1",138
"C4orf46","NPCDR1",139
"C4orf46","NUF2",140
"C4orf46","NUSAP1",141
"C4orf46","OIP5",142
"C4orf46","P2RY14",143
"C4orf46","PAICS",144
"C4orf46","PBK",145
"C4orf46","PCNA",146
"C4orf46","PDE4B",147
"C4orf46","PHF19",148
"C4orf46","PLK4",149
"C4orf46","POLE2",150
"C4orf46","POLQ",151
"C4orf46","PPIF",152
"C4orf46","PPP1R16B",153
"C4orf46","PRR11",154
"C4orf46","PTP4A1",155
"C4orf46","PTTG1",156
"C4orf46","RAD51",157
"C4orf46","RAD51AP1",158
"C4orf46","RBM14",159
"C4orf46","RFC3",160
"C4orf46","RMI2",161
"C4orf46","RNASET2",162
"C4orf46","RRM2",163
"C4orf46","S100A8",164
"C4orf46","SCML4",165
"C4orf46","SELENOI",166
"C4orf46","SERPINA1",167
"C4orf46","SERPINB9",168
"C4orf46","SESN1",169
"C4orf46","SHCBP1",170
"C4orf46","SKP2",171
"C4orf46","SLC22A23",172
"C4orf46","SMAP2",173
"C4orf46","SMC2",174
"C4orf46","SNORA21",175
"C4orf46","SNORD3B-1",176
"C4orf46","SNX29P2",177
"C4orf46","SOS1",178
"C4orf46","SQLE",179
"C4orf46","STIL",180
"C4orf46","SUV39H2",181
"C4orf46","TARSL2",182
"C4orf46","TBXA2R",183
"C4orf46","TCF19",184
"C4orf46","TIMELESS",185
"C4orf46","TIPIN",186
"C4orf46","TK1",187
"C4orf46","TMEM97",188
"C4orf46","TNFRSF21",189
"C4orf46","TOP2A",190
"C4orf46","TPX2",191
"C4orf46","TRIP13",192
"C4orf46","TTK",193
"C4orf46","TXNIP",194
"C4orf46","TYMS",195
"C4orf46","UBE2C",196
"C4orf46","UBE2T",197
"C4orf46","WDHD1",198
"C4orf46","WDR76",199
"C4orf46","ZNF367",200
"C4orf46","ZWINT",201
"C5orf24","ANLN",1
"C5orf24","ANP32E",2
"C5orf24","APITD1-CORT",3
"C5orf24","ASF1B",4
"C5orf24","ASPM",5
"C5orf24","AURKA",6
"C5orf24","AURKB",7
"C5orf24","BCAT1",8
"C5orf24","BIRC3",9
"C5orf24","BRIP1",10
"C5orf24","BTG1",11
"C5orf24","BUB1B",12
"C5orf24","BYSL",13
"C5orf24","C4orf46",14
"C5orf24","C5orf24",15
"C5orf24","CCDC34",16
"C5orf24","CCDC86",17
"C5orf24","CCNB1",18
"C5orf24","CCNB2",19
"C5orf24","CCNE2",20
"C5orf24","CDC20",21
"C5orf24","CDC42EP3",22
"C5orf24","CDC45",23
"C5orf24","CDC6",24
"C5orf24","CDCA2",25
"C5orf24","CDCA3",26
"C5orf24","CDK1",27
"C5orf24","CDKN3",28
"C5orf24","CELF2",29
"C5orf24","CENPA",30
"C5orf24","CENPE",31
"C5orf24","CENPF",32
"C5orf24","CENPH",33
"C5orf24","CENPN",34
"C5orf24","CENPW",35
"C5orf24","CEP55",36
"C5orf24","CHEK1",37
"C5orf24","CKAP2",38
"C5orf24","CKAP2L",39
"C5orf24","CKS1B",40
"C5orf24","CRNDE",41
"C5orf24","DEFA1",42
"C5orf24","DEPDC1",43
"C5orf24","DEPDC1B",44
"C5orf24","DHFR",45
"C5orf24","DHX9",46
"C5orf24","DLGAP5",47
"C5orf24","DTL",48
"C5orf24","EMP1",49
"C5orf24","FABP5",50
"C5orf24","FAM72C",51
"C5orf24","FANCI",52
"C5orf24","FGR",53
"C5orf24","FH",54
"C5orf24","GGH",55
"C5orf24","GIMAP7",56
"C5orf24","GINS2",57
"C5orf24","HBB",58
"C5orf24","HBG1",59
"C5orf24","HELLS",60
"C5orf24","HJURP",61
"C5orf24","HMMR",62
"C5orf24","HSP90AB1",63
"C5orf24","IGH",64
"C5orf24","IGLC1",65
"C5orf24","IGLL1",66
"C5orf24","IQGAP3",67
"C5orf24","ITGB2-AS1",68
"C5orf24","KIF11",69
"C5orf24","KIF14",70
"C5orf24","KIF15",71
"C5orf24","KIF18A",72
"C5orf24","KIF18B",73
"C5orf24","KIF20A",74
"C5orf24","KIF23",75
"C5orf24","KIF2C",76
"C5orf24","KIF4A",77
"C5orf24","LEF1",78
"C5orf24","LGALS3",79
"C5orf24","LOC100130872",80
"C5orf24","LOC100505650",81
"C5orf24","LOC100996643",82
"C5orf24","LYZ",83
"C5orf24","MAD2L1",84
"C5orf24","MCM10",85
"C5orf24","MCM5",86
"C5orf24","MDK",87
"C5orf24","MDM2",88
"C5orf24","MIR8071-1",89
"C5orf24","MKI67",90
"C5orf24","MND1",91
"C5orf24","MPV17L",92
"C5orf24","MTHFD2",93
"C5orf24","NCAPG",94
"C5orf24","NCAPH",95
"C5orf24","NEAT1",96
"C5orf24","NEK2",97
"C5orf24","NME1",98
"C5orf24","NUF2",99
"C5orf24","NUSAP1",100
"C5orf24","OIP5",101
"C5orf24","PAICS",102
"C5orf24","PBK",103
"C5orf24","PCNA",104
"C5orf24","PLK4",105
"C5orf24","POLQ",106
"C5orf24","PPP1R16B",107
"C5orf24","PRDM1",108
"C5orf24","PRR11",109
"C5orf24","PSPH",110
"C5orf24","PTP4A1",111
"C5orf24","PTTG1",112
"C5orf24","RAB31",113
"C5orf24","RAD51",114
"C5orf24","RAD51AP1",115
"C5orf24","RBM14",116
"C5orf24","RCC1",117
"C5orf24","RFC3",118
"C5orf24","S100A8",119
"C5orf24","SELENOI",120
"C5orf24","SEMA4D",121
"C5orf24","SERPINA1",122
"C5orf24","SHCBP1",123
"C5orf24","SKP2",124
"C5orf24","SMC2",125
"C5orf24","SNX29P2",126
"C5orf24","SUV39H2",127
"C5orf24","TIMELESS",128
"C5orf24","TK1",129
"C5orf24","TMEM97",130
"C5orf24","TNFSF8",131
"C5orf24","TOP2A",132
"C5orf24","TRIP13",133
"C5orf24","TTK",134
"C5orf24","TXNIP",135
"C5orf24","TYMS",136
"C5orf24","UBE2T",137
"C5orf24","WDHD1",138
"C5orf24","WDR76",139
"C5orf24","ZNF367",140
"C5orf24","ZWINT",141
"CCDC34","ANLN",1
"CCDC34","ANP32E",2
"CCDC34","APITD1-CORT",3
"CCDC34","ARPP21",4
"CCDC34","ASF1B",5
"CCDC34","ASPM",6
"CCDC34","ATAD2",7
"CCDC34","AURKA",8
"CCDC34","AURKB",9
"CCDC34","B3GNT2",10
"CCDC34","BCAT1",11
"CCDC34","BCL2L11",12
"CCDC34","BIRC5",13
"CCDC34","BMF",14
"CCDC34","BRCA1",15
"CCDC34","BRIP1",16
"CCDC34","BTG1",17
"CCDC34","BUB1",18
"CCDC34","BUB1B",19
"CCDC34","BYSL",20
"CCDC34","C4orf46",21
"CCDC34","CCDC34",22
"CCDC34","CCDC86",23
"CCDC34","CCNA2",24
"CCDC34","CCNB1",25
"CCDC34","CCNB2",26
"CCDC34","CCNE2",27
"CCDC34","CCNL1",28
"CCDC34","CCR1",29
"CCDC34","CD53",30
"CCDC34","CDC20",31
"CCDC34","CDC42EP3",32
"CCDC34","CDC45",33
"CCDC34","CDC6",34
"CCDC34","CDCA2",35
"CCDC34","CDCA3",36
"CCDC34","CDCA5",37
"CCDC34","CDK1",38
"CCDC34","CDK6",39
"CCDC34","CDKN3",40
"CCDC34","CDT1",41
"CCDC34","CELF2",42
"CCDC34","CENPA",43
"CCDC34","CENPE",44
"CCDC34","CENPF",45
"CCDC34","CENPH",46
"CCDC34","CENPK",47
"CCDC34","CENPN",48
"CCDC34","CENPU",49
"CCDC34","CENPV",50
"CCDC34","CENPW",51
"CCDC34","CEP55",52
"CCDC34","CHEK1",53
"CCDC34","CKAP2",54
"CCDC34","CKAP2L",55
"CCDC34","CKS1B",56
"CCDC34","CLEC2B",57
"CCDC34","CPM",58
"CCDC34","CRNDE",59
"CCDC34","DEFA1",60
"CCDC34","DENND3",61
"CCDC34","DEPDC1",62
"CCDC34","DEPDC1B",63
"CCDC34","DFNA5",64
"CCDC34","DHFR",65
"CCDC34","DHX9",66
"CCDC34","DLGAP5",67
"CCDC34","DPEP1",68
"CCDC34","DSCC1",69
"CCDC34","DTL",70
"CCDC34","E2F7",71
"CCDC34","E2F8",72
"CCDC34","ECT2",73
"CCDC34","EGR1",74
"CCDC34","EMP1",75
"CCDC34","FAM72C",76
"CCDC34","FANCI",77
"CCDC34","FCER1G",78
"CCDC34","FCGR3B",79
"CCDC34","FEN1",80
"CCDC34","FGD2",81
"CCDC34","FGR",82
"CCDC34","FH",83
"CCDC34","FOXM1",84
"CCDC34","FUS",85
"CCDC34","GBP4",86
"CCDC34","GGH",87
"CCDC34","GIMAP4",88
"CCDC34","GIMAP7",89
"CCDC34","GINS1",90
"CCDC34","GINS2",91
"CCDC34","GSN",92
"CCDC34","HBB",93
"CCDC34","HBG1",94
"CCDC34","HELLS",95
"CCDC34","HIST4H4",96
"CCDC34","HJURP",97
"CCDC34","HMMR",98
"CCDC34","HRK",99
"CCDC34","ID2",100
"CCDC34","IFNGR1",101
"CCDC34","IGH",102
"CCDC34","IGLC1",103
"CCDC34","IL1B",104
"CCDC34","IL6ST",105
"CCDC34","IQGAP3",106
"CCDC34","IRAK3",107
"CCDC34","ISG20",108
"CCDC34","ITGAM",109
"CCDC34","KIAA0101",110
"CCDC34","KIF11",111
"CCDC34","KIF14",112
"CCDC34","KIF15",113
"CCDC34","KIF18A",114
"CCDC34","KIF18B",115
"CCDC34","KIF20A",116
"CCDC34","KIF23",117
"CCDC34","KIF2C",118
"CCDC34","KIF4A",119
"CCDC34","KNL1",120
"CCDC34","LILRB2",121
"CCDC34","LOC100996643",122
"CCDC34","LY96",123
"CCDC34","LYZ",124
"CCDC34","MAD2L1",125
"CCDC34","MCM10",126
"CCDC34","MCM4",127
"CCDC34","MCM5",128
"CCDC34","MCM7",129
"CCDC34","MDK",130
"CCDC34","MELK",131
"CCDC34","METTL7A",132
"CCDC34","MIR4683",133
"CCDC34","MIR6845",134
"CCDC34","MIR8071-1",135
"CCDC34","MKI67",136
"CCDC34","MND1",137
"CCDC34","MS4A1",138
"CCDC34","MS4A4A",139
"CCDC34","MS4A7",140
"CCDC34","MTHFD2",141
"CCDC34","MTSS1",142
"CCDC34","NCAPG",143
"CCDC34","NCAPH",144
"CCDC34","NEAT1",145
"CCDC34","NEDD9",146
"CCDC34","NEK2",147
"CCDC34","NME1",148
"CCDC34","NPCDR1",149
"CCDC34","NUF2",150
"CCDC34","NUSAP1",151
"CCDC34","OIP5",152
"CCDC34","P2RY14",153
"CCDC34","PAICS",154
"CCDC34","PBK",155
"CCDC34","PCNA",156
"CCDC34","PDE4B",157
"CCDC34","PHF19",158
"CCDC34","PIK3IP1",159
"CCDC34","PLK4",160
"CCDC34","POLE2",161
"CCDC34","POLQ",162
"CCDC34","POU4F1",163
"CCDC34","PPIF",164
"CCDC34","PPP1R16B",165
"CCDC34","PRR11",166
"CCDC34","PSPH",167
"CCDC34","PTP4A1",168
"CCDC34","PTTG1",169
"CCDC34","RAD51",170
"CCDC34","RAD51AP1",171
"CCDC34","RBM14",172
"CCDC34","RBMS3",173
"CCDC34","RCC1",174
"CCDC34","RFC3",175
"CCDC34","RHOBTB3",176
"CCDC34","RMI2",177
"CCDC34","RNASET2",178
"CCDC34","RRM2",179
"CCDC34","S100A8",180
"CCDC34","SCML4",181
"CCDC34","SELENOI",182
"CCDC34","SERPINA1",183
"CCDC34","SERPINB9",184
"CCDC34","SESN1",185
"CCDC34","SHCBP1",186
"CCDC34","SIK1",187
"CCDC34","SKP2",188
"CCDC34","SLC22A23",189
"CCDC34","SMAP2",190
"CCDC34","SMC2",191
"CCDC34","SNORA21",192
"CCDC34","SOS1",193
"CCDC34","SQLE",194
"CCDC34","STIL",195
"CCDC34","SUV39H2",196
"CCDC34","TARSL2",197
"CCDC34","TBXA2R",198
"CCDC34","TCF19",199
"CCDC34","TIMELESS",200
"CCDC34","TIPIN",201
"CCDC34","TK1",202
"CCDC34","TMEM97",203
"CCDC34","TNFRSF21",204
"CCDC34","TOP2A",205
"CCDC34","TPX2",206
"CCDC34","TRIP13",207
"CCDC34","TTK",208
"CCDC34","TXNIP",209
"CCDC34","TYMS",210
"CCDC34","UBE2C",211
"CCDC34","UBE2T",212
"CCDC34","WDHD1",213
"CCDC34","WDR76",214
"CCDC34","ZFP36L2",215
"CCDC34","ZNF367",216
"CCDC34","ZWINT",217
"CCDC86","ANLN",1
"CCDC86","ANP32E",2
"CCDC86","APITD1-CORT",3
"CCDC86","ASF1B",4
"CCDC86","ASPM",5
"CCDC86","ATAD2",6
"CCDC86","AURKA",7
"CCDC86","AURKB",8
"CCDC86","B3GNT2",9
"CCDC86","BCAT1",10
"CCDC86","BCL2L11",11
"CCDC86","BIRC5",12
"CCDC86","BMF",13
"CCDC86","BRCA1",14
"CCDC86","BRIP1",15
"CCDC86","BTG1",16
"CCDC86","BUB1",17
"CCDC86","BUB1B",18
"CCDC86","BYSL",19
"CCDC86","C4orf46",20
"CCDC86","CCDC34",21
"CCDC86","CCDC86",22
"CCDC86","CCNA2",23
"CCDC86","CCNB1",24
"CCDC86","CCNB2",25
"CCDC86","CCNE2",26
"CCDC86","CD53",27
"CCDC86","CDC20",28
"CCDC86","CDC42EP3",29
"CCDC86","CDC45",30
"CCDC86","CDC6",31
"CCDC86","CDCA2",32
"CCDC86","CDCA3",33
"CCDC86","CDCA5",34
"CCDC86","CDK1",35
"CCDC86","CDK6",36
"CCDC86","CDKN3",37
"CCDC86","CDT1",38
"CCDC86","CELF2",39
"CCDC86","CENPA",40
"CCDC86","CENPE",41
"CCDC86","CENPF",42
"CCDC86","CENPH",43
"CCDC86","CENPK",44
"CCDC86","CENPN",45
"CCDC86","CENPU",46
"CCDC86","CENPV",47
"CCDC86","CENPW",48
"CCDC86","CEP55",49
"CCDC86","CHEK1",50
"CCDC86","CKAP2",51
"CCDC86","CKAP2L",52
"CCDC86","CKS1B",53
"CCDC86","CLEC2B",54
"CCDC86","DDIT4",55
"CCDC86","DEFA1",56
"CCDC86","DEPDC1",57
"CCDC86","DEPDC1B",58
"CCDC86","DHFR",59
"CCDC86","DLGAP5",60
"CCDC86","DSCC1",61
"CCDC86","DTL",62
"CCDC86","E2F7",63
"CCDC86","E2F8",64
"CCDC86","ECT2",65
"CCDC86","F13A1",66
"CCDC86","FABP5",67
"CCDC86","FAM72C",68
"CCDC86","FANCI",69
"CCDC86","FCGR3B",70
"CCDC86","FEN1",71
"CCDC86","FGD2",72
"CCDC86","FGL2",73
"CCDC86","FH",74
"CCDC86","FOXM1",75
"CCDC86","GBP4",76
"CCDC86","GGH",77
"CCDC86","GIMAP4",78
"CCDC86","GIMAP7",79
"CCDC86","GINS1",80
"CCDC86","GINS2",81
"CCDC86","GSN",82
"CCDC86","GVINP1",83
"CCDC86","HBB",84
"CCDC86","HBG1",85
"CCDC86","HELLS",86
"CCDC86","HIST4H4",87
"CCDC86","HJURP",88
"CCDC86","HMMR",89
"CCDC86","ID2",90
"CCDC86","IFNGR1",91
"CCDC86","IGH",92
"CCDC86","IGLC1",93
"CCDC86","IL6ST",94
"CCDC86","IQGAP3",95
"CCDC86","IRAK3",96
"CCDC86","ISG20",97
"CCDC86","ITGAM",98
"CCDC86","ITPKB",99
"CCDC86","KIAA0101",100
"CCDC86","KIF11",101
"CCDC86","KIF14",102
"CCDC86","KIF15",103
"CCDC86","KIF18A",104
"CCDC86","KIF18B",105
"CCDC86","KIF20A",106
"CCDC86","KIF23",107
"CCDC86","KIF2C",108
"CCDC86","KIF4A",109
"CCDC86","KLF9",110
"CCDC86","KNL1",111
"CCDC86","LGALS3",112
"CCDC86","LILRB2",113
"CCDC86","LOC100996643",114
"CCDC86","LYZ",115
"CCDC86","MAD2L1",116
"CCDC86","MCM10",117
"CCDC86","MCM4",118
"CCDC86","MCM5",119
"CCDC86","MCM7",120
"CCDC86","MELK",121
"CCDC86","MIR6845",122
"CCDC86","MIR8071-1",123
"CCDC86","MKI67",124
"CCDC86","MND1",125
"CCDC86","MNDA",126
"CCDC86","MS4A1",127
"CCDC86","MS4A4A",128
"CCDC86","MTHFD2",129
"CCDC86","MTSS1",130
"CCDC86","NCAPG",131
"CCDC86","NCAPH",132
"CCDC86","NEAT1",133
"CCDC86","NEDD9",134
"CCDC86","NEK2",135
"CCDC86","NME1",136
"CCDC86","NPCDR1",137
"CCDC86","NUF2",138
"CCDC86","NUSAP1",139
"CCDC86","OIP5",140
"CCDC86","P2RY14",141
"CCDC86","PAICS",142
"CCDC86","PBK",143
"CCDC86","PCNA",144
"CCDC86","PHF19",145
"CCDC86","PIK3IP1",146
"CCDC86","PLK4",147
"CCDC86","POLE2",148
"CCDC86","POLQ",149
"CCDC86","PPBP",150
"CCDC86","PPIF",151
"CCDC86","PRDM1",152
"CCDC86","PRR11",153
"CCDC86","PTP4A1",154
"CCDC86","PTTG1",155
"CCDC86","RAD51",156
"CCDC86","RAD51AP1",157
"CCDC86","RBM14",158
"CCDC86","RBMS3",159
"CCDC86","RCC1",160
"CCDC86","RFC3",161
"CCDC86","RNASET2",162
"CCDC86","RRM2",163
"CCDC86","S100A8",164
"CCDC86","SCML4",165
"CCDC86","SELENOI",166
"CCDC86","SERPINA1",167
"CCDC86","SERPINB9",168
"CCDC86","SHCBP1",169
"CCDC86","SKP2",170
"CCDC86","SMAP2",171
"CCDC86","SMC2",172
"CCDC86","SOS1",173
"CCDC86","SQLE",174
"CCDC86","STIL",175
"CCDC86","SUV39H2",176
"CCDC86","TBXA2R",177
"CCDC86","TCF19",178
"CCDC86","TIMELESS",179
"CCDC86","TIPIN",180
"CCDC86","TK1",181
"CCDC86","TMEM97",182
"CCDC86","TNFRSF21",183
"CCDC86","TOP2A",184
"CCDC86","TPX2",185
"CCDC86","TRIP13",186
"CCDC86","TTK",187
"CCDC86","TXNIP",188
"CCDC86","TYMS",189
"CCDC86","UBE2C",190
"CCDC86","UBE2T",191
"CCDC86","WDHD1",192
"CCDC86","WDR76",193
"CCDC86","ZBTB16",194
"CCDC86","ZFP36L2",195
"CCDC86","ZNF367",196
"CCDC86","ZWINT",197
"CCNA2","ANLN",1
"CCNA2","ANP32E",2
"CCNA2","APITD1-CORT",3
"CCNA2","ARPP21",4
"CCNA2","ASF1B",5
"CCNA2","ASPM",6
"CCNA2","ATAD2",7
"CCNA2","AURKA",8
"CCNA2","AURKB",9
"CCNA2","B3GNT2",10
"CCNA2","BCAT1",11
"CCNA2","BCL2L11",12
"CCNA2","BIRC5",13
"CCNA2","BMF",14
"CCNA2","BRCA1",15
"CCNA2","BRIP1",16
"CCNA2","BTG1",17
"CCNA2","BUB1",18
"CCNA2","BUB1B",19
"CCNA2","BYSL",20
"CCNA2","C4orf46",21
"CCNA2","CCDC34",22
"CCNA2","CCDC86",23
"CCNA2","CCNA2",24
"CCNA2","CCNB1",25
"CCNA2","CCNB2",26
"CCNA2","CCNE2",27
"CCNA2","CCNL1",28
"CCNA2","CCR1",29
"CCNA2","CD53",30
"CCNA2","CDC20",31
"CCNA2","CDC42EP3",32
"CCNA2","CDC45",33
"CCNA2","CDC6",34
"CCNA2","CDCA2",35
"CCNA2","CDCA3",36
"CCNA2","CDCA5",37
"CCNA2","CDK1",38
"CCNA2","CDK6",39
"CCNA2","CDKN3",40
"CCNA2","CDT1",41
"CCNA2","CELF2",42
"CCNA2","CENPA",43
"CCNA2","CENPE",44
"CCNA2","CENPF",45
"CCNA2","CENPH",46
"CCNA2","CENPK",47
"CCNA2","CENPN",48
"CCNA2","CENPU",49
"CCNA2","CENPV",50
"CCNA2","CENPW",51
"CCNA2","CEP55",52
"CCNA2","CHEK1",53
"CCNA2","CKAP2",54
"CCNA2","CKAP2L",55
"CCNA2","CKS1B",56
"CCNA2","CLEC2B",57
"CCNA2","CPM",58
"CCNA2","CRNDE",59
"CCNA2","DEFA1",60
"CCNA2","DENND3",61
"CCNA2","DEPDC1",62
"CCNA2","DEPDC1B",63
"CCNA2","DFNA5",64
"CCNA2","DHFR",65
"CCNA2","DHX9",66
"CCNA2","DLGAP5",67
"CCNA2","DPEP1",68
"CCNA2","DSCC1",69
"CCNA2","DTL",70
"CCNA2","E2F7",71
"CCNA2","E2F8",72
"CCNA2","ECT2",73
"CCNA2","EGR1",74
"CCNA2","EMP1",75
"CCNA2","FAM72C",76
"CCNA2","FANCI",77
"CCNA2","FCER1G",78
"CCNA2","FCGR3B",79
"CCNA2","FEN1",80
"CCNA2","FGD2",81
"CCNA2","FGR",82
"CCNA2","FH",83
"CCNA2","FOXM1",84
"CCNA2","FUS",85
"CCNA2","GBP4",86
"CCNA2","GGH",87
"CCNA2","GIMAP4",88
"CCNA2","GIMAP7",89
"CCNA2","GINS1",90
"CCNA2","GINS2",91
"CCNA2","GSN",92
"CCNA2","HBB",93
"CCNA2","HBG1",94
"CCNA2","HELLS",95
"CCNA2","HIST4H4",96
"CCNA2","HJURP",97
"CCNA2","HMMR",98
"CCNA2","HRK",99
"CCNA2","ID2",100
"CCNA2","IFNGR1",101
"CCNA2","IGH",102
"CCNA2","IGLC1",103
"CCNA2","IL1B",104
"CCNA2","IL6ST",105
"CCNA2","IQGAP3",106
"CCNA2","IRAK3",107
"CCNA2","ISG20",108
"CCNA2","ITGAM",109
"CCNA2","KIAA0101",110
"CCNA2","KIF11",111
"CCNA2","KIF14",112
"CCNA2","KIF15",113
"CCNA2","KIF18A",114
"CCNA2","KIF18B",115
"CCNA2","KIF20A",116
"CCNA2","KIF23",117
"CCNA2","KIF2C",118
"CCNA2","KIF4A",119
"CCNA2","KNL1",120
"CCNA2","LILRB2",121
"CCNA2","LOC100996643",122
"CCNA2","LY96",123
"CCNA2","LYZ",124
"CCNA2","MAD2L1",125
"CCNA2","MCM10",126
"CCNA2","MCM4",127
"CCNA2","MCM5",128
"CCNA2","MCM7",129
"CCNA2","MDK",130
"CCNA2","MELK",131
"CCNA2","METTL7A",132
"CCNA2","MIR4683",133
"CCNA2","MIR6845",134
"CCNA2","MIR8071-1",135
"CCNA2","MKI67",136
"CCNA2","MND1",137
"CCNA2","MS4A1",138
"CCNA2","MS4A4A",139
"CCNA2","MS4A7",140
"CCNA2","MTHFD2",141
"CCNA2","MTSS1",142
"CCNA2","NCAPG",143
"CCNA2","NCAPH",144
"CCNA2","NEAT1",145
"CCNA2","NEDD9",146
"CCNA2","NEK2",147
"CCNA2","NME1",148
"CCNA2","NPCDR1",149
"CCNA2","NUF2",150
"CCNA2","NUSAP1",151
"CCNA2","OIP5",152
"CCNA2","P2RY14",153
"CCNA2","PAICS",154
"CCNA2","PBK",155
"CCNA2","PCNA",156
"CCNA2","PDE4B",157
"CCNA2","PHF19",158
"CCNA2","PIK3IP1",159
"CCNA2","PLK4",160
"CCNA2","POLE2",161
"CCNA2","POLQ",162
"CCNA2","POU4F1",163
"CCNA2","PPIF",164
"CCNA2","PPP1R16B",165
"CCNA2","PRR11",166
"CCNA2","PSPH",167
"CCNA2","PTP4A1",168
"CCNA2","PTTG1",169
"CCNA2","RAD51",170
"CCNA2","RAD51AP1",171
"CCNA2","RBM14",172
"CCNA2","RBMS3",173
"CCNA2","RCC1",174
"CCNA2","RFC3",175
"CCNA2","RHOBTB3",176
"CCNA2","RMI2",177
"CCNA2","RNASET2",178
"CCNA2","RRM2",179
"CCNA2","S100A8",180
"CCNA2","SCML4",181
"CCNA2","SELENOI",182
"CCNA2","SERPINA1",183
"CCNA2","SERPINB9",184
"CCNA2","SESN1",185
"CCNA2","SHCBP1",186
"CCNA2","SIK1",187
"CCNA2","SKP2",188
"CCNA2","SLC22A23",189
"CCNA2","SMAP2",190
"CCNA2","SMC2",191
"CCNA2","SNORA21",192
"CCNA2","SOS1",193
"CCNA2","SQLE",194
"CCNA2","STIL",195
"CCNA2","SUV39H2",196
"CCNA2","TARSL2",197
"CCNA2","TBXA2R",198
"CCNA2","TCF19",199
"CCNA2","TIMELESS",200
"CCNA2","TIPIN",201
"CCNA2","TK1",202
"CCNA2","TMEM97",203
"CCNA2","TNFRSF21",204
"CCNA2","TOP2A",205
"CCNA2","TPX2",206
"CCNA2","TRIP13",207
"CCNA2","TTK",208
"CCNA2","TXNIP",209
"CCNA2","TYMS",210
"CCNA2","UBE2C",211
"CCNA2","UBE2T",212
"CCNA2","WDHD1",213
"CCNA2","WDR76",214
"CCNA2","ZFP36L2",215
"CCNA2","ZNF367",216
"CCNA2","ZWINT",217
"CCNB1","ANLN",1
"CCNB1","ANP32E",2
"CCNB1","APITD1-CORT",3
"CCNB1","ASF1B",4
"CCNB1","ASPM",5
"CCNB1","ATAD2",6
"CCNB1","AURKA",7
"CCNB1","AURKB",8
"CCNB1","BCAT1",9
"CCNB1","BCL2L11",10
"CCNB1","BIRC5",11
"CCNB1","BMF",12
"CCNB1","BRCA1",13
"CCNB1","BRIP1",14
"CCNB1","BTG1",15
"CCNB1","BUB1",16
"CCNB1","BUB1B",17
"CCNB1","BYSL",18
"CCNB1","C4orf46",19
"CCNB1","CCDC34",20
"CCNB1","CCDC86",21
"CCNB1","CCNA2",22
"CCNB1","CCNB1",23
"CCNB1","CCNB2",24
"CCNB1","CCNE2",25
"CCNB1","CCNL1",26
"CCNB1","CD53",27
"CCNB1","CDC20",28
"CCNB1","CDC42EP3",29
"CCNB1","CDC45",30
"CCNB1","CDC6",31
"CCNB1","CDCA2",32
"CCNB1","CDCA3",33
"CCNB1","CDCA5",34
"CCNB1","CDK1",35
"CCNB1","CDKN3",36
"CCNB1","CDT1",37
"CCNB1","CELF2",38
"CCNB1","CENPA",39
"CCNB1","CENPE",40
"CCNB1","CENPF",41
"CCNB1","CENPH",42
"CCNB1","CENPK",43
"CCNB1","CENPN",44
"CCNB1","CENPU",45
"CCNB1","CENPV",46
"CCNB1","CENPW",47
"CCNB1","CEP55",48
"CCNB1","CHEK1",49
"CCNB1","CKAP2",50
"CCNB1","CKAP2L",51
"CCNB1","CKS1B",52
"CCNB1","CLEC2B",53
"CCNB1","CPM",54
"CCNB1","CRNDE",55
"CCNB1","DEFA1",56
"CCNB1","DENND3",57
"CCNB1","DEPDC1",58
"CCNB1","DEPDC1B",59
"CCNB1","DFNA5",60
"CCNB1","DHFR",61
"CCNB1","DHX9",62
"CCNB1","DLGAP5",63
"CCNB1","DPEP1",64
"CCNB1","DSCC1",65
"CCNB1","DTL",66
"CCNB1","E2F7",67
"CCNB1","E2F8",68
"CCNB1","ECT2",69
"CCNB1","EGR1",70
"CCNB1","FABP5",71
"CCNB1","FAM72C",72
"CCNB1","FANCI",73
"CCNB1","FCER1G",74
"CCNB1","FCGR3B",75
"CCNB1","FEN1",76
"CCNB1","FGD2",77
"CCNB1","FGR",78
"CCNB1","FH",79
"CCNB1","FOXM1",80
"CCNB1","FUS",81
"CCNB1","GBP4",82
"CCNB1","GGH",83
"CCNB1","GIMAP4",84
"CCNB1","GIMAP7",85
"CCNB1","GINS1",86
"CCNB1","GINS2",87
"CCNB1","GVINP1",88
"CCNB1","HBB",89
"CCNB1","HBG1",90
"CCNB1","HELLS",91
"CCNB1","HIST4H4",92
"CCNB1","HJURP",93
"CCNB1","HMMR",94
"CCNB1","ID2",95
"CCNB1","IFNGR1",96
"CCNB1","IGH",97
"CCNB1","IGLC1",98
"CCNB1","IL18R1",99
"CCNB1","IL1B",100
"CCNB1","IQGAP3",101
"CCNB1","IRAK3",102
"CCNB1","ISG20",103
"CCNB1","KIAA0101",104
"CCNB1","KIF11",105
"CCNB1","KIF14",106
"CCNB1","KIF15",107
"CCNB1","KIF18A",108
"CCNB1","KIF18B",109
"CCNB1","KIF20A",110
"CCNB1","KIF23",111
"CCNB1","KIF2C",112
"CCNB1","KIF4A",113
"CCNB1","KNL1",114
"CCNB1","LILRB2",115
"CCNB1","LOC100996643",116
"CCNB1","LOC728175",117
"CCNB1","LYZ",118
"CCNB1","MAD2L1",119
"CCNB1","MCM10",120
"CCNB1","MCM4",121
"CCNB1","MCM5",122
"CCNB1","MCM7",123
"CCNB1","MDK",124
"CCNB1","MELK",125
"CCNB1","METTL7A",126
"CCNB1","MIR6845",127
"CCNB1","MIR8071-1",128
"CCNB1","MKI67",129
"CCNB1","MND1",130
"CCNB1","MS4A1",131
"CCNB1","MS4A4A",132
"CCNB1","MS4A7",133
"CCNB1","MTHFD2",134
"CCNB1","MTSS1",135
"CCNB1","NCAPG",136
"CCNB1","NCAPH",137
"CCNB1","NEAT1",138
"CCNB1","NEDD9",139
"CCNB1","NEK2",140
"CCNB1","NME1",141
"CCNB1","NPCDR1",142
"CCNB1","NUF2",143
"CCNB1","NUSAP1",144
"CCNB1","OIP5",145
"CCNB1","P2RY14",146
"CCNB1","PAICS",147
"CCNB1","PBK",148
"CCNB1","PCNA",149
"CCNB1","PDE4B",150
"CCNB1","PHF19",151
"CCNB1","PIK3IP1",152
"CCNB1","PLK4",153
"CCNB1","POLE2",154
"CCNB1","POLQ",155
"CCNB1","PPIF",156
"CCNB1","PPP1R16B",157
"CCNB1","PRR11",158
"CCNB1","PSPH",159
"CCNB1","PTP4A1",160
"CCNB1","PTTG1",161
"CCNB1","RAD51",162
"CCNB1","RAD51AP1",163
"CCNB1","RBM14",164
"CCNB1","RCC1",165
"CCNB1","RFC3",166
"CCNB1","RMI2",167
"CCNB1","RNASET2",168
"CCNB1","RRM2",169
"CCNB1","S100A8",170
"CCNB1","SCML4",171
"CCNB1","SELENOI",172
"CCNB1","SERPINA1",173
"CCNB1","SERPINB9",174
"CCNB1","SESN1",175
"CCNB1","SHCBP1",176
"CCNB1","SIK1",177
"CCNB1","SKP2",178
"CCNB1","SLC22A23",179
"CCNB1","SMAP2",180
"CCNB1","SMC2",181
"CCNB1","SNORA21",182
"CCNB1","SNORD3B-1",183
"CCNB1","SNX29P2",184
"CCNB1","SOS1",185
"CCNB1","SQLE",186
"CCNB1","STIL",187
"CCNB1","SUV39H2",188
"CCNB1","TARSL2",189
"CCNB1","TBXA2R",190
"CCNB1","TCF19",191
"CCNB1","TENM4",192
"CCNB1","TIMELESS",193
"CCNB1","TIPIN",194
"CCNB1","TK1",195
"CCNB1","TMEM97",196
"CCNB1","TNFRSF21",197
"CCNB1","TOP2A",198
"CCNB1","TPX2",199
"CCNB1","TRIP13",200
"CCNB1","TTK",201
"CCNB1","TXNIP",202
"CCNB1","TYMS",203
"CCNB1","UBE2C",204
"CCNB1","UBE2T",205
"CCNB1","WDHD1",206
"CCNB1","WDR76",207
"CCNB1","ZNF367",208
"CCNB1","ZWINT",209
"CCNB2","ANLN",1
"CCNB2","ANP32E",2
"CCNB2","APITD1-CORT",3
"CCNB2","ARPP21",4
"CCNB2","ASF1B",5
"CCNB2","ASPM",6
"CCNB2","ATAD2",7
"CCNB2","AURKA",8
"CCNB2","AURKB",9
"CCNB2","B3GNT2",10
"CCNB2","BCAT1",11
"CCNB2","BCL2L11",12
"CCNB2","BIRC5",13
"CCNB2","BMF",14
"CCNB2","BRCA1",15
"CCNB2","BRIP1",16
"CCNB2","BTG1",17
"CCNB2","BUB1",18
"CCNB2","BUB1B",19
"CCNB2","BYSL",20
"CCNB2","C4orf46",21
"CCNB2","CCDC34",22
"CCNB2","CCDC86",23
"CCNB2","CCNA2",24
"CCNB2","CCNB1",25
"CCNB2","CCNB2",26
"CCNB2","CCNE2",27
"CCNB2","CCNL1",28
"CCNB2","CCR1",29
"CCNB2","CD53",30
"CCNB2","CDC20",31
"CCNB2","CDC42EP3",32
"CCNB2","CDC45",33
"CCNB2","CDC6",34
"CCNB2","CDCA2",35
"CCNB2","CDCA3",36
"CCNB2","CDCA5",37
"CCNB2","CDK1",38
"CCNB2","CDK6",39
"CCNB2","CDKN3",40
"CCNB2","CDT1",41
"CCNB2","CELF2",42
"CCNB2","CENPA",43
"CCNB2","CENPE",44
"CCNB2","CENPF",45
"CCNB2","CENPH",46
"CCNB2","CENPK",47
"CCNB2","CENPN",48
"CCNB2","CENPU",49
"CCNB2","CENPV",50
"CCNB2","CENPW",51
"CCNB2","CEP55",52
"CCNB2","CHEK1",53
"CCNB2","CKAP2",54
"CCNB2","CKAP2L",55
"CCNB2","CKS1B",56
"CCNB2","CLEC2B",57
"CCNB2","CPM",58
"CCNB2","CRNDE",59
"CCNB2","DEFA1",60
"CCNB2","DENND3",61
"CCNB2","DEPDC1",62
"CCNB2","DEPDC1B",63
"CCNB2","DFNA5",64
"CCNB2","DHFR",65
"CCNB2","DHX9",66
"CCNB2","DLGAP5",67
"CCNB2","DPEP1",68
"CCNB2","DSCC1",69
"CCNB2","DTL",70
"CCNB2","E2F7",71
"CCNB2","E2F8",72
"CCNB2","ECT2",73
"CCNB2","EGR1",74
"CCNB2","EMP1",75
"CCNB2","FAM72C",76
"CCNB2","FANCI",77
"CCNB2","FCER1G",78
"CCNB2","FCGR3B",79
"CCNB2","FEN1",80
"CCNB2","FGD2",81
"CCNB2","FGR",82
"CCNB2","FH",83
"CCNB2","FOXM1",84
"CCNB2","FUS",85
"CCNB2","GBP4",86
"CCNB2","GGH",87
"CCNB2","GIMAP4",88
"CCNB2","GIMAP7",89
"CCNB2","GINS1",90
"CCNB2","GINS2",91
"CCNB2","GSN",92
"CCNB2","HBB",93
"CCNB2","HBG1",94
"CCNB2","HELLS",95
"CCNB2","HIST4H4",96
"CCNB2","HJURP",97
"CCNB2","HMMR",98
"CCNB2","HRK",99
"CCNB2","ID2",100
"CCNB2","IFNGR1",101
"CCNB2","IGH",102
"CCNB2","IGLC1",103
"CCNB2","IL1B",104
"CCNB2","IL6ST",105
"CCNB2","IQGAP3",106
"CCNB2","IRAK3",107
"CCNB2","ISG20",108
"CCNB2","ITGAM",109
"CCNB2","KIAA0101",110
"CCNB2","KIF11",111
"CCNB2","KIF14",112
"CCNB2","KIF15",113
"CCNB2","KIF18A",114
"CCNB2","KIF18B",115
"CCNB2","KIF20A",116
"CCNB2","KIF23",117
"CCNB2","KIF2C",118
"CCNB2","KIF4A",119
"CCNB2","KNL1",120
"CCNB2","LILRB2",121
"CCNB2","LOC100996643",122
"CCNB2","LY96",123
"CCNB2","LYZ",124
"CCNB2","MAD2L1",125
"CCNB2","MCM10",126
"CCNB2","MCM4",127
"CCNB2","MCM5",128
"CCNB2","MCM7",129
"CCNB2","MDK",130
"CCNB2","MELK",131
"CCNB2","METTL7A",132
"CCNB2","MIR4683",133
"CCNB2","MIR6845",134
"CCNB2","MIR8071-1",135
"CCNB2","MKI67",136
"CCNB2","MND1",137
"CCNB2","MS4A1",138
"CCNB2","MS4A4A",139
"CCNB2","MS4A7",140
"CCNB2","MTHFD2",141
"CCNB2","MTSS1",142
"CCNB2","NCAPG",143
"CCNB2","NCAPH",144
"CCNB2","NEAT1",145
"CCNB2","NEDD9",146
"CCNB2","NEK2",147
"CCNB2","NME1",148
"CCNB2","NPCDR1",149
"CCNB2","NUF2",150
"CCNB2","NUSAP1",151
"CCNB2","OIP5",152
"CCNB2","P2RY14",153
"CCNB2","PAICS",154
"CCNB2","PBK",155
"CCNB2","PCNA",156
"CCNB2","PDE4B",157
"CCNB2","PHF19",158
"CCNB2","PIK3IP1",159
"CCNB2","PLK4",160
"CCNB2","POLE2",161
"CCNB2","POLQ",162
"CCNB2","POU4F1",163
"CCNB2","PPIF",164
"CCNB2","PPP1R16B",165
"CCNB2","PRR11",166
"CCNB2","PSPH",167
"CCNB2","PTP4A1",168
"CCNB2","PTTG1",169
"CCNB2","RAD51",170
"CCNB2","RAD51AP1",171
"CCNB2","RBM14",172
"CCNB2","RBMS3",173
"CCNB2","RCC1",174
"CCNB2","RFC3",175
"CCNB2","RHOBTB3",176
"CCNB2","RMI2",177
"CCNB2","RNASET2",178
"CCNB2","RRM2",179
"CCNB2","S100A8",180
"CCNB2","SCML4",181
"CCNB2","SELENOI",182
"CCNB2","SERPINA1",183
"CCNB2","SERPINB9",184
"CCNB2","SESN1",185
"CCNB2","SHCBP1",186
"CCNB2","SIK1",187
"CCNB2","SKP2",188
"CCNB2","SLC22A23",189
"CCNB2","SMAP2",190
"CCNB2","SMC2",191
"CCNB2","SNORA21",192
"CCNB2","SOS1",193
"CCNB2","SQLE",194
"CCNB2","STIL",195
"CCNB2","SUV39H2",196
"CCNB2","TARSL2",197
"CCNB2","TBXA2R",198
"CCNB2","TCF19",199
"CCNB2","TIMELESS",200
"CCNB2","TIPIN",201
"CCNB2","TK1",202
"CCNB2","TMEM97",203
"CCNB2","TNFRSF21",204
"CCNB2","TOP2A",205
"CCNB2","TPX2",206
"CCNB2","TRIP13",207
"CCNB2","TTK",208
"CCNB2","TXNIP",209
"CCNB2","TYMS",210
"CCNB2","UBE2C",211
"CCNB2","UBE2T",212
"CCNB2","WDHD1",213
"CCNB2","WDR76",214
"CCNB2","ZFP36L2",215
"CCNB2","ZNF367",216
"CCNB2","ZWINT",217
"CCNE2","ANLN",1
"CCNE2","ANP32E",2
"CCNE2","APITD1-CORT",3
"CCNE2","ASF1B",4
"CCNE2","ASPM",5
"CCNE2","ATAD2",6
"CCNE2","AURKA",7
"CCNE2","AURKB",8
"CCNE2","B3GNT2",9
"CCNE2","BCAT1",10
"CCNE2","BCL2L11",11
"CCNE2","BIRC5",12
"CCNE2","BMF",13
"CCNE2","BRCA1",14
"CCNE2","BRIP1",15
"CCNE2","BTG1",16
"CCNE2","BUB1",17
"CCNE2","BUB1B",18
"CCNE2","BYSL",19
"CCNE2","C4orf46",20
"CCNE2","CCDC34",21
"CCNE2","CCDC86",22
"CCNE2","CCNA2",23
"CCNE2","CCNB1",24
"CCNE2","CCNB2",25
"CCNE2","CCNE2",26
"CCNE2","CD53",27
"CCNE2","CDC20",28
"CCNE2","CDC42EP3",29
"CCNE2","CDC45",30
"CCNE2","CDC6",31
"CCNE2","CDCA2",32
"CCNE2","CDCA3",33
"CCNE2","CDCA5",34
"CCNE2","CDK1",35
"CCNE2","CDKN3",36
"CCNE2","CDT1",37
"CCNE2","CELF2",38
"CCNE2","CENPA",39
"CCNE2","CENPE",40
"CCNE2","CENPF",41
"CCNE2","CENPH",42
"CCNE2","CENPK",43
"CCNE2","CENPN",44
"CCNE2","CENPU",45
"CCNE2","CENPV",46
"CCNE2","CENPW",47
"CCNE2","CEP55",48
"CCNE2","CHEK1",49
"CCNE2","CKAP2",50
"CCNE2","CKAP2L",51
"CCNE2","CKS1B",52
"CCNE2","CLEC2B",53
"CCNE2","CRNDE",54
"CCNE2","DENND3",55
"CCNE2","DEPDC1",56
"CCNE2","DEPDC1B",57
"CCNE2","DFNA5",58
"CCNE2","DHFR",59
"CCNE2","DHX9",60
"CCNE2","DLGAP5",61
"CCNE2","DPEP1",62
"CCNE2","DSCC1",63
"CCNE2","DTL",64
"CCNE2","E2F7",65
"CCNE2","E2F8",66
"CCNE2","ECT2",67
"CCNE2","EGR1",68
"CCNE2","EMP1",69
"CCNE2","FAM72C",70
"CCNE2","FANCI",71
"CCNE2","FEN1",72
"CCNE2","FGR",73
"CCNE2","FH",74
"CCNE2","FOXM1",75
"CCNE2","FUS",76
"CCNE2","GBP4",77
"CCNE2","GGH",78
"CCNE2","GIMAP4",79
"CCNE2","GIMAP7",80
"CCNE2","GINS1",81
"CCNE2","GINS2",82
"CCNE2","GSN",83
"CCNE2","HBB",84
"CCNE2","HBG1",85
"CCNE2","HELLS",86
"CCNE2","HIST4H4",87
"CCNE2","HJURP",88
"CCNE2","HMMR",89
"CCNE2","HRK",90
"CCNE2","ID2",91
"CCNE2","IFNGR1",92
"CCNE2","IGH",93
"CCNE2","IGLC1",94
"CCNE2","IL1B",95
"CCNE2","IQGAP3",96
"CCNE2","IRAK3",97
"CCNE2","ISG20",98
"CCNE2","ITGAM",99
"CCNE2","KIAA0101",100
"CCNE2","KIF11",101
"CCNE2","KIF14",102
"CCNE2","KIF15",103
"CCNE2","KIF18A",104
"CCNE2","KIF18B",105
"CCNE2","KIF20A",106
"CCNE2","KIF23",107
"CCNE2","KIF2C",108
"CCNE2","KIF4A",109
"CCNE2","KNL1",110
"CCNE2","LILRB2",111
"CCNE2","LOC100996643",112
"CCNE2","LYZ",113
"CCNE2","MAD2L1",114
"CCNE2","MCM10",115
"CCNE2","MCM4",116
"CCNE2","MCM5",117
"CCNE2","MCM7",118
"CCNE2","MDK",119
"CCNE2","MELK",120
"CCNE2","MIR4683",121
"CCNE2","MIR6845",122
"CCNE2","MIR8071-1",123
"CCNE2","MKI67",124
"CCNE2","MND1",125
"CCNE2","MS4A1",126
"CCNE2","MS4A4A",127
"CCNE2","MS4A7",128
"CCNE2","MTHFD2",129
"CCNE2","MTSS1",130
"CCNE2","NCAPG",131
"CCNE2","NCAPH",132
"CCNE2","NEAT1",133
"CCNE2","NEDD9",134
"CCNE2","NEK2",135
"CCNE2","NME1",136
"CCNE2","NPCDR1",137
"CCNE2","NUF2",138
"CCNE2","NUSAP1",139
"CCNE2","OIP5",140
"CCNE2","P2RX5",141
"CCNE2","P2RY14",142
"CCNE2","PAICS",143
"CCNE2","PBK",144
"CCNE2","PCNA",145
"CCNE2","PDE4B",146
"CCNE2","PHF19",147
"CCNE2","PIK3IP1",148
"CCNE2","PLK4",149
"CCNE2","POLE2",150
"CCNE2","POLQ",151
"CCNE2","PPIF",152
"CCNE2","PPP1R16B",153
"CCNE2","PRR11",154
"CCNE2","PSPH",155
"CCNE2","PTTG1",156
"CCNE2","RAD51",157
"CCNE2","RAD51AP1",158
"CCNE2","RBM14",159
"CCNE2","RCC1",160
"CCNE2","RFC3",161
"CCNE2","RHOBTB3",162
"CCNE2","RMI2",163
"CCNE2","RNASET2",164
"CCNE2","RRM2",165
"CCNE2","S100A8",166
"CCNE2","SCML4",167
"CCNE2","SELENOI",168
"CCNE2","SERPINA1",169
"CCNE2","SERPINB9",170
"CCNE2","SESN1",171
"CCNE2","SHCBP1",172
"CCNE2","SKP2",173
"CCNE2","SLC22A23",174
"CCNE2","SMAP2",175
"CCNE2","SMC2",176
"CCNE2","SOS1",177
"CCNE2","SQLE",178
"CCNE2","STIL",179
"CCNE2","SUV39H2",180
"CCNE2","TARSL2",181
"CCNE2","TBXA2R",182
"CCNE2","TCF19",183
"CCNE2","TIMELESS",184
"CCNE2","TIPIN",185
"CCNE2","TK1",186
"CCNE2","TMEM97",187
"CCNE2","TOP2A",188
"CCNE2","TPX2",189
"CCNE2","TRIP13",190
"CCNE2","TTK",191
"CCNE2","TXNIP",192
"CCNE2","TYMS",193
"CCNE2","UBE2C",194
"CCNE2","UBE2T",195
"CCNE2","WDHD1",196
"CCNE2","WDR76",197
"CCNE2","ZFP36L2",198
"CCNE2","ZNF367",199
"CCNE2","ZWINT",200
"CCNL1","ANLN",1
"CCNL1","BRCA1",2
"CCNL1","BRIP1",3
"CCNL1","BUB1B",4
"CCNL1","BYSL",5
"CCNL1","CCNL1",6
"CCNL1","CDC20",7
"CCNL1","CDT1",8
"CCNL1","CENPN",9
"CCNL1","CENPW",10
"CCNL1","CEP55",11
"CCNL1","CHEK1",12
"CCNL1","DHFR",13
"CCNL1","DHX9",14
"CCNL1","ELL2",15
"CCNL1","FANCI",16
"CCNL1","GGH",17
"CCNL1","GINS2",18
"CCNL1","HIST4H4",19
"CCNL1","ITGAM",20
"CCNL1","KIF15",21
"CCNL1","LOC285097",22
"CCNL1","MCM10",23
"CCNL1","MCM5",24
"CCNL1","MDK",25
"CCNL1","PCNA",26
"CCNL1","PLK4",27
"CCNL1","PRR11",28
"CCNL1","RAD51",29
"CCNL1","RRM2",30
"CCNL1","SESN1",31
"CCNL1","SHCBP1",32
"CCNL1","SMC2",33
"CCNL1","SOCS1",34
"CCNL1","TK1",35
"CCNL1","TRIB1",36
"CCNL1","TTK",37
"CCNL1","ZWINT",38
"CCR1","ANLN",1
"CCR1","ANP32E",2
"CCR1","APITD1-CORT",3
"CCR1","ASF1B",4
"CCR1","ASPM",5
"CCR1","ATAD2",6
"CCR1","AURKA",7
"CCR1","BCAT1",8
"CCR1","BIRC5",9
"CCR1","BTG1",10
"CCR1","BUB1",11
"CCR1","BYSL",12
"CCR1","CCDC34",13
"CCR1","CCDC86",14
"CCR1","CCNA2",15
"CCR1","CCNE2",16
"CCR1","CCR1",17
"CCR1","CD53",18
"CCR1","CDC42EP3",19
"CCR1","CDC6",20
"CCR1","CDCA2",21
"CCR1","CDCA3",22
"CCR1","CDCA5",23
"CCR1","CDKN3",24
"CCR1","CENPE",25
"CCR1","CENPK",26
"CCR1","CENPU",27
"CCR1","CENPV",28
"CCR1","CEP55",29
"CCR1","CKAP2",30
"CCR1","CKAP2L",31
"CCR1","CLN8",32
"CCR1","CRNDE",33
"CCR1","DDIT4",34
"CCR1","DENND3",35
"CCR1","DEPDC1",36
"CCR1","DEPDC1B",37
"CCR1","DFNA5",38
"CCR1","DPEP1",39
"CCR1","DSCC1",40
"CCR1","E2F7",41
"CCR1","E2F8",42
"CCR1","ECT2",43
"CCR1","EPPK1",44
"CCR1","FABP5",45
"CCR1","FAM72C",46
"CCR1","FCGR3B",47
"CCR1","FEN1",48
"CCR1","FGD2",49
"CCR1","FGL2",50
"CCR1","FH",51
"CCR1","FOXM1",52
"CCR1","GBP4",53
"CCR1","GIMAP4",54
"CCR1","GINS1",55
"CCR1","GSN",56
"CCR1","GVINP1",57
"CCR1","HELLS",58
"CCR1","HJURP",59
"CCR1","ID2",60
"CCR1","IFNGR1",61
"CCR1","IL18R1",62
"CCR1","IL27RA",63
"CCR1","IL6ST",64
"CCR1","IRAK3",65
"CCR1","ISG20",66
"CCR1","ITGAM",67
"CCR1","KIAA0101",68
"CCR1","KIF18B",69
"CCR1","KIF23",70
"CCR1","KIF2C",71
"CCR1","LGALS3",72
"CCR1","LILRB2",73
"CCR1","LOC100996643",74
"CCR1","LY96",75
"CCR1","MCM4",76
"CCR1","MCM7",77
"CCR1","MELK",78
"CCR1","METTL7A",79
"CCR1","MIR4683",80
"CCR1","MIR6845",81
"CCR1","MIR8071-1",82
"CCR1","MNDA",83
"CCR1","MS4A1",84
"CCR1","MS4A4A",85
"CCR1","MTHFD2",86
"CCR1","MTSS1",87
"CCR1","NCAPH",88
"CCR1","NEAT1",89
"CCR1","NEDD9",90
"CCR1","NME1",91
"CCR1","NUSAP1",92
"CCR1","P2RY14",93
"CCR1","PAICS",94
"CCR1","PBK",95
"CCR1","PDE4B",96
"CCR1","PHF19",97
"CCR1","PIK3IP1",98
"CCR1","POLE2",99
"CCR1","PPBP",100
"CCR1","PRPS2",101
"CCR1","PTTG1",102
"CCR1","RAB31",103
"CCR1","RASSF4",104
"CCR1","RBMS3",105
"CCR1","RCC1",106
"CCR1","RNASET2",107
"CCR1","RPS6KA2",108
"CCR1","RRM2",109
"CCR1","SELENOI",110
"CCR1","SERPINB9",111
"CCR1","SKP2",112
"CCR1","SMAP2",113
"CCR1","SNORA21",114
"CCR1","SOS1",115
"CCR1","SQLE",116
"CCR1","STAB1",117
"CCR1","STIL",118
"CCR1","SUV39H2",119
"CCR1","TBXA2R",120
"CCR1","TCF19",121
"CCR1","TIPIN",122
"CCR1","TMEM2",123
"CCR1","TNFRSF21",124
"CCR1","TPX2",125
"CCR1","TXNIP",126
"CCR1","UBE2T",127
"CCR1","ZBTB16",128
"CD53","AKAP12",1
"CD53","ANLN",2
"CD53","ANP32E",3
"CD53","APITD1-CORT",4
"CD53","ASF1B",5
"CD53","ASPM",6
"CD53","ATAD2",7
"CD53","AURKA",8
"CD53","AURKB",9
"CD53","BCAT1",10
"CD53","BCL2L11",11
"CD53","BIRC5",12
"CD53","BMF",13
"CD53","BRCA1",14
"CD53","BRIP1",15
"CD53","BTG1",16
"CD53","BUB1",17
"CD53","BUB1B",18
"CD53","BYSL",19
"CD53","C4orf46",20
"CD53","CCDC34",21
"CD53","CCDC86",22
"CD53","CCNA2",23
"CD53","CCNB1",24
"CD53","CCNB2",25
"CD53","CCNE2",26
"CD53","CCR1",27
"CD53","CD53",28
"CD53","CDC20",29
"CD53","CDC45",30
"CD53","CDC6",31
"CD53","CDCA2",32
"CD53","CDCA3",33
"CD53","CDCA5",34
"CD53","CDK1",35
"CD53","CDKN3",36
"CD53","CDT1",37
"CD53","CELF2",38
"CD53","CENPA",39
"CD53","CENPE",40
"CD53","CENPF",41
"CD53","CENPH",42
"CD53","CENPK",43
"CD53","CENPN",44
"CD53","CENPU",45
"CD53","CENPV",46
"CD53","CENPW",47
"CD53","CEP55",48
"CD53","CHEK1",49
"CD53","CKAP2",50
"CD53","CKAP2L",51
"CD53","CKS1B",52
"CD53","CLEC2B",53
"CD53","CPM",54
"CD53","CRNDE",55
"CD53","DDIT4",56
"CD53","DENND3",57
"CD53","DEPDC1",58
"CD53","DEPDC1B",59
"CD53","DFNA5",60
"CD53","DHFR",61
"CD53","DHX9",62
"CD53","DLGAP5",63
"CD53","DPEP1",64
"CD53","DSCC1",65
"CD53","DTL",66
"CD53","E2F7",67
"CD53","E2F8",68
"CD53","ECT2",69
"CD53","FABP5",70
"CD53","FAM72C",71
"CD53","FANCI",72
"CD53","FEN1",73
"CD53","FGD2",74
"CD53","FH",75
"CD53","FOXM1",76
"CD53","GBP4",77
"CD53","GGH",78
"CD53","GIMAP4",79
"CD53","GINS1",80
"CD53","GINS2",81
"CD53","GSN",82
"CD53","GVINP1",83
"CD53","HELLS",84
"CD53","HIST4H4",85
"CD53","HJURP",86
"CD53","HMMR",87
"CD53","HRK",88
"CD53","HSP90AB1",89
"CD53","ID2",90
"CD53","IFNGR1",91
"CD53","IL18R1",92
"CD53","IL1B",93
"CD53","IL6ST",94
"CD53","IQGAP3",95
"CD53","IRAK3",96
"CD53","ISG20",97
"CD53","ITGAM",98
"CD53","KIAA0101",99
"CD53","KIF11",100
"CD53","KIF14",101
"CD53","KIF15",102
"CD53","KIF18A",103
"CD53","KIF18B",104
"CD53","KIF20A",105
"CD53","KIF23",106
"CD53","KIF26A",107
"CD53","KIF2C",108
"CD53","KIF4A",109
"CD53","KLF9",110
"CD53","KNL1",111
"CD53","LILRB2",112
"CD53","LOC100996643",113
"CD53","MAD2L1",114
"CD53","MCM10",115
"CD53","MCM4",116
"CD53","MCM5",117
"CD53","MCM7",118
"CD53","MELK",119
"CD53","METTL7A",120
"CD53","MIR4683",121
"CD53","MIR6845",122
"CD53","MIR8071-1",123
"CD53","MKI67",124
"CD53","MND1",125
"CD53","MS4A1",126
"CD53","MS4A4A",127
"CD53","MSH6",128
"CD53","MTHFD2",129
"CD53","MTSS1",130
"CD53","NCAPG",131
"CD53","NCAPH",132
"CD53","NEAT1",133
"CD53","NEDD9",134
"CD53","NEK2",135
"CD53","NME1",136
"CD53","NPCDR1",137
"CD53","NUF2",138
"CD53","NUSAP1",139
"CD53","OIP5",140
"CD53","P2RY14",141
"CD53","PAICS",142
"CD53","PBK",143
"CD53","PCNA",144
"CD53","PDE4B",145
"CD53","PHF19",146
"CD53","PIK3IP1",147
"CD53","PLK4",148
"CD53","POLE2",149
"CD53","POLQ",150
"CD53","POU4F1",151
"CD53","PPIF",152
"CD53","PRR11",153
"CD53","PTTG1",154
"CD53","RAD51",155
"CD53","RAD51AP1",156
"CD53","RBM14",157
"CD53","RBMS3",158
"CD53","RCC1",159
"CD53","RFC3",160
"CD53","RMI2",161
"CD53","RNASET2",162
"CD53","RPS6KA2",163
"CD53","RRM2",164
"CD53","S100A11",165
"CD53","S100A8",166
"CD53","SCML4",167
"CD53","SELENOI",168
"CD53","SERPINB9",169
"CD53","SESN1",170
"CD53","SHCBP1",171
"CD53","SIK1",172
"CD53","SKP2",173
"CD53","SMAP2",174
"CD53","SMC2",175
"CD53","SOS1",176
"CD53","SQLE",177
"CD53","STIL",178
"CD53","SUV39H2",179
"CD53","TARSL2",180
"CD53","TBXA2R",181
"CD53","TCF19",182
"CD53","TIMELESS",183
"CD53","TIPIN",184
"CD53","TK1",185
"CD53","TMEM2",186
"CD53","TMEM97",187
"CD53","TNFRSF21",188
"CD53","TPX2",189
"CD53","TRIP13",190
"CD53","TTK",191
"CD53","TXNIP",192
"CD53","TYMS",193
"CD53","UBE2C",194
"CD53","UBE2T",195
"CD53","WDHD1",196
"CD53","WDR76",197
"CD53","ZNF367",198
"CD53","ZWINT",199
"CDC20","ANLN",1
"CDC20","ANP32E",2
"CDC20","APITD1-CORT",3
"CDC20","ASF1B",4
"CDC20","ASPM",5
"CDC20","ATAD2",6
"CDC20","AURKA",7
"CDC20","AURKB",8
"CDC20","BCAT1",9
"CDC20","BCL2L11",10
"CDC20","BIRC5",11
"CDC20","BMF",12
"CDC20","BRCA1",13
"CDC20","BRIP1",14
"CDC20","BTG1",15
"CDC20","BUB1",16
"CDC20","BUB1B",17
"CDC20","BYSL",18
"CDC20","C4orf46",19
"CDC20","CCDC34",20
"CDC20","CCDC86",21
"CDC20","CCNA2",22
"CDC20","CCNB1",23
"CDC20","CCNB2",24
"CDC20","CCNE2",25
"CDC20","CCNL1",26
"CDC20","CD53",27
"CDC20","CDC20",28
"CDC20","CDC42EP3",29
"CDC20","CDC45",30
"CDC20","CDC6",31
"CDC20","CDCA2",32
"CDC20","CDCA3",33
"CDC20","CDCA5",34
"CDC20","CDK1",35
"CDC20","CDKN3",36
"CDC20","CDT1",37
"CDC20","CELF2",38
"CDC20","CENPA",39
"CDC20","CENPE",40
"CDC20","CENPF",41
"CDC20","CENPH",42
"CDC20","CENPK",43
"CDC20","CENPN",44
"CDC20","CENPU",45
"CDC20","CENPV",46
"CDC20","CENPW",47
"CDC20","CEP55",48
"CDC20","CHEK1",49
"CDC20","CKAP2",50
"CDC20","CKAP2L",51
"CDC20","CKS1B",52
"CDC20","CLEC2B",53
"CDC20","CPM",54
"CDC20","CRNDE",55
"CDC20","DEFA1",56
"CDC20","DENND3",57
"CDC20","DEPDC1",58
"CDC20","DEPDC1B",59
"CDC20","DFNA5",60
"CDC20","DHFR",61
"CDC20","DHX9",62
"CDC20","DLGAP5",63
"CDC20","DPEP1",64
"CDC20","DSCC1",65
"CDC20","DTL",66
"CDC20","E2F7",67
"CDC20","E2F8",68
"CDC20","ECT2",69
"CDC20","EGR1",70
"CDC20","FABP5",71
"CDC20","FAM72C",72
"CDC20","FANCI",73
"CDC20","FCER1G",74
"CDC20","FCGR3B",75
"CDC20","FEN1",76
"CDC20","FGD2",77
"CDC20","FGR",78
"CDC20","FH",79
"CDC20","FOXM1",80
"CDC20","FUS",81
"CDC20","GBP4",82
"CDC20","GGH",83
"CDC20","GIMAP4",84
"CDC20","GIMAP7",85
"CDC20","GINS1",86
"CDC20","GINS2",87
"CDC20","GVINP1",88
"CDC20","HBB",89
"CDC20","HBG1",90
"CDC20","HELLS",91
"CDC20","HIST4H4",92
"CDC20","HJURP",93
"CDC20","HMMR",94
"CDC20","ID2",95
"CDC20","IFNGR1",96
"CDC20","IGH",97
"CDC20","IGLC1",98
"CDC20","IL18R1",99
"CDC20","IL1B",100
"CDC20","IQGAP3",101
"CDC20","IRAK3",102
"CDC20","ISG20",103
"CDC20","KIAA0101",104
"CDC20","KIF11",105
"CDC20","KIF14",106
"CDC20","KIF15",107
"CDC20","KIF18A",108
"CDC20","KIF18B",109
"CDC20","KIF20A",110
"CDC20","KIF23",111
"CDC20","KIF2C",112
"CDC20","KIF4A",113
"CDC20","KNL1",114
"CDC20","LILRB2",115
"CDC20","LOC100996643",116
"CDC20","LOC728175",117
"CDC20","LYZ",118
"CDC20","MAD2L1",119
"CDC20","MCM10",120
"CDC20","MCM4",121
"CDC20","MCM5",122
"CDC20","MCM7",123
"CDC20","MDK",124
"CDC20","MELK",125
"CDC20","METTL7A",126
"CDC20","MIR6845",127
"CDC20","MIR8071-1",128
"CDC20","MKI67",129
"CDC20","MND1",130
"CDC20","MS4A1",131
"CDC20","MS4A4A",132
"CDC20","MS4A7",133
"CDC20","MTHFD2",134
"CDC20","MTSS1",135
"CDC20","NCAPG",136
"CDC20","NCAPH",137
"CDC20","NEAT1",138
"CDC20","NEDD9",139
"CDC20","NEK2",140
"CDC20","NME1",141
"CDC20","NPCDR1",142
"CDC20","NUF2",143
"CDC20","NUSAP1",144
"CDC20","OIP5",145
"CDC20","P2RY14",146
"CDC20","PAICS",147
"CDC20","PBK",148
"CDC20","PCNA",149
"CDC20","PDE4B",150
"CDC20","PHF19",151
"CDC20","PIK3IP1",152
"CDC20","PLK4",153
"CDC20","POLE2",154
"CDC20","POLQ",155
"CDC20","PPIF",156
"CDC20","PPP1R16B",157
"CDC20","PRR11",158
"CDC20","PSPH",159
"CDC20","PTP4A1",160
"CDC20","PTTG1",161
"CDC20","RAD51",162
"CDC20","RAD51AP1",163
"CDC20","RBM14",164
"CDC20","RCC1",165
"CDC20","RFC3",166
"CDC20","RMI2",167
"CDC20","RNASET2",168
"CDC20","RRM2",169
"CDC20","S100A8",170
"CDC20","SCML4",171
"CDC20","SELENOI",172
"CDC20","SERPINA1",173
"CDC20","SERPINB9",174
"CDC20","SESN1",175
"CDC20","SHCBP1",176
"CDC20","SIK1",177
"CDC20","SKP2",178
"CDC20","SLC22A23",179
"CDC20","SMAP2",180
"CDC20","SMC2",181
"CDC20","SNORA21",182
"CDC20","SNORD3B-1",183
"CDC20","SNX29P2",184
"CDC20","SOS1",185
"CDC20","SQLE",186
"CDC20","STIL",187
"CDC20","SUV39H2",188
"CDC20","TARSL2",189
"CDC20","TBXA2R",190
"CDC20","TCF19",191
"CDC20","TENM4",192
"CDC20","TIMELESS",193
"CDC20","TIPIN",194
"CDC20","TK1",195
"CDC20","TMEM97",196
"CDC20","TNFRSF21",197
"CDC20","TOP2A",198
"CDC20","TPX2",199
"CDC20","TRIP13",200
"CDC20","TTK",201
"CDC20","TXNIP",202
"CDC20","TYMS",203
"CDC20","UBE2C",204
"CDC20","UBE2T",205
"CDC20","WDHD1",206
"CDC20","WDR76",207
"CDC20","ZNF367",208
"CDC20","ZWINT",209
"CDC42EP3","ANLN",1
"CDC42EP3","ANP32E",2
"CDC42EP3","APITD1-CORT",3
"CDC42EP3","ARPP21",4
"CDC42EP3","ASF1B",5
"CDC42EP3","ASPM",6
"CDC42EP3","ATAD2",7
"CDC42EP3","AURKA",8
"CDC42EP3","AURKB",9
"CDC42EP3","BCL2L11",10
"CDC42EP3","BIRC5",11
"CDC42EP3","BRCA1",12
"CDC42EP3","BRIP1",13
"CDC42EP3","BTG1",14
"CDC42EP3","BUB1",15
"CDC42EP3","BUB1B",16
"CDC42EP3","BYSL",17
"CDC42EP3","C4orf46",18
"CDC42EP3","CCDC34",19
"CDC42EP3","CCDC86",20
"CDC42EP3","CCNA2",21
"CDC42EP3","CCNB1",22
"CDC42EP3","CCNB2",23
"CDC42EP3","CCNE2",24
"CDC42EP3","CD53",25
"CDC42EP3","CDC20",26
"CDC42EP3","CDC42EP3",27
"CDC42EP3","CDC45",28
"CDC42EP3","CDC6",29
"CDC42EP3","CDCA2",30
"CDC42EP3","CDCA3",31
"CDC42EP3","CDCA5",32
"CDC42EP3","CDK1",33
"CDC42EP3","CDKN3",34
"CDC42EP3","CDT1",35
"CDC42EP3","CENPA",36
"CDC42EP3","CENPE",37
"CDC42EP3","CENPF",38
"CDC42EP3","CENPH",39
"CDC42EP3","CENPK",40
"CDC42EP3","CENPN",41
"CDC42EP3","CENPU",42
"CDC42EP3","CENPV",43
"CDC42EP3","CENPW",44
"CDC42EP3","CEP55",45
"CDC42EP3","CHEK1",46
"CDC42EP3","CKAP2",47
"CDC42EP3","CKAP2L",48
"CDC42EP3","CKS1B",49
"CDC42EP3","CLEC2B",50
"CDC42EP3","CRNDE",51
"CDC42EP3","DEPDC1",52
"CDC42EP3","DEPDC1B",53
"CDC42EP3","DHFR",54
"CDC42EP3","DHX9",55
"CDC42EP3","DLGAP5",56
"CDC42EP3","DSCC1",57
"CDC42EP3","DTL",58
"CDC42EP3","E2F7",59
"CDC42EP3","E2F8",60
"CDC42EP3","ECT2",61
"CDC42EP3","F13A1",62
"CDC42EP3","FABP5",63
"CDC42EP3","FAM72C",64
"CDC42EP3","FANCI",65
"CDC42EP3","FCGR3B",66
"CDC42EP3","FEN1",67
"CDC42EP3","FGL2",68
"CDC42EP3","FGR",69
"CDC42EP3","FH",70
"CDC42EP3","FOXM1",71
"CDC42EP3","GBP4",72
"CDC42EP3","GGH",73
"CDC42EP3","GIMAP4",74
"CDC42EP3","GIMAP7",75
"CDC42EP3","GINS1",76
"CDC42EP3","GINS2",77
"CDC42EP3","GSN",78
"CDC42EP3","GVINP1",79
"CDC42EP3","HBB",80
"CDC42EP3","HBG1",81
"CDC42EP3","HELLS",82
"CDC42EP3","HIST4H4",83
"CDC42EP3","HJURP",84
"CDC42EP3","HMMR",85
"CDC42EP3","HSP90AB1",86
"CDC42EP3","ID2",87
"CDC42EP3","IFNGR1",88
"CDC42EP3","IGH",89
"CDC42EP3","IL18R1",90
"CDC42EP3","IQGAP3",91
"CDC42EP3","IRAK3",92
"CDC42EP3","ISG20",93
"CDC42EP3","ITGAM",94
"CDC42EP3","KIAA0101",95
"CDC42EP3","KIF11",96
"CDC42EP3","KIF14",97
"CDC42EP3","KIF15",98
"CDC42EP3","KIF18A",99
"CDC42EP3","KIF18B",100
"CDC42EP3","KIF20A",101
"CDC42EP3","KIF23",102
"CDC42EP3","KIF2C",103
"CDC42EP3","KIF4A",104
"CDC42EP3","KNL1",105
"CDC42EP3","LGALS3",106
"CDC42EP3","LILRB2",107
"CDC42EP3","LOC100996643",108
"CDC42EP3","LYZ",109
"CDC42EP3","MAD2L1",110
"CDC42EP3","MCM10",111
"CDC42EP3","MCM4",112
"CDC42EP3","MCM5",113
"CDC42EP3","MCM7",114
"CDC42EP3","MDK",115
"CDC42EP3","MELK",116
"CDC42EP3","METTL7A",117
"CDC42EP3","MIR8071-1",118
"CDC42EP3","MKI67",119
"CDC42EP3","MND1",120
"CDC42EP3","MNDA",121
"CDC42EP3","MS4A4A",122
"CDC42EP3","MTHFD2",123
"CDC42EP3","MTSS1",124
"CDC42EP3","NCAPG",125
"CDC42EP3","NCAPH",126
"CDC42EP3","NEAT1",127
"CDC42EP3","NEDD9",128
"CDC42EP3","NEK2",129
"CDC42EP3","NME1",130
"CDC42EP3","NPCDR1",131
"CDC42EP3","NUF2",132
"CDC42EP3","NUSAP1",133
"CDC42EP3","OIP5",134
"CDC42EP3","PAICS",135
"CDC42EP3","PBK",136
"CDC42EP3","PCNA",137
"CDC42EP3","PDE4B",138
"CDC42EP3","PHF19",139
"CDC42EP3","PIK3IP1",140
"CDC42EP3","PLK4",141
"CDC42EP3","POLE2",142
"CDC42EP3","POLQ",143
"CDC42EP3","PPBP",144
"CDC42EP3","PPP1R16B",145
"CDC42EP3","PRDM1",146
"CDC42EP3","PRR11",147
"CDC42EP3","PTP4A1",148
"CDC42EP3","PTTG1",149
"CDC42EP3","RAB31",150
"CDC42EP3","RAD51",151
"CDC42EP3","RAD51AP1",152
"CDC42EP3","RBM14",153
"CDC42EP3","RFC3",154
"CDC42EP3","RNASET2",155
"CDC42EP3","RRM2",156
"CDC42EP3","S100A8",157
"CDC42EP3","SELENOI",158
"CDC42EP3","SERPINA1",159
"CDC42EP3","SERPINB9",160
"CDC42EP3","SESN1",161
"CDC42EP3","SHCBP1",162
"CDC42EP3","SKP2",163
"CDC42EP3","SMAP2",164
"CDC42EP3","SMC2",165
"CDC42EP3","SNORA21",166
"CDC42EP3","SOS1",167
"CDC42EP3","SQLE",168
"CDC42EP3","STAB1",169
"CDC42EP3","STIL",170
"CDC42EP3","SUV39H2",171
"CDC42EP3","TBXA2R",172
"CDC42EP3","TCF19",173
"CDC42EP3","TENM4",174
"CDC42EP3","TIMELESS",175
"CDC42EP3","TIPIN",176
"CDC42EP3","TK1",177
"CDC42EP3","TMEM2",178
"CDC42EP3","TMEM97",179
"CDC42EP3","TOP2A",180
"CDC42EP3","TPX2",181
"CDC42EP3","TRIP13",182
"CDC42EP3","TTK",183
"CDC42EP3","TUBA4A",184
"CDC42EP3","TXNIP",185
"CDC42EP3","TYMS",186
"CDC42EP3","UBE2T",187
"CDC42EP3","WDHD1",188
"CDC42EP3","WDR76",189
"CDC42EP3","ZNF367",190
"CDC42EP3","ZWINT",191
"CDC45","ANLN",1
"CDC45","ANP32E",2
"CDC45","APITD1-CORT",3
"CDC45","ASF1B",4
"CDC45","ASPM",5
"CDC45","ATAD2",6
"CDC45","AURKA",7
"CDC45","AURKB",8
"CDC45","B3GNT2",9
"CDC45","BCAT1",10
"CDC45","BCL2L11",11
"CDC45","BIRC5",12
"CDC45","BMF",13
"CDC45","BRCA1",14
"CDC45","BRIP1",15
"CDC45","BTG1",16
"CDC45","BUB1",17
"CDC45","BUB1B",18
"CDC45","BYSL",19
"CDC45","C4orf46",20
"CDC45","CCDC34",21
"CDC45","CCDC86",22
"CDC45","CCNA2",23
"CDC45","CCNB1",24
"CDC45","CCNB2",25
"CDC45","CCNE2",26
"CDC45","CD53",27
"CDC45","CDC20",28
"CDC45","CDC42EP3",29
"CDC45","CDC45",30
"CDC45","CDC6",31
"CDC45","CDCA2",32
"CDC45","CDCA3",33
"CDC45","CDCA5",34
"CDC45","CDK1",35
"CDC45","CDKN3",36
"CDC45","CDT1",37
"CDC45","CELF2",38
"CDC45","CENPA",39
"CDC45","CENPE",40
"CDC45","CENPF",41
"CDC45","CENPH",42
"CDC45","CENPK",43
"CDC45","CENPN",44
"CDC45","CENPU",45
"CDC45","CENPV",46
"CDC45","CENPW",47
"CDC45","CEP55",48
"CDC45","CHEK1",49
"CDC45","CKAP2",50
"CDC45","CKAP2L",51
"CDC45","CKS1B",52
"CDC45","CLEC2B",53
"CDC45","CRNDE",54
"CDC45","DENND3",55
"CDC45","DEPDC1",56
"CDC45","DEPDC1B",57
"CDC45","DFNA5",58
"CDC45","DHFR",59
"CDC45","DHX9",60
"CDC45","DLGAP5",61
"CDC45","DPEP1",62
"CDC45","DSCC1",63
"CDC45","DTL",64
"CDC45","E2F7",65
"CDC45","E2F8",66
"CDC45","ECT2",67
"CDC45","EGR1",68
"CDC45","EMP1",69
"CDC45","FAM72C",70
"CDC45","FANCI",71
"CDC45","FEN1",72
"CDC45","FGR",73
"CDC45","FH",74
"CDC45","FOXM1",75
"CDC45","FUS",76
"CDC45","GBP4",77
"CDC45","GGH",78
"CDC45","GIMAP4",79
"CDC45","GIMAP7",80
"CDC45","GINS1",81
"CDC45","GINS2",82
"CDC45","GSN",83
"CDC45","HBB",84
"CDC45","HBG1",85
"CDC45","HELLS",86
"CDC45","HIST4H4",87
"CDC45","HJURP",88
"CDC45","HMMR",89
"CDC45","HRK",90
"CDC45","ID2",91
"CDC45","IFNGR1",92
"CDC45","IGH",93
"CDC45","IGLC1",94
"CDC45","IL1B",95
"CDC45","IQGAP3",96
"CDC45","IRAK3",97
"CDC45","ISG20",98
"CDC45","ITGAM",99
"CDC45","KIAA0101",100
"CDC45","KIF11",101
"CDC45","KIF14",102
"CDC45","KIF15",103
"CDC45","KIF18A",104
"CDC45","KIF18B",105
"CDC45","KIF20A",106
"CDC45","KIF23",107
"CDC45","KIF2C",108
"CDC45","KIF4A",109
"CDC45","KNL1",110
"CDC45","LILRB2",111
"CDC45","LOC100996643",112
"CDC45","LYZ",113
"CDC45","MAD2L1",114
"CDC45","MCM10",115
"CDC45","MCM4",116
"CDC45","MCM5",117
"CDC45","MCM7",118
"CDC45","MDK",119
"CDC45","MELK",120
"CDC45","MIR4683",121
"CDC45","MIR6845",122
"CDC45","MIR8071-1",123
"CDC45","MKI67",124
"CDC45","MND1",125
"CDC45","MS4A1",126
"CDC45","MS4A4A",127
"CDC45","MS4A7",128
"CDC45","MTHFD2",129
"CDC45","MTSS1",130
"CDC45","NCAPG",131
"CDC45","NCAPH",132
"CDC45","NEAT1",133
"CDC45","NEDD9",134
"CDC45","NEK2",135
"CDC45","NME1",136
"CDC45","NPCDR1",137
"CDC45","NUF2",138
"CDC45","NUSAP1",139
"CDC45","OIP5",140
"CDC45","P2RX5",141
"CDC45","P2RY14",142
"CDC45","PAICS",143
"CDC45","PBK",144
"CDC45","PCNA",145
"CDC45","PDE4B",146
"CDC45","PHF19",147
"CDC45","PIK3IP1",148
"CDC45","PLK4",149
"CDC45","POLE2",150
"CDC45","POLQ",151
"CDC45","PPIF",152
"CDC45","PPP1R16B",153
"CDC45","PRR11",154
"CDC45","PSPH",155
"CDC45","PTTG1",156
"CDC45","RAD51",157
"CDC45","RAD51AP1",158
"CDC45","RBM14",159
"CDC45","RCC1",160
"CDC45","RFC3",161
"CDC45","RHOBTB3",162
"CDC45","RMI2",163
"CDC45","RNASET2",164
"CDC45","RRM2",165
"CDC45","S100A8",166
"CDC45","SCML4",167
"CDC45","SELENOI",168
"CDC45","SERPINA1",169
"CDC45","SERPINB9",170
"CDC45","SESN1",171
"CDC45","SHCBP1",172
"CDC45","SKP2",173
"CDC45","SLC22A23",174
"CDC45","SMAP2",175
"CDC45","SMC2",176
"CDC45","SOS1",177
"CDC45","SQLE",178
"CDC45","STIL",179
"CDC45","SUV39H2",180
"CDC45","TARSL2",181
"CDC45","TBXA2R",182
"CDC45","TCF19",183
"CDC45","TIMELESS",184
"CDC45","TIPIN",185
"CDC45","TK1",186
"CDC45","TMEM97",187
"CDC45","TOP2A",188
"CDC45","TPX2",189
"CDC45","TRIP13",190
"CDC45","TTK",191
"CDC45","TXNIP",192
"CDC45","TYMS",193
"CDC45","UBE2C",194
"CDC45","UBE2T",195
"CDC45","WDHD1",196
"CDC45","WDR76",197
"CDC45","ZFP36L2",198
"CDC45","ZNF367",199
"CDC45","ZWINT",200
"CDC6","ANLN",1
"CDC6","ANP32E",2
"CDC6","APITD1-CORT",3
"CDC6","ASF1B",4
"CDC6","ASPM",5
"CDC6","ATAD2",6
"CDC6","AURKA",7
"CDC6","AURKB",8
"CDC6","B3GNT2",9
"CDC6","BCAT1",10
"CDC6","BCL2L11",11
"CDC6","BIRC5",12
"CDC6","BMF",13
"CDC6","BRCA1",14
"CDC6","BRIP1",15
"CDC6","BTG1",16
"CDC6","BUB1",17
"CDC6","BUB1B",18
"CDC6","BYSL",19
"CDC6","C4orf46",20
"CDC6","CCDC34",21
"CDC6","CCDC86",22
"CDC6","CCNA2",23
"CDC6","CCNB1",24
"CDC6","CCNB2",25
"CDC6","CCNE2",26
"CDC6","CD53",27
"CDC6","CDC20",28
"CDC6","CDC42EP3",29
"CDC6","CDC45",30
"CDC6","CDC6",31
"CDC6","CDCA2",32
"CDC6","CDCA3",33
"CDC6","CDCA5",34
"CDC6","CDK1",35
"CDC6","CDKN3",36
"CDC6","CDT1",37
"CDC6","CELF2",38
"CDC6","CENPA",39
"CDC6","CENPE",40
"CDC6","CENPF",41
"CDC6","CENPH",42
"CDC6","CENPK",43
"CDC6","CENPN",44
"CDC6","CENPU",45
"CDC6","CENPV",46
"CDC6","CENPW",47
"CDC6","CEP55",48
"CDC6","CHEK1",49
"CDC6","CKAP2",50
"CDC6","CKAP2L",51
"CDC6","CKS1B",52
"CDC6","CLEC2B",53
"CDC6","CRNDE",54
"CDC6","DENND3",55
"CDC6","DEPDC1",56
"CDC6","DEPDC1B",57
"CDC6","DFNA5",58
"CDC6","DHFR",59
"CDC6","DHX9",60
"CDC6","DLGAP5",61
"CDC6","DPEP1",62
"CDC6","DSCC1",63
"CDC6","DTL",64
"CDC6","E2F7",65
"CDC6","E2F8",66
"CDC6","ECT2",67
"CDC6","EGR1",68
"CDC6","EMP1",69
"CDC6","FAM72C",70
"CDC6","FANCI",71
"CDC6","FEN1",72
"CDC6","FGR",73
"CDC6","FH",74
"CDC6","FOXM1",75
"CDC6","FUS",76
"CDC6","GBP4",77
"CDC6","GGH",78
"CDC6","GIMAP4",79
"CDC6","GIMAP7",80
"CDC6","GINS1",81
"CDC6","GINS2",82
"CDC6","GSN",83
"CDC6","HBB",84
"CDC6","HBG1",85
"CDC6","HELLS",86
"CDC6","HIST4H4",87
"CDC6","HJURP",88
"CDC6","HMMR",89
"CDC6","HRK",90
"CDC6","ID2",91
"CDC6","IFNGR1",92
"CDC6","IGH",93
"CDC6","IGLC1",94
"CDC6","IL1B",95
"CDC6","IQGAP3",96
"CDC6","IRAK3",97
"CDC6","ISG20",98
"CDC6","ITGAM",99
"CDC6","KIAA0101",100
"CDC6","KIF11",101
"CDC6","KIF14",102
"CDC6","KIF15",103
"CDC6","KIF18A",104
"CDC6","KIF18B",105
"CDC6","KIF20A",106
"CDC6","KIF23",107
"CDC6","KIF2C",108
"CDC6","KIF4A",109
"CDC6","KNL1",110
"CDC6","LILRB2",111
"CDC6","LOC100996643",112
"CDC6","LYZ",113
"CDC6","MAD2L1",114
"CDC6","MCM10",115
"CDC6","MCM4",116
"CDC6","MCM5",117
"CDC6","MCM7",118
"CDC6","MDK",119
"CDC6","MELK",120
"CDC6","MIR4683",121
"CDC6","MIR6845",122
"CDC6","MIR8071-1",123
"CDC6","MKI67",124
"CDC6","MND1",125
"CDC6","MS4A1",126
"CDC6","MS4A4A",127
"CDC6","MS4A7",128
"CDC6","MTHFD2",129
"CDC6","MTSS1",130
"CDC6","NCAPG",131
"CDC6","NCAPH",132
"CDC6","NEAT1",133
"CDC6","NEDD9",134
"CDC6","NEK2",135
"CDC6","NME1",136
"CDC6","NPCDR1",137
"CDC6","NUF2",138
"CDC6","NUSAP1",139
"CDC6","OIP5",140
"CDC6","P2RX5",141
"CDC6","P2RY14",142
"CDC6","PAICS",143
"CDC6","PBK",144
"CDC6","PCNA",145
"CDC6","PDE4B",146
"CDC6","PHF19",147
"CDC6","PIK3IP1",148
"CDC6","PLK4",149
"CDC6","POLE2",150
"CDC6","POLQ",151
"CDC6","PPIF",152
"CDC6","PPP1R16B",153
"CDC6","PRR11",154
"CDC6","PSPH",155
"CDC6","PTTG1",156
"CDC6","RAD51",157
"CDC6","RAD51AP1",158
"CDC6","RBM14",159
"CDC6","RCC1",160
"CDC6","RFC3",161
"CDC6","RHOBTB3",162
"CDC6","RMI2",163
"CDC6","RNASET2",164
"CDC6","RRM2",165
"CDC6","S100A8",166
"CDC6","SCML4",167
"CDC6","SELENOI",168
"CDC6","SERPINA1",169
"CDC6","SERPINB9",170
"CDC6","SESN1",171
"CDC6","SHCBP1",172
"CDC6","SKP2",173
"CDC6","SLC22A23",174
"CDC6","SMAP2",175
"CDC6","SMC2",176
"CDC6","SOS1",177
"CDC6","SQLE",178
"CDC6","STIL",179
"CDC6","SUV39H2",180
"CDC6","TARSL2",181
"CDC6","TBXA2R",182
"CDC6","TCF19",183
"CDC6","TIMELESS",184
"CDC6","TIPIN",185
"CDC6","TK1",186
"CDC6","TMEM97",187
"CDC6","TOP2A",188
"CDC6","TPX2",189
"CDC6","TRIP13",190
"CDC6","TTK",191
"CDC6","TXNIP",192
"CDC6","TYMS",193
"CDC6","UBE2C",194
"CDC6","UBE2T",195
"CDC6","WDHD1",196
"CDC6","WDR76",197
"CDC6","ZFP36L2",198
"CDC6","ZNF367",199
"CDC6","ZWINT",200
"CDCA2","ANLN",1
"CDCA2","ANP32E",2
"CDCA2","APITD1-CORT",3
"CDCA2","ARPP21",4
"CDCA2","ASF1B",5
"CDCA2","ASPM",6
"CDCA2","ATAD2",7
"CDCA2","AURKA",8
"CDCA2","AURKB",9
"CDCA2","B3GNT2",10
"CDCA2","BCAT1",11
"CDCA2","BCL2L11",12
"CDCA2","BIRC5",13
"CDCA2","BMF",14
"CDCA2","BRCA1",15
"CDCA2","BRIP1",16
"CDCA2","BTG1",17
"CDCA2","BUB1",18
"CDCA2","BUB1B",19
"CDCA2","BYSL",20
"CDCA2","C4orf46",21
"CDCA2","CCDC34",22
"CDCA2","CCDC86",23
"CDCA2","CCNA2",24
"CDCA2","CCNB1",25
"CDCA2","CCNB2",26
"CDCA2","CCNE2",27
"CDCA2","CCNL1",28
"CDCA2","CCR1",29
"CDCA2","CD53",30
"CDCA2","CDC20",31
"CDCA2","CDC42EP3",32
"CDCA2","CDC45",33
"CDCA2","CDC6",34
"CDCA2","CDCA2",35
"CDCA2","CDCA3",36
"CDCA2","CDCA5",37
"CDCA2","CDK1",38
"CDCA2","CDK6",39
"CDCA2","CDKN3",40
"CDCA2","CDT1",41
"CDCA2","CELF2",42
"CDCA2","CENPA",43
"CDCA2","CENPE",44
"CDCA2","CENPF",45
"CDCA2","CENPH",46
"CDCA2","CENPK",47
"CDCA2","CENPN",48
"CDCA2","CENPU",49
"CDCA2","CENPV",50
"CDCA2","CENPW",51
"CDCA2","CEP55",52
"CDCA2","CHEK1",53
"CDCA2","CKAP2",54
"CDCA2","CKAP2L",55
"CDCA2","CKS1B",56
"CDCA2","CLEC2B",57
"CDCA2","CPM",58
"CDCA2","CRNDE",59
"CDCA2","DEFA1",60
"CDCA2","DENND3",61
"CDCA2","DEPDC1",62
"CDCA2","DEPDC1B",63
"CDCA2","DFNA5",64
"CDCA2","DHFR",65
"CDCA2","DHX9",66
"CDCA2","DLGAP5",67
"CDCA2","DPEP1",68
"CDCA2","DSCC1",69
"CDCA2","DTL",70
"CDCA2","E2F7",71
"CDCA2","E2F8",72
"CDCA2","ECT2",73
"CDCA2","EGR1",74
"CDCA2","EMP1",75
"CDCA2","FAM72C",76
"CDCA2","FANCI",77
"CDCA2","FCER1G",78
"CDCA2","FCGR3B",79
"CDCA2","FEN1",80
"CDCA2","FGD2",81
"CDCA2","FGR",82
"CDCA2","FH",83
"CDCA2","FOXM1",84
"CDCA2","FUS",85
"CDCA2","GBP4",86
"CDCA2","GGH",87
"CDCA2","GIMAP4",88
"CDCA2","GIMAP7",89
"CDCA2","GINS1",90
"CDCA2","GINS2",91
"CDCA2","GSN",92
"CDCA2","HBB",93
"CDCA2","HBG1",94
"CDCA2","HELLS",95
"CDCA2","HIST4H4",96
"CDCA2","HJURP",97
"CDCA2","HMMR",98
"CDCA2","HRK",99
"CDCA2","ID2",100
"CDCA2","IFNGR1",101
"CDCA2","IGH",102
"CDCA2","IGLC1",103
"CDCA2","IL1B",104
"CDCA2","IL6ST",105
"CDCA2","IQGAP3",106
"CDCA2","IRAK3",107
"CDCA2","ISG20",108
"CDCA2","ITGAM",109
"CDCA2","KIAA0101",110
"CDCA2","KIF11",111
"CDCA2","KIF14",112
"CDCA2","KIF15",113
"CDCA2","KIF18A",114
"CDCA2","KIF18B",115
"CDCA2","KIF20A",116
"CDCA2","KIF23",117
"CDCA2","KIF2C",118
"CDCA2","KIF4A",119
"CDCA2","KNL1",120
"CDCA2","LILRB2",121
"CDCA2","LOC100996643",122
"CDCA2","LY96",123
"CDCA2","LYZ",124
"CDCA2","MAD2L1",125
"CDCA2","MCM10",126
"CDCA2","MCM4",127
"CDCA2","MCM5",128
"CDCA2","MCM7",129
"CDCA2","MDK",130
"CDCA2","MELK",131
"CDCA2","METTL7A",132
"CDCA2","MIR4683",133
"CDCA2","MIR6845",134
"CDCA2","MIR8071-1",135
"CDCA2","MKI67",136
"CDCA2","MND1",137
"CDCA2","MS4A1",138
"CDCA2","MS4A4A",139
"CDCA2","MS4A7",140
"CDCA2","MTHFD2",141
"CDCA2","MTSS1",142
"CDCA2","NCAPG",143
"CDCA2","NCAPH",144
"CDCA2","NEAT1",145
"CDCA2","NEDD9",146
"CDCA2","NEK2",147
"CDCA2","NME1",148
"CDCA2","NPCDR1",149
"CDCA2","NUF2",150
"CDCA2","NUSAP1",151
"CDCA2","OIP5",152
"CDCA2","P2RY14",153
"CDCA2","PAICS",154
"CDCA2","PBK",155
"CDCA2","PCNA",156
"CDCA2","PDE4B",157
"CDCA2","PHF19",158
"CDCA2","PIK3IP1",159
"CDCA2","PLK4",160
"CDCA2","POLE2",161
"CDCA2","POLQ",162
"CDCA2","POU4F1",163
"CDCA2","PPIF",164
"CDCA2","PPP1R16B",165
"CDCA2","PRR11",166
"CDCA2","PSPH",167
"CDCA2","PTP4A1",168
"CDCA2","PTTG1",169
"CDCA2","RAD51",170
"CDCA2","RAD51AP1",171
"CDCA2","RBM14",172
"CDCA2","RBMS3",173
"CDCA2","RCC1",174
"CDCA2","RFC3",175
"CDCA2","RHOBTB3",176
"CDCA2","RMI2",177
"CDCA2","RNASET2",178
"CDCA2","RRM2",179
"CDCA2","S100A8",180
"CDCA2","SCML4",181
"CDCA2","SELENOI",182
"CDCA2","SERPINA1",183
"CDCA2","SERPINB9",184
"CDCA2","SESN1",185
"CDCA2","SHCBP1",186
"CDCA2","SIK1",187
"CDCA2","SKP2",188
"CDCA2","SLC22A23",189
"CDCA2","SMAP2",190
"CDCA2","SMC2",191
"CDCA2","SNORA21",192
"CDCA2","SOS1",193
"CDCA2","SQLE",194
"CDCA2","STIL",195
"CDCA2","SUV39H2",196
"CDCA2","TARSL2",197
"CDCA2","TBXA2R",198
"CDCA2","TCF19",199
"CDCA2","TIMELESS",200
"CDCA2","TIPIN",201
"CDCA2","TK1",202
"CDCA2","TMEM97",203
"CDCA2","TNFRSF21",204
"CDCA2","TOP2A",205
"CDCA2","TPX2",206
"CDCA2","TRIP13",207
"CDCA2","TTK",208
"CDCA2","TXNIP",209
"CDCA2","TYMS",210
"CDCA2","UBE2C",211
"CDCA2","UBE2T",212
"CDCA2","WDHD1",213
"CDCA2","WDR76",214
"CDCA2","ZFP36L2",215
"CDCA2","ZNF367",216
"CDCA2","ZWINT",217
"CDCA3","ANLN",1
"CDCA3","ANP32E",2
"CDCA3","APITD1-CORT",3
"CDCA3","ARPP21",4
"CDCA3","ASF1B",5
"CDCA3","ASPM",6
"CDCA3","ATAD2",7
"CDCA3","AURKA",8
"CDCA3","AURKB",9
"CDCA3","B3GNT2",10
"CDCA3","BCAT1",11
"CDCA3","BCL2L11",12
"CDCA3","BIRC5",13
"CDCA3","BMF",14
"CDCA3","BRCA1",15
"CDCA3","BRIP1",16
"CDCA3","BTG1",17
"CDCA3","BUB1",18
"CDCA3","BUB1B",19
"CDCA3","BYSL",20
"CDCA3","C4orf46",21
"CDCA3","CCDC34",22
"CDCA3","CCDC86",23
"CDCA3","CCNA2",24
"CDCA3","CCNB1",25
"CDCA3","CCNB2",26
"CDCA3","CCNE2",27
"CDCA3","CCNL1",28
"CDCA3","CCR1",29
"CDCA3","CD53",30
"CDCA3","CDC20",31
"CDCA3","CDC42EP3",32
"CDCA3","CDC45",33
"CDCA3","CDC6",34
"CDCA3","CDCA2",35
"CDCA3","CDCA3",36
"CDCA3","CDCA5",37
"CDCA3","CDK1",38
"CDCA3","CDK6",39
"CDCA3","CDKN3",40
"CDCA3","CDT1",41
"CDCA3","CELF2",42
"CDCA3","CENPA",43
"CDCA3","CENPE",44
"CDCA3","CENPF",45
"CDCA3","CENPH",46
"CDCA3","CENPK",47
"CDCA3","CENPN",48
"CDCA3","CENPU",49
"CDCA3","CENPV",50
"CDCA3","CENPW",51
"CDCA3","CEP55",52
"CDCA3","CHEK1",53
"CDCA3","CKAP2",54
"CDCA3","CKAP2L",55
"CDCA3","CKS1B",56
"CDCA3","CLEC2B",57
"CDCA3","CPM",58
"CDCA3","CRNDE",59
"CDCA3","DEFA1",60
"CDCA3","DENND3",61
"CDCA3","DEPDC1",62
"CDCA3","DEPDC1B",63
"CDCA3","DFNA5",64
"CDCA3","DHFR",65
"CDCA3","DHX9",66
"CDCA3","DLGAP5",67
"CDCA3","DPEP1",68
"CDCA3","DSCC1",69
"CDCA3","DTL",70
"CDCA3","E2F7",71
"CDCA3","E2F8",72
"CDCA3","ECT2",73
"CDCA3","EGR1",74
"CDCA3","EMP1",75
"CDCA3","FAM72C",76
"CDCA3","FANCI",77
"CDCA3","FCER1G",78
"CDCA3","FCGR3B",79
"CDCA3","FEN1",80
"CDCA3","FGD2",81
"CDCA3","FGR",82
"CDCA3","FH",83
"CDCA3","FOXM1",84
"CDCA3","FUS",85
"CDCA3","GBP4",86
"CDCA3","GGH",87
"CDCA3","GIMAP4",88
"CDCA3","GIMAP7",89
"CDCA3","GINS1",90
"CDCA3","GINS2",91
"CDCA3","GSN",92
"CDCA3","HBB",93
"CDCA3","HBG1",94
"CDCA3","HELLS",95
"CDCA3","HIST4H4",96
"CDCA3","HJURP",97
"CDCA3","HMMR",98
"CDCA3","HRK",99
"CDCA3","ID2",100
"CDCA3","IFNGR1",101
"CDCA3","IGH",102
"CDCA3","IGLC1",103
"CDCA3","IL1B",104
"CDCA3","IL6ST",105
"CDCA3","IQGAP3",106
"CDCA3","IRAK3",107
"CDCA3","ISG20",108
"CDCA3","ITGAM",109
"CDCA3","KIAA0101",110
"CDCA3","KIF11",111
"CDCA3","KIF14",112
"CDCA3","KIF15",113
"CDCA3","KIF18A",114
"CDCA3","KIF18B",115
"CDCA3","KIF20A",116
"CDCA3","KIF23",117
"CDCA3","KIF2C",118
"CDCA3","KIF4A",119
"CDCA3","KNL1",120
"CDCA3","LILRB2",121
"CDCA3","LOC100996643",122
"CDCA3","LY96",123
"CDCA3","LYZ",124
"CDCA3","MAD2L1",125
"CDCA3","MCM10",126
"CDCA3","MCM4",127
"CDCA3","MCM5",128
"CDCA3","MCM7",129
"CDCA3","MDK",130
"CDCA3","MELK",131
"CDCA3","METTL7A",132
"CDCA3","MIR4683",133
"CDCA3","MIR6845",134
"CDCA3","MIR8071-1",135
"CDCA3","MKI67",136
"CDCA3","MND1",137
"CDCA3","MS4A1",138
"CDCA3","MS4A4A",139
"CDCA3","MS4A7",140
"CDCA3","MTHFD2",141
"CDCA3","MTSS1",142
"CDCA3","NCAPG",143
"CDCA3","NCAPH",144
"CDCA3","NEAT1",145
"CDCA3","NEDD9",146
"CDCA3","NEK2",147
"CDCA3","NME1",148
"CDCA3","NPCDR1",149
"CDCA3","NUF2",150
"CDCA3","NUSAP1",151
"CDCA3","OIP5",152
"CDCA3","P2RY14",153
"CDCA3","PAICS",154
"CDCA3","PBK",155
"CDCA3","PCNA",156
"CDCA3","PDE4B",157
"CDCA3","PHF19",158
"CDCA3","PIK3IP1",159
"CDCA3","PLK4",160
"CDCA3","POLE2",161
"CDCA3","POLQ",162
"CDCA3","POU4F1",163
"CDCA3","PPIF",164
"CDCA3","PPP1R16B",165
"CDCA3","PRR11",166
"CDCA3","PSPH",167
"CDCA3","PTP4A1",168
"CDCA3","PTTG1",169
"CDCA3","RAD51",170
"CDCA3","RAD51AP1",171
"CDCA3","RBM14",172
"CDCA3","RBMS3",173
"CDCA3","RCC1",174
"CDCA3","RFC3",175
"CDCA3","RHOBTB3",176
"CDCA3","RMI2",177
"CDCA3","RNASET2",178
"CDCA3","RRM2",179
"CDCA3","S100A8",180
"CDCA3","SCML4",181
"CDCA3","SELENOI",182
"CDCA3","SERPINA1",183
"CDCA3","SERPINB9",184
"CDCA3","SESN1",185
"CDCA3","SHCBP1",186
"CDCA3","SIK1",187
"CDCA3","SKP2",188
"CDCA3","SLC22A23",189
"CDCA3","SMAP2",190
"CDCA3","SMC2",191
"CDCA3","SNORA21",192
"CDCA3","SOS1",193
"CDCA3","SQLE",194
"CDCA3","STIL",195
"CDCA3","SUV39H2",196
"CDCA3","TARSL2",197
"CDCA3","TBXA2R",198
"CDCA3","TCF19",199
"CDCA3","TIMELESS",200
"CDCA3","TIPIN",201
"CDCA3","TK1",202
"CDCA3","TMEM97",203
"CDCA3","TNFRSF21",204
"CDCA3","TOP2A",205
"CDCA3","TPX2",206
"CDCA3","TRIP13",207
"CDCA3","TTK",208
"CDCA3","TXNIP",209
"CDCA3","TYMS",210
"CDCA3","UBE2C",211
"CDCA3","UBE2T",212
"CDCA3","WDHD1",213
"CDCA3","WDR76",214
"CDCA3","ZFP36L2",215
"CDCA3","ZNF367",216
"CDCA3","ZWINT",217
"CDCA5","ANLN",1
"CDCA5","ANP32E",2
"CDCA5","APITD1-CORT",3
"CDCA5","ARPP21",4
"CDCA5","ASF1B",5
"CDCA5","ASPM",6
"CDCA5","ATAD2",7
"CDCA5","AURKA",8
"CDCA5","AURKB",9
"CDCA5","B3GNT2",10
"CDCA5","BCAT1",11
"CDCA5","BCL2L11",12
"CDCA5","BIRC5",13
"CDCA5","BMF",14
"CDCA5","BRCA1",15
"CDCA5","BRIP1",16
"CDCA5","BTG1",17
"CDCA5","BUB1",18
"CDCA5","BUB1B",19
"CDCA5","BYSL",20
"CDCA5","C4orf46",21
"CDCA5","CCDC34",22
"CDCA5","CCDC86",23
"CDCA5","CCNA2",24
"CDCA5","CCNB1",25
"CDCA5","CCNB2",26
"CDCA5","CCNE2",27
"CDCA5","CCNL1",28
"CDCA5","CCR1",29
"CDCA5","CD53",30
"CDCA5","CDC20",31
"CDCA5","CDC42EP3",32
"CDCA5","CDC45",33
"CDCA5","CDC6",34
"CDCA5","CDCA2",35
"CDCA5","CDCA3",36
"CDCA5","CDCA5",37
"CDCA5","CDK1",38
"CDCA5","CDK6",39
"CDCA5","CDKN3",40
"CDCA5","CDT1",41
"CDCA5","CELF2",42
"CDCA5","CENPA",43
"CDCA5","CENPE",44
"CDCA5","CENPF",45
"CDCA5","CENPH",46
"CDCA5","CENPK",47
"CDCA5","CENPN",48
"CDCA5","CENPU",49
"CDCA5","CENPV",50
"CDCA5","CENPW",51
"CDCA5","CEP55",52
"CDCA5","CHEK1",53
"CDCA5","CKAP2",54
"CDCA5","CKAP2L",55
"CDCA5","CKS1B",56
"CDCA5","CLEC2B",57
"CDCA5","CPM",58
"CDCA5","CRNDE",59
"CDCA5","DEFA1",60
"CDCA5","DENND3",61
"CDCA5","DEPDC1",62
"CDCA5","DEPDC1B",63
"CDCA5","DFNA5",64
"CDCA5","DHFR",65
"CDCA5","DHX9",66
"CDCA5","DLGAP5",67
"CDCA5","DPEP1",68
"CDCA5","DSCC1",69
"CDCA5","DTL",70
"CDCA5","E2F7",71
"CDCA5","E2F8",72
"CDCA5","ECT2",73
"CDCA5","EGR1",74
"CDCA5","EMP1",75
"CDCA5","FAM72C",76
"CDCA5","FANCI",77
"CDCA5","FCER1G",78
"CDCA5","FCGR3B",79
"CDCA5","FEN1",80
"CDCA5","FGD2",81
"CDCA5","FGR",82
"CDCA5","FH",83
"CDCA5","FOXM1",84
"CDCA5","FUS",85
"CDCA5","GBP4",86
"CDCA5","GGH",87
"CDCA5","GIMAP4",88
"CDCA5","GIMAP7",89
"CDCA5","GINS1",90
"CDCA5","GINS2",91
"CDCA5","GSN",92
"CDCA5","HBB",93
"CDCA5","HBG1",94
"CDCA5","HELLS",95
"CDCA5","HIST4H4",96
"CDCA5","HJURP",97
"CDCA5","HMMR",98
"CDCA5","HRK",99
"CDCA5","ID2",100
"CDCA5","IFNGR1",101
"CDCA5","IGH",102
"CDCA5","IGLC1",103
"CDCA5","IL1B",104
"CDCA5","IL6ST",105
"CDCA5","IQGAP3",106
"CDCA5","IRAK3",107
"CDCA5","ISG20",108
"CDCA5","ITGAM",109
"CDCA5","KIAA0101",110
"CDCA5","KIF11",111
"CDCA5","KIF14",112
"CDCA5","KIF15",113
"CDCA5","KIF18A",114
"CDCA5","KIF18B",115
"CDCA5","KIF20A",116
"CDCA5","KIF23",117
"CDCA5","KIF2C",118
"CDCA5","KIF4A",119
"CDCA5","KNL1",120
"CDCA5","LILRB2",121
"CDCA5","LOC100996643",122
"CDCA5","LY96",123
"CDCA5","LYZ",124
"CDCA5","MAD2L1",125
"CDCA5","MCM10",126
"CDCA5","MCM4",127
"CDCA5","MCM5",128
"CDCA5","MCM7",129
"CDCA5","MDK",130
"CDCA5","MELK",131
"CDCA5","METTL7A",132
"CDCA5","MIR4683",133
"CDCA5","MIR6845",134
"CDCA5","MIR8071-1",135
"CDCA5","MKI67",136
"CDCA5","MND1",137
"CDCA5","MS4A1",138
"CDCA5","MS4A4A",139
"CDCA5","MS4A7",140
"CDCA5","MTHFD2",141
"CDCA5","MTSS1",142
"CDCA5","NCAPG",143
"CDCA5","NCAPH",144
"CDCA5","NEAT1",145
"CDCA5","NEDD9",146
"CDCA5","NEK2",147
"CDCA5","NME1",148
"CDCA5","NPCDR1",149
"CDCA5","NUF2",150
"CDCA5","NUSAP1",151
"CDCA5","OIP5",152
"CDCA5","P2RY14",153
"CDCA5","PAICS",154
"CDCA5","PBK",155
"CDCA5","PCNA",156
"CDCA5","PDE4B",157
"CDCA5","PHF19",158
"CDCA5","PIK3IP1",159
"CDCA5","PLK4",160
"CDCA5","POLE2",161
"CDCA5","POLQ",162
"CDCA5","POU4F1",163
"CDCA5","PPIF",164
"CDCA5","PPP1R16B",165
"CDCA5","PRR11",166
"CDCA5","PSPH",167
"CDCA5","PTP4A1",168
"CDCA5","PTTG1",169
"CDCA5","RAD51",170
"CDCA5","RAD51AP1",171
"CDCA5","RBM14",172
"CDCA5","RBMS3",173
"CDCA5","RCC1",174
"CDCA5","RFC3",175
"CDCA5","RHOBTB3",176
"CDCA5","RMI2",177
"CDCA5","RNASET2",178
"CDCA5","RRM2",179
"CDCA5","S100A8",180
"CDCA5","SCML4",181
"CDCA5","SELENOI",182
"CDCA5","SERPINA1",183
"CDCA5","SERPINB9",184
"CDCA5","SESN1",185
"CDCA5","SHCBP1",186
"CDCA5","SIK1",187
"CDCA5","SKP2",188
"CDCA5","SLC22A23",189
"CDCA5","SMAP2",190
"CDCA5","SMC2",191
"CDCA5","SNORA21",192
"CDCA5","SOS1",193
"CDCA5","SQLE",194
"CDCA5","STIL",195
"CDCA5","SUV39H2",196
"CDCA5","TARSL2",197
"CDCA5","TBXA2R",198
"CDCA5","TCF19",199
"CDCA5","TIMELESS",200
"CDCA5","TIPIN",201
"CDCA5","TK1",202
"CDCA5","TMEM97",203
"CDCA5","TNFRSF21",204
"CDCA5","TOP2A",205
"CDCA5","TPX2",206
"CDCA5","TRIP13",207
"CDCA5","TTK",208
"CDCA5","TXNIP",209
"CDCA5","TYMS",210
"CDCA5","UBE2C",211
"CDCA5","UBE2T",212
"CDCA5","WDHD1",213
"CDCA5","WDR76",214
"CDCA5","ZFP36L2",215
"CDCA5","ZNF367",216
"CDCA5","ZWINT",217
"CDK1","ANLN",1
"CDK1","ANP32E",2
"CDK1","APITD1-CORT",3
"CDK1","ARPP21",4
"CDK1","ASF1B",5
"CDK1","ASPM",6
"CDK1","ATAD2",7
"CDK1","AURKA",8
"CDK1","AURKB",9
"CDK1","B3GNT2",10
"CDK1","BCAT1",11
"CDK1","BCL2L11",12
"CDK1","BIRC5",13
"CDK1","BMF",14
"CDK1","BRCA1",15
"CDK1","BRIP1",16
"CDK1","BTG1",17
"CDK1","BUB1",18
"CDK1","BUB1B",19
"CDK1","BYSL",20
"CDK1","C4orf46",21
"CDK1","CCDC34",22
"CDK1","CCDC86",23
"CDK1","CCNA2",24
"CDK1","CCNB1",25
"CDK1","CCNB2",26
"CDK1","CCNE2",27
"CDK1","CCNL1",28
"CDK1","CCR1",29
"CDK1","CD53",30
"CDK1","CDC20",31
"CDK1","CDC42EP3",32
"CDK1","CDC45",33
"CDK1","CDC6",34
"CDK1","CDCA2",35
"CDK1","CDCA3",36
"CDK1","CDCA5",37
"CDK1","CDK1",38
"CDK1","CDK6",39
"CDK1","CDKN3",40
"CDK1","CDT1",41
"CDK1","CELF2",42
"CDK1","CENPA",43
"CDK1","CENPE",44
"CDK1","CENPF",45
"CDK1","CENPH",46
"CDK1","CENPK",47
"CDK1","CENPN",48
"CDK1","CENPU",49
"CDK1","CENPV",50
"CDK1","CENPW",51
"CDK1","CEP55",52
"CDK1","CHEK1",53
"CDK1","CKAP2",54
"CDK1","CKAP2L",55
"CDK1","CKS1B",56
"CDK1","CLEC2B",57
"CDK1","CPM",58
"CDK1","CRNDE",59
"CDK1","DEFA1",60
"CDK1","DENND3",61
"CDK1","DEPDC1",62
"CDK1","DEPDC1B",63
"CDK1","DFNA5",64
"CDK1","DHFR",65
"CDK1","DHX9",66
"CDK1","DLGAP5",67
"CDK1","DPEP1",68
"CDK1","DSCC1",69
"CDK1","DTL",70
"CDK1","E2F7",71
"CDK1","E2F8",72
"CDK1","ECT2",73
"CDK1","EGR1",74
"CDK1","EMP1",75
"CDK1","FAM72C",76
"CDK1","FANCI",77
"CDK1","FCER1G",78
"CDK1","FCGR3B",79
"CDK1","FEN1",80
"CDK1","FGD2",81
"CDK1","FGR",82
"CDK1","FH",83
"CDK1","FOXM1",84
"CDK1","FUS",85
"CDK1","GBP4",86
"CDK1","GGH",87
"CDK1","GIMAP4",88
"CDK1","GIMAP7",89
"CDK1","GINS1",90
"CDK1","GINS2",91
"CDK1","GSN",92
"CDK1","HBB",93
"CDK1","HBG1",94
"CDK1","HELLS",95
"CDK1","HIST4H4",96
"CDK1","HJURP",97
"CDK1","HMMR",98
"CDK1","HRK",99
"CDK1","ID2",100
"CDK1","IFNGR1",101
"CDK1","IGH",102
"CDK1","IGLC1",103
"CDK1","IL1B",104
"CDK1","IL6ST",105
"CDK1","IQGAP3",106
"CDK1","IRAK3",107
"CDK1","ISG20",108
"CDK1","ITGAM",109
"CDK1","KIAA0101",110
"CDK1","KIF11",111
"CDK1","KIF14",112
"CDK1","KIF15",113
"CDK1","KIF18A",114
"CDK1","KIF18B",115
"CDK1","KIF20A",116
"CDK1","KIF23",117
"CDK1","KIF2C",118
"CDK1","KIF4A",119
"CDK1","KNL1",120
"CDK1","LILRB2",121
"CDK1","LOC100996643",122
"CDK1","LY96",123
"CDK1","LYZ",124
"CDK1","MAD2L1",125
"CDK1","MCM10",126
"CDK1","MCM4",127
"CDK1","MCM5",128
"CDK1","MCM7",129
"CDK1","MDK",130
"CDK1","MELK",131
"CDK1","METTL7A",132
"CDK1","MIR4683",133
"CDK1","MIR6845",134
"CDK1","MIR8071-1",135
"CDK1","MKI67",136
"CDK1","MND1",137
"CDK1","MS4A1",138
"CDK1","MS4A4A",139
"CDK1","MS4A7",140
"CDK1","MTHFD2",141
"CDK1","MTSS1",142
"CDK1","NCAPG",143
"CDK1","NCAPH",144
"CDK1","NEAT1",145
"CDK1","NEDD9",146
"CDK1","NEK2",147
"CDK1","NME1",148
"CDK1","NPCDR1",149
"CDK1","NUF2",150
"CDK1","NUSAP1",151
"CDK1","OIP5",152
"CDK1","P2RY14",153
"CDK1","PAICS",154
"CDK1","PBK",155
"CDK1","PCNA",156
"CDK1","PDE4B",157
"CDK1","PHF19",158
"CDK1","PIK3IP1",159
"CDK1","PLK4",160
"CDK1","POLE2",161
"CDK1","POLQ",162
"CDK1","POU4F1",163
"CDK1","PPIF",164
"CDK1","PPP1R16B",165
"CDK1","PRR11",166
"CDK1","PSPH",167
"CDK1","PTP4A1",168
"CDK1","PTTG1",169
"CDK1","RAD51",170
"CDK1","RAD51AP1",171
"CDK1","RBM14",172
"CDK1","RBMS3",173
"CDK1","RCC1",174
"CDK1","RFC3",175
"CDK1","RHOBTB3",176
"CDK1","RMI2",177
"CDK1","RNASET2",178
"CDK1","RRM2",179
"CDK1","S100A8",180
"CDK1","SCML4",181
"CDK1","SELENOI",182
"CDK1","SERPINA1",183
"CDK1","SERPINB9",184
"CDK1","SESN1",185
"CDK1","SHCBP1",186
"CDK1","SIK1",187
"CDK1","SKP2",188
"CDK1","SLC22A23",189
"CDK1","SMAP2",190
"CDK1","SMC2",191
"CDK1","SNORA21",192
"CDK1","SOS1",193
"CDK1","SQLE",194
"CDK1","STIL",195
"CDK1","SUV39H2",196
"CDK1","TARSL2",197
"CDK1","TBXA2R",198
"CDK1","TCF19",199
"CDK1","TIMELESS",200
"CDK1","TIPIN",201
"CDK1","TK1",202
"CDK1","TMEM97",203
"CDK1","TNFRSF21",204
"CDK1","TOP2A",205
"CDK1","TPX2",206
"CDK1","TRIP13",207
"CDK1","TTK",208
"CDK1","TXNIP",209
"CDK1","TYMS",210
"CDK1","UBE2C",211
"CDK1","UBE2T",212
"CDK1","WDHD1",213
"CDK1","WDR76",214
"CDK1","ZFP36L2",215
"CDK1","ZNF367",216
"CDK1","ZWINT",217
"CDK6","ABHD17B",1
"CDK6","B3GNT2",2
"CDK6","BCL2L11",3
"CDK6","CDK6",4
"CDK6","CPM",5
"CDK6","EMP1",6
"CDK6","GIMAP4",7
"CDK6","KLF9",8
"CDK6","LEF1",9
"CDK6","LGALS3",10
"CDK6","RAG1",11
"CDK6","RHOBTB3",12
"CDK6","SNORD3B-1",13
"CDK6","SNTB2",14
"CDK6","TRIB1",15
"CDK6","ZFP36L2",16
"CDKN3","ANLN",1
"CDKN3","ANP32E",2
"CDKN3","APITD1-CORT",3
"CDKN3","ARPP21",4
"CDKN3","ASF1B",5
"CDKN3","ASPM",6
"CDKN3","ATAD2",7
"CDKN3","AURKA",8
"CDKN3","AURKB",9
"CDKN3","B3GNT2",10
"CDKN3","BCAT1",11
"CDKN3","BCL2L11",12
"CDKN3","BIRC5",13
"CDKN3","BMF",14
"CDKN3","BRCA1",15
"CDKN3","BRIP1",16
"CDKN3","BTG1",17
"CDKN3","BUB1",18
"CDKN3","BUB1B",19
"CDKN3","BYSL",20
"CDKN3","C4orf46",21
"CDKN3","CCDC34",22
"CDKN3","CCDC86",23
"CDKN3","CCNA2",24
"CDKN3","CCNB1",25
"CDKN3","CCNB2",26
"CDKN3","CCNE2",27
"CDKN3","CCNL1",28
"CDKN3","CCR1",29
"CDKN3","CD53",30
"CDKN3","CDC20",31
"CDKN3","CDC42EP3",32
"CDKN3","CDC45",33
"CDKN3","CDC6",34
"CDKN3","CDCA2",35
"CDKN3","CDCA3",36
"CDKN3","CDCA5",37
"CDKN3","CDK1",38
"CDKN3","CDK6",39
"CDKN3","CDKN3",40
"CDKN3","CDT1",41
"CDKN3","CELF2",42
"CDKN3","CENPA",43
"CDKN3","CENPE",44
"CDKN3","CENPF",45
"CDKN3","CENPH",46
"CDKN3","CENPK",47
"CDKN3","CENPN",48
"CDKN3","CENPU",49
"CDKN3","CENPV",50
"CDKN3","CENPW",51
"CDKN3","CEP55",52
"CDKN3","CHEK1",53
"CDKN3","CKAP2",54
"CDKN3","CKAP2L",55
"CDKN3","CKS1B",56
"CDKN3","CLEC2B",57
"CDKN3","CPM",58
"CDKN3","CRNDE",59
"CDKN3","DEFA1",60
"CDKN3","DENND3",61
"CDKN3","DEPDC1",62
"CDKN3","DEPDC1B",63
"CDKN3","DFNA5",64
"CDKN3","DHFR",65
"CDKN3","DHX9",66
"CDKN3","DLGAP5",67
"CDKN3","DPEP1",68
"CDKN3","DSCC1",69
"CDKN3","DTL",70
"CDKN3","E2F7",71
"CDKN3","E2F8",72
"CDKN3","ECT2",73
"CDKN3","EGR1",74
"CDKN3","EMP1",75
"CDKN3","FAM72C",76
"CDKN3","FANCI",77
"CDKN3","FCER1G",78
"CDKN3","FCGR3B",79
"CDKN3","FEN1",80
"CDKN3","FGD2",81
"CDKN3","FGR",82
"CDKN3","FH",83
"CDKN3","FOXM1",84
"CDKN3","FUS",85
"CDKN3","GBP4",86
"CDKN3","GGH",87
"CDKN3","GIMAP4",88
"CDKN3","GIMAP7",89
"CDKN3","GINS1",90
"CDKN3","GINS2",91
"CDKN3","GSN",92
"CDKN3","HBB",93
"CDKN3","HBG1",94
"CDKN3","HELLS",95
"CDKN3","HIST4H4",96
"CDKN3","HJURP",97
"CDKN3","HMMR",98
"CDKN3","HRK",99
"CDKN3","ID2",100
"CDKN3","IFNGR1",101
"CDKN3","IGH",102
"CDKN3","IGLC1",103
"CDKN3","IL1B",104
"CDKN3","IL6ST",105
"CDKN3","IQGAP3",106
"CDKN3","IRAK3",107
"CDKN3","ISG20",108
"CDKN3","ITGAM",109
"CDKN3","KIAA0101",110
"CDKN3","KIF11",111
"CDKN3","KIF14",112
"CDKN3","KIF15",113
"CDKN3","KIF18A",114
"CDKN3","KIF18B",115
"CDKN3","KIF20A",116
"CDKN3","KIF23",117
"CDKN3","KIF2C",118
"CDKN3","KIF4A",119
"CDKN3","KNL1",120
"CDKN3","LILRB2",121
"CDKN3","LOC100996643",122
"CDKN3","LY96",123
"CDKN3","LYZ",124
"CDKN3","MAD2L1",125
"CDKN3","MCM10",126
"CDKN3","MCM4",127
"CDKN3","MCM5",128
"CDKN3","MCM7",129
"CDKN3","MDK",130
"CDKN3","MELK",131
"CDKN3","METTL7A",132
"CDKN3","MIR4683",133
"CDKN3","MIR6845",134
"CDKN3","MIR8071-1",135
"CDKN3","MKI67",136
"CDKN3","MND1",137
"CDKN3","MS4A1",138
"CDKN3","MS4A4A",139
"CDKN3","MS4A7",140
"CDKN3","MTHFD2",141
"CDKN3","MTSS1",142
"CDKN3","NCAPG",143
"CDKN3","NCAPH",144
"CDKN3","NEAT1",145
"CDKN3","NEDD9",146
"CDKN3","NEK2",147
"CDKN3","NME1",148
"CDKN3","NPCDR1",149
"CDKN3","NUF2",150
"CDKN3","NUSAP1",151
"CDKN3","OIP5",152
"CDKN3","P2RY14",153
"CDKN3","PAICS",154
"CDKN3","PBK",155
"CDKN3","PCNA",156
"CDKN3","PDE4B",157
"CDKN3","PHF19",158
"CDKN3","PIK3IP1",159
"CDKN3","PLK4",160
"CDKN3","POLE2",161
"CDKN3","POLQ",162
"CDKN3","POU4F1",163
"CDKN3","PPIF",164
"CDKN3","PPP1R16B",165
"CDKN3","PRR11",166
"CDKN3","PSPH",167
"CDKN3","PTP4A1",168
"CDKN3","PTTG1",169
"CDKN3","RAD51",170
"CDKN3","RAD51AP1",171
"CDKN3","RBM14",172
"CDKN3","RBMS3",173
"CDKN3","RCC1",174
"CDKN3","RFC3",175
"CDKN3","RHOBTB3",176
"CDKN3","RMI2",177
"CDKN3","RNASET2",178
"CDKN3","RRM2",179
"CDKN3","S100A8",180
"CDKN3","SCML4",181
"CDKN3","SELENOI",182
"CDKN3","SERPINA1",183
"CDKN3","SERPINB9",184
"CDKN3","SESN1",185
"CDKN3","SHCBP1",186
"CDKN3","SIK1",187
"CDKN3","SKP2",188
"CDKN3","SLC22A23",189
"CDKN3","SMAP2",190
"CDKN3","SMC2",191
"CDKN3","SNORA21",192
"CDKN3","SOS1",193
"CDKN3","SQLE",194
"CDKN3","STIL",195
"CDKN3","SUV39H2",196
"CDKN3","TARSL2",197
"CDKN3","TBXA2R",198
"CDKN3","TCF19",199
"CDKN3","TIMELESS",200
"CDKN3","TIPIN",201
"CDKN3","TK1",202
"CDKN3","TMEM97",203
"CDKN3","TNFRSF21",204
"CDKN3","TOP2A",205
"CDKN3","TPX2",206
"CDKN3","TRIP13",207
"CDKN3","TTK",208
"CDKN3","TXNIP",209
"CDKN3","TYMS",210
"CDKN3","UBE2C",211
"CDKN3","UBE2T",212
"CDKN3","WDHD1",213
"CDKN3","WDR76",214
"CDKN3","ZFP36L2",215
"CDKN3","ZNF367",216
"CDKN3","ZWINT",217
"CDT1","ANLN",1
"CDT1","ANP32E",2
"CDT1","APITD1-CORT",3
"CDT1","ASF1B",4
"CDT1","ASPM",5
"CDT1","ATAD2",6
"CDT1","AURKA",7
"CDT1","AURKB",8
"CDT1","BCAT1",9
"CDT1","BCL2L11",10
"CDT1","BIRC5",11
"CDT1","BMF",12
"CDT1","BRCA1",13
"CDT1","BRIP1",14
"CDT1","BTG1",15
"CDT1","BUB1",16
"CDT1","BUB1B",17
"CDT1","BYSL",18
"CDT1","C4orf46",19
"CDT1","CCDC34",20
"CDT1","CCDC86",21
"CDT1","CCNA2",22
"CDT1","CCNB1",23
"CDT1","CCNB2",24
"CDT1","CCNE2",25
"CDT1","CD53",26
"CDT1","CDC20",27
"CDT1","CDC42EP3",28
"CDT1","CDC45",29
"CDT1","CDC6",30
"CDT1","CDCA2",31
"CDT1","CDCA3",32
"CDT1","CDCA5",33
"CDT1","CDK1",34
"CDT1","CDKN3",35
"CDT1","CDT1",36
"CDT1","CELF2",37
"CDT1","CENPA",38
"CDT1","CENPE",39
"CDT1","CENPF",40
"CDT1","CENPH",41
"CDT1","CENPK",42
"CDT1","CENPN",43
"CDT1","CENPU",44
"CDT1","CENPV",45
"CDT1","CENPW",46
"CDT1","CEP55",47
"CDT1","CHEK1",48
"CDT1","CKAP2",49
"CDT1","CKAP2L",50
"CDT1","CKS1B",51
"CDT1","CLEC2B",52
"CDT1","CRNDE",53
"CDT1","DENND3",54
"CDT1","DEPDC1",55
"CDT1","DEPDC1B",56
"CDT1","DHFR",57
"CDT1","DHX9",58
"CDT1","DLGAP5",59
"CDT1","DPEP1",60
"CDT1","DSCC1",61
"CDT1","DTL",62
"CDT1","E2F7",63
"CDT1","E2F8",64
"CDT1","ECT2",65
"CDT1","FABP5",66
"CDT1","FAM72C",67
"CDT1","FANCI",68
"CDT1","FEN1",69
"CDT1","FH",70
"CDT1","FOXM1",71
"CDT1","FUS",72
"CDT1","GBP4",73
"CDT1","GGH",74
"CDT1","GIMAP4",75
"CDT1","GIMAP7",76
"CDT1","GINS1",77
"CDT1","GINS2",78
"CDT1","GVINP1",79
"CDT1","HBB",80
"CDT1","HELLS",81
"CDT1","HIST4H4",82
"CDT1","HJURP",83
"CDT1","HMMR",84
"CDT1","HSP90AB1",85
"CDT1","ID2",86
"CDT1","IFNGR1",87
"CDT1","IL18R1",88
"CDT1","IQGAP3",89
"CDT1","IRAK3",90
"CDT1","ISG20",91
"CDT1","KIAA0101",92
"CDT1","KIF11",93
"CDT1","KIF14",94
"CDT1","KIF15",95
"CDT1","KIF18A",96
"CDT1","KIF18B",97
"CDT1","KIF20A",98
"CDT1","KIF23",99
"CDT1","KIF2C",100
"CDT1","KIF4A",101
"CDT1","KNL1",102
"CDT1","LILRB2",103
"CDT1","LOC100996643",104
"CDT1","LYZ",105
"CDT1","MAD2L1",106
"CDT1","MCM10",107
"CDT1","MCM4",108
"CDT1","MCM5",109
"CDT1","MCM7",110
"CDT1","MDK",111
"CDT1","MELK",112
"CDT1","MIR6845",113
"CDT1","MIR8071-1",114
"CDT1","MKI67",115
"CDT1","MND1",116
"CDT1","MS4A4A",117
"CDT1","MTHFD2",118
"CDT1","MTSS1",119
"CDT1","NCAPG",120
"CDT1","NCAPH",121
"CDT1","NEAT1",122
"CDT1","NEDD9",123
"CDT1","NEK2",124
"CDT1","NME1",125
"CDT1","NPCDR1",126
"CDT1","NUF2",127
"CDT1","NUSAP1",128
"CDT1","OIP5",129
"CDT1","P2RY14",130
"CDT1","PAICS",131
"CDT1","PBK",132
"CDT1","PCNA",133
"CDT1","PDE4B",134
"CDT1","PHF19",135
"CDT1","PIK3IP1",136
"CDT1","PLK4",137
"CDT1","POLE2",138
"CDT1","POLQ",139
"CDT1","PPIF",140
"CDT1","PRR11",141
"CDT1","PTP4A1",142
"CDT1","PTTG1",143
"CDT1","RAD51",144
"CDT1","RAD51AP1",145
"CDT1","RBM14",146
"CDT1","RFC3",147
"CDT1","RMI2",148
"CDT1","RNASET2",149
"CDT1","RRM2",150
"CDT1","S100A8",151
"CDT1","SCML4",152
"CDT1","SELENOI",153
"CDT1","SERPINA1",154
"CDT1","SERPINB9",155
"CDT1","SESN1",156
"CDT1","SHCBP1",157
"CDT1","SIK1",158
"CDT1","SKP2",159
"CDT1","SMAP2",160
"CDT1","SMC2",161
"CDT1","SOS1",162
"CDT1","SQLE",163
"CDT1","STIL",164
"CDT1","SUV39H2",165
"CDT1","TARSL2",166
"CDT1","TBXA2R",167
"CDT1","TCF19",168
"CDT1","TENM4",169
"CDT1","TIMELESS",170
"CDT1","TIPIN",171
"CDT1","TK1",172
"CDT1","TMEM97",173
"CDT1","TNFRSF21",174
"CDT1","TOP2A",175
"CDT1","TPX2",176
"CDT1","TRIP13",177
"CDT1","TTK",178
"CDT1","TXNIP",179
"CDT1","TYMS",180
"CDT1","UBE2C",181
"CDT1","UBE2T",182
"CDT1","WDHD1",183
"CDT1","WDR76",184
"CDT1","ZNF367",185
"CDT1","ZWINT",186
"CELF2","ANLN",1
"CELF2","ANP32E",2
"CELF2","APITD1-CORT",3
"CELF2","ASF1B",4
"CELF2","ASPM",5
"CELF2","ATAD2",6
"CELF2","AURKA",7
"CELF2","AURKB",8
"CELF2","BCAT1",9
"CELF2","BIRC5",10
"CELF2","BRCA1",11
"CELF2","BRIP1",12
"CELF2","BTG1",13
"CELF2","BUB1",14
"CELF2","BUB1B",15
"CELF2","BYSL",16
"CELF2","C4orf46",17
"CELF2","C5orf24",18
"CELF2","CCDC34",19
"CELF2","CCDC86",20
"CELF2","CCNA2",21
"CELF2","CCNB1",22
"CELF2","CCNB2",23
"CELF2","CCNE2",24
"CELF2","CCNL1",25
"CELF2","CD53",26
"CELF2","CDC20",27
"CELF2","CDC45",28
"CELF2","CDC6",29
"CELF2","CDCA2",30
"CELF2","CDCA3",31
"CELF2","CDCA5",32
"CELF2","CDK1",33
"CELF2","CDKN3",34
"CELF2","CDT1",35
"CELF2","CELF2",36
"CELF2","CENPA",37
"CELF2","CENPE",38
"CELF2","CENPF",39
"CELF2","CENPH",40
"CELF2","CENPK",41
"CELF2","CENPN",42
"CELF2","CENPW",43
"CELF2","CEP55",44
"CELF2","CHEK1",45
"CELF2","CKAP2",46
"CELF2","CKAP2L",47
"CELF2","CKS1B",48
"CELF2","CLEC2B",49
"CELF2","CPM",50
"CELF2","CRNDE",51
"CELF2","DDIT4",52
"CELF2","DEPDC1",53
"CELF2","DEPDC1B",54
"CELF2","DFNA5",55
"CELF2","DHFR",56
"CELF2","DHX9",57
"CELF2","DLGAP5",58
"CELF2","DSCC1",59
"CELF2","DTL",60
"CELF2","E2F8",61
"CELF2","ECT2",62
"CELF2","EGR1",63
"CELF2","FABP5",64
"CELF2","FAM72C",65
"CELF2","FANCI",66
"CELF2","FCER1G",67
"CELF2","FCGR3B",68
"CELF2","FEN1",69
"CELF2","FGR",70
"CELF2","FH",71
"CELF2","FOXM1",72
"CELF2","GBP4",73
"CELF2","GGH",74
"CELF2","GINS1",75
"CELF2","GINS2",76
"CELF2","HELLS",77
"CELF2","HIST4H4",78
"CELF2","HJURP",79
"CELF2","HMMR",80
"CELF2","HSP90AB1",81
"CELF2","IGLL1",82
"CELF2","IQGAP3",83
"CELF2","ISG20",84
"CELF2","KCNK12",85
"CELF2","KIAA0101",86
"CELF2","KIF11",87
"CELF2","KIF14",88
"CELF2","KIF15",89
"CELF2","KIF18A",90
"CELF2","KIF18B",91
"CELF2","KIF20A",92
"CELF2","KIF23",93
"CELF2","KIF2C",94
"CELF2","KIF4A",95
"CELF2","KNL1",96
"CELF2","LGALS3",97
"CELF2","LOC100130872",98
"CELF2","LOC100996643",99
"CELF2","LOC728175",100
"CELF2","LYZ",101
"CELF2","MAD2L1",102
"CELF2","MCM10",103
"CELF2","MCM4",104
"CELF2","MCM5",105
"CELF2","MCM7",106
"CELF2","MDK",107
"CELF2","MELK",108
"CELF2","MIR6845",109
"CELF2","MIR8071-1",110
"CELF2","MKI67",111
"CELF2","MND1",112
"CELF2","MNDA",113
"CELF2","MPV17L",114
"CELF2","NCAPG",115
"CELF2","NCAPH",116
"CELF2","NEDD9",117
"CELF2","NEK2",118
"CELF2","NME1",119
"CELF2","NUF2",120
"CELF2","NUSAP1",121
"CELF2","OIP5",122
"CELF2","P2RX5",123
"CELF2","PAICS",124
"CELF2","PBK",125
"CELF2","PCNA",126
"CELF2","PHF19",127
"CELF2","PLK4",128
"CELF2","POLE2",129
"CELF2","POLQ",130
"CELF2","PPIF",131
"CELF2","PPP1R16B",132
"CELF2","PRR11",133
"CELF2","PSPH",134
"CELF2","PTP4A1",135
"CELF2","PTTG1",136
"CELF2","RAD51",137
"CELF2","RCC1",138
"CELF2","RFC3",139
"CELF2","RMI2",140
"CELF2","RRM2",141
"CELF2","S100A8",142
"CELF2","SELENOI",143
"CELF2","SESN1",144
"CELF2","SHCBP1",145
"CELF2","SKP2",146
"CELF2","SMAP2",147
"CELF2","SMC2",148
"CELF2","SNX29P2",149
"CELF2","SQLE",150
"CELF2","STIL",151
"CELF2","SUV39H2",152
"CELF2","TCF19",153
"CELF2","TIMELESS",154
"CELF2","TIPIN",155
"CELF2","TK1",156
"CELF2","TMEM97",157
"CELF2","TOP2A",158
"CELF2","TPX2",159
"CELF2","TRIP13",160
"CELF2","TTK",161
"CELF2","TXNIP",162
"CELF2","TYMS",163
"CELF2","UBE2C",164
"CELF2","UBE2T",165
"CELF2","WDHD1",166
"CELF2","WDR76",167
"CELF2","ZNF367",168
"CELF2","ZWINT",169
"CENPA","ANLN",1
"CENPA","ANP32E",2
"CENPA","APITD1-CORT",3
"CENPA","ARPP21",4
"CENPA","ASF1B",5
"CENPA","ASPM",6
"CENPA","ATAD2",7
"CENPA","AURKA",8
"CENPA","AURKB",9
"CENPA","B3GNT2",10
"CENPA","BCAT1",11
"CENPA","BCL2L11",12
"CENPA","BIRC5",13
"CENPA","BMF",14
"CENPA","BRCA1",15
"CENPA","BRIP1",16
"CENPA","BTG1",17
"CENPA","BUB1",18
"CENPA","BUB1B",19
"CENPA","BYSL",20
"CENPA","C4orf46",21
"CENPA","CCDC34",22
"CENPA","CCDC86",23
"CENPA","CCNA2",24
"CENPA","CCNB1",25
"CENPA","CCNB2",26
"CENPA","CCNE2",27
"CENPA","CCNL1",28
"CENPA","CCR1",29
"CENPA","CD53",30
"CENPA","CDC20",31
"CENPA","CDC42EP3",32
"CENPA","CDC45",33
"CENPA","CDC6",34
"CENPA","CDCA2",35
"CENPA","CDCA3",36
"CENPA","CDCA5",37
"CENPA","CDK1",38
"CENPA","CDK6",39
"CENPA","CDKN3",40
"CENPA","CDT1",41
"CENPA","CELF2",42
"CENPA","CENPA",43
"CENPA","CENPE",44
"CENPA","CENPF",45
"CENPA","CENPH",46
"CENPA","CENPK",47
"CENPA","CENPN",48
"CENPA","CENPU",49
"CENPA","CENPV",50
"CENPA","CENPW",51
"CENPA","CEP55",52
"CENPA","CHEK1",53
"CENPA","CKAP2",54
"CENPA","CKAP2L",55
"CENPA","CKS1B",56
"CENPA","CLEC2B",57
"CENPA","CPM",58
"CENPA","CRNDE",59
"CENPA","DEFA1",60
"CENPA","DENND3",61
"CENPA","DEPDC1",62
"CENPA","DEPDC1B",63
"CENPA","DFNA5",64
"CENPA","DHFR",65
"CENPA","DHX9",66
"CENPA","DLGAP5",67
"CENPA","DPEP1",68
"CENPA","DSCC1",69
"CENPA","DTL",70
"CENPA","E2F7",71
"CENPA","E2F8",72
"CENPA","ECT2",73
"CENPA","EGR1",74
"CENPA","EMP1",75
"CENPA","FAM72C",76
"CENPA","FANCI",77
"CENPA","FCER1G",78
"CENPA","FCGR3B",79
"CENPA","FEN1",80
"CENPA","FGD2",81
"CENPA","FGR",82
"CENPA","FH",83
"CENPA","FOXM1",84
"CENPA","FUS",85
"CENPA","GBP4",86
"CENPA","GGH",87
"CENPA","GIMAP4",88
"CENPA","GIMAP7",89
"CENPA","GINS1",90
"CENPA","GINS2",91
"CENPA","GSN",92
"CENPA","HBB",93
"CENPA","HBG1",94
"CENPA","HELLS",95
"CENPA","HIST4H4",96
"CENPA","HJURP",97
"CENPA","HMMR",98
"CENPA","HRK",99
"CENPA","ID2",100
"CENPA","IFNGR1",101
"CENPA","IGH",102
"CENPA","IGLC1",103
"CENPA","IL1B",104
"CENPA","IL6ST",105
"CENPA","IQGAP3",106
"CENPA","IRAK3",107
"CENPA","ISG20",108
"CENPA","ITGAM",109
"CENPA","KIAA0101",110
"CENPA","KIF11",111
"CENPA","KIF14",112
"CENPA","KIF15",113
"CENPA","KIF18A",114
"CENPA","KIF18B",115
"CENPA","KIF20A",116
"CENPA","KIF23",117
"CENPA","KIF2C",118
"CENPA","KIF4A",119
"CENPA","KNL1",120
"CENPA","LILRB2",121
"CENPA","LOC100996643",122
"CENPA","LY96",123
"CENPA","LYZ",124
"CENPA","MAD2L1",125
"CENPA","MCM10",126
"CENPA","MCM4",127
"CENPA","MCM5",128
"CENPA","MCM7",129
"CENPA","MDK",130
"CENPA","MELK",131
"CENPA","METTL7A",132
"CENPA","MIR4683",133
"CENPA","MIR6845",134
"CENPA","MIR8071-1",135
"CENPA","MKI67",136
"CENPA","MND1",137
"CENPA","MS4A1",138
"CENPA","MS4A4A",139
"CENPA","MS4A7",140
"CENPA","MTHFD2",141
"CENPA","MTSS1",142
"CENPA","NCAPG",143
"CENPA","NCAPH",144
"CENPA","NEAT1",145
"CENPA","NEDD9",146
"CENPA","NEK2",147
"CENPA","NME1",148
"CENPA","NPCDR1",149
"CENPA","NUF2",150
"CENPA","NUSAP1",151
"CENPA","OIP5",152
"CENPA","P2RY14",153
"CENPA","PAICS",154
"CENPA","PBK",155
"CENPA","PCNA",156
"CENPA","PDE4B",157
"CENPA","PHF19",158
"CENPA","PIK3IP1",159
"CENPA","PLK4",160
"CENPA","POLE2",161
"CENPA","POLQ",162
"CENPA","POU4F1",163
"CENPA","PPIF",164
"CENPA","PPP1R16B",165
"CENPA","PRR11",166
"CENPA","PSPH",167
"CENPA","PTP4A1",168
"CENPA","PTTG1",169
"CENPA","RAD51",170
"CENPA","RAD51AP1",171
"CENPA","RBM14",172
"CENPA","RBMS3",173
"CENPA","RCC1",174
"CENPA","RFC3",175
"CENPA","RHOBTB3",176
"CENPA","RMI2",177
"CENPA","RNASET2",178
"CENPA","RRM2",179
"CENPA","S100A8",180
"CENPA","SCML4",181
"CENPA","SELENOI",182
"CENPA","SERPINA1",183
"CENPA","SERPINB9",184
"CENPA","SESN1",185
"CENPA","SHCBP1",186
"CENPA","SIK1",187
"CENPA","SKP2",188
"CENPA","SLC22A23",189
"CENPA","SMAP2",190
"CENPA","SMC2",191
"CENPA","SNORA21",192
"CENPA","SOS1",193
"CENPA","SQLE",194
"CENPA","STIL",195
"CENPA","SUV39H2",196
"CENPA","TARSL2",197
"CENPA","TBXA2R",198
"CENPA","TCF19",199
"CENPA","TIMELESS",200
"CENPA","TIPIN",201
"CENPA","TK1",202
"CENPA","TMEM97",203
"CENPA","TNFRSF21",204
"CENPA","TOP2A",205
"CENPA","TPX2",206
"CENPA","TRIP13",207
"CENPA","TTK",208
"CENPA","TXNIP",209
"CENPA","TYMS",210
"CENPA","UBE2C",211
"CENPA","UBE2T",212
"CENPA","WDHD1",213
"CENPA","WDR76",214
"CENPA","ZFP36L2",215
"CENPA","ZNF367",216
"CENPA","ZWINT",217
"CENPE","ANLN",1
"CENPE","ANP32E",2
"CENPE","APITD1-CORT",3
"CENPE","ARPP21",4
"CENPE","ASF1B",5
"CENPE","ASPM",6
"CENPE","ATAD2",7
"CENPE","AURKA",8
"CENPE","AURKB",9
"CENPE","B3GNT2",10
"CENPE","BCAT1",11
"CENPE","BCL2L11",12
"CENPE","BIRC5",13
"CENPE","BMF",14
"CENPE","BRCA1",15
"CENPE","BRIP1",16
"CENPE","BTG1",17
"CENPE","BUB1",18
"CENPE","BUB1B",19
"CENPE","BYSL",20
"CENPE","C4orf46",21
"CENPE","CCDC34",22
"CENPE","CCDC86",23
"CENPE","CCNA2",24
"CENPE","CCNB1",25
"CENPE","CCNB2",26
"CENPE","CCNE2",27
"CENPE","CCNL1",28
"CENPE","CCR1",29
"CENPE","CD53",30
"CENPE","CDC20",31
"CENPE","CDC42EP3",32
"CENPE","CDC45",33
"CENPE","CDC6",34
"CENPE","CDCA2",35
"CENPE","CDCA3",36
"CENPE","CDCA5",37
"CENPE","CDK1",38
"CENPE","CDK6",39
"CENPE","CDKN3",40
"CENPE","CDT1",41
"CENPE","CELF2",42
"CENPE","CENPA",43
"CENPE","CENPE",44
"CENPE","CENPF",45
"CENPE","CENPH",46
"CENPE","CENPK",47
"CENPE","CENPN",48
"CENPE","CENPU",49
"CENPE","CENPV",50
"CENPE","CENPW",51
"CENPE","CEP55",52
"CENPE","CHEK1",53
"CENPE","CKAP2",54
"CENPE","CKAP2L",55
"CENPE","CKS1B",56
"CENPE","CLEC2B",57
"CENPE","CPM",58
"CENPE","CRNDE",59
"CENPE","DEFA1",60
"CENPE","DENND3",61
"CENPE","DEPDC1",62
"CENPE","DEPDC1B",63
"CENPE","DFNA5",64
"CENPE","DHFR",65
"CENPE","DHX9",66
"CENPE","DLGAP5",67
"CENPE","DPEP1",68
"CENPE","DSCC1",69
"CENPE","DTL",70
"CENPE","E2F7",71
"CENPE","E2F8",72
"CENPE","ECT2",73
"CENPE","EGR1",74
"CENPE","EMP1",75
"CENPE","FAM72C",76
"CENPE","FANCI",77
"CENPE","FCER1G",78
"CENPE","FCGR3B",79
"CENPE","FEN1",80
"CENPE","FGD2",81
"CENPE","FGR",82
"CENPE","FH",83
"CENPE","FOXM1",84
"CENPE","FUS",85
"CENPE","GBP4",86
"CENPE","GGH",87
"CENPE","GIMAP4",88
"CENPE","GIMAP7",89
"CENPE","GINS1",90
"CENPE","GINS2",91
"CENPE","GSN",92
"CENPE","HBB",93
"CENPE","HBG1",94
"CENPE","HELLS",95
"CENPE","HIST4H4",96
"CENPE","HJURP",97
"CENPE","HMMR",98
"CENPE","HRK",99
"CENPE","ID2",100
"CENPE","IFNGR1",101
"CENPE","IGH",102
"CENPE","IGLC1",103
"CENPE","IL1B",104
"CENPE","IL6ST",105
"CENPE","IQGAP3",106
"CENPE","IRAK3",107
"CENPE","ISG20",108
"CENPE","ITGAM",109
"CENPE","KIAA0101",110
"CENPE","KIF11",111
"CENPE","KIF14",112
"CENPE","KIF15",113
"CENPE","KIF18A",114
"CENPE","KIF18B",115
"CENPE","KIF20A",116
"CENPE","KIF23",117
"CENPE","KIF2C",118
"CENPE","KIF4A",119
"CENPE","KNL1",120
"CENPE","LILRB2",121
"CENPE","LOC100996643",122
"CENPE","LY96",123
"CENPE","LYZ",124
"CENPE","MAD2L1",125
"CENPE","MCM10",126
"CENPE","MCM4",127
"CENPE","MCM5",128
"CENPE","MCM7",129
"CENPE","MDK",130
"CENPE","MELK",131
"CENPE","METTL7A",132
"CENPE","MIR4683",133
"CENPE","MIR6845",134
"CENPE","MIR8071-1",135
"CENPE","MKI67",136
"CENPE","MND1",137
"CENPE","MS4A1",138
"CENPE","MS4A4A",139
"CENPE","MS4A7",140
"CENPE","MTHFD2",141
"CENPE","MTSS1",142
"CENPE","NCAPG",143
"CENPE","NCAPH",144
"CENPE","NEAT1",145
"CENPE","NEDD9",146
"CENPE","NEK2",147
"CENPE","NME1",148
"CENPE","NPCDR1",149
"CENPE","NUF2",150
"CENPE","NUSAP1",151
"CENPE","OIP5",152
"CENPE","P2RY14",153
"CENPE","PAICS",154
"CENPE","PBK",155
"CENPE","PCNA",156
"CENPE","PDE4B",157
"CENPE","PHF19",158
"CENPE","PIK3IP1",159
"CENPE","PLK4",160
"CENPE","POLE2",161
"CENPE","POLQ",162
"CENPE","POU4F1",163
"CENPE","PPIF",164
"CENPE","PPP1R16B",165
"CENPE","PRR11",166
"CENPE","PSPH",167
"CENPE","PTP4A1",168
"CENPE","PTTG1",169
"CENPE","RAD51",170
"CENPE","RAD51AP1",171
"CENPE","RBM14",172
"CENPE","RBMS3",173
"CENPE","RCC1",174
"CENPE","RFC3",175
"CENPE","RHOBTB3",176
"CENPE","RMI2",177
"CENPE","RNASET2",178
"CENPE","RRM2",179
"CENPE","S100A8",180
"CENPE","SCML4",181
"CENPE","SELENOI",182
"CENPE","SERPINA1",183
"CENPE","SERPINB9",184
"CENPE","SESN1",185
"CENPE","SHCBP1",186
"CENPE","SIK1",187
"CENPE","SKP2",188
"CENPE","SLC22A23",189
"CENPE","SMAP2",190
"CENPE","SMC2",191
"CENPE","SNORA21",192
"CENPE","SOS1",193
"CENPE","SQLE",194
"CENPE","STIL",195
"CENPE","SUV39H2",196
"CENPE","TARSL2",197
"CENPE","TBXA2R",198
"CENPE","TCF19",199
"CENPE","TIMELESS",200
"CENPE","TIPIN",201
"CENPE","TK1",202
"CENPE","TMEM97",203
"CENPE","TNFRSF21",204
"CENPE","TOP2A",205
"CENPE","TPX2",206
"CENPE","TRIP13",207
"CENPE","TTK",208
"CENPE","TXNIP",209
"CENPE","TYMS",210
"CENPE","UBE2C",211
"CENPE","UBE2T",212
"CENPE","WDHD1",213
"CENPE","WDR76",214
"CENPE","ZFP36L2",215
"CENPE","ZNF367",216
"CENPE","ZWINT",217
"CENPF","ANLN",1
"CENPF","ANP32E",2
"CENPF","APITD1-CORT",3
"CENPF","ARPP21",4
"CENPF","ASF1B",5
"CENPF","ASPM",6
"CENPF","ATAD2",7
"CENPF","AURKA",8
"CENPF","AURKB",9
"CENPF","B3GNT2",10
"CENPF","BCAT1",11
"CENPF","BCL2L11",12
"CENPF","BIRC5",13
"CENPF","BMF",14
"CENPF","BRCA1",15
"CENPF","BRIP1",16
"CENPF","BTG1",17
"CENPF","BUB1",18
"CENPF","BUB1B",19
"CENPF","BYSL",20
"CENPF","C4orf46",21
"CENPF","CCDC34",22
"CENPF","CCDC86",23
"CENPF","CCNA2",24
"CENPF","CCNB1",25
"CENPF","CCNB2",26
"CENPF","CCNE2",27
"CENPF","CCNL1",28
"CENPF","CCR1",29
"CENPF","CD53",30
"CENPF","CDC20",31
"CENPF","CDC42EP3",32
"CENPF","CDC45",33
"CENPF","CDC6",34
"CENPF","CDCA2",35
"CENPF","CDCA3",36
"CENPF","CDCA5",37
"CENPF","CDK1",38
"CENPF","CDK6",39
"CENPF","CDKN3",40
"CENPF","CDT1",41
"CENPF","CELF2",42
"CENPF","CENPA",43
"CENPF","CENPE",44
"CENPF","CENPF",45
"CENPF","CENPH",46
"CENPF","CENPK",47
"CENPF","CENPN",48
"CENPF","CENPU",49
"CENPF","CENPV",50
"CENPF","CENPW",51
"CENPF","CEP55",52
"CENPF","CHEK1",53
"CENPF","CKAP2",54
"CENPF","CKAP2L",55
"CENPF","CKS1B",56
"CENPF","CLEC2B",57
"CENPF","CPM",58
"CENPF","CRNDE",59
"CENPF","DEFA1",60
"CENPF","DENND3",61
"CENPF","DEPDC1",62
"CENPF","DEPDC1B",63
"CENPF","DFNA5",64
"CENPF","DHFR",65
"CENPF","DHX9",66
"CENPF","DLGAP5",67
"CENPF","DPEP1",68
"CENPF","DSCC1",69
"CENPF","DTL",70
"CENPF","E2F7",71
"CENPF","E2F8",72
"CENPF","ECT2",73
"CENPF","EGR1",74
"CENPF","EMP1",75
"CENPF","FAM72C",76
"CENPF","FANCI",77
"CENPF","FCER1G",78
"CENPF","FCGR3B",79
"CENPF","FEN1",80
"CENPF","FGD2",81
"CENPF","FGR",82
"CENPF","FH",83
"CENPF","FOXM1",84
"CENPF","FUS",85
"CENPF","GBP4",86
"CENPF","GGH",87
"CENPF","GIMAP4",88
"CENPF","GIMAP7",89
"CENPF","GINS1",90
"CENPF","GINS2",91
"CENPF","GSN",92
"CENPF","HBB",93
"CENPF","HBG1",94
"CENPF","HELLS",95
"CENPF","HIST4H4",96
"CENPF","HJURP",97
"CENPF","HMMR",98
"CENPF","HRK",99
"CENPF","ID2",100
"CENPF","IFNGR1",101
"CENPF","IGH",102
"CENPF","IGLC1",103
"CENPF","IL1B",104
"CENPF","IL6ST",105
"CENPF","IQGAP3",106
"CENPF","IRAK3",107
"CENPF","ISG20",108
"CENPF","ITGAM",109
"CENPF","KIAA0101",110
"CENPF","KIF11",111
"CENPF","KIF14",112
"CENPF","KIF15",113
"CENPF","KIF18A",114
"CENPF","KIF18B",115
"CENPF","KIF20A",116
"CENPF","KIF23",117
"CENPF","KIF2C",118
"CENPF","KIF4A",119
"CENPF","KNL1",120
"CENPF","LILRB2",121
"CENPF","LOC100996643",122
"CENPF","LY96",123
"CENPF","LYZ",124
"CENPF","MAD2L1",125
"CENPF","MCM10",126
"CENPF","MCM4",127
"CENPF","MCM5",128
"CENPF","MCM7",129
"CENPF","MDK",130
"CENPF","MELK",131
"CENPF","METTL7A",132
"CENPF","MIR4683",133
"CENPF","MIR6845",134
"CENPF","MIR8071-1",135
"CENPF","MKI67",136
"CENPF","MND1",137
"CENPF","MS4A1",138
"CENPF","MS4A4A",139
"CENPF","MS4A7",140
"CENPF","MTHFD2",141
"CENPF","MTSS1",142
"CENPF","NCAPG",143
"CENPF","NCAPH",144
"CENPF","NEAT1",145
"CENPF","NEDD9",146
"CENPF","NEK2",147
"CENPF","NME1",148
"CENPF","NPCDR1",149
"CENPF","NUF2",150
"CENPF","NUSAP1",151
"CENPF","OIP5",152
"CENPF","P2RY14",153
"CENPF","PAICS",154
"CENPF","PBK",155
"CENPF","PCNA",156
"CENPF","PDE4B",157
"CENPF","PHF19",158
"CENPF","PIK3IP1",159
"CENPF","PLK4",160
"CENPF","POLE2",161
"CENPF","POLQ",162
"CENPF","POU4F1",163
"CENPF","PPIF",164
"CENPF","PPP1R16B",165
"CENPF","PRR11",166
"CENPF","PSPH",167
"CENPF","PTP4A1",168
"CENPF","PTTG1",169
"CENPF","RAD51",170
"CENPF","RAD51AP1",171
"CENPF","RBM14",172
"CENPF","RBMS3",173
"CENPF","RCC1",174
"CENPF","RFC3",175
"CENPF","RHOBTB3",176
"CENPF","RMI2",177
"CENPF","RNASET2",178
"CENPF","RRM2",179
"CENPF","S100A8",180
"CENPF","SCML4",181
"CENPF","SELENOI",182
"CENPF","SERPINA1",183
"CENPF","SERPINB9",184
"CENPF","SESN1",185
"CENPF","SHCBP1",186
"CENPF","SIK1",187
"CENPF","SKP2",188
"CENPF","SLC22A23",189
"CENPF","SMAP2",190
"CENPF","SMC2",191
"CENPF","SNORA21",192
"CENPF","SOS1",193
"CENPF","SQLE",194
"CENPF","STIL",195
"CENPF","SUV39H2",196
"CENPF","TARSL2",197
"CENPF","TBXA2R",198
"CENPF","TCF19",199
"CENPF","TIMELESS",200
"CENPF","TIPIN",201
"CENPF","TK1",202
"CENPF","TMEM97",203
"CENPF","TNFRSF21",204
"CENPF","TOP2A",205
"CENPF","TPX2",206
"CENPF","TRIP13",207
"CENPF","TTK",208
"CENPF","TXNIP",209
"CENPF","TYMS",210
"CENPF","UBE2C",211
"CENPF","UBE2T",212
"CENPF","WDHD1",213
"CENPF","WDR76",214
"CENPF","ZFP36L2",215
"CENPF","ZNF367",216
"CENPF","ZWINT",217
"CENPH","ANLN",1
"CENPH","ANP32E",2
"CENPH","APITD1-CORT",3
"CENPH","ASF1B",4
"CENPH","ASPM",5
"CENPH","ATAD2",6
"CENPH","AURKA",7
"CENPH","AURKB",8
"CENPH","B3GNT2",9
"CENPH","BCAT1",10
"CENPH","BCL2L11",11
"CENPH","BIRC5",12
"CENPH","BMF",13
"CENPH","BRCA1",14
"CENPH","BRIP1",15
"CENPH","BTG1",16
"CENPH","BUB1",17
"CENPH","BUB1B",18
"CENPH","BYSL",19
"CENPH","C4orf46",20
"CENPH","CCDC34",21
"CENPH","CCDC86",22
"CENPH","CCNA2",23
"CENPH","CCNB1",24
"CENPH","CCNB2",25
"CENPH","CCNE2",26
"CENPH","CD53",27
"CENPH","CDC20",28
"CENPH","CDC42EP3",29
"CENPH","CDC45",30
"CENPH","CDC6",31
"CENPH","CDCA2",32
"CENPH","CDCA3",33
"CENPH","CDCA5",34
"CENPH","CDK1",35
"CENPH","CDKN3",36
"CENPH","CDT1",37
"CENPH","CELF2",38
"CENPH","CENPA",39
"CENPH","CENPE",40
"CENPH","CENPF",41
"CENPH","CENPH",42
"CENPH","CENPK",43
"CENPH","CENPN",44
"CENPH","CENPU",45
"CENPH","CENPV",46
"CENPH","CENPW",47
"CENPH","CEP55",48
"CENPH","CHEK1",49
"CENPH","CKAP2",50
"CENPH","CKAP2L",51
"CENPH","CKS1B",52
"CENPH","CLEC2B",53
"CENPH","CRNDE",54
"CENPH","DENND3",55
"CENPH","DEPDC1",56
"CENPH","DEPDC1B",57
"CENPH","DFNA5",58
"CENPH","DHFR",59
"CENPH","DHX9",60
"CENPH","DLGAP5",61
"CENPH","DPEP1",62
"CENPH","DSCC1",63
"CENPH","DTL",64
"CENPH","E2F7",65
"CENPH","E2F8",66
"CENPH","ECT2",67
"CENPH","EGR1",68
"CENPH","EMP1",69
"CENPH","FAM72C",70
"CENPH","FANCI",71
"CENPH","FEN1",72
"CENPH","FGR",73
"CENPH","FH",74
"CENPH","FOXM1",75
"CENPH","FUS",76
"CENPH","GBP4",77
"CENPH","GGH",78
"CENPH","GIMAP4",79
"CENPH","GIMAP7",80
"CENPH","GINS1",81
"CENPH","GINS2",82
"CENPH","GSN",83
"CENPH","HBB",84
"CENPH","HBG1",85
"CENPH","HELLS",86
"CENPH","HIST4H4",87
"CENPH","HJURP",88
"CENPH","HMMR",89
"CENPH","HRK",90
"CENPH","ID2",91
"CENPH","IFNGR1",92
"CENPH","IGH",93
"CENPH","IGLC1",94
"CENPH","IL1B",95
"CENPH","IQGAP3",96
"CENPH","IRAK3",97
"CENPH","ISG20",98
"CENPH","ITGAM",99
"CENPH","KIAA0101",100
"CENPH","KIF11",101
"CENPH","KIF14",102
"CENPH","KIF15",103
"CENPH","KIF18A",104
"CENPH","KIF18B",105
"CENPH","KIF20A",106
"CENPH","KIF23",107
"CENPH","KIF2C",108
"CENPH","KIF4A",109
"CENPH","KNL1",110
"CENPH","LILRB2",111
"CENPH","LOC100996643",112
"CENPH","LYZ",113
"CENPH","MAD2L1",114
"CENPH","MCM10",115
"CENPH","MCM4",116
"CENPH","MCM5",117
"CENPH","MCM7",118
"CENPH","MDK",119
"CENPH","MELK",120
"CENPH","MIR4683",121
"CENPH","MIR6845",122
"CENPH","MIR8071-1",123
"CENPH","MKI67",124
"CENPH","MND1",125
"CENPH","MS4A1",126
"CENPH","MS4A4A",127
"CENPH","MS4A7",128
"CENPH","MTHFD2",129
"CENPH","MTSS1",130
"CENPH","NCAPG",131
"CENPH","NCAPH",132
"CENPH","NEAT1",133
"CENPH","NEDD9",134
"CENPH","NEK2",135
"CENPH","NME1",136
"CENPH","NPCDR1",137
"CENPH","NUF2",138
"CENPH","NUSAP1",139
"CENPH","OIP5",140
"CENPH","P2RX5",141
"CENPH","P2RY14",142
"CENPH","PAICS",143
"CENPH","PBK",144
"CENPH","PCNA",145
"CENPH","PDE4B",146
"CENPH","PHF19",147
"CENPH","PIK3IP1",148
"CENPH","PLK4",149
"CENPH","POLE2",150
"CENPH","POLQ",151
"CENPH","PPIF",152
"CENPH","PPP1R16B",153
"CENPH","PRR11",154
"CENPH","PSPH",155
"CENPH","PTTG1",156
"CENPH","RAD51",157
"CENPH","RAD51AP1",158
"CENPH","RBM14",159
"CENPH","RCC1",160
"CENPH","RFC3",161
"CENPH","RHOBTB3",162
"CENPH","RMI2",163
"CENPH","RNASET2",164
"CENPH","RRM2",165
"CENPH","S100A8",166
"CENPH","SCML4",167
"CENPH","SELENOI",168
"CENPH","SERPINA1",169
"CENPH","SERPINB9",170
"CENPH","SESN1",171
"CENPH","SHCBP1",172
"CENPH","SKP2",173
"CENPH","SLC22A23",174
"CENPH","SMAP2",175
"CENPH","SMC2",176
"CENPH","SOS1",177
"CENPH","SQLE",178
"CENPH","STIL",179
"CENPH","SUV39H2",180
"CENPH","TARSL2",181
"CENPH","TBXA2R",182
"CENPH","TCF19",183
"CENPH","TIMELESS",184
"CENPH","TIPIN",185
"CENPH","TK1",186
"CENPH","TMEM97",187
"CENPH","TOP2A",188
"CENPH","TPX2",189
"CENPH","TRIP13",190
"CENPH","TTK",191
"CENPH","TXNIP",192
"CENPH","TYMS",193
"CENPH","UBE2C",194
"CENPH","UBE2T",195
"CENPH","WDHD1",196
"CENPH","WDR76",197
"CENPH","ZFP36L2",198
"CENPH","ZNF367",199
"CENPH","ZWINT",200
"CENPK","ANLN",1
"CENPK","ANP32E",2
"CENPK","APITD1-CORT",3
"CENPK","ASF1B",4
"CENPK","ASPM",5
"CENPK","ATAD2",6
"CENPK","AURKA",7
"CENPK","AURKB",8
"CENPK","B3GNT2",9
"CENPK","BCL2L11",10
"CENPK","BIRC5",11
"CENPK","BMF",12
"CENPK","BRCA1",13
"CENPK","BRIP1",14
"CENPK","BTG1",15
"CENPK","BUB1",16
"CENPK","BUB1B",17
"CENPK","C4orf46",18
"CENPK","CCDC34",19
"CENPK","CCDC86",20
"CENPK","CCNA2",21
"CENPK","CCNB1",22
"CENPK","CCNB2",23
"CENPK","CCNE2",24
"CENPK","CCR1",25
"CENPK","CD53",26
"CENPK","CDC20",27
"CENPK","CDC42EP3",28
"CENPK","CDC45",29
"CENPK","CDC6",30
"CENPK","CDCA2",31
"CENPK","CDCA3",32
"CENPK","CDCA5",33
"CENPK","CDK1",34
"CENPK","CDKN3",35
"CENPK","CDT1",36
"CENPK","CENPA",37
"CENPK","CENPE",38
"CENPK","CENPF",39
"CENPK","CENPH",40
"CENPK","CENPK",41
"CENPK","CENPN",42
"CENPK","CENPU",43
"CENPK","CENPV",44
"CENPK","CENPW",45
"CENPK","CEP55",46
"CENPK","CHEK1",47
"CENPK","CKAP2",48
"CENPK","CKAP2L",49
"CENPK","CKS1B",50
"CENPK","CLEC2B",51
"CENPK","CPM",52
"CENPK","CRNDE",53
"CENPK","DDIT4",54
"CENPK","DENND3",55
"CENPK","DEPDC1",56
"CENPK","DEPDC1B",57
"CENPK","DHFR",58
"CENPK","DLGAP5",59
"CENPK","DPEP1",60
"CENPK","DSCC1",61
"CENPK","DTL",62
"CENPK","E2F7",63
"CENPK","E2F8",64
"CENPK","ECT2",65
"CENPK","F13A1",66
"CENPK","FAM72C",67
"CENPK","FANCI",68
"CENPK","FEN1",69
"CENPK","FGD2",70
"CENPK","FH",71
"CENPK","FOXM1",72
"CENPK","GBP4",73
"CENPK","GGH",74
"CENPK","GIMAP4",75
"CENPK","GINS1",76
"CENPK","GINS2",77
"CENPK","GSN",78
"CENPK","HELLS",79
"CENPK","HIST4H4",80
"CENPK","HJURP",81
"CENPK","HMMR",82
"CENPK","HRK",83
"CENPK","ID2",84
"CENPK","IFNGR1",85
"CENPK","IL18R1",86
"CENPK","IL1B",87
"CENPK","IL6ST",88
"CENPK","IQGAP3",89
"CENPK","IRAK3",90
"CENPK","ISG20",91
"CENPK","ITGAM",92
"CENPK","KIAA0101",93
"CENPK","KIF11",94
"CENPK","KIF14",95
"CENPK","KIF15",96
"CENPK","KIF18A",97
"CENPK","KIF18B",98
"CENPK","KIF20A",99
"CENPK","KIF23",100
"CENPK","KIF26A",101
"CENPK","KIF2C",102
"CENPK","KIF4A",103
"CENPK","KLF9",104
"CENPK","KNL1",105
"CENPK","LILRB2",106
"CENPK","LOC100505650",107
"CENPK","LYZ",108
"CENPK","MAD2L1",109
"CENPK","MCM10",110
"CENPK","MCM4",111
"CENPK","MCM5",112
"CENPK","MCM7",113
"CENPK","MELK",114
"CENPK","METTL7A",115
"CENPK","MIR4683",116
"CENPK","MIR6845",117
"CENPK","MIR8071-1",118
"CENPK","MKI67",119
"CENPK","MND1",120
"CENPK","MS4A1",121
"CENPK","MS4A4A",122
"CENPK","MSH6",123
"CENPK","MTHFD2",124
"CENPK","MTSS1",125
"CENPK","NCAPG",126
"CENPK","NCAPH",127
"CENPK","NEAT1",128
"CENPK","NEK2",129
"CENPK","NME1",130
"CENPK","NPCDR1",131
"CENPK","NUF2",132
"CENPK","NUSAP1",133
"CENPK","OIP5",134
"CENPK","P2RY14",135
"CENPK","PBK",136
"CENPK","PCNA",137
"CENPK","PDE4B",138
"CENPK","PHF19",139
"CENPK","PIK3IP1",140
"CENPK","PLK4",141
"CENPK","POLE2",142
"CENPK","POLQ",143
"CENPK","POU4F1",144
"CENPK","PPIF",145
"CENPK","PRDM1",146
"CENPK","PRR11",147
"CENPK","PTTG1",148
"CENPK","RAD51",149
"CENPK","RBMS3",150
"CENPK","RCC1",151
"CENPK","RFC3",152
"CENPK","RNASET2",153
"CENPK","RPS6KA2",154
"CENPK","RRM2",155
"CENPK","S100A8",156
"CENPK","SCML4",157
"CENPK","SERPINB9",158
"CENPK","SESN1",159
"CENPK","SHCBP1",160
"CENPK","SIK1",161
"CENPK","SKP2",162
"CENPK","SLC22A23",163
"CENPK","SMAP2",164
"CENPK","SMC2",165
"CENPK","SMIM3",166
"CENPK","SNORA21",167
"CENPK","SOS1",168
"CENPK","SQLE",169
"CENPK","STIL",170
"CENPK","SUV39H2",171
"CENPK","TARSL2",172
"CENPK","TBXA2R",173
"CENPK","TCF19",174
"CENPK","TIMELESS",175
"CENPK","TIPIN",176
"CENPK","TK1",177
"CENPK","TMEM2",178
"CENPK","TMEM97",179
"CENPK","TPX2",180
"CENPK","TRIP13",181
"CENPK","TTK",182
"CENPK","TXNIP",183
"CENPK","UBE2C",184
"CENPK","UBE2T",185
"CENPK","WDHD1",186
"CENPK","WDR76",187
"CENPK","ZNF367",188
"CENPK","ZWINT",189
"CENPN","ANLN",1
"CENPN","ANP32E",2
"CENPN","APITD1-CORT",3
"CENPN","ASF1B",4
"CENPN","ASPM",5
"CENPN","ATAD2",6
"CENPN","AURKA",7
"CENPN","AURKB",8
"CENPN","BCAT1",9
"CENPN","BCL2L11",10
"CENPN","BIRC5",11
"CENPN","BMF",12
"CENPN","BRCA1",13
"CENPN","BRIP1",14
"CENPN","BTG1",15
"CENPN","BUB1",16
"CENPN","BUB1B",17
"CENPN","BYSL",18
"CENPN","C4orf46",19
"CENPN","CCDC34",20
"CENPN","CCDC86",21
"CENPN","CCNA2",22
"CENPN","CCNB1",23
"CENPN","CCNB2",24
"CENPN","CCNE2",25
"CENPN","CCNL1",26
"CENPN","CD53",27
"CENPN","CDC20",28
"CENPN","CDC42EP3",29
"CENPN","CDC45",30
"CENPN","CDC6",31
"CENPN","CDCA2",32
"CENPN","CDCA3",33
"CENPN","CDCA5",34
"CENPN","CDK1",35
"CENPN","CDKN3",36
"CENPN","CDT1",37
"CENPN","CELF2",38
"CENPN","CENPA",39
"CENPN","CENPE",40
"CENPN","CENPF",41
"CENPN","CENPH",42
"CENPN","CENPK",43
"CENPN","CENPN",44
"CENPN","CENPU",45
"CENPN","CENPV",46
"CENPN","CENPW",47
"CENPN","CEP55",48
"CENPN","CHEK1",49
"CENPN","CKAP2",50
"CENPN","CKAP2L",51
"CENPN","CKS1B",52
"CENPN","CLEC2B",53
"CENPN","CPM",54
"CENPN","CRNDE",55
"CENPN","DEFA1",56
"CENPN","DENND3",57
"CENPN","DEPDC1",58
"CENPN","DEPDC1B",59
"CENPN","DFNA5",60
"CENPN","DHFR",61
"CENPN","DHX9",62
"CENPN","DLGAP5",63
"CENPN","DPEP1",64
"CENPN","DSCC1",65
"CENPN","DTL",66
"CENPN","E2F7",67
"CENPN","E2F8",68
"CENPN","ECT2",69
"CENPN","EGR1",70
"CENPN","FABP5",71
"CENPN","FAM72C",72
"CENPN","FANCI",73
"CENPN","FCER1G",74
"CENPN","FCGR3B",75
"CENPN","FEN1",76
"CENPN","FGD2",77
"CENPN","FGR",78
"CENPN","FH",79
"CENPN","FOXM1",80
"CENPN","FUS",81
"CENPN","GBP4",82
"CENPN","GGH",83
"CENPN","GIMAP4",84
"CENPN","GIMAP7",85
"CENPN","GINS1",86
"CENPN","GINS2",87
"CENPN","GVINP1",88
"CENPN","HBB",89
"CENPN","HBG1",90
"CENPN","HELLS",91
"CENPN","HIST4H4",92
"CENPN","HJURP",93
"CENPN","HMMR",94
"CENPN","ID2",95
"CENPN","IFNGR1",96
"CENPN","IGH",97
"CENPN","IGLC1",98
"CENPN","IL18R1",99
"CENPN","IL1B",100
"CENPN","IQGAP3",101
"CENPN","IRAK3",102
"CENPN","ISG20",103
"CENPN","KIAA0101",104
"CENPN","KIF11",105
"CENPN","KIF14",106
"CENPN","KIF15",107
"CENPN","KIF18A",108
"CENPN","KIF18B",109
"CENPN","KIF20A",110
"CENPN","KIF23",111
"CENPN","KIF2C",112
"CENPN","KIF4A",113
"CENPN","KNL1",114
"CENPN","LILRB2",115
"CENPN","LOC100996643",116
"CENPN","LOC728175",117
"CENPN","LYZ",118
"CENPN","MAD2L1",119
"CENPN","MCM10",120
"CENPN","MCM4",121
"CENPN","MCM5",122
"CENPN","MCM7",123
"CENPN","MDK",124
"CENPN","MELK",125
"CENPN","METTL7A",126
"CENPN","MIR6845",127
"CENPN","MIR8071-1",128
"CENPN","MKI67",129
"CENPN","MND1",130
"CENPN","MS4A1",131
"CENPN","MS4A4A",132
"CENPN","MS4A7",133
"CENPN","MTHFD2",134
"CENPN","MTSS1",135
"CENPN","NCAPG",136
"CENPN","NCAPH",137
"CENPN","NEAT1",138
"CENPN","NEDD9",139
"CENPN","NEK2",140
"CENPN","NME1",141
"CENPN","NPCDR1",142
"CENPN","NUF2",143
"CENPN","NUSAP1",144
"CENPN","OIP5",145
"CENPN","P2RY14",146
"CENPN","PAICS",147
"CENPN","PBK",148
"CENPN","PCNA",149
"CENPN","PDE4B",150
"CENPN","PHF19",151
"CENPN","PIK3IP1",152
"CENPN","PLK4",153
"CENPN","POLE2",154
"CENPN","POLQ",155
"CENPN","PPIF",156
"CENPN","PPP1R16B",157
"CENPN","PRR11",158
"CENPN","PSPH",159
"CENPN","PTP4A1",160
"CENPN","PTTG1",161
"CENPN","RAD51",162
"CENPN","RAD51AP1",163
"CENPN","RBM14",164
"CENPN","RCC1",165
"CENPN","RFC3",166
"CENPN","RMI2",167
"CENPN","RNASET2",168
"CENPN","RRM2",169
"CENPN","S100A8",170
"CENPN","SCML4",171
"CENPN","SELENOI",172
"CENPN","SERPINA1",173
"CENPN","SERPINB9",174
"CENPN","SESN1",175
"CENPN","SHCBP1",176
"CENPN","SIK1",177
"CENPN","SKP2",178
"CENPN","SLC22A23",179
"CENPN","SMAP2",180
"CENPN","SMC2",181
"CENPN","SNORA21",182
"CENPN","SNORD3B-1",183
"CENPN","SNX29P2",184
"CENPN","SOS1",185
"CENPN","SQLE",186
"CENPN","STIL",187
"CENPN","SUV39H2",188
"CENPN","TARSL2",189
"CENPN","TBXA2R",190
"CENPN","TCF19",191
"CENPN","TENM4",192
"CENPN","TIMELESS",193
"CENPN","TIPIN",194
"CENPN","TK1",195
"CENPN","TMEM97",196
"CENPN","TNFRSF21",197
"CENPN","TOP2A",198
"CENPN","TPX2",199
"CENPN","TRIP13",200
"CENPN","TTK",201
"CENPN","TXNIP",202
"CENPN","TYMS",203
"CENPN","UBE2C",204
"CENPN","UBE2T",205
"CENPN","WDHD1",206
"CENPN","WDR76",207
"CENPN","ZNF367",208
"CENPN","ZWINT",209
"CENPU","ANLN",1
"CENPU","ANP32E",2
"CENPU","APITD1-CORT",3
"CENPU","ARRDC3",4
"CENPU","ASF1B",5
"CENPU","ASPM",6
"CENPU","ATAD2",7
"CENPU","AURKA",8
"CENPU","AURKB",9
"CENPU","BCAT1",10
"CENPU","BCL2L11",11
"CENPU","BIRC5",12
"CENPU","BMF",13
"CENPU","BRCA1",14
"CENPU","BRIP1",15
"CENPU","BTG1",16
"CENPU","BUB1",17
"CENPU","BUB1B",18
"CENPU","BYSL",19
"CENPU","C4orf46",20
"CENPU","CCDC34",21
"CENPU","CCDC86",22
"CENPU","CCNA2",23
"CENPU","CCNB1",24
"CENPU","CCNB2",25
"CENPU","CCNE2",26
"CENPU","CCR1",27
"CENPU","CD53",28
"CENPU","CDC20",29
"CENPU","CDC45",30
"CENPU","CDC6",31
"CENPU","CDCA2",32
"CENPU","CDCA3",33
"CENPU","CDCA5",34
"CENPU","CDK1",35
"CENPU","CDKN3",36
"CENPU","CDT1",37
"CENPU","CELF2",38
"CENPU","CENPA",39
"CENPU","CENPE",40
"CENPU","CENPF",41
"CENPU","CENPH",42
"CENPU","CENPK",43
"CENPU","CENPN",44
"CENPU","CENPU",45
"CENPU","CENPV",46
"CENPU","CENPW",47
"CENPU","CEP55",48
"CENPU","CHEK1",49
"CENPU","CKAP2",50
"CENPU","CKAP2L",51
"CENPU","CKS1B",52
"CENPU","CLEC2B",53
"CENPU","CPM",54
"CENPU","CRNDE",55
"CENPU","DENND3",56
"CENPU","DEPDC1",57
"CENPU","DEPDC1B",58
"CENPU","DFNA5",59
"CENPU","DHFR",60
"CENPU","DHX9",61
"CENPU","DLGAP5",62
"CENPU","DPEP1",63
"CENPU","DSCC1",64
"CENPU","DTL",65
"CENPU","E2F7",66
"CENPU","E2F8",67
"CENPU","ECT2",68
"CENPU","EMP1",69
"CENPU","F13A1",70
"CENPU","FABP5",71
"CENPU","FAM72C",72
"CENPU","FANCI",73
"CENPU","FEN1",74
"CENPU","FGD2",75
"CENPU","FH",76
"CENPU","FOXM1",77
"CENPU","FUS",78
"CENPU","GBP4",79
"CENPU","GGH",80
"CENPU","GIMAP4",81
"CENPU","GIMAP7",82
"CENPU","GINS1",83
"CENPU","GINS2",84
"CENPU","GSN",85
"CENPU","HELLS",86
"CENPU","HIST4H4",87
"CENPU","HJURP",88
"CENPU","HMMR",89
"CENPU","HRK",90
"CENPU","HSP90AB1",91
"CENPU","ID2",92
"CENPU","IFNGR1",93
"CENPU","IL18R1",94
"CENPU","IL18RAP",95
"CENPU","IL1B",96
"CENPU","IL6ST",97
"CENPU","IQGAP3",98
"CENPU","IRAK3",99
"CENPU","ISG20",100
"CENPU","ITGAM",101
"CENPU","ITPKB",102
"CENPU","KIAA0101",103
"CENPU","KIF11",104
"CENPU","KIF14",105
"CENPU","KIF15",106
"CENPU","KIF18A",107
"CENPU","KIF18B",108
"CENPU","KIF20A",109
"CENPU","KIF23",110
"CENPU","KIF26A",111
"CENPU","KIF2C",112
"CENPU","KIF4A",113
"CENPU","KLF9",114
"CENPU","KNL1",115
"CENPU","LGALS3",116
"CENPU","LILRB2",117
"CENPU","LOC100996643",118
"CENPU","MAD2L1",119
"CENPU","MCM10",120
"CENPU","MCM4",121
"CENPU","MCM5",122
"CENPU","MCM7",123
"CENPU","MELK",124
"CENPU","METTL7A",125
"CENPU","MIR4683",126
"CENPU","MIR6845",127
"CENPU","MIR8071-1",128
"CENPU","MKI67",129
"CENPU","MND1",130
"CENPU","MNDA",131
"CENPU","MS4A1",132
"CENPU","MS4A4A",133
"CENPU","MSH6",134
"CENPU","MTHFD2",135
"CENPU","MTSS1",136
"CENPU","NCAPG",137
"CENPU","NCAPH",138
"CENPU","NEAT1",139
"CENPU","NEDD9",140
"CENPU","NEK2",141
"CENPU","NME1",142
"CENPU","NPCDR1",143
"CENPU","NUF2",144
"CENPU","NUSAP1",145
"CENPU","OIP5",146
"CENPU","P2RY14",147
"CENPU","PAICS",148
"CENPU","PBK",149
"CENPU","PCNA",150
"CENPU","PDE4B",151
"CENPU","PHF19",152
"CENPU","PIK3IP1",153
"CENPU","PLK4",154
"CENPU","POLE2",155
"CENPU","POLQ",156
"CENPU","POU4F1",157
"CENPU","PPIF",158
"CENPU","PRR11",159
"CENPU","PSPH",160
"CENPU","PTTG1",161
"CENPU","RAD51",162
"CENPU","RAD51AP1",163
"CENPU","RASSF4",164
"CENPU","RBM14",165
"CENPU","RBMS3",166
"CENPU","RCC1",167
"CENPU","RFC3",168
"CENPU","RMI2",169
"CENPU","RNASET2",170
"CENPU","RRM2",171
"CENPU","S100A11",172
"CENPU","S100A8",173
"CENPU","SCML4",174
"CENPU","SELENOI",175
"CENPU","SERPINB9",176
"CENPU","SESN1",177
"CENPU","SHCBP1",178
"CENPU","SIK1",179
"CENPU","SKP2",180
"CENPU","SMAP2",181
"CENPU","SMC2",182
"CENPU","SOS1",183
"CENPU","SQLE",184
"CENPU","STIL",185
"CENPU","SUV39H2",186
"CENPU","TARSL2",187
"CENPU","TBXA2R",188
"CENPU","TCF19",189
"CENPU","TIMELESS",190
"CENPU","TIPIN",191
"CENPU","TK1",192
"CENPU","TMEM2",193
"CENPU","TMEM97",194
"CENPU","TNFRSF21",195
"CENPU","TOP2A",196
"CENPU","TPX2",197
"CENPU","TRIP13",198
"CENPU","TTK",199
"CENPU","TXNIP",200
"CENPU","TYMS",201
"CENPU","UBE2C",202
"CENPU","UBE2T",203
"CENPU","WDHD1",204
"CENPU","WDR76",205
"CENPU","ZBTB16",206
"CENPU","ZNF367",207
"CENPU","ZWINT",208
"CENPV","AKAP12",1
"CENPV","ANLN",2
"CENPV","ANP32E",3
"CENPV","APITD1-CORT",4
"CENPV","ASF1B",5
"CENPV","ASPM",6
"CENPV","ATAD2",7
"CENPV","AURKA",8
"CENPV","AURKB",9
"CENPV","BCL2L11",10
"CENPV","BIRC5",11
"CENPV","BMF",12
"CENPV","BRIP1",13
"CENPV","BTG1",14
"CENPV","BTNL9",15
"CENPV","BUB1",16
"CENPV","BUB1B",17
"CENPV","BYSL",18
"CENPV","C4orf46",19
"CENPV","CCDC34",20
"CENPV","CCDC86",21
"CENPV","CCNA2",22
"CENPV","CCNB1",23
"CENPV","CCNB2",24
"CENPV","CCNE2",25
"CENPV","CCR1",26
"CENPV","CD53",27
"CENPV","CDC20",28
"CENPV","CDC42EP3",29
"CENPV","CDC45",30
"CENPV","CDC6",31
"CENPV","CDCA2",32
"CENPV","CDCA3",33
"CENPV","CDCA5",34
"CENPV","CDK1",35
"CENPV","CDKN3",36
"CENPV","CDT1",37
"CENPV","CELF2",38
"CENPV","CENPA",39
"CENPV","CENPE",40
"CENPV","CENPF",41
"CENPV","CENPH",42
"CENPV","CENPK",43
"CENPV","CENPN",44
"CENPV","CENPU",45
"CENPV","CENPV",46
"CENPV","CEP55",47
"CENPV","CHEK1",48
"CENPV","CKAP2",49
"CENPV","CKAP2L",50
"CENPV","CKS1B",51
"CENPV","CLEC2B",52
"CENPV","CPM",53
"CENPV","CRNDE",54
"CENPV","DDIT4",55
"CENPV","DENND3",56
"CENPV","DEPDC1",57
"CENPV","DEPDC1B",58
"CENPV","DFNA5",59
"CENPV","DLGAP5",60
"CENPV","DPEP1",61
"CENPV","DSCC1",62
"CENPV","DTL",63
"CENPV","E2F7",64
"CENPV","E2F8",65
"CENPV","ECT2",66
"CENPV","EMP1",67
"CENPV","F13A1",68
"CENPV","FAM72C",69
"CENPV","FANCI",70
"CENPV","FEN1",71
"CENPV","FGD2",72
"CENPV","FH",73
"CENPV","FOXM1",74
"CENPV","GBP4",75
"CENPV","GGH",76
"CENPV","GIMAP4",77
"CENPV","GINS1",78
"CENPV","GSN",79
"CENPV","HELLS",80
"CENPV","HJURP",81
"CENPV","HMMR",82
"CENPV","ID2",83
"CENPV","IFNGR1",84
"CENPV","IGH",85
"CENPV","IL18R1",86
"CENPV","IL18RAP",87
"CENPV","IL1B",88
"CENPV","IL6ST",89
"CENPV","IQGAP3",90
"CENPV","IRAK3",91
"CENPV","ISG20",92
"CENPV","ITGAM",93
"CENPV","KIAA0101",94
"CENPV","KIF11",95
"CENPV","KIF14",96
"CENPV","KIF15",97
"CENPV","KIF18A",98
"CENPV","KIF18B",99
"CENPV","KIF20A",100
"CENPV","KIF23",101
"CENPV","KIF26A",102
"CENPV","KIF2C",103
"CENPV","KIF4A",104
"CENPV","KNL1",105
"CENPV","LGALS3",106
"CENPV","LILRB2",107
"CENPV","LOC285097",108
"CENPV","LYZ",109
"CENPV","MAD2L1",110
"CENPV","MCM10",111
"CENPV","MCM4",112
"CENPV","MCM7",113
"CENPV","MELK",114
"CENPV","METTL7A",115
"CENPV","MIR4683",116
"CENPV","MIR6845",117
"CENPV","MIR8071-1",118
"CENPV","MKI67",119
"CENPV","MS4A1",120
"CENPV","MS4A4A",121
"CENPV","MS4A7",122
"CENPV","MTHFD2",123
"CENPV","MTSS1",124
"CENPV","NCAPG",125
"CENPV","NCAPH",126
"CENPV","NEAT1",127
"CENPV","NEDD9",128
"CENPV","NEK2",129
"CENPV","NME1",130
"CENPV","NUF2",131
"CENPV","NUSAP1",132
"CENPV","OIP5",133
"CENPV","P2RY14",134
"CENPV","PAICS",135
"CENPV","PBK",136
"CENPV","PDE4B",137
"CENPV","PHF19",138
"CENPV","PIK3IP1",139
"CENPV","PLK4",140
"CENPV","POLE2",141
"CENPV","POLQ",142
"CENPV","POU4F1",143
"CENPV","PPIF",144
"CENPV","PRDM1",145
"CENPV","PRPS2",146
"CENPV","PRR11",147
"CENPV","PTTG1",148
"CENPV","RAB31",149
"CENPV","RAD51",150
"CENPV","RBM14",151
"CENPV","RBMS3",152
"CENPV","RCC1",153
"CENPV","RFC3",154
"CENPV","RNASET2",155
"CENPV","RPS6KA2",156
"CENPV","RRM2",157
"CENPV","S100A8",158
"CENPV","SCML4",159
"CENPV","SERPINB9",160
"CENPV","SESN1",161
"CENPV","SIK1",162
"CENPV","SKP2",163
"CENPV","SMAP2",164
"CENPV","SMC2",165
"CENPV","SMIM3",166
"CENPV","SOS1",167
"CENPV","SQLE",168
"CENPV","STAB1",169
"CENPV","STIL",170
"CENPV","SUV39H2",171
"CENPV","TARSL2",172
"CENPV","TBXA2R",173
"CENPV","TCF19",174
"CENPV","TIPIN",175
"CENPV","TMEM2",176
"CENPV","TMEM97",177
"CENPV","TNFSF8",178
"CENPV","TPX2",179
"CENPV","TRIP13",180
"CENPV","TTK",181
"CENPV","TXNIP",182
"CENPV","UBE2C",183
"CENPV","UBE2T",184
"CENPV","WDHD1",185
"CENPV","WDR76",186
"CENPV","ZBTB16",187
"CENPV","ZNF367",188
"CENPV","ZWINT",189
"CENPW","ANLN",1
"CENPW","ANP32E",2
"CENPW","APITD1-CORT",3
"CENPW","ASF1B",4
"CENPW","ASPM",5
"CENPW","ATAD2",6
"CENPW","AURKA",7
"CENPW","AURKB",8
"CENPW","BCAT1",9
"CENPW","BCL2L11",10
"CENPW","BIRC5",11
"CENPW","BMF",12
"CENPW","BRCA1",13
"CENPW","BRIP1",14
"CENPW","BTG1",15
"CENPW","BUB1",16
"CENPW","BUB1B",17
"CENPW","BYSL",18
"CENPW","C4orf46",19
"CENPW","C5orf24",20
"CENPW","CCDC34",21
"CENPW","CCDC86",22
"CENPW","CCNA2",23
"CENPW","CCNB1",24
"CENPW","CCNB2",25
"CENPW","CCNE2",26
"CENPW","CCNL1",27
"CENPW","CD53",28
"CENPW","CDC20",29
"CENPW","CDC42EP3",30
"CENPW","CDC45",31
"CENPW","CDC6",32
"CENPW","CDCA2",33
"CENPW","CDCA3",34
"CENPW","CDCA5",35
"CENPW","CDK1",36
"CENPW","CDKN3",37
"CENPW","CDT1",38
"CENPW","CELF2",39
"CENPW","CENPA",40
"CENPW","CENPE",41
"CENPW","CENPF",42
"CENPW","CENPH",43
"CENPW","CENPK",44
"CENPW","CENPN",45
"CENPW","CENPU",46
"CENPW","CENPV",47
"CENPW","CENPW",48
"CENPW","CEP55",49
"CENPW","CHEK1",50
"CENPW","CKAP2",51
"CENPW","CKAP2L",52
"CENPW","CKS1B",53
"CENPW","CLEC2B",54
"CENPW","CRNDE",55
"CENPW","DEPDC1",56
"CENPW","DEPDC1B",57
"CENPW","DFNA5",58
"CENPW","DHFR",59
"CENPW","DHX9",60
"CENPW","DLGAP5",61
"CENPW","DSCC1",62
"CENPW","DTL",63
"CENPW","E2F7",64
"CENPW","E2F8",65
"CENPW","ECT2",66
"CENPW","EGR1",67
"CENPW","FABP5",68
"CENPW","FAM72C",69
"CENPW","FANCI",70
"CENPW","FCER1G",71
"CENPW","FEN1",72
"CENPW","FGR",73
"CENPW","FH",74
"CENPW","FOXM1",75
"CENPW","FUS",76
"CENPW","GBP4",77
"CENPW","GGH",78
"CENPW","GIMAP4",79
"CENPW","GIMAP7",80
"CENPW","GINS1",81
"CENPW","GINS2",82
"CENPW","GVINP1",83
"CENPW","HBB",84
"CENPW","HBG1",85
"CENPW","HELLS",86
"CENPW","HIST4H4",87
"CENPW","HJURP",88
"CENPW","HMMR",89
"CENPW","HSP90AB1",90
"CENPW","ID2",91
"CENPW","IGLL1",92
"CENPW","IL18R1",93
"CENPW","IQGAP3",94
"CENPW","IRAK3",95
"CENPW","ISG20",96
"CENPW","ITGB2-AS1",97
"CENPW","KIAA0101",98
"CENPW","KIF11",99
"CENPW","KIF14",100
"CENPW","KIF15",101
"CENPW","KIF18A",102
"CENPW","KIF18B",103
"CENPW","KIF20A",104
"CENPW","KIF23",105
"CENPW","KIF2C",106
"CENPW","KIF4A",107
"CENPW","KNL1",108
"CENPW","LILRB2",109
"CENPW","LOC100996643",110
"CENPW","LOC728175",111
"CENPW","LYZ",112
"CENPW","MAD2L1",113
"CENPW","MCM10",114
"CENPW","MCM4",115
"CENPW","MCM5",116
"CENPW","MCM7",117
"CENPW","MDK",118
"CENPW","MDM2",119
"CENPW","MELK",120
"CENPW","MIR6845",121
"CENPW","MIR8071-1",122
"CENPW","MKI67",123
"CENPW","MND1",124
"CENPW","MPV17L",125
"CENPW","MS4A1",126
"CENPW","MS4A7",127
"CENPW","MTHFD2",128
"CENPW","NCAPG",129
"CENPW","NCAPH",130
"CENPW","NEAT1",131
"CENPW","NEDD9",132
"CENPW","NEK2",133
"CENPW","NME1",134
"CENPW","NUF2",135
"CENPW","NUSAP1",136
"CENPW","OIP5",137
"CENPW","P2RY14",138
"CENPW","PAICS",139
"CENPW","PBK",140
"CENPW","PCNA",141
"CENPW","PHF19",142
"CENPW","PIK3IP1",143
"CENPW","PLK4",144
"CENPW","POLE2",145
"CENPW","POLQ",146
"CENPW","PPIF",147
"CENPW","PPP1R16B",148
"CENPW","PRDM1",149
"CENPW","PRR11",150
"CENPW","PSPH",151
"CENPW","PTP4A1",152
"CENPW","PTTG1",153
"CENPW","RAD51",154
"CENPW","RAD51AP1",155
"CENPW","RBM14",156
"CENPW","RCC1",157
"CENPW","RFC3",158
"CENPW","RMI2",159
"CENPW","RNASET2",160
"CENPW","RRM2",161
"CENPW","S100A8",162
"CENPW","SCML4",163
"CENPW","SELENOI",164
"CENPW","SERPINA1",165
"CENPW","SESN1",166
"CENPW","SHCBP1",167
"CENPW","SIK1",168
"CENPW","SKP2",169
"CENPW","SLC22A23",170
"CENPW","SMAP2",171
"CENPW","SMC2",172
"CENPW","SNORA21",173
"CENPW","SNX29P2",174
"CENPW","SQLE",175
"CENPW","STIL",176
"CENPW","SUV39H2",177
"CENPW","TARSL2",178
"CENPW","TBXA2R",179
"CENPW","TCF19",180
"CENPW","TENM4",181
"CENPW","TIMELESS",182
"CENPW","TIPIN",183
"CENPW","TK1",184
"CENPW","TMEM97",185
"CENPW","TOP2A",186
"CENPW","TPX2",187
"CENPW","TRIP13",188
"CENPW","TTK",189
"CENPW","TXNIP",190
"CENPW","TYMS",191
"CENPW","UBE2C",192
"CENPW","UBE2T",193
"CENPW","WDHD1",194
"CENPW","WDR76",195
"CENPW","ZNF367",196
"CENPW","ZWINT",197
"CEP55","ANLN",1
"CEP55","ANP32E",2
"CEP55","APITD1-CORT",3
"CEP55","ASF1B",4
"CEP55","ASPM",5
"CEP55","ATAD2",6
"CEP55","AURKA",7
"CEP55","AURKB",8
"CEP55","BCAT1",9
"CEP55","BCL2L11",10
"CEP55","BIRC5",11
"CEP55","BMF",12
"CEP55","BRCA1",13
"CEP55","BRIP1",14
"CEP55","BTG1",15
"CEP55","BUB1",16
"CEP55","BUB1B",17
"CEP55","BYSL",18
"CEP55","C4orf46",19
"CEP55","CCDC34",20
"CEP55","CCDC86",21
"CEP55","CCNA2",22
"CEP55","CCNB1",23
"CEP55","CCNB2",24
"CEP55","CCNE2",25
"CEP55","CCR1",26
"CEP55","CD53",27
"CEP55","CDC20",28
"CEP55","CDC42EP3",29
"CEP55","CDC45",30
"CEP55","CDC6",31
"CEP55","CDCA2",32
"CEP55","CDCA3",33
"CEP55","CDCA5",34
"CEP55","CDK1",35
"CEP55","CDKN3",36
"CEP55","CDT1",37
"CEP55","CELF2",38
"CEP55","CENPA",39
"CEP55","CENPE",40
"CEP55","CENPF",41
"CEP55","CENPH",42
"CEP55","CENPK",43
"CEP55","CENPN",44
"CEP55","CENPU",45
"CEP55","CENPV",46
"CEP55","CENPW",47
"CEP55","CEP55",48
"CEP55","CHEK1",49
"CEP55","CKAP2",50
"CEP55","CKAP2L",51
"CEP55","CKS1B",52
"CEP55","CLEC2B",53
"CEP55","CPM",54
"CEP55","CRNDE",55
"CEP55","DENND3",56
"CEP55","DEPDC1",57
"CEP55","DEPDC1B",58
"CEP55","DFNA5",59
"CEP55","DHFR",60
"CEP55","DHX9",61
"CEP55","DLGAP5",62
"CEP55","DPEP1",63
"CEP55","DSCC1",64
"CEP55","DTL",65
"CEP55","E2F7",66
"CEP55","E2F8",67
"CEP55","ECT2",68
"CEP55","FABP5",69
"CEP55","FAM72C",70
"CEP55","FANCI",71
"CEP55","FCGR3B",72
"CEP55","FEN1",73
"CEP55","FGD2",74
"CEP55","FH",75
"CEP55","FOXM1",76
"CEP55","FUS",77
"CEP55","GBP4",78
"CEP55","GGH",79
"CEP55","GIMAP4",80
"CEP55","GIMAP7",81
"CEP55","GINS1",82
"CEP55","GINS2",83
"CEP55","GSN",84
"CEP55","GVINP1",85
"CEP55","HBB",86
"CEP55","HELLS",87
"CEP55","HIST4H4",88
"CEP55","HJURP",89
"CEP55","HMMR",90
"CEP55","HRK",91
"CEP55","ID2",92
"CEP55","IFNGR1",93
"CEP55","IL18R1",94
"CEP55","IL1B",95
"CEP55","IL6ST",96
"CEP55","IQGAP3",97
"CEP55","IRAK3",98
"CEP55","ISG20",99
"CEP55","ITGAM",100
"CEP55","KIAA0101",101
"CEP55","KIF11",102
"CEP55","KIF14",103
"CEP55","KIF15",104
"CEP55","KIF18A",105
"CEP55","KIF18B",106
"CEP55","KIF20A",107
"CEP55","KIF23",108
"CEP55","KIF2C",109
"CEP55","KIF4A",110
"CEP55","KNL1",111
"CEP55","LILRB2",112
"CEP55","LOC100996643",113
"CEP55","LYZ",114
"CEP55","MAD2L1",115
"CEP55","MCM10",116
"CEP55","MCM4",117
"CEP55","MCM5",118
"CEP55","MCM7",119
"CEP55","MELK",120
"CEP55","METTL7A",121
"CEP55","MIR4683",122
"CEP55","MIR6845",123
"CEP55","MIR8071-1",124
"CEP55","MKI67",125
"CEP55","MND1",126
"CEP55","MS4A1",127
"CEP55","MS4A4A",128
"CEP55","MTHFD2",129
"CEP55","MTSS1",130
"CEP55","NCAPG",131
"CEP55","NCAPH",132
"CEP55","NEAT1",133
"CEP55","NEDD9",134
"CEP55","NEK2",135
"CEP55","NME1",136
"CEP55","NPCDR1",137
"CEP55","NUF2",138
"CEP55","NUSAP1",139
"CEP55","OIP5",140
"CEP55","P2RY14",141
"CEP55","PAICS",142
"CEP55","PBK",143
"CEP55","PCNA",144
"CEP55","PDE4B",145
"CEP55","PHF19",146
"CEP55","PIK3IP1",147
"CEP55","PLK4",148
"CEP55","POLE2",149
"CEP55","POLQ",150
"CEP55","POU4F1",151
"CEP55","PPIF",152
"CEP55","PRR11",153
"CEP55","PTP4A1",154
"CEP55","PTTG1",155
"CEP55","RAD51",156
"CEP55","RAD51AP1",157
"CEP55","RBM14",158
"CEP55","RBMS3",159
"CEP55","RCC1",160
"CEP55","RFC3",161
"CEP55","RMI2",162
"CEP55","RNASET2",163
"CEP55","RRM2",164
"CEP55","S100A8",165
"CEP55","SCML4",166
"CEP55","SELENOI",167
"CEP55","SERPINB9",168
"CEP55","SESN1",169
"CEP55","SHCBP1",170
"CEP55","SIK1",171
"CEP55","SKP2",172
"CEP55","SLC22A23",173
"CEP55","SMAP2",174
"CEP55","SMC2",175
"CEP55","SNORA21",176
"CEP55","SOS1",177
"CEP55","SQLE",178
"CEP55","STIL",179
"CEP55","SUV39H2",180
"CEP55","TARSL2",181
"CEP55","TBXA2R",182
"CEP55","TCF19",183
"CEP55","TIMELESS",184
"CEP55","TIPIN",185
"CEP55","TK1",186
"CEP55","TMEM2",187
"CEP55","TMEM97",188
"CEP55","TNFRSF21",189
"CEP55","TOP2A",190
"CEP55","TPX2",191
"CEP55","TRIP13",192
"CEP55","TTK",193
"CEP55","TXNIP",194
"CEP55","TYMS",195
"CEP55","UBE2C",196
"CEP55","UBE2T",197
"CEP55","WDHD1",198
"CEP55","WDR76",199
"CEP55","ZNF367",200
"CEP55","ZWINT",201
"CHEK1","ANLN",1
"CHEK1","ANP32E",2
"CHEK1","APITD1-CORT",3
"CHEK1","ASF1B",4
"CHEK1","ASPM",5
"CHEK1","ATAD2",6
"CHEK1","AURKA",7
"CHEK1","AURKB",8
"CHEK1","BCAT1",9
"CHEK1","BCL2L11",10
"CHEK1","BIRC5",11
"CHEK1","BMF",12
"CHEK1","BRCA1",13
"CHEK1","BRIP1",14
"CHEK1","BTG1",15
"CHEK1","BUB1",16
"CHEK1","BUB1B",17
"CHEK1","BYSL",18
"CHEK1","C4orf46",19
"CHEK1","CCDC34",20
"CHEK1","CCDC86",21
"CHEK1","CCNA2",22
"CHEK1","CCNB1",23
"CHEK1","CCNB2",24
"CHEK1","CCNE2",25
"CHEK1","CD53",26
"CHEK1","CDC20",27
"CHEK1","CDC42EP3",28
"CHEK1","CDC45",29
"CHEK1","CDC6",30
"CHEK1","CDCA2",31
"CHEK1","CDCA3",32
"CHEK1","CDCA5",33
"CHEK1","CDK1",34
"CHEK1","CDKN3",35
"CHEK1","CDT1",36
"CHEK1","CELF2",37
"CHEK1","CENPA",38
"CHEK1","CENPE",39
"CHEK1","CENPF",40
"CHEK1","CENPH",41
"CHEK1","CENPK",42
"CHEK1","CENPN",43
"CHEK1","CENPU",44
"CHEK1","CENPV",45
"CHEK1","CENPW",46
"CHEK1","CEP55",47
"CHEK1","CHEK1",48
"CHEK1","CKAP2",49
"CHEK1","CKAP2L",50
"CHEK1","CKS1B",51
"CHEK1","CLEC2B",52
"CHEK1","CPM",53
"CHEK1","CRNDE",54
"CHEK1","DDIT4",55
"CHEK1","DENND3",56
"CHEK1","DEPDC1",57
"CHEK1","DEPDC1B",58
"CHEK1","DFNA5",59
"CHEK1","DHFR",60
"CHEK1","DHX9",61
"CHEK1","DLGAP5",62
"CHEK1","DPEP1",63
"CHEK1","DSCC1",64
"CHEK1","DTL",65
"CHEK1","E2F7",66
"CHEK1","E2F8",67
"CHEK1","ECT2",68
"CHEK1","EGR1",69
"CHEK1","FABP5",70
"CHEK1","FAM72C",71
"CHEK1","FANCI",72
"CHEK1","FCGR3B",73
"CHEK1","FEN1",74
"CHEK1","FGD2",75
"CHEK1","FH",76
"CHEK1","FOXM1",77
"CHEK1","FUS",78
"CHEK1","GBP4",79
"CHEK1","GGH",80
"CHEK1","GIMAP4",81
"CHEK1","GIMAP7",82
"CHEK1","GINS1",83
"CHEK1","GINS2",84
"CHEK1","GSN",85
"CHEK1","GVINP1",86
"CHEK1","HBB",87
"CHEK1","HELLS",88
"CHEK1","HIST4H4",89
"CHEK1","HJURP",90
"CHEK1","HMMR",91
"CHEK1","HSP90AB1",92
"CHEK1","ID2",93
"CHEK1","IFNGR1",94
"CHEK1","IGH",95
"CHEK1","IGLC1",96
"CHEK1","IL18R1",97
"CHEK1","IL1B",98
"CHEK1","IL6ST",99
"CHEK1","IQGAP3",100
"CHEK1","IRAK3",101
"CHEK1","ISG20",102
"CHEK1","ITGAM",103
"CHEK1","KIAA0101",104
"CHEK1","KIF11",105
"CHEK1","KIF14",106
"CHEK1","KIF15",107
"CHEK1","KIF18A",108
"CHEK1","KIF18B",109
"CHEK1","KIF20A",110
"CHEK1","KIF23",111
"CHEK1","KIF2C",112
"CHEK1","KIF4A",113
"CHEK1","KNL1",114
"CHEK1","LILRB2",115
"CHEK1","LOC100996643",116
"CHEK1","LYZ",117
"CHEK1","MAD2L1",118
"CHEK1","MCM10",119
"CHEK1","MCM4",120
"CHEK1","MCM5",121
"CHEK1","MCM7",122
"CHEK1","MDK",123
"CHEK1","MELK",124
"CHEK1","METTL7A",125
"CHEK1","MIR6845",126
"CHEK1","MIR8071-1",127
"CHEK1","MKI67",128
"CHEK1","MND1",129
"CHEK1","MS4A1",130
"CHEK1","MS4A4A",131
"CHEK1","MTHFD2",132
"CHEK1","MTSS1",133
"CHEK1","NCAPG",134
"CHEK1","NCAPH",135
"CHEK1","NEAT1",136
"CHEK1","NEDD9",137
"CHEK1","NEK2",138
"CHEK1","NME1",139
"CHEK1","NPCDR1",140
"CHEK1","NUF2",141
"CHEK1","NUSAP1",142
"CHEK1","OIP5",143
"CHEK1","P2RY14",144
"CHEK1","PAICS",145
"CHEK1","PBK",146
"CHEK1","PCNA",147
"CHEK1","PDE4B",148
"CHEK1","PHF19",149
"CHEK1","PIK3IP1",150
"CHEK1","PLK4",151
"CHEK1","POLE2",152
"CHEK1","POLQ",153
"CHEK1","PPIF",154
"CHEK1","PRR11",155
"CHEK1","PTP4A1",156
"CHEK1","PTTG1",157
"CHEK1","RAD51",158
"CHEK1","RAD51AP1",159
"CHEK1","RBM14",160
"CHEK1","RCC1",161
"CHEK1","RFC3",162
"CHEK1","RMI2",163
"CHEK1","RNASET2",164
"CHEK1","RRM2",165
"CHEK1","S100A8",166
"CHEK1","SCML4",167
"CHEK1","SELENOI",168
"CHEK1","SERPINA1",169
"CHEK1","SERPINB9",170
"CHEK1","SESN1",171
"CHEK1","SHCBP1",172
"CHEK1","SIK1",173
"CHEK1","SKP2",174
"CHEK1","SLC22A23",175
"CHEK1","SMAP2",176
"CHEK1","SMC2",177
"CHEK1","SNORA21",178
"CHEK1","SOS1",179
"CHEK1","SQLE",180
"CHEK1","STIL",181
"CHEK1","SUV39H2",182
"CHEK1","TARSL2",183
"CHEK1","TBXA2R",184
"CHEK1","TCF19",185
"CHEK1","TIMELESS",186
"CHEK1","TIPIN",187
"CHEK1","TK1",188
"CHEK1","TMEM2",189
"CHEK1","TMEM97",190
"CHEK1","TNFRSF21",191
"CHEK1","TOP2A",192
"CHEK1","TPX2",193
"CHEK1","TRIP13",194
"CHEK1","TTK",195
"CHEK1","TXNIP",196
"CHEK1","TYMS",197
"CHEK1","UBE2C",198
"CHEK1","UBE2T",199
"CHEK1","WDHD1",200
"CHEK1","WDR76",201
"CHEK1","ZNF367",202
"CHEK1","ZWINT",203
"CKAP2","ANLN",1
"CKAP2","ANP32E",2
"CKAP2","APITD1-CORT",3
"CKAP2","ARPP21",4
"CKAP2","ASF1B",5
"CKAP2","ASPM",6
"CKAP2","ATAD2",7
"CKAP2","AURKA",8
"CKAP2","AURKB",9
"CKAP2","B3GNT2",10
"CKAP2","BCAT1",11
"CKAP2","BCL2L11",12
"CKAP2","BIRC5",13
"CKAP2","BMF",14
"CKAP2","BRCA1",15
"CKAP2","BRIP1",16
"CKAP2","BTG1",17
"CKAP2","BUB1",18
"CKAP2","BUB1B",19
"CKAP2","BYSL",20
"CKAP2","C4orf46",21
"CKAP2","CCDC34",22
"CKAP2","CCDC86",23
"CKAP2","CCNA2",24
"CKAP2","CCNB1",25
"CKAP2","CCNB2",26
"CKAP2","CCNE2",27
"CKAP2","CCNL1",28
"CKAP2","CCR1",29
"CKAP2","CD53",30
"CKAP2","CDC20",31
"CKAP2","CDC42EP3",32
"CKAP2","CDC45",33
"CKAP2","CDC6",34
"CKAP2","CDCA2",35
"CKAP2","CDCA3",36
"CKAP2","CDCA5",37
"CKAP2","CDK1",38
"CKAP2","CDK6",39
"CKAP2","CDKN3",40
"CKAP2","CDT1",41
"CKAP2","CELF2",42
"CKAP2","CENPA",43
"CKAP2","CENPE",44
"CKAP2","CENPF",45
"CKAP2","CENPH",46
"CKAP2","CENPK",47
"CKAP2","CENPN",48
"CKAP2","CENPU",49
"CKAP2","CENPV",50
"CKAP2","CENPW",51
"CKAP2","CEP55",52
"CKAP2","CHEK1",53
"CKAP2","CKAP2",54
"CKAP2","CKAP2L",55
"CKAP2","CKS1B",56
"CKAP2","CLEC2B",57
"CKAP2","CPM",58
"CKAP2","CRNDE",59
"CKAP2","DEFA1",60
"CKAP2","DENND3",61
"CKAP2","DEPDC1",62
"CKAP2","DEPDC1B",63
"CKAP2","DFNA5",64
"CKAP2","DHFR",65
"CKAP2","DHX9",66
"CKAP2","DLGAP5",67
"CKAP2","DPEP1",68
"CKAP2","DSCC1",69
"CKAP2","DTL",70
"CKAP2","E2F7",71
"CKAP2","E2F8",72
"CKAP2","ECT2",73
"CKAP2","EGR1",74
"CKAP2","EMP1",75
"CKAP2","FAM72C",76
"CKAP2","FANCI",77
"CKAP2","FCER1G",78
"CKAP2","FCGR3B",79
"CKAP2","FEN1",80
"CKAP2","FGD2",81
"CKAP2","FGR",82
"CKAP2","FH",83
"CKAP2","FOXM1",84
"CKAP2","FUS",85
"CKAP2","GBP4",86
"CKAP2","GGH",87
"CKAP2","GIMAP4",88
"CKAP2","GIMAP7",89
"CKAP2","GINS1",90
"CKAP2","GINS2",91
"CKAP2","GSN",92
"CKAP2","HBB",93
"CKAP2","HBG1",94
"CKAP2","HELLS",95
"CKAP2","HIST4H4",96
"CKAP2","HJURP",97
"CKAP2","HMMR",98
"CKAP2","HRK",99
"CKAP2","ID2",100
"CKAP2","IFNGR1",101
"CKAP2","IGH",102
"CKAP2","IGLC1",103
"CKAP2","IL1B",104
"CKAP2","IL6ST",105
"CKAP2","IQGAP3",106
"CKAP2","IRAK3",107
"CKAP2","ISG20",108
"CKAP2","ITGAM",109
"CKAP2","KIAA0101",110
"CKAP2","KIF11",111
"CKAP2","KIF14",112
"CKAP2","KIF15",113
"CKAP2","KIF18A",114
"CKAP2","KIF18B",115
"CKAP2","KIF20A",116
"CKAP2","KIF23",117
"CKAP2","KIF2C",118
"CKAP2","KIF4A",119
"CKAP2","KNL1",120
"CKAP2","LILRB2",121
"CKAP2","LOC100996643",122
"CKAP2","LY96",123
"CKAP2","LYZ",124
"CKAP2","MAD2L1",125
"CKAP2","MCM10",126
"CKAP2","MCM4",127
"CKAP2","MCM5",128
"CKAP2","MCM7",129
"CKAP2","MDK",130
"CKAP2","MELK",131
"CKAP2","METTL7A",132
"CKAP2","MIR4683",133
"CKAP2","MIR6845",134
"CKAP2","MIR8071-1",135
"CKAP2","MKI67",136
"CKAP2","MND1",137
"CKAP2","MS4A1",138
"CKAP2","MS4A4A",139
"CKAP2","MS4A7",140
"CKAP2","MTHFD2",141
"CKAP2","MTSS1",142
"CKAP2","NCAPG",143
"CKAP2","NCAPH",144
"CKAP2","NEAT1",145
"CKAP2","NEDD9",146
"CKAP2","NEK2",147
"CKAP2","NME1",148
"CKAP2","NPCDR1",149
"CKAP2","NUF2",150
"CKAP2","NUSAP1",151
"CKAP2","OIP5",152
"CKAP2","P2RY14",153
"CKAP2","PAICS",154
"CKAP2","PBK",155
"CKAP2","PCNA",156
"CKAP2","PDE4B",157
"CKAP2","PHF19",158
"CKAP2","PIK3IP1",159
"CKAP2","PLK4",160
"CKAP2","POLE2",161
"CKAP2","POLQ",162
"CKAP2","POU4F1",163
"CKAP2","PPIF",164
"CKAP2","PPP1R16B",165
"CKAP2","PRR11",166
"CKAP2","PSPH",167
"CKAP2","PTP4A1",168
"CKAP2","PTTG1",169
"CKAP2","RAD51",170
"CKAP2","RAD51AP1",171
"CKAP2","RBM14",172
"CKAP2","RBMS3",173
"CKAP2","RCC1",174
"CKAP2","RFC3",175
"CKAP2","RHOBTB3",176
"CKAP2","RMI2",177
"CKAP2","RNASET2",178
"CKAP2","RRM2",179
"CKAP2","S100A8",180
"CKAP2","SCML4",181
"CKAP2","SELENOI",182
"CKAP2","SERPINA1",183
"CKAP2","SERPINB9",184
"CKAP2","SESN1",185
"CKAP2","SHCBP1",186
"CKAP2","SIK1",187
"CKAP2","SKP2",188
"CKAP2","SLC22A23",189
"CKAP2","SMAP2",190
"CKAP2","SMC2",191
"CKAP2","SNORA21",192
"CKAP2","SOS1",193
"CKAP2","SQLE",194
"CKAP2","STIL",195
"CKAP2","SUV39H2",196
"CKAP2","TARSL2",197
"CKAP2","TBXA2R",198
"CKAP2","TCF19",199
"CKAP2","TIMELESS",200
"CKAP2","TIPIN",201
"CKAP2","TK1",202
"CKAP2","TMEM97",203
"CKAP2","TNFRSF21",204
"CKAP2","TOP2A",205
"CKAP2","TPX2",206
"CKAP2","TRIP13",207
"CKAP2","TTK",208
"CKAP2","TXNIP",209
"CKAP2","TYMS",210
"CKAP2","UBE2C",211
"CKAP2","UBE2T",212
"CKAP2","WDHD1",213
"CKAP2","WDR76",214
"CKAP2","ZFP36L2",215
"CKAP2","ZNF367",216
"CKAP2","ZWINT",217
"CKAP2L","ANLN",1
"CKAP2L","ANP32E",2
"CKAP2L","APITD1-CORT",3
"CKAP2L","ARPP21",4
"CKAP2L","ASF1B",5
"CKAP2L","ASPM",6
"CKAP2L","ATAD2",7
"CKAP2L","AURKA",8
"CKAP2L","AURKB",9
"CKAP2L","B3GNT2",10
"CKAP2L","BCAT1",11
"CKAP2L","BCL2L11",12
"CKAP2L","BIRC5",13
"CKAP2L","BMF",14
"CKAP2L","BRCA1",15
"CKAP2L","BRIP1",16
"CKAP2L","BTG1",17
"CKAP2L","BUB1",18
"CKAP2L","BUB1B",19
"CKAP2L","BYSL",20
"CKAP2L","C4orf46",21
"CKAP2L","CCDC34",22
"CKAP2L","CCDC86",23
"CKAP2L","CCNA2",24
"CKAP2L","CCNB1",25
"CKAP2L","CCNB2",26
"CKAP2L","CCNE2",27
"CKAP2L","CCNL1",28
"CKAP2L","CCR1",29
"CKAP2L","CD53",30
"CKAP2L","CDC20",31
"CKAP2L","CDC42EP3",32
"CKAP2L","CDC45",33
"CKAP2L","CDC6",34
"CKAP2L","CDCA2",35
"CKAP2L","CDCA3",36
"CKAP2L","CDCA5",37
"CKAP2L","CDK1",38
"CKAP2L","CDK6",39
"CKAP2L","CDKN3",40
"CKAP2L","CDT1",41
"CKAP2L","CELF2",42
"CKAP2L","CENPA",43
"CKAP2L","CENPE",44
"CKAP2L","CENPF",45
"CKAP2L","CENPH",46
"CKAP2L","CENPK",47
"CKAP2L","CENPN",48
"CKAP2L","CENPU",49
"CKAP2L","CENPV",50
"CKAP2L","CENPW",51
"CKAP2L","CEP55",52
"CKAP2L","CHEK1",53
"CKAP2L","CKAP2",54
"CKAP2L","CKAP2L",55
"CKAP2L","CKS1B",56
"CKAP2L","CLEC2B",57
"CKAP2L","CPM",58
"CKAP2L","CRNDE",59
"CKAP2L","DEFA1",60
"CKAP2L","DENND3",61
"CKAP2L","DEPDC1",62
"CKAP2L","DEPDC1B",63
"CKAP2L","DFNA5",64
"CKAP2L","DHFR",65
"CKAP2L","DHX9",66
"CKAP2L","DLGAP5",67
"CKAP2L","DPEP1",68
"CKAP2L","DSCC1",69
"CKAP2L","DTL",70
"CKAP2L","E2F7",71
"CKAP2L","E2F8",72
"CKAP2L","ECT2",73
"CKAP2L","EGR1",74
"CKAP2L","EMP1",75
"CKAP2L","FAM72C",76
"CKAP2L","FANCI",77
"CKAP2L","FCER1G",78
"CKAP2L","FCGR3B",79
"CKAP2L","FEN1",80
"CKAP2L","FGD2",81
"CKAP2L","FGR",82
"CKAP2L","FH",83
"CKAP2L","FOXM1",84
"CKAP2L","FUS",85
"CKAP2L","GBP4",86
"CKAP2L","GGH",87
"CKAP2L","GIMAP4",88
"CKAP2L","GIMAP7",89
"CKAP2L","GINS1",90
"CKAP2L","GINS2",91
"CKAP2L","GSN",92
"CKAP2L","HBB",93
"CKAP2L","HBG1",94
"CKAP2L","HELLS",95
"CKAP2L","HIST4H4",96
"CKAP2L","HJURP",97
"CKAP2L","HMMR",98
"CKAP2L","HRK",99
"CKAP2L","ID2",100
"CKAP2L","IFNGR1",101
"CKAP2L","IGH",102
"CKAP2L","IGLC1",103
"CKAP2L","IL1B",104
"CKAP2L","IL6ST",105
"CKAP2L","IQGAP3",106
"CKAP2L","IRAK3",107
"CKAP2L","ISG20",108
"CKAP2L","ITGAM",109
"CKAP2L","KIAA0101",110
"CKAP2L","KIF11",111
"CKAP2L","KIF14",112
"CKAP2L","KIF15",113
"CKAP2L","KIF18A",114
"CKAP2L","KIF18B",115
"CKAP2L","KIF20A",116
"CKAP2L","KIF23",117
"CKAP2L","KIF2C",118
"CKAP2L","KIF4A",119
"CKAP2L","KNL1",120
"CKAP2L","LILRB2",121
"CKAP2L","LOC100996643",122
"CKAP2L","LY96",123
"CKAP2L","LYZ",124
"CKAP2L","MAD2L1",125
"CKAP2L","MCM10",126
"CKAP2L","MCM4",127
"CKAP2L","MCM5",128
"CKAP2L","MCM7",129
"CKAP2L","MDK",130
"CKAP2L","MELK",131
"CKAP2L","METTL7A",132
"CKAP2L","MIR4683",133
"CKAP2L","MIR6845",134
"CKAP2L","MIR8071-1",135
"CKAP2L","MKI67",136
"CKAP2L","MND1",137
"CKAP2L","MS4A1",138
"CKAP2L","MS4A4A",139
"CKAP2L","MS4A7",140
"CKAP2L","MTHFD2",141
"CKAP2L","MTSS1",142
"CKAP2L","NCAPG",143
"CKAP2L","NCAPH",144
"CKAP2L","NEAT1",145
"CKAP2L","NEDD9",146
"CKAP2L","NEK2",147
"CKAP2L","NME1",148
"CKAP2L","NPCDR1",149
"CKAP2L","NUF2",150
"CKAP2L","NUSAP1",151
"CKAP2L","OIP5",152
"CKAP2L","P2RY14",153
"CKAP2L","PAICS",154
"CKAP2L","PBK",155
"CKAP2L","PCNA",156
"CKAP2L","PDE4B",157
"CKAP2L","PHF19",158
"CKAP2L","PIK3IP1",159
"CKAP2L","PLK4",160
"CKAP2L","POLE2",161
"CKAP2L","POLQ",162
"CKAP2L","POU4F1",163
"CKAP2L","PPIF",164
"CKAP2L","PPP1R16B",165
"CKAP2L","PRR11",166
"CKAP2L","PSPH",167
"CKAP2L","PTP4A1",168
"CKAP2L","PTTG1",169
"CKAP2L","RAD51",170
"CKAP2L","RAD51AP1",171
"CKAP2L","RBM14",172
"CKAP2L","RBMS3",173
"CKAP2L","RCC1",174
"CKAP2L","RFC3",175
"CKAP2L","RHOBTB3",176
"CKAP2L","RMI2",177
"CKAP2L","RNASET2",178
"CKAP2L","RRM2",179
"CKAP2L","S100A8",180
"CKAP2L","SCML4",181
"CKAP2L","SELENOI",182
"CKAP2L","SERPINA1",183
"CKAP2L","SERPINB9",184
"CKAP2L","SESN1",185
"CKAP2L","SHCBP1",186
"CKAP2L","SIK1",187
"CKAP2L","SKP2",188
"CKAP2L","SLC22A23",189
"CKAP2L","SMAP2",190
"CKAP2L","SMC2",191
"CKAP2L","SNORA21",192
"CKAP2L","SOS1",193
"CKAP2L","SQLE",194
"CKAP2L","STIL",195
"CKAP2L","SUV39H2",196
"CKAP2L","TARSL2",197
"CKAP2L","TBXA2R",198
"CKAP2L","TCF19",199
"CKAP2L","TIMELESS",200
"CKAP2L","TIPIN",201
"CKAP2L","TK1",202
"CKAP2L","TMEM97",203
"CKAP2L","TNFRSF21",204
"CKAP2L","TOP2A",205
"CKAP2L","TPX2",206
"CKAP2L","TRIP13",207
"CKAP2L","TTK",208
"CKAP2L","TXNIP",209
"CKAP2L","TYMS",210
"CKAP2L","UBE2C",211
"CKAP2L","UBE2T",212
"CKAP2L","WDHD1",213
"CKAP2L","WDR76",214
"CKAP2L","ZFP36L2",215
"CKAP2L","ZNF367",216
"CKAP2L","ZWINT",217
"CKS1B","ANLN",1
"CKS1B","ANP32E",2
"CKS1B","APITD1-CORT",3
"CKS1B","ASF1B",4
"CKS1B","ASPM",5
"CKS1B","ATAD2",6
"CKS1B","AURKA",7
"CKS1B","AURKB",8
"CKS1B","BCAT1",9
"CKS1B","BCL2L11",10
"CKS1B","BIRC5",11
"CKS1B","BMF",12
"CKS1B","BRCA1",13
"CKS1B","BRIP1",14
"CKS1B","BTG1",15
"CKS1B","BUB1",16
"CKS1B","BUB1B",17
"CKS1B","BYSL",18
"CKS1B","C4orf46",19
"CKS1B","C5orf24",20
"CKS1B","CCDC34",21
"CKS1B","CCDC86",22
"CKS1B","CCNA2",23
"CKS1B","CCNB1",24
"CKS1B","CCNB2",25
"CKS1B","CCNE2",26
"CKS1B","CCNL1",27
"CKS1B","CD53",28
"CKS1B","CDC20",29
"CKS1B","CDC42EP3",30
"CKS1B","CDC45",31
"CKS1B","CDC6",32
"CKS1B","CDCA2",33
"CKS1B","CDCA3",34
"CKS1B","CDCA5",35
"CKS1B","CDK1",36
"CKS1B","CDKN3",37
"CKS1B","CDT1",38
"CKS1B","CELF2",39
"CKS1B","CENPA",40
"CKS1B","CENPE",41
"CKS1B","CENPF",42
"CKS1B","CENPH",43
"CKS1B","CENPK",44
"CKS1B","CENPN",45
"CKS1B","CENPU",46
"CKS1B","CENPV",47
"CKS1B","CENPW",48
"CKS1B","CEP55",49
"CKS1B","CHEK1",50
"CKS1B","CKAP2",51
"CKS1B","CKAP2L",52
"CKS1B","CKS1B",53
"CKS1B","CLEC2B",54
"CKS1B","CRNDE",55
"CKS1B","DEFA1",56
"CKS1B","DEPDC1",57
"CKS1B","DEPDC1B",58
"CKS1B","DFNA5",59
"CKS1B","DHFR",60
"CKS1B","DHX9",61
"CKS1B","DLGAP5",62
"CKS1B","DSCC1",63
"CKS1B","DTL",64
"CKS1B","E2F7",65
"CKS1B","E2F8",66
"CKS1B","ECT2",67
"CKS1B","F13A1",68
"CKS1B","FABP5",69
"CKS1B","FAM72C",70
"CKS1B","FANCI",71
"CKS1B","FCER1G",72
"CKS1B","FEN1",73
"CKS1B","FGR",74
"CKS1B","FH",75
"CKS1B","FOXM1",76
"CKS1B","FUS",77
"CKS1B","GBP4",78
"CKS1B","GGH",79
"CKS1B","GIMAP4",80
"CKS1B","GIMAP7",81
"CKS1B","GINS1",82
"CKS1B","GINS2",83
"CKS1B","GVINP1",84
"CKS1B","HBB",85
"CKS1B","HBG1",86
"CKS1B","HELLS",87
"CKS1B","HIST4H4",88
"CKS1B","HJURP",89
"CKS1B","HMMR",90
"CKS1B","HSP90AB1",91
"CKS1B","ID2",92
"CKS1B","IGLL1",93
"CKS1B","IQGAP3",94
"CKS1B","IRAK3",95
"CKS1B","ISG20",96
"CKS1B","ITGB2-AS1",97
"CKS1B","KIAA0101",98
"CKS1B","KIF11",99
"CKS1B","KIF14",100
"CKS1B","KIF15",101
"CKS1B","KIF18A",102
"CKS1B","KIF18B",103
"CKS1B","KIF20A",104
"CKS1B","KIF23",105
"CKS1B","KIF2C",106
"CKS1B","KIF4A",107
"CKS1B","KLF9",108
"CKS1B","KNL1",109
"CKS1B","LILRB2",110
"CKS1B","LOC100996643",111
"CKS1B","LYZ",112
"CKS1B","MAD2L1",113
"CKS1B","MCM10",114
"CKS1B","MCM4",115
"CKS1B","MCM5",116
"CKS1B","MCM7",117
"CKS1B","MDK",118
"CKS1B","MELK",119
"CKS1B","MIR6845",120
"CKS1B","MIR8071-1",121
"CKS1B","MKI67",122
"CKS1B","MND1",123
"CKS1B","MPV17L",124
"CKS1B","MS4A1",125
"CKS1B","MS4A7",126
"CKS1B","MTHFD2",127
"CKS1B","NCAPG",128
"CKS1B","NCAPH",129
"CKS1B","NEAT1",130
"CKS1B","NEDD9",131
"CKS1B","NEK2",132
"CKS1B","NME1",133
"CKS1B","NPCDR1",134
"CKS1B","NUF2",135
"CKS1B","NUSAP1",136
"CKS1B","OIP5",137
"CKS1B","P2RY14",138
"CKS1B","PAICS",139
"CKS1B","PBK",140
"CKS1B","PCNA",141
"CKS1B","PDE4B",142
"CKS1B","PHF19",143
"CKS1B","PIK3IP1",144
"CKS1B","PLK4",145
"CKS1B","POLE2",146
"CKS1B","POLQ",147
"CKS1B","PPIF",148
"CKS1B","PPP1R16B",149
"CKS1B","PRDM1",150
"CKS1B","PRR11",151
"CKS1B","PSPH",152
"CKS1B","PTP4A1",153
"CKS1B","PTTG1",154
"CKS1B","RAD51",155
"CKS1B","RAD51AP1",156
"CKS1B","RBM14",157
"CKS1B","RFC3",158
"CKS1B","RMI2",159
"CKS1B","RNASET2",160
"CKS1B","RRM2",161
"CKS1B","S100A8",162
"CKS1B","SCML4",163
"CKS1B","SELENOI",164
"CKS1B","SERPINA1",165
"CKS1B","SESN1",166
"CKS1B","SHCBP1",167
"CKS1B","SIK1",168
"CKS1B","SKP2",169
"CKS1B","SLC22A23",170
"CKS1B","SMAP2",171
"CKS1B","SMC2",172
"CKS1B","SNORA21",173
"CKS1B","SNX29P2",174
"CKS1B","SQLE",175
"CKS1B","STIL",176
"CKS1B","SUV39H2",177
"CKS1B","TARSL2",178
"CKS1B","TBXA2R",179
"CKS1B","TCF19",180
"CKS1B","TENM4",181
"CKS1B","TIMELESS",182
"CKS1B","TIPIN",183
"CKS1B","TK1",184
"CKS1B","TMEM97",185
"CKS1B","TNFRSF21",186
"CKS1B","TOP2A",187
"CKS1B","TPX2",188
"CKS1B","TRIP13",189
"CKS1B","TTK",190
"CKS1B","TXNIP",191
"CKS1B","TYMS",192
"CKS1B","UBE2C",193
"CKS1B","UBE2T",194
"CKS1B","WDHD1",195
"CKS1B","WDR76",196
"CKS1B","ZNF367",197
"CKS1B","ZWINT",198
"CLEC2B","ANLN",1
"CLEC2B","ANP32E",2
"CLEC2B","APITD1-CORT",3
"CLEC2B","ASF1B",4
"CLEC2B","ASPM",5
"CLEC2B","ATAD2",6
"CLEC2B","AURKA",7
"CLEC2B","AURKB",8
"CLEC2B","BIRC5",9
"CLEC2B","BRCA1",10
"CLEC2B","BRIP1",11
"CLEC2B","BTG1",12
"CLEC2B","BUB1",13
"CLEC2B","BUB1B",14
"CLEC2B","BYSL",15
"CLEC2B","C4orf46",16
"CLEC2B","CCDC34",17
"CLEC2B","CCDC86",18
"CLEC2B","CCNA2",19
"CLEC2B","CCNB1",20
"CLEC2B","CCNB2",21
"CLEC2B","CCNE2",22
"CLEC2B","CCR1",23
"CLEC2B","CD53",24
"CLEC2B","CDC20",25
"CLEC2B","CDC42EP3",26
"CLEC2B","CDC45",27
"CLEC2B","CDC6",28
"CLEC2B","CDCA2",29
"CLEC2B","CDCA3",30
"CLEC2B","CDCA5",31
"CLEC2B","CDK1",32
"CLEC2B","CDKN3",33
"CLEC2B","CDT1",34
"CLEC2B","CELF2",35
"CLEC2B","CENPA",36
"CLEC2B","CENPE",37
"CLEC2B","CENPF",38
"CLEC2B","CENPH",39
"CLEC2B","CENPK",40
"CLEC2B","CENPN",41
"CLEC2B","CENPU",42
"CLEC2B","CENPW",43
"CLEC2B","CEP55",44
"CLEC2B","CHEK1",45
"CLEC2B","CKAP2",46
"CLEC2B","CKAP2L",47
"CLEC2B","CKS1B",48
"CLEC2B","CLEC2B",49
"CLEC2B","CRNDE",50
"CLEC2B","DENND3",51
"CLEC2B","DEPDC1",52
"CLEC2B","DFNA5",53
"CLEC2B","DHFR",54
"CLEC2B","DHX9",55
"CLEC2B","DLGAP5",56
"CLEC2B","DSCC1",57
"CLEC2B","DTL",58
"CLEC2B","ECT2",59
"CLEC2B","F13A1",60
"CLEC2B","FABP5",61
"CLEC2B","FAM72C",62
"CLEC2B","FANCI",63
"CLEC2B","FEN1",64
"CLEC2B","FH",65
"CLEC2B","FOXM1",66
"CLEC2B","GBP4",67
"CLEC2B","GGH",68
"CLEC2B","GIMAP4",69
"CLEC2B","GIMAP7",70
"CLEC2B","GINS1",71
"CLEC2B","GINS2",72
"CLEC2B","GVINP1",73
"CLEC2B","HELLS",74
"CLEC2B","HIST4H4",75
"CLEC2B","HJURP",76
"CLEC2B","HMMR",77
"CLEC2B","HSP90AB1",78
"CLEC2B","ID2",79
"CLEC2B","IFNGR1",80
"CLEC2B","IL6ST",81
"CLEC2B","IQGAP3",82
"CLEC2B","IRAK3",83
"CLEC2B","ISG20",84
"CLEC2B","KIAA0101",85
"CLEC2B","KIF14",86
"CLEC2B","KIF15",87
"CLEC2B","KIF18A",88
"CLEC2B","KIF18B",89
"CLEC2B","KIF20A",90
"CLEC2B","KIF23",91
"CLEC2B","KIF2C",92
"CLEC2B","KIF4A",93
"CLEC2B","KLF9",94
"CLEC2B","KNL1",95
"CLEC2B","LILRA1",96
"CLEC2B","LILRB2",97
"CLEC2B","LYZ",98
"CLEC2B","MAD2L1",99
"CLEC2B","MCM10",100
"CLEC2B","MCM4",101
"CLEC2B","MCM5",102
"CLEC2B","MCM7",103
"CLEC2B","MDK",104
"CLEC2B","MELK",105
"CLEC2B","MIR8071-1",106
"CLEC2B","MKI67",107
"CLEC2B","MND1",108
"CLEC2B","MPV17L",109
"CLEC2B","MS4A1",110
"CLEC2B","MS4A4A",111
"CLEC2B","MTSS1",112
"CLEC2B","NCAPG",113
"CLEC2B","NCAPH",114
"CLEC2B","NEDD9",115
"CLEC2B","NEK2",116
"CLEC2B","NME1",117
"CLEC2B","NUF2",118
"CLEC2B","NUSAP1",119
"CLEC2B","OIP5",120
"CLEC2B","P2RY14",121
"CLEC2B","PAICS",122
"CLEC2B","PBK",123
"CLEC2B","PCNA",124
"CLEC2B","PDE4B",125
"CLEC2B","PHF19",126
"CLEC2B","PIK3IP1",127
"CLEC2B","PLK4",128
"CLEC2B","POLE2",129
"CLEC2B","POLQ",130
"CLEC2B","PRR11",131
"CLEC2B","PTTG1",132
"CLEC2B","RAB31",133
"CLEC2B","RAD51",134
"CLEC2B","RASSF4",135
"CLEC2B","RBM14",136
"CLEC2B","RFC3",137
"CLEC2B","RMI2",138
"CLEC2B","RNASET2",139
"CLEC2B","RRM2",140
"CLEC2B","SCML4",141
"CLEC2B","SERPINB9",142
"CLEC2B","SESN1",143
"CLEC2B","SHCBP1",144
"CLEC2B","SKP2",145
"CLEC2B","SMAP2",146
"CLEC2B","SMC2",147
"CLEC2B","SNX29P2",148
"CLEC2B","SOS1",149
"CLEC2B","SQLE",150
"CLEC2B","STAB1",151
"CLEC2B","STIL",152
"CLEC2B","SUV39H2",153
"CLEC2B","TARSL2",154
"CLEC2B","TBXA2R",155
"CLEC2B","TCF19",156
"CLEC2B","TIMELESS",157
"CLEC2B","TIPIN",158
"CLEC2B","TK1",159
"CLEC2B","TMEM2",160
"CLEC2B","TMEM97",161
"CLEC2B","TNFRSF21",162
"CLEC2B","TOP2A",163
"CLEC2B","TPX2",164
"CLEC2B","TRIP13",165
"CLEC2B","TTK",166
"CLEC2B","TUBA4A",167
"CLEC2B","TXNIP",168
"CLEC2B","UBE2T",169
"CLEC2B","WDHD1",170
"CLEC2B","ZNF367",171
"CLEC2B","ZWINT",172
"CLN8","BMF",1
"CLN8","CLN8",2
"CLN8","CPM",3
"CLN8","DPEP1",4
"CLN8","HRK",5
"CLN8","IL18RAP",6
"CLN8","ISG20",7
"CLN8","ITGB2-AS1",8
"CLN8","LOC100130872",9
"CLN8","MIR4683",10
"CLN8","MIR8071-1",11
"CLN8","MSH6",12
"CLN8","NPCDR1",13
"CLN8","POU4F1",14
"CLN8","PTP4A1",15
"CLN8","RPS6KA2",16
"CLN8","SEMA4D",17
"CLN8","SMIM3",18
"CLN8","TMEM100",19
"CPM","ANLN",1
"CPM","APITD1-CORT",2
"CPM","ARRDC3",3
"CPM","ASF1B",4
"CPM","ATAD2",5
"CPM","AURKA",6
"CPM","BIRC5",7
"CPM","BMF",8
"CPM","BRIP1",9
"CPM","BTG1",10
"CPM","BUB1",11
"CPM","BUB1B",12
"CPM","C4orf46",13
"CPM","CCDC34",14
"CPM","CCNA2",15
"CPM","CCNB1",16
"CPM","CCNB2",17
"CPM","CCNE2",18
"CPM","CD53",19
"CPM","CDC20",20
"CPM","CDC45",21
"CPM","CDC6",22
"CPM","CDCA2",23
"CPM","CDCA3",24
"CPM","CDCA5",25
"CPM","CDK1",26
"CPM","CDKN3",27
"CPM","CDT1",28
"CPM","CENPA",29
"CPM","CENPE",30
"CPM","CENPH",31
"CPM","CENPK",32
"CPM","CENPN",33
"CPM","CENPV",34
"CPM","CHEK1",35
"CPM","CLN8",36
"CPM","CPM",37
"CPM","DEPDC1",38
"CPM","DLGAP5",39
"CPM","DPEP1",40
"CPM","DSCC1",41
"CPM","ECT2",42
"CPM","FAM72C",43
"CPM","FANCI",44
"CPM","FEN1",45
"CPM","FOXM1",46
"CPM","GGH",47
"CPM","GINS1",48
"CPM","GSN",49
"CPM","HELLS",50
"CPM","HJURP",51
"CPM","HMMR",52
"CPM","HRK",53
"CPM","IFNGR1",54
"CPM","IL1B",55
"CPM","IQGAP3",56
"CPM","ISG20",57
"CPM","ITGB2-AS1",58
"CPM","KIAA0101",59
"CPM","KIF14",60
"CPM","KIF15",61
"CPM","KIF18B",62
"CPM","KIF20A",63
"CPM","KIF23",64
"CPM","KIF26A",65
"CPM","KIF2C",66
"CPM","LILRB2",67
"CPM","MAD2L1",68
"CPM","MCM10",69
"CPM","MCM4",70
"CPM","MELK",71
"CPM","METTL7A",72
"CPM","MIR4683",73
"CPM","MIR8071-1",74
"CPM","MS4A1",75
"CPM","NCAPG",76
"CPM","NCAPH",77
"CPM","P2RY14",78
"CPM","PBK",79
"CPM","PHF19",80
"CPM","PLK4",81
"CPM","POLE2",82
"CPM","POLQ",83
"CPM","POU4F1",84
"CPM","PPIF",85
"CPM","RNASET2",86
"CPM","S100A11",87
"CPM","SCML4",88
"CPM","SHCBP1",89
"CPM","SIK1",90
"CPM","SKP2",91
"CPM","SMAP2",92
"CPM","SMC2",93
"CPM","STIL",94
"CPM","SUV39H2",95
"CPM","TARSL2",96
"CPM","TIPIN",97
"CPM","TMEM2",98
"CPM","TMEM97",99
"CPM","TPX2",100
"CPM","TTK",101
"CPM","UBE2T",102
"CPM","WDHD1",103
"CPM","ZWINT",104
"CRNDE","ANLN",1
"CRNDE","ANP32E",2
"CRNDE","APITD1-CORT",3
"CRNDE","ASF1B",4
"CRNDE","ASPM",5
"CRNDE","ATAD2",6
"CRNDE","AURKA",7
"CRNDE","AURKB",8
"CRNDE","BIRC5",9
"CRNDE","BRIP1",10
"CRNDE","BTG1",11
"CRNDE","BUB1",12
"CRNDE","BUB1B",13
"CRNDE","BYSL",14
"CRNDE","C4orf46",15
"CRNDE","CCDC34",16
"CRNDE","CCDC86",17
"CRNDE","CCNA2",18
"CRNDE","CCNB1",19
"CRNDE","CCNB2",20
"CRNDE","CCNE2",21
"CRNDE","CCR1",22
"CRNDE","CD53",23
"CRNDE","CDC20",24
"CRNDE","CDC42EP3",25
"CRNDE","CDC45",26
"CRNDE","CDC6",27
"CRNDE","CDCA2",28
"CRNDE","CDCA3",29
"CRNDE","CDCA5",30
"CRNDE","CDK1",31
"CRNDE","CDKN3",32
"CRNDE","CDT1",33
"CRNDE","CELF2",34
"CRNDE","CENPA",35
"CRNDE","CENPE",36
"CRNDE","CENPF",37
"CRNDE","CENPH",38
"CRNDE","CENPK",39
"CRNDE","CENPN",40
"CRNDE","CENPU",41
"CRNDE","CENPV",42
"CRNDE","CENPW",43
"CRNDE","CEP55",44
"CRNDE","CHEK1",45
"CRNDE","CKAP2",46
"CRNDE","CKAP2L",47
"CRNDE","CKS1B",48
"CRNDE","CLEC2B",49
"CRNDE","CPM",50
"CRNDE","CRNDE",51
"CRNDE","DDIT4",52
"CRNDE","DENND3",53
"CRNDE","DEPDC1",54
"CRNDE","DEPDC1B",55
"CRNDE","DFNA5",56
"CRNDE","DHFR",57
"CRNDE","DHX9",58
"CRNDE","DLGAP5",59
"CRNDE","DPEP1",60
"CRNDE","DSCC1",61
"CRNDE","DTL",62
"CRNDE","E2F7",63
"CRNDE","E2F8",64
"CRNDE","ECT2",65
"CRNDE","EPPK1",66
"CRNDE","FABP5",67
"CRNDE","FAM72C",68
"CRNDE","FANCI",69
"CRNDE","FCGR3B",70
"CRNDE","FEN1",71
"CRNDE","FH",72
"CRNDE","FOXM1",73
"CRNDE","GBP4",74
"CRNDE","GGH",75
"CRNDE","GIMAP4",76
"CRNDE","GINS1",77
"CRNDE","GINS2",78
"CRNDE","GSN",79
"CRNDE","HELLS",80
"CRNDE","HJURP",81
"CRNDE","HMMR",82
"CRNDE","HSP90AB1",83
"CRNDE","ID2",84
"CRNDE","IFNGR1",85
"CRNDE","IL18R1",86
"CRNDE","IL18RAP",87
"CRNDE","IL1B",88
"CRNDE","IL6ST",89
"CRNDE","IQGAP3",90
"CRNDE","IRAK3",91
"CRNDE","ISG20",92
"CRNDE","ITGAM",93
"CRNDE","KIAA0101",94
"CRNDE","KIF11",95
"CRNDE","KIF14",96
"CRNDE","KIF15",97
"CRNDE","KIF18A",98
"CRNDE","KIF18B",99
"CRNDE","KIF20A",100
"CRNDE","KIF23",101
"CRNDE","KIF2C",102
"CRNDE","KIF4A",103
"CRNDE","KLF9",104
"CRNDE","KNL1",105
"CRNDE","LEF1",106
"CRNDE","LGALS3",107
"CRNDE","LILRA1",108
"CRNDE","LILRB2",109
"CRNDE","LOC100996643",110
"CRNDE","LYZ",111
"CRNDE","MAD2L1",112
"CRNDE","MCM10",113
"CRNDE","MCM4",114
"CRNDE","MCM7",115
"CRNDE","MELK",116
"CRNDE","METTL7A",117
"CRNDE","MIR4683",118
"CRNDE","MIR6845",119
"CRNDE","MIR8071-1",120
"CRNDE","MKI67",121
"CRNDE","MS4A1",122
"CRNDE","MS4A4A",123
"CRNDE","MTSS1",124
"CRNDE","NCAPG",125
"CRNDE","NCAPH",126
"CRNDE","NEAT1",127
"CRNDE","NEDD9",128
"CRNDE","NEK2",129
"CRNDE","NME1",130
"CRNDE","NUF2",131
"CRNDE","NUSAP1",132
"CRNDE","OIP5",133
"CRNDE","P2RX5",134
"CRNDE","P2RY14",135
"CRNDE","PAICS",136
"CRNDE","PBK",137
"CRNDE","PCNA",138
"CRNDE","PDE4B",139
"CRNDE","PHF19",140
"CRNDE","PLK4",141
"CRNDE","POLE2",142
"CRNDE","POLQ",143
"CRNDE","PRDM1",144
"CRNDE","PRR11",145
"CRNDE","PTTG1",146
"CRNDE","RAB31",147
"CRNDE","RAD51",148
"CRNDE","RBM14",149
"CRNDE","RFC3",150
"CRNDE","RMI2",151
"CRNDE","RNASET2",152
"CRNDE","RRM2",153
"CRNDE","SELENOI",154
"CRNDE","SERPINB9",155
"CRNDE","SESN1",156
"CRNDE","SHCBP1",157
"CRNDE","SKP2",158
"CRNDE","SMAP2",159
"CRNDE","SMC2",160
"CRNDE","SNORA21",161
"CRNDE","SOS1",162
"CRNDE","SQLE",163
"CRNDE","STAB1",164
"CRNDE","STIL",165
"CRNDE","SUV39H2",166
"CRNDE","TARSL2",167
"CRNDE","TBXA2R",168
"CRNDE","TCF19",169
"CRNDE","TIPIN",170
"CRNDE","TK1",171
"CRNDE","TMEM2",172
"CRNDE","TMEM97",173
"CRNDE","TNFRSF21",174
"CRNDE","TOP2A",175
"CRNDE","TPX2",176
"CRNDE","TRIP13",177
"CRNDE","TTK",178
"CRNDE","TYMS",179
"CRNDE","UBE2C",180
"CRNDE","UBE2T",181
"CRNDE","WDHD1",182
"CRNDE","WDR76",183
"CRNDE","ZBTB16",184
"CRNDE","ZNF367",185
"CRNDE","ZWINT",186
"DDIT4","ANP32E",1
"DDIT4","ATAD2",2
"DDIT4","B3GNT2",3
"DDIT4","BCAT1",4
"DDIT4","BCL2L11",5
"DDIT4","BIRC5",6
"DDIT4","BMF",7
"DDIT4","BRCA1",8
"DDIT4","BUB1",9
"DDIT4","CCDC86",10
"DDIT4","CCNA2",11
"DDIT4","CDCA5",12
"DDIT4","CDK6",13
"DDIT4","CEP55",14
"DDIT4","CKAP2",15
"DDIT4","CKAP2L",16
"DDIT4","CKS1B",17
"DDIT4","DDIT4",18
"DDIT4","DSCC1",19
"DDIT4","E2F7",20
"DDIT4","E2F8",21
"DDIT4","ECT2",22
"DDIT4","FEN1",23
"DDIT4","FOXM1",24
"DDIT4","GBP4",25
"DDIT4","GIMAP4",26
"DDIT4","GINS1",27
"DDIT4","GSN",28
"DDIT4","HIST4H4",29
"DDIT4","IL1B",30
"DDIT4","IL6ST",31
"DDIT4","KIAA0101",32
"DDIT4","KIF11",33
"DDIT4","KIF18B",34
"DDIT4","KIF2C",35
"DDIT4","LILRB2",36
"DDIT4","MCM4",37
"DDIT4","MCM7",38
"DDIT4","MELK",39
"DDIT4","MIR4683",40
"DDIT4","MKI67",41
"DDIT4","MTHFD2",42
"DDIT4","MTSS1",43
"DDIT4","NME1",44
"DDIT4","NPCDR1",45
"DDIT4","NUSAP1",46
"DDIT4","P2RY14",47
"DDIT4","PFKFB2",48
"DDIT4","PHF19",49
"DDIT4","PIK3IP1",50
"DDIT4","POLE2",51
"DDIT4","RBMS3",52
"DDIT4","RPS6KA2",53
"DDIT4","SELENOI",54
"DDIT4","SERPINB9",55
"DDIT4","SMAP2",56
"DDIT4","SMIM3",57
"DDIT4","SNTB2",58
"DDIT4","SQLE",59
"DDIT4","STIL",60
"DDIT4","TIMELESS",61
"DDIT4","TIPIN",62
"DDIT4","TPX2",63
"DDIT4","TXNIP",64
"DDIT4","UBE2T",65
"DDIT4","WDR76",66
"DDIT4","ZFP36L2",67
"DDIT4","ZNF367",68
"DEFA1","AURKB",1
"DEFA1","C5orf24",2
"DEFA1","CCNB1",3
"DEFA1","CDK1",4
"DEFA1","CELF2",5
"DEFA1","CENPF",6
"DEFA1","CENPH",7
"DEFA1","CKAP2",8
"DEFA1","CKS1B",9
"DEFA1","DEFA1",10
"DEFA1","DEPDC1B",11
"DEFA1","FH",12
"DEFA1","HBB",13
"DEFA1","HBG1",14
"DEFA1","HMMR",15
"DEFA1","IGH",16
"DEFA1","IGLL1",17
"DEFA1","ITGB2-AS1",18
"DEFA1","KIF14",19
"DEFA1","KIF18A",20
"DEFA1","KIF20A",21
"DEFA1","KIF4A",22
"DEFA1","LGALS3",23
"DEFA1","LOC100130872",24
"DEFA1","LOC100505650",25
"DEFA1","LYZ",26
"DEFA1","MTHFD2",27
"DEFA1","NEAT1",28
"DEFA1","NEDD9",29
"DEFA1","NEK2",30
"DEFA1","NME1",31
"DEFA1","OIP5",32
"DEFA1","POLQ",33
"DEFA1","PPP1R16B",34
"DEFA1","PSPH",35
"DEFA1","RBM14",36
"DEFA1","RFC3",37
"DEFA1","S100A8",38
"DEFA1","SHCBP1",39
"DEFA1","SNX29P2",40
"DEFA1","SQLE",41
"DEFA1","TIMELESS",42
"DEFA1","TMEM97",43
"DEFA1","TRIP13",44
"DEFA1","TXNIP",45
"DEFA1","WDHD1",46
"DENND3","AKAP12",1
"DENND3","ANP32E",2
"DENND3","APITD1-CORT",3
"DENND3","ARPP21",4
"DENND3","ARRDC3",5
"DENND3","ASF1B",6
"DENND3","ATAD2",7
"DENND3","AURKA",8
"DENND3","B3GNT2",9
"DENND3","BCL2L11",10
"DENND3","BIRC5",11
"DENND3","BMF",12
"DENND3","BTG1",13
"DENND3","BTNL9",14
"DENND3","BUB1",15
"DENND3","C5orf24",16
"DENND3","CCDC34",17
"DENND3","CCNA2",18
"DENND3","CCNE2",19
"DENND3","CD53",20
"DENND3","CDC6",21
"DENND3","CDCA2",22
"DENND3","CDCA3",23
"DENND3","CDCA5",24
"DENND3","CDKN3",25
"DENND3","CENPE",26
"DENND3","CENPK",27
"DENND3","CENPU",28
"DENND3","CENPV",29
"DENND3","CEP55",30
"DENND3","CPM",31
"DENND3","DDIT4",32
"DENND3","DEFA1",33
"DENND3","DENND3",34
"DENND3","DEPDC1",35
"DENND3","DPEP1",36
"DENND3","DSCC1",37
"DENND3","E2F7",38
"DENND3","ECT2",39
"DENND3","EMP1",40
"DENND3","FAM72C",41
"DENND3","FEN1",42
"DENND3","FGR",43
"DENND3","FOXM1",44
"DENND3","GBP4",45
"DENND3","GINS1",46
"DENND3","GSN",47
"DENND3","HBB",48
"DENND3","HBG1",49
"DENND3","HELLS",50
"DENND3","HJURP",51
"DENND3","HRK",52
"DENND3","ID3",53
"DENND3","IFNGR1",54
"DENND3","IGLL1",55
"DENND3","IL1B",56
"DENND3","IL6ST",57
"DENND3","IRAK3",58
"DENND3","ISG20",59
"DENND3","ITGB2-AS1",60
"DENND3","KCNK12",61
"DENND3","KIAA0101",62
"DENND3","KIF18B",63
"DENND3","KIF23",64
"DENND3","KIF26A",65
"DENND3","KIF2C",66
"DENND3","LILRB2",67
"DENND3","LOC100130872",68
"DENND3","LOC100505650",69
"DENND3","MCM4",70
"DENND3","MDM2",71
"DENND3","MELK",72
"DENND3","METTL7A",73
"DENND3","MIR4683",74
"DENND3","MS4A1",75
"DENND3","MS4A4A",76
"DENND3","MSH6",77
"DENND3","MTSS1",78
"DENND3","MYRIP",79
"DENND3","NCAPH",80
"DENND3","NPCDR1",81
"DENND3","P2RY14",82
"DENND3","PBK",83
"DENND3","PDE4B",84
"DENND3","PHF19",85
"DENND3","POLE2",86
"DENND3","POU4F1",87
"DENND3","PTP4A1",88
"DENND3","RAG1",89
"DENND3","RBMS3",90
"DENND3","RNASET2",91
"DENND3","RPS6KA2",92
"DENND3","S100A11",93
"DENND3","SCML4",94
"DENND3","SEMA4D",95
"DENND3","SERPINB9",96
"DENND3","SIK1",97
"DENND3","SKP2",98
"DENND3","SLA",99
"DENND3","SMAP2",100
"DENND3","SMIM3",101
"DENND3","SNORD3B-1",102
"DENND3","SOS1",103
"DENND3","STIL",104
"DENND3","SUV39H2",105
"DENND3","TARSL2",106
"DENND3","TBXA2R",107
"DENND3","TIPIN",108
"DENND3","TMEM2",109
"DENND3","TNFSF8",110
"DENND3","TPX2",111
"DENND3","UBE2C",112
"DENND3","UBE2T",113
"DENND3","WASF1",114
"DEPDC1","ANLN",1
"DEPDC1","ANP32E",2
"DEPDC1","APITD1-CORT",3
"DEPDC1","ARPP21",4
"DEPDC1","ASF1B",5
"DEPDC1","ASPM",6
"DEPDC1","ATAD2",7
"DEPDC1","AURKA",8
"DEPDC1","AURKB",9
"DEPDC1","B3GNT2",10
"DEPDC1","BCAT1",11
"DEPDC1","BCL2L11",12
"DEPDC1","BIRC5",13
"DEPDC1","BMF",14
"DEPDC1","BRCA1",15
"DEPDC1","BRIP1",16
"DEPDC1","BTG1",17
"DEPDC1","BUB1",18
"DEPDC1","BUB1B",19
"DEPDC1","BYSL",20
"DEPDC1","C4orf46",21
"DEPDC1","CCDC34",22
"DEPDC1","CCDC86",23
"DEPDC1","CCNA2",24
"DEPDC1","CCNB1",25
"DEPDC1","CCNB2",26
"DEPDC1","CCNE2",27
"DEPDC1","CCNL1",28
"DEPDC1","CCR1",29
"DEPDC1","CD53",30
"DEPDC1","CDC20",31
"DEPDC1","CDC42EP3",32
"DEPDC1","CDC45",33
"DEPDC1","CDC6",34
"DEPDC1","CDCA2",35
"DEPDC1","CDCA3",36
"DEPDC1","CDCA5",37
"DEPDC1","CDK1",38
"DEPDC1","CDK6",39
"DEPDC1","CDKN3",40
"DEPDC1","CDT1",41
"DEPDC1","CELF2",42
"DEPDC1","CENPA",43
"DEPDC1","CENPE",44
"DEPDC1","CENPF",45
"DEPDC1","CENPH",46
"DEPDC1","CENPK",47
"DEPDC1","CENPN",48
"DEPDC1","CENPU",49
"DEPDC1","CENPV",50
"DEPDC1","CENPW",51
"DEPDC1","CEP55",52
"DEPDC1","CHEK1",53
"DEPDC1","CKAP2",54
"DEPDC1","CKAP2L",55
"DEPDC1","CKS1B",56
"DEPDC1","CLEC2B",57
"DEPDC1","CPM",58
"DEPDC1","CRNDE",59
"DEPDC1","DEFA1",60
"DEPDC1","DENND3",61
"DEPDC1","DEPDC1",62
"DEPDC1","DEPDC1B",63
"DEPDC1","DFNA5",64
"DEPDC1","DHFR",65
"DEPDC1","DHX9",66
"DEPDC1","DLGAP5",67
"DEPDC1","DPEP1",68
"DEPDC1","DSCC1",69
"DEPDC1","DTL",70
"DEPDC1","E2F7",71
"DEPDC1","E2F8",72
"DEPDC1","ECT2",73
"DEPDC1","EGR1",74
"DEPDC1","EMP1",75
"DEPDC1","FAM72C",76
"DEPDC1","FANCI",77
"DEPDC1","FCER1G",78
"DEPDC1","FCGR3B",79
"DEPDC1","FEN1",80
"DEPDC1","FGD2",81
"DEPDC1","FGR",82
"DEPDC1","FH",83
"DEPDC1","FOXM1",84
"DEPDC1","FUS",85
"DEPDC1","GBP4",86
"DEPDC1","GGH",87
"DEPDC1","GIMAP4",88
"DEPDC1","GIMAP7",89
"DEPDC1","GINS1",90
"DEPDC1","GINS2",91
"DEPDC1","GSN",92
"DEPDC1","HBB",93
"DEPDC1","HBG1",94
"DEPDC1","HELLS",95
"DEPDC1","HIST4H4",96
"DEPDC1","HJURP",97
"DEPDC1","HMMR",98
"DEPDC1","HRK",99
"DEPDC1","ID2",100
"DEPDC1","IFNGR1",101
"DEPDC1","IGH",102
"DEPDC1","IGLC1",103
"DEPDC1","IL1B",104
"DEPDC1","IL6ST",105
"DEPDC1","IQGAP3",106
"DEPDC1","IRAK3",107
"DEPDC1","ISG20",108
"DEPDC1","ITGAM",109
"DEPDC1","KIAA0101",110
"DEPDC1","KIF11",111
"DEPDC1","KIF14",112
"DEPDC1","KIF15",113
"DEPDC1","KIF18A",114
"DEPDC1","KIF18B",115
"DEPDC1","KIF20A",116
"DEPDC1","KIF23",117
"DEPDC1","KIF2C",118
"DEPDC1","KIF4A",119
"DEPDC1","KNL1",120
"DEPDC1","LILRB2",121
"DEPDC1","LOC100996643",122
"DEPDC1","LY96",123
"DEPDC1","LYZ",124
"DEPDC1","MAD2L1",125
"DEPDC1","MCM10",126
"DEPDC1","MCM4",127
"DEPDC1","MCM5",128
"DEPDC1","MCM7",129
"DEPDC1","MDK",130
"DEPDC1","MELK",131
"DEPDC1","METTL7A",132
"DEPDC1","MIR4683",133
"DEPDC1","MIR6845",134
"DEPDC1","MIR8071-1",135
"DEPDC1","MKI67",136
"DEPDC1","MND1",137
"DEPDC1","MS4A1",138
"DEPDC1","MS4A4A",139
"DEPDC1","MS4A7",140
"DEPDC1","MTHFD2",141
"DEPDC1","MTSS1",142
"DEPDC1","NCAPG",143
"DEPDC1","NCAPH",144
"DEPDC1","NEAT1",145
"DEPDC1","NEDD9",146
"DEPDC1","NEK2",147
"DEPDC1","NME1",148
"DEPDC1","NPCDR1",149
"DEPDC1","NUF2",150
"DEPDC1","NUSAP1",151
"DEPDC1","OIP5",152
"DEPDC1","P2RY14",153
"DEPDC1","PAICS",154
"DEPDC1","PBK",155
"DEPDC1","PCNA",156
"DEPDC1","PDE4B",157
"DEPDC1","PHF19",158
"DEPDC1","PIK3IP1",159
"DEPDC1","PLK4",160
"DEPDC1","POLE2",161
"DEPDC1","POLQ",162
"DEPDC1","POU4F1",163
"DEPDC1","PPIF",164
"DEPDC1","PPP1R16B",165
"DEPDC1","PRR11",166
"DEPDC1","PSPH",167
"DEPDC1","PTP4A1",168
"DEPDC1","PTTG1",169
"DEPDC1","RAD51",170
"DEPDC1","RAD51AP1",171
"DEPDC1","RBM14",172
"DEPDC1","RBMS3",173
"DEPDC1","RCC1",174
"DEPDC1","RFC3",175
"DEPDC1","RHOBTB3",176
"DEPDC1","RMI2",177
"DEPDC1","RNASET2",178
"DEPDC1","RRM2",179
"DEPDC1","S100A8",180
"DEPDC1","SCML4",181
"DEPDC1","SELENOI",182
"DEPDC1","SERPINA1",183
"DEPDC1","SERPINB9",184
"DEPDC1","SESN1",185
"DEPDC1","SHCBP1",186
"DEPDC1","SIK1",187
"DEPDC1","SKP2",188
"DEPDC1","SLC22A23",189
"DEPDC1","SMAP2",190
"DEPDC1","SMC2",191
"DEPDC1","SNORA21",192
"DEPDC1","SOS1",193
"DEPDC1","SQLE",194
"DEPDC1","STIL",195
"DEPDC1","SUV39H2",196
"DEPDC1","TARSL2",197
"DEPDC1","TBXA2R",198
"DEPDC1","TCF19",199
"DEPDC1","TIMELESS",200
"DEPDC1","TIPIN",201
"DEPDC1","TK1",202
"DEPDC1","TMEM97",203
"DEPDC1","TNFRSF21",204
"DEPDC1","TOP2A",205
"DEPDC1","TPX2",206
"DEPDC1","TRIP13",207
"DEPDC1","TTK",208
"DEPDC1","TXNIP",209
"DEPDC1","TYMS",210
"DEPDC1","UBE2C",211
"DEPDC1","UBE2T",212
"DEPDC1","WDHD1",213
"DEPDC1","WDR76",214
"DEPDC1","ZFP36L2",215
"DEPDC1","ZNF367",216
"DEPDC1","ZWINT",217
"DEPDC1B","ANLN",1
"DEPDC1B","ANP32E",2
"DEPDC1B","APITD1-CORT",3
"DEPDC1B","ARPP21",4
"DEPDC1B","ASF1B",5
"DEPDC1B","ASPM",6
"DEPDC1B","ATAD2",7
"DEPDC1B","AURKA",8
"DEPDC1B","AURKB",9
"DEPDC1B","BCAT1",10
"DEPDC1B","BCL2L11",11
"DEPDC1B","BIRC5",12
"DEPDC1B","BMF",13
"DEPDC1B","BRCA1",14
"DEPDC1B","BRIP1",15
"DEPDC1B","BTG1",16
"DEPDC1B","BUB1",17
"DEPDC1B","BUB1B",18
"DEPDC1B","BYSL",19
"DEPDC1B","C4orf46",20
"DEPDC1B","CCDC34",21
"DEPDC1B","CCDC86",22
"DEPDC1B","CCNA2",23
"DEPDC1B","CCNB1",24
"DEPDC1B","CCNB2",25
"DEPDC1B","CCNE2",26
"DEPDC1B","CCR1",27
"DEPDC1B","CD53",28
"DEPDC1B","CDC20",29
"DEPDC1B","CDC42EP3",30
"DEPDC1B","CDC45",31
"DEPDC1B","CDC6",32
"DEPDC1B","CDCA2",33
"DEPDC1B","CDCA3",34
"DEPDC1B","CDCA5",35
"DEPDC1B","CDK1",36
"DEPDC1B","CDK6",37
"DEPDC1B","CDKN3",38
"DEPDC1B","CDT1",39
"DEPDC1B","CELF2",40
"DEPDC1B","CENPA",41
"DEPDC1B","CENPE",42
"DEPDC1B","CENPF",43
"DEPDC1B","CENPH",44
"DEPDC1B","CENPK",45
"DEPDC1B","CENPN",46
"DEPDC1B","CENPU",47
"DEPDC1B","CENPV",48
"DEPDC1B","CENPW",49
"DEPDC1B","CEP55",50
"DEPDC1B","CHEK1",51
"DEPDC1B","CKAP2",52
"DEPDC1B","CKAP2L",53
"DEPDC1B","CKS1B",54
"DEPDC1B","CLEC2B",55
"DEPDC1B","CRNDE",56
"DEPDC1B","DENND3",57
"DEPDC1B","DEPDC1",58
"DEPDC1B","DEPDC1B",59
"DEPDC1B","DFNA5",60
"DEPDC1B","DHFR",61
"DEPDC1B","DHX9",62
"DEPDC1B","DLGAP5",63
"DEPDC1B","DPEP1",64
"DEPDC1B","DSCC1",65
"DEPDC1B","DTL",66
"DEPDC1B","E2F7",67
"DEPDC1B","E2F8",68
"DEPDC1B","ECT2",69
"DEPDC1B","EMP1",70
"DEPDC1B","FABP5",71
"DEPDC1B","FAM72C",72
"DEPDC1B","FANCI",73
"DEPDC1B","FCER1G",74
"DEPDC1B","FCGR3B",75
"DEPDC1B","FEN1",76
"DEPDC1B","FGR",77
"DEPDC1B","FH",78
"DEPDC1B","FOXM1",79
"DEPDC1B","FUS",80
"DEPDC1B","GBP4",81
"DEPDC1B","GGH",82
"DEPDC1B","GIMAP4",83
"DEPDC1B","GIMAP7",84
"DEPDC1B","GINS1",85
"DEPDC1B","GINS2",86
"DEPDC1B","GSN",87
"DEPDC1B","GVINP1",88
"DEPDC1B","HBB",89
"DEPDC1B","HELLS",90
"DEPDC1B","HIST4H4",91
"DEPDC1B","HJURP",92
"DEPDC1B","HMMR",93
"DEPDC1B","ID2",94
"DEPDC1B","IFNGR1",95
"DEPDC1B","IGH",96
"DEPDC1B","IL18R1",97
"DEPDC1B","IL1B",98
"DEPDC1B","IL6ST",99
"DEPDC1B","IQGAP3",100
"DEPDC1B","IRAK3",101
"DEPDC1B","ISG20",102
"DEPDC1B","ITGAM",103
"DEPDC1B","KIAA0101",104
"DEPDC1B","KIF11",105
"DEPDC1B","KIF14",106
"DEPDC1B","KIF15",107
"DEPDC1B","KIF18A",108
"DEPDC1B","KIF18B",109
"DEPDC1B","KIF20A",110
"DEPDC1B","KIF23",111
"DEPDC1B","KIF2C",112
"DEPDC1B","KIF4A",113
"DEPDC1B","KNL1",114
"DEPDC1B","LILRB2",115
"DEPDC1B","LOC100996643",116
"DEPDC1B","LY96",117
"DEPDC1B","LYZ",118
"DEPDC1B","MAD2L1",119
"DEPDC1B","MCM10",120
"DEPDC1B","MCM4",121
"DEPDC1B","MCM5",122
"DEPDC1B","MCM7",123
"DEPDC1B","MELK",124
"DEPDC1B","METTL7A",125
"DEPDC1B","MIR4683",126
"DEPDC1B","MIR6845",127
"DEPDC1B","MIR8071-1",128
"DEPDC1B","MKI67",129
"DEPDC1B","MND1",130
"DEPDC1B","MS4A1",131
"DEPDC1B","MS4A4A",132
"DEPDC1B","MS4A7",133
"DEPDC1B","MTHFD2",134
"DEPDC1B","MTSS1",135
"DEPDC1B","NCAPG",136
"DEPDC1B","NCAPH",137
"DEPDC1B","NEAT1",138
"DEPDC1B","NEDD9",139
"DEPDC1B","NEK2",140
"DEPDC1B","NME1",141
"DEPDC1B","NPCDR1",142
"DEPDC1B","NUF2",143
"DEPDC1B","NUSAP1",144
"DEPDC1B","OIP5",145
"DEPDC1B","P2RY14",146
"DEPDC1B","PAICS",147
"DEPDC1B","PBK",148
"DEPDC1B","PCNA",149
"DEPDC1B","PDE4B",150
"DEPDC1B","PHF19",151
"DEPDC1B","PIK3IP1",152
"DEPDC1B","PLK4",153
"DEPDC1B","POLE2",154
"DEPDC1B","POLQ",155
"DEPDC1B","PPIF",156
"DEPDC1B","PPP1R16B",157
"DEPDC1B","PRR11",158
"DEPDC1B","PSPH",159
"DEPDC1B","PTP4A1",160
"DEPDC1B","PTTG1",161
"DEPDC1B","RAD51",162
"DEPDC1B","RAD51AP1",163
"DEPDC1B","RBM14",164
"DEPDC1B","RBMS3",165
"DEPDC1B","RCC1",166
"DEPDC1B","RFC3",167
"DEPDC1B","RHOBTB3",168
"DEPDC1B","RMI2",169
"DEPDC1B","RNASET2",170
"DEPDC1B","RRM2",171
"DEPDC1B","S100A8",172
"DEPDC1B","SCML4",173
"DEPDC1B","SELENOI",174
"DEPDC1B","SERPINA1",175
"DEPDC1B","SERPINB9",176
"DEPDC1B","SESN1",177
"DEPDC1B","SHCBP1",178
"DEPDC1B","SKP2",179
"DEPDC1B","SLC22A23",180
"DEPDC1B","SMAP2",181
"DEPDC1B","SMC2",182
"DEPDC1B","SNORA21",183
"DEPDC1B","SNORD3B-1",184
"DEPDC1B","SNX29P2",185
"DEPDC1B","SOS1",186
"DEPDC1B","SQLE",187
"DEPDC1B","STIL",188
"DEPDC1B","SUV39H2",189
"DEPDC1B","TARSL2",190
"DEPDC1B","TBXA2R",191
"DEPDC1B","TCF19",192
"DEPDC1B","TIMELESS",193
"DEPDC1B","TIPIN",194
"DEPDC1B","TK1",195
"DEPDC1B","TMEM2",196
"DEPDC1B","TMEM97",197
"DEPDC1B","TNFRSF21",198
"DEPDC1B","TOP2A",199
"DEPDC1B","TPX2",200
"DEPDC1B","TRIP13",201
"DEPDC1B","TTK",202
"DEPDC1B","TXNIP",203
"DEPDC1B","TYMS",204
"DEPDC1B","UBE2C",205
"DEPDC1B","UBE2T",206
"DEPDC1B","WDHD1",207
"DEPDC1B","WDR76",208
"DEPDC1B","ZNF367",209
"DEPDC1B","ZWINT",210
"DFNA5","ANLN",1
"DFNA5","ANP32E",2
"DFNA5","APITD1-CORT",3
"DFNA5","ASF1B",4
"DFNA5","ASPM",5
"DFNA5","ATAD2",6
"DFNA5","AURKA",7
"DFNA5","AURKB",8
"DFNA5","BCAT1",9
"DFNA5","BIRC5",10
"DFNA5","BRIP1",11
"DFNA5","BTG1",12
"DFNA5","BUB1",13
"DFNA5","BUB1B",14
"DFNA5","BYSL",15
"DFNA5","C4orf46",16
"DFNA5","C5orf24",17
"DFNA5","CCDC34",18
"DFNA5","CCNA2",19
"DFNA5","CCNB1",20
"DFNA5","CCNB2",21
"DFNA5","CCNE2",22
"DFNA5","CCR1",23
"DFNA5","CDC20",24
"DFNA5","CDC42EP3",25
"DFNA5","CDC45",26
"DFNA5","CDC6",27
"DFNA5","CDCA2",28
"DFNA5","CDCA3",29
"DFNA5","CDCA5",30
"DFNA5","CDK1",31
"DFNA5","CDKN3",32
"DFNA5","CDT1",33
"DFNA5","CELF2",34
"DFNA5","CENPA",35
"DFNA5","CENPE",36
"DFNA5","CENPF",37
"DFNA5","CENPH",38
"DFNA5","CENPN",39
"DFNA5","CENPU",40
"DFNA5","CENPW",41
"DFNA5","CEP55",42
"DFNA5","CHEK1",43
"DFNA5","CKAP2",44
"DFNA5","CKAP2L",45
"DFNA5","CKS1B",46
"DFNA5","CLEC2B",47
"DFNA5","CRNDE",48
"DFNA5","DEPDC1",49
"DFNA5","DEPDC1B",50
"DFNA5","DFNA5",51
"DFNA5","DHFR",52
"DFNA5","DHX9",53
"DFNA5","DLGAP5",54
"DFNA5","DSCC1",55
"DFNA5","DTL",56
"DFNA5","E2F7",57
"DFNA5","E2F8",58
"DFNA5","ELL2",59
"DFNA5","FABP5",60
"DFNA5","FAM72C",61
"DFNA5","FANCI",62
"DFNA5","FEN1",63
"DFNA5","FH",64
"DFNA5","FUS",65
"DFNA5","GBP4",66
"DFNA5","GIMAP7",67
"DFNA5","GINS1",68
"DFNA5","GINS2",69
"DFNA5","HBG1",70
"DFNA5","HELLS",71
"DFNA5","HJURP",72
"DFNA5","HMMR",73
"DFNA5","HSP90AB1",74
"DFNA5","IGLL1",75
"DFNA5","IL18RAP",76
"DFNA5","IL27RA",77
"DFNA5","IQGAP3",78
"DFNA5","IRAK3",79
"DFNA5","KIAA0101",80
"DFNA5","KIF11",81
"DFNA5","KIF14",82
"DFNA5","KIF15",83
"DFNA5","KIF18A",84
"DFNA5","KIF18B",85
"DFNA5","KIF20A",86
"DFNA5","KIF23",87
"DFNA5","KIF4A",88
"DFNA5","KNL1",89
"DFNA5","LGALS3",90
"DFNA5","LOC100130872",91
"DFNA5","LOC100996643",92
"DFNA5","LOC728175",93
"DFNA5","MAD2L1",94
"DFNA5","MCM10",95
"DFNA5","MCM4",96
"DFNA5","MDK",97
"DFNA5","MELK",98
"DFNA5","MIR6845",99
"DFNA5","MKI67",100
"DFNA5","MND1",101
"DFNA5","MPV17L",102
"DFNA5","NCAPG",103
"DFNA5","NCAPH",104
"DFNA5","NEAT1",105
"DFNA5","NEDD9",106
"DFNA5","NEK2",107
"DFNA5","NME1",108
"DFNA5","NUF2",109
"DFNA5","NUSAP1",110
"DFNA5","OIP5",111
"DFNA5","PAICS",112
"DFNA5","PBK",113
"DFNA5","PCNA",114
"DFNA5","PDE4B",115
"DFNA5","PHF19",116
"DFNA5","PLK4",117
"DFNA5","POLE2",118
"DFNA5","POLQ",119
"DFNA5","PPP1R16B",120
"DFNA5","PRR11",121
"DFNA5","PSPH",122
"DFNA5","PTP4A1",123
"DFNA5","PTTG1",124
"DFNA5","RAB31",125
"DFNA5","RAD51",126
"DFNA5","RBM14",127
"DFNA5","RFC3",128
"DFNA5","RMI2",129
"DFNA5","RRM2",130
"DFNA5","SELENOI",131
"DFNA5","SERPINB9",132
"DFNA5","SHCBP1",133
"DFNA5","SKP2",134
"DFNA5","SMC2",135
"DFNA5","SNX29P2",136
"DFNA5","SQLE",137
"DFNA5","SUV39H2",138
"DFNA5","TCF19",139
"DFNA5","TIPIN",140
"DFNA5","TK1",141
"DFNA5","TMEM97",142
"DFNA5","TNFRSF21",143
"DFNA5","TOP2A",144
"DFNA5","TPX2",145
"DFNA5","TRIP13",146
"DFNA5","TTK",147
"DFNA5","TYMS",148
"DFNA5","UBE2C",149
"DFNA5","UBE2T",150
"DFNA5","WDHD1",151
"DFNA5","WDR76",152
"DFNA5","ZNF367",153
"DHFR","ANLN",1
"DHFR","ANP32E",2
"DHFR","APITD1-CORT",3
"DHFR","ASF1B",4
"DHFR","ASPM",5
"DHFR","ATAD2",6
"DHFR","AURKA",7
"DHFR","AURKB",8
"DHFR","BCAT1",9
"DHFR","BCL2L11",10
"DHFR","BIRC5",11
"DHFR","BMF",12
"DHFR","BRCA1",13
"DHFR","BRIP1",14
"DHFR","BTG1",15
"DHFR","BUB1",16
"DHFR","BUB1B",17
"DHFR","BYSL",18
"DHFR","C4orf46",19
"DHFR","C5orf24",20
"DHFR","CCDC34",21
"DHFR","CCDC86",22
"DHFR","CCNA2",23
"DHFR","CCNB1",24
"DHFR","CCNB2",25
"DHFR","CCNE2",26
"DHFR","CCNL1",27
"DHFR","CD53",28
"DHFR","CDC20",29
"DHFR","CDC42EP3",30
"DHFR","CDC45",31
"DHFR","CDC6",32
"DHFR","CDCA2",33
"DHFR","CDCA3",34
"DHFR","CDCA5",35
"DHFR","CDK1",36
"DHFR","CDKN3",37
"DHFR","CDT1",38
"DHFR","CELF2",39
"DHFR","CENPA",40
"DHFR","CENPE",41
"DHFR","CENPF",42
"DHFR","CENPH",43
"DHFR","CENPK",44
"DHFR","CENPN",45
"DHFR","CENPU",46
"DHFR","CENPV",47
"DHFR","CENPW",48
"DHFR","CEP55",49
"DHFR","CHEK1",50
"DHFR","CKAP2",51
"DHFR","CKAP2L",52
"DHFR","CKS1B",53
"DHFR","CLEC2B",54
"DHFR","CRNDE",55
"DHFR","DEFA1",56
"DHFR","DENND3",57
"DHFR","DEPDC1",58
"DHFR","DEPDC1B",59
"DHFR","DFNA5",60
"DHFR","DHFR",61
"DHFR","DHX9",62
"DHFR","DLGAP5",63
"DHFR","DPEP1",64
"DHFR","DSCC1",65
"DHFR","DTL",66
"DHFR","E2F7",67
"DHFR","E2F8",68
"DHFR","ECT2",69
"DHFR","EGR1",70
"DHFR","FABP5",71
"DHFR","FAM72C",72
"DHFR","FANCI",73
"DHFR","FCER1G",74
"DHFR","FEN1",75
"DHFR","FGR",76
"DHFR","FH",77
"DHFR","FOXM1",78
"DHFR","FUS",79
"DHFR","GBP4",80
"DHFR","GGH",81
"DHFR","GIMAP4",82
"DHFR","GIMAP7",83
"DHFR","GINS1",84
"DHFR","GINS2",85
"DHFR","GVINP1",86
"DHFR","HBB",87
"DHFR","HBG1",88
"DHFR","HELLS",89
"DHFR","HIST4H4",90
"DHFR","HJURP",91
"DHFR","HMMR",92
"DHFR","HSP90AB1",93
"DHFR","ID2",94
"DHFR","IFNGR1",95
"DHFR","IGH",96
"DHFR","IGLC1",97
"DHFR","IL18R1",98
"DHFR","IQGAP3",99
"DHFR","IRAK3",100
"DHFR","ISG20",101
"DHFR","KIAA0101",102
"DHFR","KIF11",103
"DHFR","KIF14",104
"DHFR","KIF15",105
"DHFR","KIF18A",106
"DHFR","KIF18B",107
"DHFR","KIF20A",108
"DHFR","KIF23",109
"DHFR","KIF2C",110
"DHFR","KIF4A",111
"DHFR","KNL1",112
"DHFR","LILRB2",113
"DHFR","LOC100996643",114
"DHFR","LYZ",115
"DHFR","MAD2L1",116
"DHFR","MCM10",117
"DHFR","MCM4",118
"DHFR","MCM5",119
"DHFR","MCM7",120
"DHFR","MDK",121
"DHFR","MELK",122
"DHFR","MIR6845",123
"DHFR","MIR8071-1",124
"DHFR","MKI67",125
"DHFR","MND1",126
"DHFR","MPV17L",127
"DHFR","MS4A1",128
"DHFR","MS4A4A",129
"DHFR","MS4A7",130
"DHFR","MTHFD2",131
"DHFR","MTSS1",132
"DHFR","NCAPG",133
"DHFR","NCAPH",134
"DHFR","NEAT1",135
"DHFR","NEDD9",136
"DHFR","NEK2",137
"DHFR","NME1",138
"DHFR","NPCDR1",139
"DHFR","NUF2",140
"DHFR","NUSAP1",141
"DHFR","OIP5",142
"DHFR","P2RY14",143
"DHFR","PAICS",144
"DHFR","PBK",145
"DHFR","PCNA",146
"DHFR","PDE4B",147
"DHFR","PHF19",148
"DHFR","PIK3IP1",149
"DHFR","PLK4",150
"DHFR","POLE2",151
"DHFR","POLQ",152
"DHFR","PPIF",153
"DHFR","PPP1R16B",154
"DHFR","PRR11",155
"DHFR","PSPH",156
"DHFR","PTP4A1",157
"DHFR","PTTG1",158
"DHFR","RAD51",159
"DHFR","RAD51AP1",160
"DHFR","RBM14",161
"DHFR","RFC3",162
"DHFR","RMI2",163
"DHFR","RNASET2",164
"DHFR","RRM2",165
"DHFR","S100A8",166
"DHFR","SCML4",167
"DHFR","SELENOI",168
"DHFR","SERPINA1",169
"DHFR","SERPINB9",170
"DHFR","SESN1",171
"DHFR","SHCBP1",172
"DHFR","SIK1",173
"DHFR","SKP2",174
"DHFR","SLC22A23",175
"DHFR","SMAP2",176
"DHFR","SMC2",177
"DHFR","SNX29P2",178
"DHFR","SOS1",179
"DHFR","SQLE",180
"DHFR","STIL",181
"DHFR","SUV39H2",182
"DHFR","TARSL2",183
"DHFR","TBXA2R",184
"DHFR","TCF19",185
"DHFR","TENM4",186
"DHFR","TIMELESS",187
"DHFR","TIPIN",188
"DHFR","TK1",189
"DHFR","TMEM97",190
"DHFR","TNFRSF21",191
"DHFR","TOP2A",192
"DHFR","TPX2",193
"DHFR","TRIP13",194
"DHFR","TTK",195
"DHFR","TXNIP",196
"DHFR","TYMS",197
"DHFR","UBE2C",198
"DHFR","UBE2T",199
"DHFR","WDHD1",200
"DHFR","WDR76",201
"DHFR","ZNF367",202
"DHFR","ZWINT",203
"DHX9","ANLN",1
"DHX9","ANP32E",2
"DHX9","APITD1-CORT",3
"DHX9","ASF1B",4
"DHX9","ASPM",5
"DHX9","ATAD2",6
"DHX9","AURKA",7
"DHX9","AURKB",8
"DHX9","BIRC5",9
"DHX9","BRCA1",10
"DHX9","BRIP1",11
"DHX9","BTG1",12
"DHX9","BUB1",13
"DHX9","BUB1B",14
"DHX9","C4orf46",15
"DHX9","C5orf24",16
"DHX9","CCDC34",17
"DHX9","CCDC86",18
"DHX9","CCNA2",19
"DHX9","CCNB1",20
"DHX9","CCNB2",21
"DHX9","CCNE2",22
"DHX9","CD53",23
"DHX9","CDC20",24
"DHX9","CDC42EP3",25
"DHX9","CDC45",26
"DHX9","CDC6",27
"DHX9","CDCA2",28
"DHX9","CDCA3",29
"DHX9","CDCA5",30
"DHX9","CDK1",31
"DHX9","CDKN3",32
"DHX9","CDT1",33
"DHX9","CENPA",34
"DHX9","CENPE",35
"DHX9","CENPF",36
"DHX9","CENPH",37
"DHX9","CENPK",38
"DHX9","CENPN",39
"DHX9","CENPU",40
"DHX9","CENPV",41
"DHX9","CENPW",42
"DHX9","CEP55",43
"DHX9","CHEK1",44
"DHX9","CKAP2",45
"DHX9","CKAP2L",46
"DHX9","CKS1B",47
"DHX9","CPM",48
"DHX9","CRNDE",49
"DHX9","DEFA1",50
"DHX9","DEPDC1",51
"DHX9","DEPDC1B",52
"DHX9","DHFR",53
"DHX9","DHX9",54
"DHX9","DLGAP5",55
"DHX9","DSCC1",56
"DHX9","DTL",57
"DHX9","E2F7",58
"DHX9","E2F8",59
"DHX9","ECT2",60
"DHX9","FABP5",61
"DHX9","FAM72C",62
"DHX9","FANCI",63
"DHX9","FCER1G",64
"DHX9","FCGR3B",65
"DHX9","FEN1",66
"DHX9","FGR",67
"DHX9","FH",68
"DHX9","FOXM1",69
"DHX9","GBP4",70
"DHX9","GGH",71
"DHX9","GINS1",72
"DHX9","GINS2",73
"DHX9","HBB",74
"DHX9","HBG1",75
"DHX9","HELLS",76
"DHX9","HJURP",77
"DHX9","HMMR",78
"DHX9","HSP90AB1",79
"DHX9","ID3",80
"DHX9","IL18RAP",81
"DHX9","IQGAP3",82
"DHX9","ITGB2-AS1",83
"DHX9","KIAA0101",84
"DHX9","KIF11",85
"DHX9","KIF14",86
"DHX9","KIF15",87
"DHX9","KIF18A",88
"DHX9","KIF18B",89
"DHX9","KIF20A",90
"DHX9","KIF23",91
"DHX9","KIF2C",92
"DHX9","KIF4A",93
"DHX9","KNL1",94
"DHX9","LEF1",95
"DHX9","LGALS3",96
"DHX9","LILRA1",97
"DHX9","LYZ",98
"DHX9","MAD2L1",99
"DHX9","MCM10",100
"DHX9","MCM4",101
"DHX9","MCM5",102
"DHX9","MCM7",103
"DHX9","MDK",104
"DHX9","MDM2",105
"DHX9","MELK",106
"DHX9","MKI67",107
"DHX9","MTHFD2",108
"DHX9","NCAPG",109
"DHX9","NCAPH",110
"DHX9","NEAT1",111
"DHX9","NEDD9",112
"DHX9","NEK2",113
"DHX9","NUF2",114
"DHX9","NUSAP1",115
"DHX9","OIP5",116
"DHX9","PAICS",117
"DHX9","PBK",118
"DHX9","PCNA",119
"DHX9","PHF19",120
"DHX9","PLK4",121
"DHX9","POLE2",122
"DHX9","POLQ",123
"DHX9","PPP1R16B",124
"DHX9","PRDM1",125
"DHX9","PRR11",126
"DHX9","PSPH",127
"DHX9","PTP4A1",128
"DHX9","RAD51",129
"DHX9","RBM14",130
"DHX9","RFC3",131
"DHX9","RMI2",132
"DHX9","RNASET2",133
"DHX9","RRM2",134
"DHX9","S100A8",135
"DHX9","SEMA4D",136
"DHX9","SHCBP1",137
"DHX9","SKP2",138
"DHX9","SMC2",139
"DHX9","STIL",140
"DHX9","SUV39H2",141
"DHX9","TCF19",142
"DHX9","TIMELESS",143
"DHX9","TIPIN",144
"DHX9","TK1",145
"DHX9","TMEM97",146
"DHX9","TNFRSF21",147
"DHX9","TOP2A",148
"DHX9","TPX2",149
"DHX9","TRIP13",150
"DHX9","TTK",151
"DHX9","TYMS",152
"DHX9","UBE2T",153
"DHX9","WDHD1",154
"DHX9","WDR76",155
"DHX9","ZNF367",156
"DHX9","ZWINT",157
"DLGAP5","ANLN",1
"DLGAP5","ANP32E",2
"DLGAP5","APITD1-CORT",3
"DLGAP5","ARPP21",4
"DLGAP5","ASF1B",5
"DLGAP5","ASPM",6
"DLGAP5","ATAD2",7
"DLGAP5","AURKA",8
"DLGAP5","AURKB",9
"DLGAP5","B3GNT2",10
"DLGAP5","BCAT1",11
"DLGAP5","BCL2L11",12
"DLGAP5","BIRC5",13
"DLGAP5","BMF",14
"DLGAP5","BRCA1",15
"DLGAP5","BRIP1",16
"DLGAP5","BTG1",17
"DLGAP5","BUB1",18
"DLGAP5","BUB1B",19
"DLGAP5","BYSL",20
"DLGAP5","C4orf46",21
"DLGAP5","CCDC34",22
"DLGAP5","CCDC86",23
"DLGAP5","CCNA2",24
"DLGAP5","CCNB1",25
"DLGAP5","CCNB2",26
"DLGAP5","CCNE2",27
"DLGAP5","CCNL1",28
"DLGAP5","CCR1",29
"DLGAP5","CD53",30
"DLGAP5","CDC20",31
"DLGAP5","CDC42EP3",32
"DLGAP5","CDC45",33
"DLGAP5","CDC6",34
"DLGAP5","CDCA2",35
"DLGAP5","CDCA3",36
"DLGAP5","CDCA5",37
"DLGAP5","CDK1",38
"DLGAP5","CDK6",39
"DLGAP5","CDKN3",40
"DLGAP5","CDT1",41
"DLGAP5","CELF2",42
"DLGAP5","CENPA",43
"DLGAP5","CENPE",44
"DLGAP5","CENPF",45
"DLGAP5","CENPH",46
"DLGAP5","CENPK",47
"DLGAP5","CENPN",48
"DLGAP5","CENPU",49
"DLGAP5","CENPV",50
"DLGAP5","CENPW",51
"DLGAP5","CEP55",52
"DLGAP5","CHEK1",53
"DLGAP5","CKAP2",54
"DLGAP5","CKAP2L",55
"DLGAP5","CKS1B",56
"DLGAP5","CLEC2B",57
"DLGAP5","CPM",58
"DLGAP5","CRNDE",59
"DLGAP5","DEFA1",60
"DLGAP5","DENND3",61
"DLGAP5","DEPDC1",62
"DLGAP5","DEPDC1B",63
"DLGAP5","DFNA5",64
"DLGAP5","DHFR",65
"DLGAP5","DHX9",66
"DLGAP5","DLGAP5",67
"DLGAP5","DPEP1",68
"DLGAP5","DSCC1",69
"DLGAP5","DTL",70
"DLGAP5","E2F7",71
"DLGAP5","E2F8",72
"DLGAP5","ECT2",73
"DLGAP5","EGR1",74
"DLGAP5","EMP1",75
"DLGAP5","FAM72C",76
"DLGAP5","FANCI",77
"DLGAP5","FCER1G",78
"DLGAP5","FCGR3B",79
"DLGAP5","FEN1",80
"DLGAP5","FGD2",81
"DLGAP5","FGR",82
"DLGAP5","FH",83
"DLGAP5","FOXM1",84
"DLGAP5","FUS",85
"DLGAP5","GBP4",86
"DLGAP5","GGH",87
"DLGAP5","GIMAP4",88
"DLGAP5","GIMAP7",89
"DLGAP5","GINS1",90
"DLGAP5","GINS2",91
"DLGAP5","GSN",92
"DLGAP5","HBB",93
"DLGAP5","HBG1",94
"DLGAP5","HELLS",95
"DLGAP5","HIST4H4",96
"DLGAP5","HJURP",97
"DLGAP5","HMMR",98
"DLGAP5","HRK",99
"DLGAP5","ID2",100
"DLGAP5","IFNGR1",101
"DLGAP5","IGH",102
"DLGAP5","IGLC1",103
"DLGAP5","IL1B",104
"DLGAP5","IL6ST",105
"DLGAP5","IQGAP3",106
"DLGAP5","IRAK3",107
"DLGAP5","ISG20",108
"DLGAP5","ITGAM",109
"DLGAP5","KIAA0101",110
"DLGAP5","KIF11",111
"DLGAP5","KIF14",112
"DLGAP5","KIF15",113
"DLGAP5","KIF18A",114
"DLGAP5","KIF18B",115
"DLGAP5","KIF20A",116
"DLGAP5","KIF23",117
"DLGAP5","KIF2C",118
"DLGAP5","KIF4A",119
"DLGAP5","KNL1",120
"DLGAP5","LILRB2",121
"DLGAP5","LOC100996643",122
"DLGAP5","LY96",123
"DLGAP5","LYZ",124
"DLGAP5","MAD2L1",125
"DLGAP5","MCM10",126
"DLGAP5","MCM4",127
"DLGAP5","MCM5",128
"DLGAP5","MCM7",129
"DLGAP5","MDK",130
"DLGAP5","MELK",131
"DLGAP5","METTL7A",132
"DLGAP5","MIR4683",133
"DLGAP5","MIR6845",134
"DLGAP5","MIR8071-1",135
"DLGAP5","MKI67",136
"DLGAP5","MND1",137
"DLGAP5","MS4A1",138
"DLGAP5","MS4A4A",139
"DLGAP5","MS4A7",140
"DLGAP5","MTHFD2",141
"DLGAP5","MTSS1",142
"DLGAP5","NCAPG",143
"DLGAP5","NCAPH",144
"DLGAP5","NEAT1",145
"DLGAP5","NEDD9",146
"DLGAP5","NEK2",147
"DLGAP5","NME1",148
"DLGAP5","NPCDR1",149
"DLGAP5","NUF2",150
"DLGAP5","NUSAP1",151
"DLGAP5","OIP5",152
"DLGAP5","P2RY14",153
"DLGAP5","PAICS",154
"DLGAP5","PBK",155
"DLGAP5","PCNA",156
"DLGAP5","PDE4B",157
"DLGAP5","PHF19",158
"DLGAP5","PIK3IP1",159
"DLGAP5","PLK4",160
"DLGAP5","POLE2",161
"DLGAP5","POLQ",162
"DLGAP5","POU4F1",163
"DLGAP5","PPIF",164
"DLGAP5","PPP1R16B",165
"DLGAP5","PRR11",166
"DLGAP5","PSPH",167
"DLGAP5","PTP4A1",168
"DLGAP5","PTTG1",169
"DLGAP5","RAD51",170
"DLGAP5","RAD51AP1",171
"DLGAP5","RBM14",172
"DLGAP5","RBMS3",173
"DLGAP5","RCC1",174
"DLGAP5","RFC3",175
"DLGAP5","RHOBTB3",176
"DLGAP5","RMI2",177
"DLGAP5","RNASET2",178
"DLGAP5","RRM2",179
"DLGAP5","S100A8",180
"DLGAP5","SCML4",181
"DLGAP5","SELENOI",182
"DLGAP5","SERPINA1",183
"DLGAP5","SERPINB9",184
"DLGAP5","SESN1",185
"DLGAP5","SHCBP1",186
"DLGAP5","SIK1",187
"DLGAP5","SKP2",188
"DLGAP5","SLC22A23",189
"DLGAP5","SMAP2",190
"DLGAP5","SMC2",191
"DLGAP5","SNORA21",192
"DLGAP5","SOS1",193
"DLGAP5","SQLE",194
"DLGAP5","STIL",195
"DLGAP5","SUV39H2",196
"DLGAP5","TARSL2",197
"DLGAP5","TBXA2R",198
"DLGAP5","TCF19",199
"DLGAP5","TIMELESS",200
"DLGAP5","TIPIN",201
"DLGAP5","TK1",202
"DLGAP5","TMEM97",203
"DLGAP5","TNFRSF21",204
"DLGAP5","TOP2A",205
"DLGAP5","TPX2",206
"DLGAP5","TRIP13",207
"DLGAP5","TTK",208
"DLGAP5","TXNIP",209
"DLGAP5","TYMS",210
"DLGAP5","UBE2C",211
"DLGAP5","UBE2T",212
"DLGAP5","WDHD1",213
"DLGAP5","WDR76",214
"DLGAP5","ZFP36L2",215
"DLGAP5","ZNF367",216
"DLGAP5","ZWINT",217
"DPEP1","AKAP12",1
"DPEP1","ANLN",2
"DPEP1","ANP32E",3
"DPEP1","APITD1-CORT",4
"DPEP1","ARPP21",5
"DPEP1","ASF1B",6
"DPEP1","ATAD2",7
"DPEP1","AURKA",8
"DPEP1","B3GNT2",9
"DPEP1","BCL2L11",10
"DPEP1","BIRC5",11
"DPEP1","BMF",12
"DPEP1","BRIP1",13
"DPEP1","BTG1",14
"DPEP1","BUB1",15
"DPEP1","C5orf24",16
"DPEP1","CCDC34",17
"DPEP1","CCNA2",18
"DPEP1","CCNE2",19
"DPEP1","CDC6",20
"DPEP1","CDCA2",21
"DPEP1","CDCA3",22
"DPEP1","CDCA5",23
"DPEP1","CDKN3",24
"DPEP1","CENPE",25
"DPEP1","CENPK",26
"DPEP1","CEP55",27
"DPEP1","CHEK1",28
"DPEP1","CPM",29
"DPEP1","DENND3",30
"DPEP1","DEPDC1",31
"DPEP1","DPEP1",32
"DPEP1","DSCC1",33
"DPEP1","E2F7",34
"DPEP1","ECT2",35
"DPEP1","FAM72C",36
"DPEP1","FANCI",37
"DPEP1","FEN1",38
"DPEP1","FOXM1",39
"DPEP1","GBP4",40
"DPEP1","GINS1",41
"DPEP1","GSN",42
"DPEP1","HELLS",43
"DPEP1","HJURP",44
"DPEP1","HRK",45
"DPEP1","ID2",46
"DPEP1","ID3",47
"DPEP1","IGLL1",48
"DPEP1","IL1B",49
"DPEP1","IRAK3",50
"DPEP1","ISG20",51
"DPEP1","ITGB2-AS1",52
"DPEP1","KCNK12",53
"DPEP1","KIAA0101",54
"DPEP1","KIF18B",55
"DPEP1","KIF23",56
"DPEP1","KIF26A",57
"DPEP1","KIF2C",58
"DPEP1","LILRA1",59
"DPEP1","LILRB2",60
"DPEP1","LOC100130872",61
"DPEP1","LOC285097",62
"DPEP1","MCM4",63
"DPEP1","MELK",64
"DPEP1","METTL7A",65
"DPEP1","MIR4683",66
"DPEP1","MSH6",67
"DPEP1","MTSS1",68
"DPEP1","NCAPH",69
"DPEP1","NPCDR1",70
"DPEP1","P2RY14",71
"DPEP1","PBK",72
"DPEP1","PDE4B",73
"DPEP1","PHF19",74
"DPEP1","POLE2",75
"DPEP1","POU4F1",76
"DPEP1","PTTG1",77
"DPEP1","RAG1",78
"DPEP1","RAG2",79
"DPEP1","RPS6KA2",80
"DPEP1","S100A11",81
"DPEP1","SEMA4D",82
"DPEP1","SERPINB9",83
"DPEP1","SIK1",84
"DPEP1","SKP2",85
"DPEP1","SLA",86
"DPEP1","SMAP2",87
"DPEP1","SMIM3",88
"DPEP1","SNX29P2",89
"DPEP1","STIL",90
"DPEP1","SUV39H2",91
"DPEP1","TARSL2",92
"DPEP1","TIPIN",93
"DPEP1","TMEM2",94
"DPEP1","TNFSF8",95
"DPEP1","TPX2",96
"DPEP1","TTK",97
"DPEP1","UBE2T",98
"DPEP1","WASF1",99
"DPEP1","WFS1",100
"DSCC1","ANLN",1
"DSCC1","ANP32E",2
"DSCC1","APITD1-CORT",3
"DSCC1","ARPP21",4
"DSCC1","ASF1B",5
"DSCC1","ASPM",6
"DSCC1","ATAD2",7
"DSCC1","AURKA",8
"DSCC1","AURKB",9
"DSCC1","B3GNT2",10
"DSCC1","BCAT1",11
"DSCC1","BCL2L11",12
"DSCC1","BIRC5",13
"DSCC1","BMF",14
"DSCC1","BRCA1",15
"DSCC1","BRIP1",16
"DSCC1","BTG1",17
"DSCC1","BUB1",18
"DSCC1","BUB1B",19
"DSCC1","BYSL",20
"DSCC1","C4orf46",21
"DSCC1","CCDC34",22
"DSCC1","CCDC86",23
"DSCC1","CCNA2",24
"DSCC1","CCNB1",25
"DSCC1","CCNB2",26
"DSCC1","CCNE2",27
"DSCC1","CCNL1",28
"DSCC1","CCR1",29
"DSCC1","CD53",30
"DSCC1","CDC20",31
"DSCC1","CDC42EP3",32
"DSCC1","CDC45",33
"DSCC1","CDC6",34
"DSCC1","CDCA2",35
"DSCC1","CDCA3",36
"DSCC1","CDCA5",37
"DSCC1","CDK1",38
"DSCC1","CDK6",39
"DSCC1","CDKN3",40
"DSCC1","CDT1",41
"DSCC1","CELF2",42
"DSCC1","CENPA",43
"DSCC1","CENPE",44
"DSCC1","CENPF",45
"DSCC1","CENPH",46
"DSCC1","CENPK",47
"DSCC1","CENPN",48
"DSCC1","CENPU",49
"DSCC1","CENPV",50
"DSCC1","CENPW",51
"DSCC1","CEP55",52
"DSCC1","CHEK1",53
"DSCC1","CKAP2",54
"DSCC1","CKAP2L",55
"DSCC1","CKS1B",56
"DSCC1","CLEC2B",57
"DSCC1","CPM",58
"DSCC1","CRNDE",59
"DSCC1","DEFA1",60
"DSCC1","DENND3",61
"DSCC1","DEPDC1",62
"DSCC1","DEPDC1B",63
"DSCC1","DFNA5",64
"DSCC1","DHFR",65
"DSCC1","DHX9",66
"DSCC1","DLGAP5",67
"DSCC1","DPEP1",68
"DSCC1","DSCC1",69
"DSCC1","DTL",70
"DSCC1","E2F7",71
"DSCC1","E2F8",72
"DSCC1","ECT2",73
"DSCC1","EGR1",74
"DSCC1","EMP1",75
"DSCC1","FAM72C",76
"DSCC1","FANCI",77
"DSCC1","FCER1G",78
"DSCC1","FCGR3B",79
"DSCC1","FEN1",80
"DSCC1","FGD2",81
"DSCC1","FGR",82
"DSCC1","FH",83
"DSCC1","FOXM1",84
"DSCC1","FUS",85
"DSCC1","GBP4",86
"DSCC1","GGH",87
"DSCC1","GIMAP4",88
"DSCC1","GIMAP7",89
"DSCC1","GINS1",90
"DSCC1","GINS2",91
"DSCC1","GSN",92
"DSCC1","HBB",93
"DSCC1","HBG1",94
"DSCC1","HELLS",95
"DSCC1","HIST4H4",96
"DSCC1","HJURP",97
"DSCC1","HMMR",98
"DSCC1","HRK",99
"DSCC1","ID2",100
"DSCC1","IFNGR1",101
"DSCC1","IGH",102
"DSCC1","IGLC1",103
"DSCC1","IL1B",104
"DSCC1","IL6ST",105
"DSCC1","IQGAP3",106
"DSCC1","IRAK3",107
"DSCC1","ISG20",108
"DSCC1","ITGAM",109
"DSCC1","KIAA0101",110
"DSCC1","KIF11",111
"DSCC1","KIF14",112
"DSCC1","KIF15",113
"DSCC1","KIF18A",114
"DSCC1","KIF18B",115
"DSCC1","KIF20A",116
"DSCC1","KIF23",117
"DSCC1","KIF2C",118
"DSCC1","KIF4A",119
"DSCC1","KNL1",120
"DSCC1","LILRB2",121
"DSCC1","LOC100996643",122
"DSCC1","LY96",123
"DSCC1","LYZ",124
"DSCC1","MAD2L1",125
"DSCC1","MCM10",126
"DSCC1","MCM4",127
"DSCC1","MCM5",128
"DSCC1","MCM7",129
"DSCC1","MDK",130
"DSCC1","MELK",131
"DSCC1","METTL7A",132
"DSCC1","MIR4683",133
"DSCC1","MIR6845",134
"DSCC1","MIR8071-1",135
"DSCC1","MKI67",136
"DSCC1","MND1",137
"DSCC1","MS4A1",138
"DSCC1","MS4A4A",139
"DSCC1","MS4A7",140
"DSCC1","MTHFD2",141
"DSCC1","MTSS1",142
"DSCC1","NCAPG",143
"DSCC1","NCAPH",144
"DSCC1","NEAT1",145
"DSCC1","NEDD9",146
"DSCC1","NEK2",147
"DSCC1","NME1",148
"DSCC1","NPCDR1",149
"DSCC1","NUF2",150
"DSCC1","NUSAP1",151
"DSCC1","OIP5",152
"DSCC1","P2RY14",153
"DSCC1","PAICS",154
"DSCC1","PBK",155
"DSCC1","PCNA",156
"DSCC1","PDE4B",157
"DSCC1","PHF19",158
"DSCC1","PIK3IP1",159
"DSCC1","PLK4",160
"DSCC1","POLE2",161
"DSCC1","POLQ",162
"DSCC1","POU4F1",163
"DSCC1","PPIF",164
"DSCC1","PPP1R16B",165
"DSCC1","PRR11",166
"DSCC1","PSPH",167
"DSCC1","PTP4A1",168
"DSCC1","PTTG1",169
"DSCC1","RAD51",170
"DSCC1","RAD51AP1",171
"DSCC1","RBM14",172
"DSCC1","RBMS3",173
"DSCC1","RCC1",174
"DSCC1","RFC3",175
"DSCC1","RHOBTB3",176
"DSCC1","RMI2",177
"DSCC1","RNASET2",178
"DSCC1","RRM2",179
"DSCC1","S100A8",180
"DSCC1","SCML4",181
"DSCC1","SELENOI",182
"DSCC1","SERPINA1",183
"DSCC1","SERPINB9",184
"DSCC1","SESN1",185
"DSCC1","SHCBP1",186
"DSCC1","SIK1",187
"DSCC1","SKP2",188
"DSCC1","SLC22A23",189
"DSCC1","SMAP2",190
"DSCC1","SMC2",191
"DSCC1","SNORA21",192
"DSCC1","SOS1",193
"DSCC1","SQLE",194
"DSCC1","STIL",195
"DSCC1","SUV39H2",196
"DSCC1","TARSL2",197
"DSCC1","TBXA2R",198
"DSCC1","TCF19",199
"DSCC1","TIMELESS",200
"DSCC1","TIPIN",201
"DSCC1","TK1",202
"DSCC1","TMEM97",203
"DSCC1","TNFRSF21",204
"DSCC1","TOP2A",205
"DSCC1","TPX2",206
"DSCC1","TRIP13",207
"DSCC1","TTK",208
"DSCC1","TXNIP",209
"DSCC1","TYMS",210
"DSCC1","UBE2C",211
"DSCC1","UBE2T",212
"DSCC1","WDHD1",213
"DSCC1","WDR76",214
"DSCC1","ZFP36L2",215
"DSCC1","ZNF367",216
"DSCC1","ZWINT",217
"DTL","ANLN",1
"DTL","ANP32E",2
"DTL","APITD1-CORT",3
"DTL","ASF1B",4
"DTL","ASPM",5
"DTL","ATAD2",6
"DTL","AURKA",7
"DTL","AURKB",8
"DTL","BCAT1",9
"DTL","BCL2L11",10
"DTL","BIRC5",11
"DTL","BMF",12
"DTL","BRCA1",13
"DTL","BRIP1",14
"DTL","BTG1",15
"DTL","BUB1",16
"DTL","BUB1B",17
"DTL","BYSL",18
"DTL","C4orf46",19
"DTL","CCDC34",20
"DTL","CCDC86",21
"DTL","CCNA2",22
"DTL","CCNB1",23
"DTL","CCNB2",24
"DTL","CCNE2",25
"DTL","CCR1",26
"DTL","CD53",27
"DTL","CDC20",28
"DTL","CDC42EP3",29
"DTL","CDC45",30
"DTL","CDC6",31
"DTL","CDCA2",32
"DTL","CDCA3",33
"DTL","CDCA5",34
"DTL","CDK1",35
"DTL","CDKN3",36
"DTL","CDT1",37
"DTL","CELF2",38
"DTL","CENPA",39
"DTL","CENPE",40
"DTL","CENPF",41
"DTL","CENPH",42
"DTL","CENPK",43
"DTL","CENPN",44
"DTL","CENPU",45
"DTL","CENPV",46
"DTL","CENPW",47
"DTL","CEP55",48
"DTL","CHEK1",49
"DTL","CKAP2",50
"DTL","CKAP2L",51
"DTL","CKS1B",52
"DTL","CLEC2B",53
"DTL","CRNDE",54
"DTL","DDIT4",55
"DTL","DENND3",56
"DTL","DEPDC1",57
"DTL","DEPDC1B",58
"DTL","DFNA5",59
"DTL","DHFR",60
"DTL","DHX9",61
"DTL","DLGAP5",62
"DTL","DPEP1",63
"DTL","DSCC1",64
"DTL","DTL",65
"DTL","E2F7",66
"DTL","E2F8",67
"DTL","ECT2",68
"DTL","FABP5",69
"DTL","FAM72C",70
"DTL","FANCI",71
"DTL","FEN1",72
"DTL","FGL2",73
"DTL","FGR",74
"DTL","FH",75
"DTL","FOXM1",76
"DTL","GBP4",77
"DTL","GGH",78
"DTL","GIMAP4",79
"DTL","GIMAP7",80
"DTL","GINS1",81
"DTL","GINS2",82
"DTL","GSN",83
"DTL","GVINP1",84
"DTL","HELLS",85
"DTL","HIST4H4",86
"DTL","HJURP",87
"DTL","HMMR",88
"DTL","HSP90AB1",89
"DTL","ID2",90
"DTL","IFNGR1",91
"DTL","IL18R1",92
"DTL","IL18RAP",93
"DTL","IL1B",94
"DTL","IL6ST",95
"DTL","IQGAP3",96
"DTL","IRAK3",97
"DTL","ISG20",98
"DTL","KIAA0101",99
"DTL","KIF11",100
"DTL","KIF14",101
"DTL","KIF15",102
"DTL","KIF18A",103
"DTL","KIF18B",104
"DTL","KIF20A",105
"DTL","KIF23",106
"DTL","KIF2C",107
"DTL","KIF4A",108
"DTL","KNL1",109
"DTL","LGALS3",110
"DTL","LILRB2",111
"DTL","LOC100996643",112
"DTL","LYZ",113
"DTL","MAD2L1",114
"DTL","MCM10",115
"DTL","MCM4",116
"DTL","MCM5",117
"DTL","MCM7",118
"DTL","MELK",119
"DTL","METTL7A",120
"DTL","MIR4683",121
"DTL","MIR6845",122
"DTL","MKI67",123
"DTL","MND1",124
"DTL","MNDA",125
"DTL","MS4A4A",126
"DTL","MS4A7",127
"DTL","MTHFD2",128
"DTL","MTSS1",129
"DTL","NCAPG",130
"DTL","NCAPH",131
"DTL","NEAT1",132
"DTL","NEDD9",133
"DTL","NEK2",134
"DTL","NME1",135
"DTL","NPCDR1",136
"DTL","NUF2",137
"DTL","NUSAP1",138
"DTL","OIP5",139
"DTL","P2RX5",140
"DTL","P2RY14",141
"DTL","PAICS",142
"DTL","PBK",143
"DTL","PCNA",144
"DTL","PDE4B",145
"DTL","PHF19",146
"DTL","PIK3IP1",147
"DTL","PLK4",148
"DTL","POLE2",149
"DTL","POLQ",150
"DTL","PPBP",151
"DTL","PPIF",152
"DTL","PPP1R16B",153
"DTL","PRDM1",154
"DTL","PRR11",155
"DTL","PSPH",156
"DTL","PTP4A1",157
"DTL","PTTG1",158
"DTL","RAD51",159
"DTL","RAD51AP1",160
"DTL","RBM14",161
"DTL","RCC1",162
"DTL","RFC3",163
"DTL","RMI2",164
"DTL","RNASET2",165
"DTL","RRM2",166
"DTL","S100A8",167
"DTL","SCML4",168
"DTL","SELENOI",169
"DTL","SERPINA1",170
"DTL","SERPINB9",171
"DTL","SESN1",172
"DTL","SHCBP1",173
"DTL","SIK1",174
"DTL","SKP2",175
"DTL","SMAP2",176
"DTL","SMC2",177
"DTL","SNORA21",178
"DTL","SQLE",179
"DTL","STIL",180
"DTL","SUV39H2",181
"DTL","TARSL2",182
"DTL","TBXA2R",183
"DTL","TCF19",184
"DTL","TIMELESS",185
"DTL","TIPIN",186
"DTL","TK1",187
"DTL","TMEM2",188
"DTL","TMEM97",189
"DTL","TNFRSF21",190
"DTL","TOP2A",191
"DTL","TPX2",192
"DTL","TRIP13",193
"DTL","TTK",194
"DTL","TXNIP",195
"DTL","TYMS",196
"DTL","UBE2C",197
"DTL","UBE2T",198
"DTL","WDHD1",199
"DTL","WDR76",200
"DTL","ZBTB16",201
"DTL","ZNF367",202
"DTL","ZWINT",203
"E2F7","ANLN",1
"E2F7","ANP32E",2
"E2F7","APITD1-CORT",3
"E2F7","ASF1B",4
"E2F7","ASPM",5
"E2F7","ATAD2",6
"E2F7","AURKA",7
"E2F7","AURKB",8
"E2F7","B3GNT2",9
"E2F7","BCAT1",10
"E2F7","BCL2L11",11
"E2F7","BIRC5",12
"E2F7","BMF",13
"E2F7","BRCA1",14
"E2F7","BRIP1",15
"E2F7","BTG1",16
"E2F7","BUB1",17
"E2F7","BUB1B",18
"E2F7","BYSL",19
"E2F7","C4orf46",20
"E2F7","CCDC34",21
"E2F7","CCDC86",22
"E2F7","CCNA2",23
"E2F7","CCNB1",24
"E2F7","CCNB2",25
"E2F7","CCNE2",26
"E2F7","CCR1",27
"E2F7","CD53",28
"E2F7","CDC20",29
"E2F7","CDC42EP3",30
"E2F7","CDC45",31
"E2F7","CDC6",32
"E2F7","CDCA2",33
"E2F7","CDCA3",34
"E2F7","CDCA5",35
"E2F7","CDK1",36
"E2F7","CDK6",37
"E2F7","CDKN3",38
"E2F7","CDT1",39
"E2F7","CELF2",40
"E2F7","CENPA",41
"E2F7","CENPE",42
"E2F7","CENPF",43
"E2F7","CENPH",44
"E2F7","CENPK",45
"E2F7","CENPN",46
"E2F7","CENPU",47
"E2F7","CENPV",48
"E2F7","CENPW",49
"E2F7","CEP55",50
"E2F7","CHEK1",51
"E2F7","CKAP2",52
"E2F7","CKAP2L",53
"E2F7","CKS1B",54
"E2F7","CRNDE",55
"E2F7","DDIT4",56
"E2F7","DENND3",57
"E2F7","DEPDC1",58
"E2F7","DEPDC1B",59
"E2F7","DFNA5",60
"E2F7","DHFR",61
"E2F7","DLGAP5",62
"E2F7","DPEP1",63
"E2F7","DSCC1",64
"E2F7","DTL",65
"E2F7","E2F7",66
"E2F7","E2F8",67
"E2F7","ECT2",68
"E2F7","F13A1",69
"E2F7","FABP5",70
"E2F7","FAM72C",71
"E2F7","FANCI",72
"E2F7","FCGR3B",73
"E2F7","FEN1",74
"E2F7","FH",75
"E2F7","FOXM1",76
"E2F7","GBP4",77
"E2F7","GGH",78
"E2F7","GIMAP4",79
"E2F7","GIMAP7",80
"E2F7","GINS1",81
"E2F7","GINS2",82
"E2F7","GSN",83
"E2F7","GVINP1",84
"E2F7","HELLS",85
"E2F7","HIST4H4",86
"E2F7","HJURP",87
"E2F7","HMMR",88
"E2F7","HRK",89
"E2F7","ID2",90
"E2F7","IFNGR1",91
"E2F7","IGH",92
"E2F7","IL1B",93
"E2F7","IL6ST",94
"E2F7","IQGAP3",95
"E2F7","IRAK3",96
"E2F7","ISG20",97
"E2F7","ITGAM",98
"E2F7","KIAA0101",99
"E2F7","KIF11",100
"E2F7","KIF14",101
"E2F7","KIF15",102
"E2F7","KIF18A",103
"E2F7","KIF18B",104
"E2F7","KIF20A",105
"E2F7","KIF23",106
"E2F7","KIF2C",107
"E2F7","KIF4A",108
"E2F7","KNL1",109
"E2F7","LILRB2",110
"E2F7","LOC100996643",111
"E2F7","LY96",112
"E2F7","LYZ",113
"E2F7","MAD2L1",114
"E2F7","MCM10",115
"E2F7","MCM4",116
"E2F7","MCM5",117
"E2F7","MCM7",118
"E2F7","MELK",119
"E2F7","METTL7A",120
"E2F7","MIR4683",121
"E2F7","MIR6845",122
"E2F7","MIR8071-1",123
"E2F7","MKI67",124
"E2F7","MND1",125
"E2F7","MS4A1",126
"E2F7","MS4A4A",127
"E2F7","MS4A7",128
"E2F7","MTHFD2",129
"E2F7","MTSS1",130
"E2F7","NCAPG",131
"E2F7","NCAPH",132
"E2F7","NEAT1",133
"E2F7","NEDD9",134
"E2F7","NEK2",135
"E2F7","NME1",136
"E2F7","NPCDR1",137
"E2F7","NUF2",138
"E2F7","NUSAP1",139
"E2F7","OIP5",140
"E2F7","P2RY14",141
"E2F7","PAICS",142
"E2F7","PBK",143
"E2F7","PCNA",144
"E2F7","PDE4B",145
"E2F7","PHF19",146
"E2F7","PIK3IP1",147
"E2F7","PLK4",148
"E2F7","POLE2",149
"E2F7","POLQ",150
"E2F7","PPIF",151
"E2F7","PRDM1",152
"E2F7","PRR11",153
"E2F7","PTP4A1",154
"E2F7","PTTG1",155
"E2F7","RAD51",156
"E2F7","RAD51AP1",157
"E2F7","RBM14",158
"E2F7","RBMS3",159
"E2F7","RCC1",160
"E2F7","RFC3",161
"E2F7","RHOBTB3",162
"E2F7","RMI2",163
"E2F7","RNASET2",164
"E2F7","RPS6KA2",165
"E2F7","RRM2",166
"E2F7","S100A8",167
"E2F7","SCML4",168
"E2F7","SELENOI",169
"E2F7","SERPINA1",170
"E2F7","SERPINB9",171
"E2F7","SHCBP1",172
"E2F7","SKP2",173
"E2F7","SLC22A23",174
"E2F7","SMAP2",175
"E2F7","SMC2",176
"E2F7","SNORA21",177
"E2F7","SOS1",178
"E2F7","SQLE",179
"E2F7","STIL",180
"E2F7","SUV39H2",181
"E2F7","TBXA2R",182
"E2F7","TCF19",183
"E2F7","TIMELESS",184
"E2F7","TIPIN",185
"E2F7","TK1",186
"E2F7","TMEM2",187
"E2F7","TMEM97",188
"E2F7","TNFRSF21",189
"E2F7","TOP2A",190
"E2F7","TPX2",191
"E2F7","TRIP13",192
"E2F7","TTK",193
"E2F7","TXNIP",194
"E2F7","TYMS",195
"E2F7","UBE2C",196
"E2F7","UBE2T",197
"E2F7","WDHD1",198
"E2F7","WDR76",199
"E2F7","ZFP36L2",200
"E2F7","ZNF367",201
"E2F7","ZWINT",202
"E2F8","ANLN",1
"E2F8","ANP32E",2
"E2F8","APITD1-CORT",3
"E2F8","ASF1B",4
"E2F8","ASPM",5
"E2F8","ATAD2",6
"E2F8","AURKA",7
"E2F8","AURKB",8
"E2F8","BCAT1",9
"E2F8","BCL2L11",10
"E2F8","BIRC5",11
"E2F8","BRCA1",12
"E2F8","BRIP1",13
"E2F8","BTG1",14
"E2F8","BUB1",15
"E2F8","BUB1B",16
"E2F8","BYSL",17
"E2F8","C4orf46",18
"E2F8","CCDC34",19
"E2F8","CCDC86",20
"E2F8","CCNA2",21
"E2F8","CCNB1",22
"E2F8","CCNB2",23
"E2F8","CCNE2",24
"E2F8","CCR1",25
"E2F8","CD53",26
"E2F8","CDC20",27
"E2F8","CDC42EP3",28
"E2F8","CDC45",29
"E2F8","CDC6",30
"E2F8","CDCA2",31
"E2F8","CDCA3",32
"E2F8","CDCA5",33
"E2F8","CDK1",34
"E2F8","CDKN3",35
"E2F8","CDT1",36
"E2F8","CELF2",37
"E2F8","CENPA",38
"E2F8","CENPE",39
"E2F8","CENPF",40
"E2F8","CENPH",41
"E2F8","CENPK",42
"E2F8","CENPN",43
"E2F8","CENPU",44
"E2F8","CENPV",45
"E2F8","CENPW",46
"E2F8","CEP55",47
"E2F8","CHEK1",48
"E2F8","CKAP2",49
"E2F8","CKAP2L",50
"E2F8","CKS1B",51
"E2F8","CRNDE",52
"E2F8","DEPDC1",53
"E2F8","DEPDC1B",54
"E2F8","DFNA5",55
"E2F8","DHFR",56
"E2F8","DHX9",57
"E2F8","DLGAP5",58
"E2F8","DSCC1",59
"E2F8","DTL",60
"E2F8","E2F7",61
"E2F8","E2F8",62
"E2F8","ECT2",63
"E2F8","FABP5",64
"E2F8","FAM72C",65
"E2F8","FANCI",66
"E2F8","FCER1G",67
"E2F8","FCGR3B",68
"E2F8","FEN1",69
"E2F8","FGD2",70
"E2F8","FGL2",71
"E2F8","FGR",72
"E2F8","FH",73
"E2F8","FOXM1",74
"E2F8","GBP4",75
"E2F8","GGH",76
"E2F8","GIMAP4",77
"E2F8","GIMAP7",78
"E2F8","GINS1",79
"E2F8","GINS2",80
"E2F8","GVINP1",81
"E2F8","HELLS",82
"E2F8","HIST4H4",83
"E2F8","HJURP",84
"E2F8","HMMR",85
"E2F8","ID2",86
"E2F8","IFNGR1",87
"E2F8","IL18R1",88
"E2F8","IL27RA",89
"E2F8","IL6ST",90
"E2F8","IQGAP3",91
"E2F8","IRAK3",92
"E2F8","ISG20",93
"E2F8","KIAA0101",94
"E2F8","KIF11",95
"E2F8","KIF14",96
"E2F8","KIF15",97
"E2F8","KIF18A",98
"E2F8","KIF18B",99
"E2F8","KIF20A",100
"E2F8","KIF23",101
"E2F8","KIF2C",102
"E2F8","KIF4A",103
"E2F8","KNL1",104
"E2F8","LGALS3",105
"E2F8","LILRB2",106
"E2F8","LOC100996643",107
"E2F8","LOC728175",108
"E2F8","LY96",109
"E2F8","LYZ",110
"E2F8","MAD2L1",111
"E2F8","MCM10",112
"E2F8","MCM4",113
"E2F8","MCM5",114
"E2F8","MCM7",115
"E2F8","MELK",116
"E2F8","MIR4683",117
"E2F8","MIR6845",118
"E2F8","MKI67",119
"E2F8","MND1",120
"E2F8","MNDA",121
"E2F8","MS4A1",122
"E2F8","MS4A7",123
"E2F8","MTHFD2",124
"E2F8","MTSS1",125
"E2F8","NCAPG",126
"E2F8","NCAPH",127
"E2F8","NEAT1",128
"E2F8","NEDD9",129
"E2F8","NEK2",130
"E2F8","NME1",131
"E2F8","NUF2",132
"E2F8","NUSAP1",133
"E2F8","OIP5",134
"E2F8","P2RY14",135
"E2F8","PAICS",136
"E2F8","PBK",137
"E2F8","PCNA",138
"E2F8","PDE4B",139
"E2F8","PFKFB2",140
"E2F8","PHF19",141
"E2F8","PIK3IP1",142
"E2F8","PLK4",143
"E2F8","POLE2",144
"E2F8","POLQ",145
"E2F8","PPBP",146
"E2F8","PPIF",147
"E2F8","PPP1R16B",148
"E2F8","PRDM1",149
"E2F8","PRPS2",150
"E2F8","PRR11",151
"E2F8","PSPH",152
"E2F8","PTP4A1",153
"E2F8","PTTG1",154
"E2F8","RAB31",155
"E2F8","RAD51",156
"E2F8","RAD51AP1",157
"E2F8","RBM14",158
"E2F8","RCC1",159
"E2F8","RFC3",160
"E2F8","RMI2",161
"E2F8","RNASET2",162
"E2F8","RRM2",163
"E2F8","S100A8",164
"E2F8","SELENOI",165
"E2F8","SERPINA1",166
"E2F8","SERPINB9",167
"E2F8","SESN1",168
"E2F8","SHCBP1",169
"E2F8","SKP2",170
"E2F8","SMAP2",171
"E2F8","SMC2",172
"E2F8","SNX29P2",173
"E2F8","SOS1",174
"E2F8","SQLE",175
"E2F8","STIL",176
"E2F8","SUV39H2",177
"E2F8","TCF19",178
"E2F8","TIMELESS",179
"E2F8","TIPIN",180
"E2F8","TK1",181
"E2F8","TMEM2",182
"E2F8","TMEM97",183
"E2F8","TOP2A",184
"E2F8","TPX2",185
"E2F8","TRIP13",186
"E2F8","TTK",187
"E2F8","TXNIP",188
"E2F8","TYMS",189
"E2F8","UBE2C",190
"E2F8","UBE2T",191
"E2F8","WDHD1",192
"E2F8","WDR76",193
"E2F8","ZBTB16",194
"E2F8","ZFP36L2",195
"E2F8","ZNF367",196
"E2F8","ZWINT",197
"ECT2","AKAP12",1
"ECT2","ANLN",2
"ECT2","ANP32E",3
"ECT2","APITD1-CORT",4
"ECT2","ASF1B",5
"ECT2","ASPM",6
"ECT2","ATAD2",7
"ECT2","AURKA",8
"ECT2","AURKB",9
"ECT2","B3GNT2",10
"ECT2","BCL2L11",11
"ECT2","BIRC5",12
"ECT2","BMF",13
"ECT2","BRCA1",14
"ECT2","BRIP1",15
"ECT2","BTG1",16
"ECT2","BUB1",17
"ECT2","BUB1B",18
"ECT2","BYSL",19
"ECT2","C4orf46",20
"ECT2","CCDC34",21
"ECT2","CCDC86",22
"ECT2","CCNA2",23
"ECT2","CCNB1",24
"ECT2","CCNB2",25
"ECT2","CCNE2",26
"ECT2","CCR1",27
"ECT2","CD53",28
"ECT2","CDC20",29
"ECT2","CDC42EP3",30
"ECT2","CDC45",31
"ECT2","CDC6",32
"ECT2","CDCA2",33
"ECT2","CDCA3",34
"ECT2","CDCA5",35
"ECT2","CDK1",36
"ECT2","CDKN3",37
"ECT2","CDT1",38
"ECT2","CENPA",39
"ECT2","CENPE",40
"ECT2","CENPF",41
"ECT2","CENPH",42
"ECT2","CENPK",43
"ECT2","CENPN",44
"ECT2","CENPU",45
"ECT2","CENPV",46
"ECT2","CENPW",47
"ECT2","CEP55",48
"ECT2","CHEK1",49
"ECT2","CKAP2",50
"ECT2","CKAP2L",51
"ECT2","CKS1B",52
"ECT2","CLEC2B",53
"ECT2","CPM",54
"ECT2","CRNDE",55
"ECT2","DDIT4",56
"ECT2","DENND3",57
"ECT2","DEPDC1",58
"ECT2","DEPDC1B",59
"ECT2","DFNA5",60
"ECT2","DHFR",61
"ECT2","DLGAP5",62
"ECT2","DPEP1",63
"ECT2","DSCC1",64
"ECT2","DTL",65
"ECT2","E2F7",66
"ECT2","E2F8",67
"ECT2","ECT2",68
"ECT2","EGR1",69
"ECT2","EMP1",70
"ECT2","F13A1",71
"ECT2","FAM72C",72
"ECT2","FANCI",73
"ECT2","FCGR3B",74
"ECT2","FEN1",75
"ECT2","FGD2",76
"ECT2","FH",77
"ECT2","FOXM1",78
"ECT2","GBP4",79
"ECT2","GGH",80
"ECT2","GIMAP4",81
"ECT2","GIMAP7",82
"ECT2","GINS1",83
"ECT2","GINS2",84
"ECT2","GSN",85
"ECT2","HELLS",86
"ECT2","HIST4H4",87
"ECT2","HJURP",88
"ECT2","HMMR",89
"ECT2","HRK",90
"ECT2","ID2",91
"ECT2","IFNGR1",92
"ECT2","IGH",93
"ECT2","IGLC1",94
"ECT2","IL18R1",95
"ECT2","IL1B",96
"ECT2","IL6ST",97
"ECT2","IQGAP3",98
"ECT2","IRAK3",99
"ECT2","ISG20",100
"ECT2","ITGAM",101
"ECT2","KIAA0101",102
"ECT2","KIF11",103
"ECT2","KIF14",104
"ECT2","KIF15",105
"ECT2","KIF18A",106
"ECT2","KIF18B",107
"ECT2","KIF20A",108
"ECT2","KIF23",109
"ECT2","KIF26A",110
"ECT2","KIF2C",111
"ECT2","KIF4A",112
"ECT2","KLF9",113
"ECT2","KNL1",114
"ECT2","LILRB2",115
"ECT2","LOC100505650",116
"ECT2","LYZ",117
"ECT2","MAD2L1",118
"ECT2","MCM10",119
"ECT2","MCM4",120
"ECT2","MCM5",121
"ECT2","MCM7",122
"ECT2","MELK",123
"ECT2","METTL7A",124
"ECT2","MIR4683",125
"ECT2","MIR6845",126
"ECT2","MIR8071-1",127
"ECT2","MKI67",128
"ECT2","MND1",129
"ECT2","MS4A1",130
"ECT2","MS4A4A",131
"ECT2","MSH6",132
"ECT2","MTHFD2",133
"ECT2","MTSS1",134
"ECT2","NCAPG",135
"ECT2","NCAPH",136
"ECT2","NEAT1",137
"ECT2","NEK2",138
"ECT2","NME1",139
"ECT2","NPCDR1",140
"ECT2","NUF2",141
"ECT2","NUSAP1",142
"ECT2","OIP5",143
"ECT2","P2RY14",144
"ECT2","PAICS",145
"ECT2","PBK",146
"ECT2","PCNA",147
"ECT2","PDE4B",148
"ECT2","PHF19",149
"ECT2","PIK3IP1",150
"ECT2","PLK4",151
"ECT2","POLE2",152
"ECT2","POLQ",153
"ECT2","POU4F1",154
"ECT2","PPBP",155
"ECT2","PPIF",156
"ECT2","PRDM1",157
"ECT2","PRPS2",158
"ECT2","PRR11",159
"ECT2","PTTG1",160
"ECT2","RAD51",161
"ECT2","RAD51AP1",162
"ECT2","RASSF4",163
"ECT2","RBM14",164
"ECT2","RBMS3",165
"ECT2","RCC1",166
"ECT2","RFC3",167
"ECT2","RMI2",168
"ECT2","RNASET2",169
"ECT2","RPS6KA2",170
"ECT2","RRM2",171
"ECT2","S100A11",172
"ECT2","S100A8",173
"ECT2","SCML4",174
"ECT2","SERPINB9",175
"ECT2","SESN1",176
"ECT2","SHCBP1",177
"ECT2","SIK1",178
"ECT2","SKP2",179
"ECT2","SLC22A23",180
"ECT2","SMAP2",181
"ECT2","SMC2",182
"ECT2","SMIM3",183
"ECT2","SNORA21",184
"ECT2","SOS1",185
"ECT2","SQLE",186
"ECT2","STIL",187
"ECT2","SUV39H2",188
"ECT2","TARSL2",189
"ECT2","TBXA2R",190
"ECT2","TCF19",191
"ECT2","TIMELESS",192
"ECT2","TIPIN",193
"ECT2","TK1",194
"ECT2","TMEM2",195
"ECT2","TMEM97",196
"ECT2","TPX2",197
"ECT2","TRIP13",198
"ECT2","TTK",199
"ECT2","TXNIP",200
"ECT2","UBE2C",201
"ECT2","UBE2T",202
"ECT2","WDHD1",203
"ECT2","WDR76",204
"ECT2","ZNF367",205
"ECT2","ZWINT",206
"EGR1","APITD1-CORT",1
"EGR1","ASF1B",2
"EGR1","AURKA",3
"EGR1","AURKB",4
"EGR1","BTG1",5
"EGR1","CCDC34",6
"EGR1","CCDC86",7
"EGR1","CCNE2",8
"EGR1","CDC6",9
"EGR1","CDCA2",10
"EGR1","CDCA3",11
"EGR1","CDKN3",12
"EGR1","CENPE",13
"EGR1","CKAP2L",14
"EGR1","DENND3",15
"EGR1","DEPDC1",16
"EGR1","DEPDC1B",17
"EGR1","DFNA5",18
"EGR1","EGR1",19
"EGR1","EMP1",20
"EGR1","FAM72C",21
"EGR1","HJURP",22
"EGR1","IL1B",23
"EGR1","KIF18A",24
"EGR1","KIF23",25
"EGR1","KIF26A",26
"EGR1","MS4A7",27
"EGR1","NCAPH",28
"EGR1","OIP5",29
"EGR1","PAICS",30
"EGR1","PBK",31
"EGR1","SELENOI",32
"EGR1","SKP2",33
"EGR1","SNTB2",34
"EGR1","SUV39H2",35
"EGR1","TRIP13",36
"EGR1","TUBA4A",37
"ELL2","DFNA5",1
"ELL2","ELL2",2
"ELL2","F13A1",3
"ELL2","GIMAP7",4
"ELL2","IL18R1",5
"ELL2","KLF9",6
"ELL2","LOC100130872",7
"ELL2","MYRIP",8
"ELL2","NEDD9",9
"ELL2","PPP1R16B",10
"ELL2","SEMA4D",11
"ELL2","TMEM100",12
"EMP1","ABHD17B",1
"EMP1","ANP32E",2
"EMP1","APITD1-CORT",3
"EMP1","ARRDC3",4
"EMP1","ASF1B",5
"EMP1","ATAD2",6
"EMP1","AURKA",7
"EMP1","AURKB",8
"EMP1","B3GNT2",9
"EMP1","BCL2L11",10
"EMP1","BIRC3",11
"EMP1","BIRC5",12
"EMP1","BMF",13
"EMP1","BTG1",14
"EMP1","BUB1",15
"EMP1","CCDC34",16
"EMP1","CCNA2",17
"EMP1","CCNE2",18
"EMP1","CCR1",19
"EMP1","CDC6",20
"EMP1","CDCA2",21
"EMP1","CDCA3",22
"EMP1","CDCA5",23
"EMP1","CDK6",24
"EMP1","CDKN3",25
"EMP1","CENPE",26
"EMP1","CENPU",27
"EMP1","CENPV",28
"EMP1","CEP55",29
"EMP1","CKAP2",30
"EMP1","DDIT4",31
"EMP1","DENND3",32
"EMP1","DEPDC1",33
"EMP1","DEPDC1B",34
"EMP1","DPEP1",35
"EMP1","DSCC1",36
"EMP1","E2F7",37
"EMP1","ECT2",38
"EMP1","EMP1",39
"EMP1","FAM72C",40
"EMP1","FEN1",41
"EMP1","FGR",42
"EMP1","FOXM1",43
"EMP1","GBP4",44
"EMP1","GIMAP4",45
"EMP1","GINS1",46
"EMP1","GSN",47
"EMP1","HBB",48
"EMP1","HBG1",49
"EMP1","HIST4H4",50
"EMP1","HJURP",51
"EMP1","HRK",52
"EMP1","ID3",53
"EMP1","IFNGR1",54
"EMP1","IL1B",55
"EMP1","IL6ST",56
"EMP1","IRAK3",57
"EMP1","ISG20",58
"EMP1","ITGAM",59
"EMP1","ITGB2-AS1",60
"EMP1","KCNK12",61
"EMP1","KIAA0101",62
"EMP1","KIF18A",63
"EMP1","KIF18B",64
"EMP1","KIF23",65
"EMP1","KIF26A",66
"EMP1","KNL1",67
"EMP1","LEF1",68
"EMP1","LGALS3",69
"EMP1","LILRB2",70
"EMP1","LOC100130872",71
"EMP1","MCM4",72
"EMP1","MCM7",73
"EMP1","MELK",74
"EMP1","METTL7A",75
"EMP1","MIR4683",76
"EMP1","MS4A1",77
"EMP1","MS4A4A",78
"EMP1","MSH6",79
"EMP1","MTSS1",80
"EMP1","MYRIP",81
"EMP1","NCAPH",82
"EMP1","NPCDR1",83
"EMP1","NUF2",84
"EMP1","OIP5",85
"EMP1","P2RY14",86
"EMP1","PBK",87
"EMP1","PDE4B",88
"EMP1","PHF19",89
"EMP1","PIK3IP1",90
"EMP1","POLE2",91
"EMP1","PPP1R16B",92
"EMP1","PSPH",93
"EMP1","PTP4A1",94
"EMP1","RAG1",95
"EMP1","RHOBTB3",96
"EMP1","RNASET2",97
"EMP1","SERPINB9",98
"EMP1","SIK1",99
"EMP1","SKP2",100
"EMP1","SMAP2",101
"EMP1","SMIM3",102
"EMP1","SNTB2",103
"EMP1","SOS1",104
"EMP1","SQLE",105
"EMP1","STIL",106
"EMP1","SUV39H2",107
"EMP1","TARSL2",108
"EMP1","TBXA2R",109
"EMP1","TCF19",110
"EMP1","TIPIN",111
"EMP1","TMEM2",112
"EMP1","TNFSF8",113
"EMP1","TPX2",114
"EMP1","TRIP13",115
"EMP1","TXNIP",116
"EMP1","UBE2T",117
"EPPK1","ANLN",1
"EPPK1","ANP32E",2
"EPPK1","ASPM",3
"EPPK1","BCL2L11",4
"EPPK1","BRIP1",5
"EPPK1","BTNL9",6
"EPPK1","BUB1B",7
"EPPK1","C4orf46",8
"EPPK1","CCNB1",9
"EPPK1","CCNB2",10
"EPPK1","CDC20",11
"EPPK1","CDC42EP3",12
"EPPK1","CDC45",13
"EPPK1","CDT1",14
"EPPK1","CENPA",15
"EPPK1","CENPF",16
"EPPK1","CENPN",17
"EPPK1","CENPU",18
"EPPK1","CEP55",19
"EPPK1","CHEK1",20
"EPPK1","CKS1B",21
"EPPK1","CLN8",22
"EPPK1","CPM",23
"EPPK1","CRNDE",24
"EPPK1","DEPDC1B",25
"EPPK1","DFNA5",26
"EPPK1","DHFR",27
"EPPK1","DLGAP5",28
"EPPK1","DPEP1",29
"EPPK1","ECT2",30
"EPPK1","EPPK1",31
"EPPK1","FANCI",32
"EPPK1","FH",33
"EPPK1","GBP4",34
"EPPK1","GSN",35
"EPPK1","HELLS",36
"EPPK1","ID3",37
"EPPK1","IL1B",38
"EPPK1","IQGAP3",39
"EPPK1","IRAK3",40
"EPPK1","ISG20",41
"EPPK1","KIF15",42
"EPPK1","KIF4A",43
"EPPK1","KNL1",44
"EPPK1","LILRB2",45
"EPPK1","MAD2L1",46
"EPPK1","MCM10",47
"EPPK1","MIR4683",48
"EPPK1","MS4A1",49
"EPPK1","NCAPG",50
"EPPK1","NEK2",51
"EPPK1","NPCDR1",52
"EPPK1","NUSAP1",53
"EPPK1","P2RX5",54
"EPPK1","P2RY14",55
"EPPK1","PDE4B",56
"EPPK1","PLK4",57
"EPPK1","PTTG1",58
"EPPK1","RAD51",59
"EPPK1","RFC3",60
"EPPK1","RNASET2",61
"EPPK1","S100A11",62
"EPPK1","SERPINB9",63
"EPPK1","SHCBP1",64
"EPPK1","SMC2",65
"EPPK1","SNX10",66
"EPPK1","SQLE",67
"EPPK1","TARSL2",68
"EPPK1","TBXA2R",69
"EPPK1","TMEM2",70
"EPPK1","TTK",71
"EPPK1","WFS1",72
"EPPK1","ZNF367",73
"F13A1","ANP32E",1
"F13A1","BRIP1",2
"F13A1","BUB1B",3
"F13A1","BYSL",4
"F13A1","C4orf46",5
"F13A1","CCDC86",6
"F13A1","CCNB1",7
"F13A1","CCNB2",8
"F13A1","CD53",9
"F13A1","CDC42EP3",10
"F13A1","CDC45",11
"F13A1","CDK1",12
"F13A1","CDT1",13
"F13A1","CENPA",14
"F13A1","CENPF",15
"F13A1","CENPN",16
"F13A1","CENPU",17
"F13A1","CENPV",18
"F13A1","CHEK1",19
"F13A1","CKS1B",20
"F13A1","CLEC2B",21
"F13A1","DENND3",22
"F13A1","DEPDC1B",23
"F13A1","DHX9",24
"F13A1","DLGAP5",25
"F13A1","E2F7",26
"F13A1","ECT2",27
"F13A1","F13A1",28
"F13A1","FABP5",29
"F13A1","FANCI",30
"F13A1","FCGR3B",31
"F13A1","FGD2",32
"F13A1","FGL2",33
"F13A1","FH",34
"F13A1","FOXM1",35
"F13A1","GBP4",36
"F13A1","GGH",37
"F13A1","GIMAP4",38
"F13A1","GIMAP7",39
"F13A1","GVINP1",40
"F13A1","HELLS",41
"F13A1","HIST4H4",42
"F13A1","HMMR",43
"F13A1","ID2",44
"F13A1","IFNGR1",45
"F13A1","IGH",46
"F13A1","IGLC1",47
"F13A1","IL18R1",48
"F13A1","IL18RAP",49
"F13A1","IL6ST",50
"F13A1","IRAK3",51
"F13A1","ITGAM",52
"F13A1","KIF11",53
"F13A1","KIF14",54
"F13A1","KIF15",55
"F13A1","KIF18B",56
"F13A1","KIF20A",57
"F13A1","KIF2C",58
"F13A1","KNL1",59
"F13A1","LGALS3",60
"F13A1","LILRA1",61
"F13A1","LILRB2",62
"F13A1","LOC100996643",63
"F13A1","LYZ",64
"F13A1","MAD2L1",65
"F13A1","MCM10",66
"F13A1","MCM7",67
"F13A1","MIR8071-1",68
"F13A1","MND1",69
"F13A1","MNDA",70
"F13A1","MS4A1",71
"F13A1","MS4A4A",72
"F13A1","MS4A7",73
"F13A1","MTHFD2",74
"F13A1","MTSS1",75
"F13A1","NCAPG",76
"F13A1","NEAT1",77
"F13A1","NEDD9",78
"F13A1","NEK2",79
"F13A1","NME1",80
"F13A1","NUF2",81
"F13A1","P2RY14",82
"F13A1","PAICS",83
"F13A1","PDE4B",84
"F13A1","PIK3IP1",85
"F13A1","PLK4",86
"F13A1","POLQ",87
"F13A1","PPBP",88
"F13A1","PRDM1",89
"F13A1","PRPS2",90
"F13A1","PTTG1",91
"F13A1","RAD51AP1",92
"F13A1","RASSF4",93
"F13A1","RBM14",94
"F13A1","RFC3",95
"F13A1","RHOBTB3",96
"F13A1","RNASET2",97
"F13A1","S100A8",98
"F13A1","SCML4",99
"F13A1","SELENOI",100
"F13A1","SERPINA1",101
"F13A1","SERPINB9",102
"F13A1","SMAP2",103
"F13A1","SMC2",104
"F13A1","SOS1",105
"F13A1","SQLE",106
"F13A1","STAB1",107
"F13A1","STIL",108
"F13A1","TARSL2",109
"F13A1","TBXA2R",110
"F13A1","TIMELESS",111
"F13A1","TMEM2",112
"F13A1","TMEM97",113
"F13A1","TNFRSF21",114
"F13A1","TTK",115
"F13A1","TUBA4A",116
"F13A1","TXNIP",117
"F13A1","UBE2T",118
"F13A1","WASF1",119
"F13A1","WDHD1",120
"F13A1","ZWINT",121
"FABP5","ANLN",1
"FABP5","ANP32E",2
"FABP5","APITD1-CORT",3
"FABP5","ASF1B",4
"FABP5","ASPM",5
"FABP5","ATAD2",6
"FABP5","AURKA",7
"FABP5","AURKB",8
"FABP5","BCAT1",9
"FABP5","BIRC5",10
"FABP5","BRCA1",11
"FABP5","BRIP1",12
"FABP5","BTG1",13
"FABP5","BUB1",14
"FABP5","BUB1B",15
"FABP5","BYSL",16
"FABP5","C4orf46",17
"FABP5","C5orf24",18
"FABP5","CCDC34",19
"FABP5","CCDC86",20
"FABP5","CCNA2",21
"FABP5","CCNB1",22
"FABP5","CCNB2",23
"FABP5","CCNE2",24
"FABP5","CD53",25
"FABP5","CDC20",26
"FABP5","CDC42EP3",27
"FABP5","CDC45",28
"FABP5","CDC6",29
"FABP5","CDCA2",30
"FABP5","CDCA3",31
"FABP5","CDCA5",32
"FABP5","CDK1",33
"FABP5","CDKN3",34
"FABP5","CDT1",35
"FABP5","CELF2",36
"FABP5","CENPA",37
"FABP5","CENPE",38
"FABP5","CENPF",39
"FABP5","CENPH",40
"FABP5","CENPN",41
"FABP5","CENPU",42
"FABP5","CENPV",43
"FABP5","CENPW",44
"FABP5","CEP55",45
"FABP5","CHEK1",46
"FABP5","CKAP2",47
"FABP5","CKAP2L",48
"FABP5","CKS1B",49
"FABP5","CLEC2B",50
"FABP5","CRNDE",51
"FABP5","DEFA1",52
"FABP5","DEPDC1",53
"FABP5","DEPDC1B",54
"FABP5","DHFR",55
"FABP5","DHX9",56
"FABP5","DLGAP5",57
"FABP5","DSCC1",58
"FABP5","DTL",59
"FABP5","E2F7",60
"FABP5","E2F8",61
"FABP5","FABP5",62
"FABP5","FAM72C",63
"FABP5","FANCI",64
"FABP5","FEN1",65
"FABP5","FGR",66
"FABP5","FH",67
"FABP5","FOXM1",68
"FABP5","GGH",69
"FABP5","GIMAP4",70
"FABP5","GIMAP7",71
"FABP5","GINS1",72
"FABP5","GINS2",73
"FABP5","GVINP1",74
"FABP5","HBB",75
"FABP5","HBG1",76
"FABP5","HELLS",77
"FABP5","HIST4H4",78
"FABP5","HJURP",79
"FABP5","HMMR",80
"FABP5","HSP90AB1",81
"FABP5","ID2",82
"FABP5","IL27RA",83
"FABP5","IQGAP3",84
"FABP5","IRAK3",85
"FABP5","ITGAM",86
"FABP5","ITGB2-AS1",87
"FABP5","KIAA0101",88
"FABP5","KIF11",89
"FABP5","KIF14",90
"FABP5","KIF15",91
"FABP5","KIF18A",92
"FABP5","KIF18B",93
"FABP5","KIF20A",94
"FABP5","KIF23",95
"FABP5","KIF2C",96
"FABP5","KIF4A",97
"FABP5","KLF9",98
"FABP5","KNL1",99
"FABP5","LGALS3",100
"FABP5","LOC100130872",101
"FABP5","LOC100996643",102
"FABP5","LYZ",103
"FABP5","MAD2L1",104
"FABP5","MCM10",105
"FABP5","MCM4",106
"FABP5","MCM7",107
"FABP5","MELK",108
"FABP5","MKI67",109
"FABP5","MPV17L",110
"FABP5","MTHFD2",111
"FABP5","MTSS1",112
"FABP5","NCAPG",113
"FABP5","NCAPH",114
"FABP5","NEAT1",115
"FABP5","NEDD9",116
"FABP5","NEK2",117
"FABP5","NME1",118
"FABP5","NUF2",119
"FABP5","NUSAP1",120
"FABP5","OIP5",121
"FABP5","PAICS",122
"FABP5","PBK",123
"FABP5","PCNA",124
"FABP5","PDE4B",125
"FABP5","PHF19",126
"FABP5","PLK4",127
"FABP5","POLE2",128
"FABP5","POLQ",129
"FABP5","PPP1R16B",130
"FABP5","PRDM1",131
"FABP5","PRPS2",132
"FABP5","PRR11",133
"FABP5","PSPH",134
"FABP5","PTP4A1",135
"FABP5","PTTG1",136
"FABP5","RAB31",137
"FABP5","RAD51",138
"FABP5","RAD51AP1",139
"FABP5","RBM14",140
"FABP5","RCC1",141
"FABP5","RFC3",142
"FABP5","RMI2",143
"FABP5","RNASET2",144
"FABP5","RRM2",145
"FABP5","S100A8",146
"FABP5","SELENOI",147
"FABP5","SEMA4D",148
"FABP5","SERPINB9",149
"FABP5","SHCBP1",150
"FABP5","SKP2",151
"FABP5","SMAP2",152
"FABP5","SMC2",153
"FABP5","SNX29P2",154
"FABP5","SQLE",155
"FABP5","STAB1",156
"FABP5","STIL",157
"FABP5","SUV39H2",158
"FABP5","TCF19",159
"FABP5","TIMELESS",160
"FABP5","TIPIN",161
"FABP5","TMEM97",162
"FABP5","TNFRSF21",163
"FABP5","TOP2A",164
"FABP5","TPX2",165
"FABP5","TRIP13",166
"FABP5","TTK",167
"FABP5","TXNIP",168
"FABP5","TYMS",169
"FABP5","UBE2T",170
"FABP5","WASF1",171
"FABP5","WDHD1",172
"FABP5","WDR76",173
"FABP5","ZBTB16",174
"FABP5","ZNF367",175
"FABP5","ZWINT",176
"FAM72C","ANLN",1
"FAM72C","ANP32E",2
"FAM72C","APITD1-CORT",3
"FAM72C","ARPP21",4
"FAM72C","ASF1B",5
"FAM72C","ASPM",6
"FAM72C","ATAD2",7
"FAM72C","AURKA",8
"FAM72C","AURKB",9
"FAM72C","B3GNT2",10
"FAM72C","BCAT1",11
"FAM72C","BCL2L11",12
"FAM72C","BIRC5",13
"FAM72C","BMF",14
"FAM72C","BRCA1",15
"FAM72C","BRIP1",16
"FAM72C","BTG1",17
"FAM72C","BUB1",18
"FAM72C","BUB1B",19
"FAM72C","BYSL",20
"FAM72C","C4orf46",21
"FAM72C","CCDC34",22
"FAM72C","CCDC86",23
"FAM72C","CCNA2",24
"FAM72C","CCNB1",25
"FAM72C","CCNB2",26
"FAM72C","CCNE2",27
"FAM72C","CCNL1",28
"FAM72C","CCR1",29
"FAM72C","CD53",30
"FAM72C","CDC20",31
"FAM72C","CDC42EP3",32
"FAM72C","CDC45",33
"FAM72C","CDC6",34
"FAM72C","CDCA2",35
"FAM72C","CDCA3",36
"FAM72C","CDCA5",37
"FAM72C","CDK1",38
"FAM72C","CDK6",39
"FAM72C","CDKN3",40
"FAM72C","CDT1",41
"FAM72C","CELF2",42
"FAM72C","CENPA",43
"FAM72C","CENPE",44
"FAM72C","CENPF",45
"FAM72C","CENPH",46
"FAM72C","CENPK",47
"FAM72C","CENPN",48
"FAM72C","CENPU",49
"FAM72C","CENPV",50
"FAM72C","CENPW",51
"FAM72C","CEP55",52
"FAM72C","CHEK1",53
"FAM72C","CKAP2",54
"FAM72C","CKAP2L",55
"FAM72C","CKS1B",56
"FAM72C","CLEC2B",57
"FAM72C","CPM",58
"FAM72C","CRNDE",59
"FAM72C","DEFA1",60
"FAM72C","DENND3",61
"FAM72C","DEPDC1",62
"FAM72C","DEPDC1B",63
"FAM72C","DFNA5",64
"FAM72C","DHFR",65
"FAM72C","DHX9",66
"FAM72C","DLGAP5",67
"FAM72C","DPEP1",68
"FAM72C","DSCC1",69
"FAM72C","DTL",70
"FAM72C","E2F7",71
"FAM72C","E2F8",72
"FAM72C","ECT2",73
"FAM72C","EGR1",74
"FAM72C","EMP1",75
"FAM72C","FAM72C",76
"FAM72C","FANCI",77
"FAM72C","FCER1G",78
"FAM72C","FCGR3B",79
"FAM72C","FEN1",80
"FAM72C","FGD2",81
"FAM72C","FGR",82
"FAM72C","FH",83
"FAM72C","FOXM1",84
"FAM72C","FUS",85
"FAM72C","GBP4",86
"FAM72C","GGH",87
"FAM72C","GIMAP4",88
"FAM72C","GIMAP7",89
"FAM72C","GINS1",90
"FAM72C","GINS2",91
"FAM72C","GSN",92
"FAM72C","HBB",93
"FAM72C","HBG1",94
"FAM72C","HELLS",95
"FAM72C","HIST4H4",96
"FAM72C","HJURP",97
"FAM72C","HMMR",98
"FAM72C","HRK",99
"FAM72C","ID2",100
"FAM72C","IFNGR1",101
"FAM72C","IGH",102
"FAM72C","IGLC1",103
"FAM72C","IL1B",104
"FAM72C","IL6ST",105
"FAM72C","IQGAP3",106
"FAM72C","IRAK3",107
"FAM72C","ISG20",108
"FAM72C","ITGAM",109
"FAM72C","KIAA0101",110
"FAM72C","KIF11",111
"FAM72C","KIF14",112
"FAM72C","KIF15",113
"FAM72C","KIF18A",114
"FAM72C","KIF18B",115
"FAM72C","KIF20A",116
"FAM72C","KIF23",117
"FAM72C","KIF2C",118
"FAM72C","KIF4A",119
"FAM72C","KNL1",120
"FAM72C","LILRB2",121
"FAM72C","LOC100996643",122
"FAM72C","LY96",123
"FAM72C","LYZ",124
"FAM72C","MAD2L1",125
"FAM72C","MCM10",126
"FAM72C","MCM4",127
"FAM72C","MCM5",128
"FAM72C","MCM7",129
"FAM72C","MDK",130
"FAM72C","MELK",131
"FAM72C","METTL7A",132
"FAM72C","MIR4683",133
"FAM72C","MIR6845",134
"FAM72C","MIR8071-1",135
"FAM72C","MKI67",136
"FAM72C","MND1",137
"FAM72C","MS4A1",138
"FAM72C","MS4A4A",139
"FAM72C","MS4A7",140
"FAM72C","MTHFD2",141
"FAM72C","MTSS1",142
"FAM72C","NCAPG",143
"FAM72C","NCAPH",144
"FAM72C","NEAT1",145
"FAM72C","NEDD9",146
"FAM72C","NEK2",147
"FAM72C","NME1",148
"FAM72C","NPCDR1",149
"FAM72C","NUF2",150
"FAM72C","NUSAP1",151
"FAM72C","OIP5",152
"FAM72C","P2RY14",153
"FAM72C","PAICS",154
"FAM72C","PBK",155
"FAM72C","PCNA",156
"FAM72C","PDE4B",157
"FAM72C","PHF19",158
"FAM72C","PIK3IP1",159
"FAM72C","PLK4",160
"FAM72C","POLE2",161
"FAM72C","POLQ",162
"FAM72C","POU4F1",163
"FAM72C","PPIF",164
"FAM72C","PPP1R16B",165
"FAM72C","PRR11",166
"FAM72C","PSPH",167
"FAM72C","PTP4A1",168
"FAM72C","PTTG1",169
"FAM72C","RAD51",170
"FAM72C","RAD51AP1",171
"FAM72C","RBM14",172
"FAM72C","RBMS3",173
"FAM72C","RCC1",174
"FAM72C","RFC3",175
"FAM72C","RHOBTB3",176
"FAM72C","RMI2",177
"FAM72C","RNASET2",178
"FAM72C","RRM2",179
"FAM72C","S100A8",180
"FAM72C","SCML4",181
"FAM72C","SELENOI",182
"FAM72C","SERPINA1",183
"FAM72C","SERPINB9",184
"FAM72C","SESN1",185
"FAM72C","SHCBP1",186
"FAM72C","SIK1",187
"FAM72C","SKP2",188
"FAM72C","SLC22A23",189
"FAM72C","SMAP2",190
"FAM72C","SMC2",191
"FAM72C","SNORA21",192
"FAM72C","SOS1",193
"FAM72C","SQLE",194
"FAM72C","STIL",195
"FAM72C","SUV39H2",196
"FAM72C","TARSL2",197
"FAM72C","TBXA2R",198
"FAM72C","TCF19",199
"FAM72C","TIMELESS",200
"FAM72C","TIPIN",201
"FAM72C","TK1",202
"FAM72C","TMEM97",203
"FAM72C","TNFRSF21",204
"FAM72C","TOP2A",205
"FAM72C","TPX2",206
"FAM72C","TRIP13",207
"FAM72C","TTK",208
"FAM72C","TXNIP",209
"FAM72C","TYMS",210
"FAM72C","UBE2C",211
"FAM72C","UBE2T",212
"FAM72C","WDHD1",213
"FAM72C","WDR76",214
"FAM72C","ZFP36L2",215
"FAM72C","ZNF367",216
"FAM72C","ZWINT",217
"FANCI","ANLN",1
"FANCI","ANP32E",2
"FANCI","APITD1-CORT",3
"FANCI","ASF1B",4
"FANCI","ASPM",5
"FANCI","ATAD2",6
"FANCI","AURKA",7
"FANCI","AURKB",8
"FANCI","BCAT1",9
"FANCI","BCL2L11",10
"FANCI","BIRC5",11
"FANCI","BMF",12
"FANCI","BRCA1",13
"FANCI","BRIP1",14
"FANCI","BTG1",15
"FANCI","BUB1",16
"FANCI","BUB1B",17
"FANCI","BYSL",18
"FANCI","C4orf46",19
"FANCI","CCDC34",20
"FANCI","CCDC86",21
"FANCI","CCNA2",22
"FANCI","CCNB1",23
"FANCI","CCNB2",24
"FANCI","CCNE2",25
"FANCI","CD53",26
"FANCI","CDC20",27
"FANCI","CDC42EP3",28
"FANCI","CDC45",29
"FANCI","CDC6",30
"FANCI","CDCA2",31
"FANCI","CDCA3",32
"FANCI","CDCA5",33
"FANCI","CDK1",34
"FANCI","CDKN3",35
"FANCI","CDT1",36
"FANCI","CELF2",37
"FANCI","CENPA",38
"FANCI","CENPE",39
"FANCI","CENPF",40
"FANCI","CENPH",41
"FANCI","CENPK",42
"FANCI","CENPN",43
"FANCI","CENPU",44
"FANCI","CENPV",45
"FANCI","CENPW",46
"FANCI","CEP55",47
"FANCI","CHEK1",48
"FANCI","CKAP2",49
"FANCI","CKAP2L",50
"FANCI","CKS1B",51
"FANCI","CLEC2B",52
"FANCI","CPM",53
"FANCI","CRNDE",54
"FANCI","DDIT4",55
"FANCI","DENND3",56
"FANCI","DEPDC1",57
"FANCI","DEPDC1B",58
"FANCI","DFNA5",59
"FANCI","DHFR",60
"FANCI","DHX9",61
"FANCI","DLGAP5",62
"FANCI","DPEP1",63
"FANCI","DSCC1",64
"FANCI","DTL",65
"FANCI","E2F7",66
"FANCI","E2F8",67
"FANCI","ECT2",68
"FANCI","F13A1",69
"FANCI","FABP5",70
"FANCI","FAM72C",71
"FANCI","FANCI",72
"FANCI","FEN1",73
"FANCI","FGD2",74
"FANCI","FH",75
"FANCI","FOXM1",76
"FANCI","GBP4",77
"FANCI","GGH",78
"FANCI","GIMAP4",79
"FANCI","GIMAP7",80
"FANCI","GINS1",81
"FANCI","GINS2",82
"FANCI","GSN",83
"FANCI","GVINP1",84
"FANCI","HELLS",85
"FANCI","HIST4H4",86
"FANCI","HJURP",87
"FANCI","HMMR",88
"FANCI","HRK",89
"FANCI","HSP90AB1",90
"FANCI","ID2",91
"FANCI","IFNGR1",92
"FANCI","IL18R1",93
"FANCI","IL1B",94
"FANCI","IL6ST",95
"FANCI","IQGAP3",96
"FANCI","IRAK3",97
"FANCI","ISG20",98
"FANCI","ITGAM",99
"FANCI","KIAA0101",100
"FANCI","KIF11",101
"FANCI","KIF14",102
"FANCI","KIF15",103
"FANCI","KIF18A",104
"FANCI","KIF18B",105
"FANCI","KIF20A",106
"FANCI","KIF23",107
"FANCI","KIF2C",108
"FANCI","KIF4A",109
"FANCI","KLF9",110
"FANCI","KNL1",111
"FANCI","LILRB2",112
"FANCI","LOC100996643",113
"FANCI","LYZ",114
"FANCI","MAD2L1",115
"FANCI","MCM10",116
"FANCI","MCM4",117
"FANCI","MCM5",118
"FANCI","MCM7",119
"FANCI","MDK",120
"FANCI","MELK",121
"FANCI","METTL7A",122
"FANCI","MIR4683",123
"FANCI","MIR6845",124
"FANCI","MIR8071-1",125
"FANCI","MKI67",126
"FANCI","MND1",127
"FANCI","MS4A1",128
"FANCI","MS4A4A",129
"FANCI","MTHFD2",130
"FANCI","MTSS1",131
"FANCI","NCAPG",132
"FANCI","NCAPH",133
"FANCI","NEAT1",134
"FANCI","NEDD9",135
"FANCI","NEK2",136
"FANCI","NME1",137
"FANCI","NPCDR1",138
"FANCI","NUF2",139
"FANCI","NUSAP1",140
"FANCI","OIP5",141
"FANCI","P2RY14",142
"FANCI","PAICS",143
"FANCI","PBK",144
"FANCI","PCNA",145
"FANCI","PDE4B",146
"FANCI","PHF19",147
"FANCI","PIK3IP1",148
"FANCI","PLK4",149
"FANCI","POLE2",150
"FANCI","POLQ",151
"FANCI","PPIF",152
"FANCI","PRDM1",153
"FANCI","PRR11",154
"FANCI","PSPH",155
"FANCI","PTTG1",156
"FANCI","RAD51",157
"FANCI","RAD51AP1",158
"FANCI","RBM14",159
"FANCI","RCC1",160
"FANCI","RFC3",161
"FANCI","RMI2",162
"FANCI","RNASET2",163
"FANCI","RRM2",164
"FANCI","S100A8",165
"FANCI","SCML4",166
"FANCI","SELENOI",167
"FANCI","SERPINB9",168
"FANCI","SESN1",169
"FANCI","SHCBP1",170
"FANCI","SIK1",171
"FANCI","SKP2",172
"FANCI","SLC22A23",173
"FANCI","SMAP2",174
"FANCI","SMC2",175
"FANCI","SNORA21",176
"FANCI","SOS1",177
"FANCI","SQLE",178
"FANCI","STIL",179
"FANCI","SUV39H2",180
"FANCI","TARSL2",181
"FANCI","TBXA2R",182
"FANCI","TCF19",183
"FANCI","TIMELESS",184
"FANCI","TIPIN",185
"FANCI","TK1",186
"FANCI","TMEM2",187
"FANCI","TMEM97",188
"FANCI","TNFRSF21",189
"FANCI","TOP2A",190
"FANCI","TPX2",191
"FANCI","TRIP13",192
"FANCI","TTK",193
"FANCI","TXNIP",194
"FANCI","TYMS",195
"FANCI","UBE2C",196
"FANCI","UBE2T",197
"FANCI","WDHD1",198
"FANCI","WDR76",199
"FANCI","ZNF367",200
"FANCI","ZWINT",201
"FCER1G","ANLN",1
"FCER1G","APITD1-CORT",2
"FCER1G","ASF1B",3
"FCER1G","ASPM",4
"FCER1G","AURKA",5
"FCER1G","BIRC3",6
"FCER1G","BRIP1",7
"FCER1G","BTG1",8
"FCER1G","C4orf46",9
"FCER1G","CCDC34",10
"FCER1G","CCDC86",11
"FCER1G","CCNB1",12
"FCER1G","CCNE2",13
"FCER1G","CDC6",14
"FCER1G","CDCA2",15
"FCER1G","CDCA3",16
"FCER1G","CDK1",17
"FCER1G","CDKN3",18
"FCER1G","CENPE",19
"FCER1G","CENPF",20
"FCER1G","CENPH",21
"FCER1G","CENPK",22
"FCER1G","CENPV",23
"FCER1G","CHEK1",24
"FCER1G","CKAP2L",25
"FCER1G","DEPDC1",26
"FCER1G","DEPDC1B",27
"FCER1G","DHX9",28
"FCER1G","E2F7",29
"FCER1G","E2F8",30
"FCER1G","ECT2",31
"FCER1G","FAM72C",32
"FCER1G","FANCI",33
"FCER1G","FCER1G",34
"FCER1G","FCGR3B",35
"FCER1G","FGD2",36
"FCER1G","FGL2",37
"FCER1G","FH",38
"FCER1G","FOXM1",39
"FCER1G","GBP4",40
"FCER1G","GGH",41
"FCER1G","GVINP1",42
"FCER1G","HELLS",43
"FCER1G","HJURP",44
"FCER1G","HMMR",45
"FCER1G","ID3",46
"FCER1G","IGH",47
"FCER1G","IL18R1",48
"FCER1G","IL18RAP",49
"FCER1G","IQGAP3",50
"FCER1G","KIF11",51
"FCER1G","KIF14",52
"FCER1G","KIF20A",53
"FCER1G","KIF23",54
"FCER1G","KIF2C",55
"FCER1G","KIF4A",56
"FCER1G","LGALS3",57
"FCER1G","LILRA1",58
"FCER1G","LYZ",59
"FCER1G","MCM7",60
"FCER1G","MS4A7",61
"FCER1G","MTHFD2",62
"FCER1G","NCAPH",63
"FCER1G","NEK2",64
"FCER1G","NUF2",65
"FCER1G","NUSAP1",66
"FCER1G","PBK",67
"FCER1G","POLQ",68
"FCER1G","PPBP",69
"FCER1G","PRDM1",70
"FCER1G","PRPS2",71
"FCER1G","RFC3",72
"FCER1G","S100A8",73
"FCER1G","SCML4",74
"FCER1G","SERPINA1",75
"FCER1G","SKP2",76
"FCER1G","SMAP2",77
"FCER1G","SNX10",78
"FCER1G","STIL",79
"FCER1G","SUV39H2",80
"FCER1G","TMEM97",81
"FCER1G","TTK",82
"FCER1G","TXNIP",83
"FCER1G","WASF1",84
"FCER1G","WDHD1",85
"FCER1G","ZWINT",86
"FCGR3B","ANLN",1
"FCGR3B","APITD1-CORT",2
"FCGR3B","ASF1B",3
"FCGR3B","ASPM",4
"FCGR3B","AURKA",5
"FCGR3B","BRIP1",6
"FCGR3B","BTG1",7
"FCGR3B","C4orf46",8
"FCGR3B","CCDC34",9
"FCGR3B","CCDC86",10
"FCGR3B","CCNB1",11
"FCGR3B","CCNE2",12
"FCGR3B","CDC6",13
"FCGR3B","CDCA2",14
"FCGR3B","CDCA3",15
"FCGR3B","CDK1",16
"FCGR3B","CDKN3",17
"FCGR3B","CENPE",18
"FCGR3B","CENPF",19
"FCGR3B","CENPH",20
"FCGR3B","CENPK",21
"FCGR3B","CENPV",22
"FCGR3B","CHEK1",23
"FCGR3B","CKAP2L",24
"FCGR3B","DEPDC1",25
"FCGR3B","DEPDC1B",26
"FCGR3B","DHX9",27
"FCGR3B","E2F7",28
"FCGR3B","E2F8",29
"FCGR3B","ECT2",30
"FCGR3B","F13A1",31
"FCGR3B","FAM72C",32
"FCGR3B","FANCI",33
"FCGR3B","FCER1G",34
"FCGR3B","FCGR3B",35
"FCGR3B","FGD2",36
"FCGR3B","FGL2",37
"FCGR3B","FGR",38
"FCGR3B","FH",39
"FCGR3B","FOXM1",40
"FCGR3B","GBP4",41
"FCGR3B","GGH",42
"FCGR3B","GVINP1",43
"FCGR3B","HELLS",44
"FCGR3B","HJURP",45
"FCGR3B","HMMR",46
"FCGR3B","ID3",47
"FCGR3B","IGH",48
"FCGR3B","IL18R1",49
"FCGR3B","IQGAP3",50
"FCGR3B","KIF11",51
"FCGR3B","KIF14",52
"FCGR3B","KIF20A",53
"FCGR3B","KIF23",54
"FCGR3B","KIF2C",55
"FCGR3B","KIF4A",56
"FCGR3B","LILRA1",57
"FCGR3B","LY96",58
"FCGR3B","LYZ",59
"FCGR3B","MCM7",60
"FCGR3B","MNDA",61
"FCGR3B","MS4A7",62
"FCGR3B","MTHFD2",63
"FCGR3B","NCAPH",64
"FCGR3B","NEK2",65
"FCGR3B","NUF2",66
"FCGR3B","NUSAP1",67
"FCGR3B","PBK",68
"FCGR3B","POLQ",69
"FCGR3B","PPBP",70
"FCGR3B","PPIF",71
"FCGR3B","RFC3",72
"FCGR3B","S100A8",73
"FCGR3B","SCML4",74
"FCGR3B","SERPINA1",75
"FCGR3B","SKP2",76
"FCGR3B","SMAP2",77
"FCGR3B","STIL",78
"FCGR3B","SUV39H2",79
"FCGR3B","TMEM97",80
"FCGR3B","TTK",81
"FCGR3B","TXNIP",82
"FCGR3B","WASF1",83
"FCGR3B","WDHD1",84
"FCGR3B","ZWINT",85
"FEN1","ANLN",1
"FEN1","ANP32E",2
"FEN1","APITD1-CORT",3
"FEN1","ASF1B",4
"FEN1","ASPM",5
"FEN1","ATAD2",6
"FEN1","AURKA",7
"FEN1","AURKB",8
"FEN1","B3GNT2",9
"FEN1","BCAT1",10
"FEN1","BCL2L11",11
"FEN1","BIRC5",12
"FEN1","BMF",13
"FEN1","BRCA1",14
"FEN1","BRIP1",15
"FEN1","BTG1",16
"FEN1","BUB1",17
"FEN1","BUB1B",18
"FEN1","BYSL",19
"FEN1","C4orf46",20
"FEN1","CCDC34",21
"FEN1","CCDC86",22
"FEN1","CCNA2",23
"FEN1","CCNB1",24
"FEN1","CCNB2",25
"FEN1","CCNE2",26
"FEN1","CD53",27
"FEN1","CDC20",28
"FEN1","CDC42EP3",29
"FEN1","CDC45",30
"FEN1","CDC6",31
"FEN1","CDCA2",32
"FEN1","CDCA3",33
"FEN1","CDCA5",34
"FEN1","CDK1",35
"FEN1","CDKN3",36
"FEN1","CDT1",37
"FEN1","CELF2",38
"FEN1","CENPA",39
"FEN1","CENPE",40
"FEN1","CENPF",41
"FEN1","CENPH",42
"FEN1","CENPK",43
"FEN1","CENPN",44
"FEN1","CENPU",45
"FEN1","CENPV",46
"FEN1","CENPW",47
"FEN1","CEP55",48
"FEN1","CHEK1",49
"FEN1","CKAP2",50
"FEN1","CKAP2L",51
"FEN1","CKS1B",52
"FEN1","CLEC2B",53
"FEN1","CRNDE",54
"FEN1","DENND3",55
"FEN1","DEPDC1",56
"FEN1","DEPDC1B",57
"FEN1","DFNA5",58
"FEN1","DHFR",59
"FEN1","DHX9",60
"FEN1","DLGAP5",61
"FEN1","DPEP1",62
"FEN1","DSCC1",63
"FEN1","DTL",64
"FEN1","E2F7",65
"FEN1","E2F8",66
"FEN1","ECT2",67
"FEN1","EGR1",68
"FEN1","EMP1",69
"FEN1","FAM72C",70
"FEN1","FANCI",71
"FEN1","FEN1",72
"FEN1","FGR",73
"FEN1","FH",74
"FEN1","FOXM1",75
"FEN1","FUS",76
"FEN1","GBP4",77
"FEN1","GGH",78
"FEN1","GIMAP4",79
"FEN1","GIMAP7",80
"FEN1","GINS1",81
"FEN1","GINS2",82
"FEN1","GSN",83
"FEN1","HBB",84
"FEN1","HBG1",85
"FEN1","HELLS",86
"FEN1","HIST4H4",87
"FEN1","HJURP",88
"FEN1","HMMR",89
"FEN1","HRK",90
"FEN1","ID2",91
"FEN1","IFNGR1",92
"FEN1","IGH",93
"FEN1","IGLC1",94
"FEN1","IL1B",95
"FEN1","IQGAP3",96
"FEN1","IRAK3",97
"FEN1","ISG20",98
"FEN1","ITGAM",99
"FEN1","KIAA0101",100
"FEN1","KIF11",101
"FEN1","KIF14",102
"FEN1","KIF15",103
"FEN1","KIF18A",104
"FEN1","KIF18B",105
"FEN1","KIF20A",106
"FEN1","KIF23",107
"FEN1","KIF2C",108
"FEN1","KIF4A",109
"FEN1","KNL1",110
"FEN1","LILRB2",111
"FEN1","LOC100996643",112
"FEN1","LYZ",113
"FEN1","MAD2L1",114
"FEN1","MCM10",115
"FEN1","MCM4",116
"FEN1","MCM5",117
"FEN1","MCM7",118
"FEN1","MDK",119
"FEN1","MELK",120
"FEN1","MIR4683",121
"FEN1","MIR6845",122
"FEN1","MIR8071-1",123
"FEN1","MKI67",124
"FEN1","MND1",125
"FEN1","MS4A1",126
"FEN1","MS4A4A",127
"FEN1","MS4A7",128
"FEN1","MTHFD2",129
"FEN1","MTSS1",130
"FEN1","NCAPG",131
"FEN1","NCAPH",132
"FEN1","NEAT1",133
"FEN1","NEDD9",134
"FEN1","NEK2",135
"FEN1","NME1",136
"FEN1","NPCDR1",137
"FEN1","NUF2",138
"FEN1","NUSAP1",139
"FEN1","OIP5",140
"FEN1","P2RX5",141
"FEN1","P2RY14",142
"FEN1","PAICS",143
"FEN1","PBK",144
"FEN1","PCNA",145
"FEN1","PDE4B",146
"FEN1","PHF19",147
"FEN1","PIK3IP1",148
"FEN1","PLK4",149
"FEN1","POLE2",150
"FEN1","POLQ",151
"FEN1","PPIF",152
"FEN1","PPP1R16B",153
"FEN1","PRR11",154
"FEN1","PSPH",155
"FEN1","PTTG1",156
"FEN1","RAD51",157
"FEN1","RAD51AP1",158
"FEN1","RBM14",159
"FEN1","RCC1",160
"FEN1","RFC3",161
"FEN1","RHOBTB3",162
"FEN1","RMI2",163
"FEN1","RNASET2",164
"FEN1","RRM2",165
"FEN1","S100A8",166
"FEN1","SCML4",167
"FEN1","SELENOI",168
"FEN1","SERPINA1",169
"FEN1","SERPINB9",170
"FEN1","SESN1",171
"FEN1","SHCBP1",172
"FEN1","SKP2",173
"FEN1","SLC22A23",174
"FEN1","SMAP2",175
"FEN1","SMC2",176
"FEN1","SOS1",177
"FEN1","SQLE",178
"FEN1","STIL",179
"FEN1","SUV39H2",180
"FEN1","TARSL2",181
"FEN1","TBXA2R",182
"FEN1","TCF19",183
"FEN1","TIMELESS",184
"FEN1","TIPIN",185
"FEN1","TK1",186
"FEN1","TMEM97",187
"FEN1","TOP2A",188
"FEN1","TPX2",189
"FEN1","TRIP13",190
"FEN1","TTK",191
"FEN1","TXNIP",192
"FEN1","TYMS",193
"FEN1","UBE2C",194
"FEN1","UBE2T",195
"FEN1","WDHD1",196
"FEN1","WDR76",197
"FEN1","ZFP36L2",198
"FEN1","ZNF367",199
"FEN1","ZWINT",200
"FGD2","ANLN",1
"FGD2","APITD1-CORT",2
"FGD2","ASF1B",3
"FGD2","ATAD2",4
"FGD2","AURKA",5
"FGD2","AURKB",6
"FGD2","B3GNT2",7
"FGD2","BCAT1",8
"FGD2","BIRC5",9
"FGD2","BMF",10
"FGD2","BTG1",11
"FGD2","BUB1",12
"FGD2","CCDC34",13
"FGD2","CCDC86",14
"FGD2","CCNA2",15
"FGD2","CCNE2",16
"FGD2","CCR1",17
"FGD2","CD53",18
"FGD2","CDC6",19
"FGD2","CDCA2",20
"FGD2","CDCA3",21
"FGD2","CDCA5",22
"FGD2","CDKN3",23
"FGD2","CENPE",24
"FGD2","CENPH",25
"FGD2","CENPK",26
"FGD2","CENPU",27
"FGD2","CENPV",28
"FGD2","CEP55",29
"FGD2","CKAP2",30
"FGD2","CKAP2L",31
"FGD2","DENND3",32
"FGD2","DEPDC1",33
"FGD2","DSCC1",34
"FGD2","E2F7",35
"FGD2","ECT2",36
"FGD2","EMP1",37
"FGD2","F13A1",38
"FGD2","FAM72C",39
"FGD2","FCGR3B",40
"FGD2","FEN1",41
"FGD2","FGD2",42
"FGD2","FOXM1",43
"FGD2","GGH",44
"FGD2","GIMAP4",45
"FGD2","GINS1",46
"FGD2","GSN",47
"FGD2","HIST4H4",48
"FGD2","HJURP",49
"FGD2","HRK",50
"FGD2","IFNGR1",51
"FGD2","IGLC1",52
"FGD2","IL6ST",53
"FGD2","IRAK3",54
"FGD2","ISG20",55
"FGD2","ITGAM",56
"FGD2","ITPKB",57
"FGD2","KIAA0101",58
"FGD2","KIF18A",59
"FGD2","KIF18B",60
"FGD2","KIF23",61
"FGD2","KIF2C",62
"FGD2","LILRA1",63
"FGD2","LILRB2",64
"FGD2","LOC100505650",65
"FGD2","MCM4",66
"FGD2","MCM7",67
"FGD2","MELK",68
"FGD2","METTL7A",69
"FGD2","MIR4683",70
"FGD2","MIR6845",71
"FGD2","MIR8071-1",72
"FGD2","MNDA",73
"FGD2","MS4A1",74
"FGD2","MS4A4A",75
"FGD2","MS4A7",76
"FGD2","MTHFD2",77
"FGD2","MTSS1",78
"FGD2","NCAPH",79
"FGD2","OIP5",80
"FGD2","P2RY14",81
"FGD2","PAICS",82
"FGD2","PBK",83
"FGD2","PDE4B",84
"FGD2","PHF19",85
"FGD2","PIK3IP1",86
"FGD2","POLE2",87
"FGD2","PPIF",88
"FGD2","RASSF4",89
"FGD2","RNASET2",90
"FGD2","RRM2",91
"FGD2","SCML4",92
"FGD2","SERPINB9",93
"FGD2","SKP2",94
"FGD2","SMAP2",95
"FGD2","SOS1",96
"FGD2","SQLE",97
"FGD2","STIL",98
"FGD2","SUV39H2",99
"FGD2","TARSL2",100
"FGD2","TBXA2R",101
"FGD2","TIPIN",102
"FGD2","TMEM2",103
"FGD2","TPX2",104
"FGD2","TRIP13",105
"FGD2","TXNIP",106
"FGD2","UBE2T",107
"FGD2","ZBTB16",108
"FGD2","ZWINT",109
"FGL2","ANLN",1
"FGL2","ANP32E",2
"FGL2","ASPM",3
"FGL2","BIRC3",4
"FGL2","BRIP1",5
"FGL2","BUB1B",6
"FGL2","C4orf46",7
"FGL2","CCDC86",8
"FGL2","CCNB1",9
"FGL2","CCNB2",10
"FGL2","CCR1",11
"FGL2","CDC42EP3",12
"FGL2","CDC45",13
"FGL2","CENPA",14
"FGL2","CENPF",15
"FGL2","CENPN",16
"FGL2","CEP55",17
"FGL2","CHEK1",18
"FGL2","DEPDC1B",19
"FGL2","DLGAP5",20
"FGL2","E2F7",21
"FGL2","E2F8",22
"FGL2","ECT2",23
"FGL2","F13A1",24
"FGL2","FANCI",25
"FGL2","FCER1G",26
"FGL2","FCGR3B",27
"FGL2","FGD2",28
"FGL2","FGL2",29
"FGL2","FGR",30
"FGL2","FH",31
"FGL2","GGH",32
"FGL2","GIMAP7",33
"FGL2","GVINP1",34
"FGL2","HELLS",35
"FGL2","ID3",36
"FGL2","IGH",37
"FGL2","IL18R1",38
"FGL2","IQGAP3",39
"FGL2","ITGAM",40
"FGL2","ITGB2-AS1",41
"FGL2","KIF11",42
"FGL2","KIF15",43
"FGL2","LILRA1",44
"FGL2","LY96",45
"FGL2","LYZ",46
"FGL2","MAD2L1",47
"FGL2","MCM10",48
"FGL2","MCM7",49
"FGL2","MNDA",50
"FGL2","MS4A7",51
"FGL2","MTHFD2",52
"FGL2","MYRIP",53
"FGL2","NCAPG",54
"FGL2","NEAT1",55
"FGL2","NEK2",56
"FGL2","NME1",57
"FGL2","NUF2",58
"FGL2","NUSAP1",59
"FGL2","PAICS",60
"FGL2","PIK3IP1",61
"FGL2","PLK4",62
"FGL2","PPBP",63
"FGL2","PRDM1",64
"FGL2","PRPS2",65
"FGL2","PTP4A1",66
"FGL2","PTTG1",67
"FGL2","RAB31",68
"FGL2","RAD51AP1",69
"FGL2","RFC3",70
"FGL2","S100A8",71
"FGL2","SELENOI",72
"FGL2","SEMA4D",73
"FGL2","SERPINA1",74
"FGL2","SLC22A23",75
"FGL2","SMC2",76
"FGL2","TNFSF8",77
"FGL2","TTK",78
"FGL2","WASF1",79
"FGL2","ZBTB16",80
"FGL2","ZWINT",81
"FGR","ANP32E",1
"FGR","APITD1-CORT",2
"FGR","ASF1B",3
"FGR","ASPM",4
"FGR","ATAD2",5
"FGR","AURKA",6
"FGR","AURKB",7
"FGR","BCAT1",8
"FGR","BCL10",9
"FGR","BIRC3",10
"FGR","BIRC5",11
"FGR","BTG1",12
"FGR","BUB1",13
"FGR","BUB1B",14
"FGR","C4orf46",15
"FGR","C5orf24",16
"FGR","CCDC34",17
"FGR","CCDC86",18
"FGR","CCNA2",19
"FGR","CCNB1",20
"FGR","CCNE2",21
"FGR","CDC20",22
"FGR","CDC6",23
"FGR","CDCA2",24
"FGR","CDCA3",25
"FGR","CDCA5",26
"FGR","CDK1",27
"FGR","CDKN3",28
"FGR","CELF2",29
"FGR","CENPE",30
"FGR","CENPF",31
"FGR","CENPH",32
"FGR","CENPN",33
"FGR","CENPW",34
"FGR","CKAP2",35
"FGR","CKAP2L",36
"FGR","DEFA1",37
"FGR","DEPDC1",38
"FGR","DEPDC1B",39
"FGR","DHFR",40
"FGR","DHX9",41
"FGR","DSCC1",42
"FGR","DTL",43
"FGR","E2F7",44
"FGR","E2F8",45
"FGR","FAM72C",46
"FGR","FCER1G",47
"FGR","FCGR3B",48
"FGR","FEN1",49
"FGR","FGL2",50
"FGR","FGR",51
"FGR","FH",52
"FGR","FKBP5",53
"FGR","GGH",54
"FGR","GIMAP7",55
"FGR","GINS1",56
"FGR","GINS2",57
"FGR","GVINP1",58
"FGR","HBB",59
"FGR","HBG1",60
"FGR","HELLS",61
"FGR","HJURP",62
"FGR","HMMR",63
"FGR","HSP90AB1",64
"FGR","ID3",65
"FGR","IGH",66
"FGR","IGLC1",67
"FGR","IGLL1",68
"FGR","IQGAP3",69
"FGR","ITGB2-AS1",70
"FGR","KCNK12",71
"FGR","KIAA0101",72
"FGR","KIF11",73
"FGR","KIF14",74
"FGR","KIF15",75
"FGR","KIF18A",76
"FGR","KIF20A",77
"FGR","KIF23",78
"FGR","KIF2C",79
"FGR","KIF4A",80
"FGR","LGALS3",81
"FGR","LOC100130872",82
"FGR","LOC100505650",83
"FGR","LOC100996643",84
"FGR","LOC728175",85
"FGR","LY96",86
"FGR","LYZ",87
"FGR","MCM10",88
"FGR","MCM4",89
"FGR","MELK",90
"FGR","MIR6845",91
"FGR","MIR8071-1",92
"FGR","MKI67",93
"FGR","MTHFD2",94
"FGR","MYRIP",95
"FGR","NCAPH",96
"FGR","NEAT1",97
"FGR","NEDD9",98
"FGR","NEK2",99
"FGR","NME1",100
"FGR","NUF2",101
"FGR","NUSAP1",102
"FGR","OIP5",103
"FGR","PAICS",104
"FGR","PBK",105
"FGR","PHF19",106
"FGR","PLK4",107
"FGR","POLE2",108
"FGR","POLQ",109
"FGR","PPBP",110
"FGR","PPIF",111
"FGR","PPP1R16B",112
"FGR","PRDM1",113
"FGR","PRPS2",114
"FGR","PSPH",115
"FGR","PTP4A1",116
"FGR","PTTG1",117
"FGR","RAD51AP1",118
"FGR","RCC1",119
"FGR","RFC3",120
"FGR","S100A8",121
"FGR","SELENOI",122
"FGR","SEMA4D",123
"FGR","SERPINA1",124
"FGR","SKP2",125
"FGR","SMC2",126
"FGR","SUV39H2",127
"FGR","TIPIN",128
"FGR","TK1",129
"FGR","TMEM97",130
"FGR","TNFSF8",131
"FGR","TPX2",132
"FGR","TRIP13",133
"FGR","TXNIP",134
"FGR","TYMS",135
"FGR","WDHD1",136
"FGR","WDR76",137
"FGR","ZWINT",138
"FH","ANLN",1
"FH","ANP32E",2
"FH","APITD1-CORT",3
"FH","ARPP21",4
"FH","ASF1B",5
"FH","ASPM",6
"FH","ATAD2",7
"FH","AURKA",8
"FH","AURKB",9
"FH","BCAT1",10
"FH","BCL2L11",11
"FH","BIRC5",12
"FH","BMF",13
"FH","BRCA1",14
"FH","BRIP1",15
"FH","BTG1",16
"FH","BUB1",17
"FH","BUB1B",18
"FH","BYSL",19
"FH","C4orf46",20
"FH","CCDC34",21
"FH","CCDC86",22
"FH","CCNA2",23
"FH","CCNB1",24
"FH","CCNB2",25
"FH","CCNE2",26
"FH","CCR1",27
"FH","CD53",28
"FH","CDC20",29
"FH","CDC42EP3",30
"FH","CDC45",31
"FH","CDC6",32
"FH","CDCA2",33
"FH","CDCA3",34
"FH","CDCA5",35
"FH","CDK1",36
"FH","CDK6",37
"FH","CDKN3",38
"FH","CDT1",39
"FH","CELF2",40
"FH","CENPA",41
"FH","CENPE",42
"FH","CENPF",43
"FH","CENPH",44
"FH","CENPK",45
"FH","CENPN",46
"FH","CENPU",47
"FH","CENPV",48
"FH","CENPW",49
"FH","CEP55",50
"FH","CHEK1",51
"FH","CKAP2",52
"FH","CKAP2L",53
"FH","CKS1B",54
"FH","CRNDE",55
"FH","DDIT4",56
"FH","DENND3",57
"FH","DEPDC1",58
"FH","DEPDC1B",59
"FH","DFNA5",60
"FH","DHFR",61
"FH","DHX9",62
"FH","DLGAP5",63
"FH","DPEP1",64
"FH","DSCC1",65
"FH","DTL",66
"FH","E2F7",67
"FH","E2F8",68
"FH","ECT2",69
"FH","EGR1",70
"FH","EMP1",71
"FH","FABP5",72
"FH","FAM72C",73
"FH","FANCI",74
"FH","FCER1G",75
"FH","FCGR3B",76
"FH","FEN1",77
"FH","FGR",78
"FH","FH",79
"FH","FOXM1",80
"FH","FUS",81
"FH","GBP4",82
"FH","GGH",83
"FH","GIMAP4",84
"FH","GIMAP7",85
"FH","GINS1",86
"FH","GINS2",87
"FH","GSN",88
"FH","GVINP1",89
"FH","HBB",90
"FH","HELLS",91
"FH","HIST4H4",92
"FH","HJURP",93
"FH","HMMR",94
"FH","HSP90AB1",95
"FH","ID2",96
"FH","IFNGR1",97
"FH","IGH",98
"FH","IL18R1",99
"FH","IL1B",100
"FH","IL6ST",101
"FH","IQGAP3",102
"FH","IRAK3",103
"FH","ISG20",104
"FH","ITGAM",105
"FH","KIAA0101",106
"FH","KIF11",107
"FH","KIF14",108
"FH","KIF15",109
"FH","KIF18A",110
"FH","KIF18B",111
"FH","KIF20A",112
"FH","KIF23",113
"FH","KIF26A",114
"FH","KIF2C",115
"FH","KIF4A",116
"FH","KNL1",117
"FH","LILRB2",118
"FH","LOC100996643",119
"FH","LOC285097",120
"FH","LY96",121
"FH","LYZ",122
"FH","MAD2L1",123
"FH","MCM10",124
"FH","MCM4",125
"FH","MCM5",126
"FH","MCM7",127
"FH","MELK",128
"FH","MIR4683",129
"FH","MIR6845",130
"FH","MIR8071-1",131
"FH","MKI67",132
"FH","MND1",133
"FH","MPV17L",134
"FH","MS4A1",135
"FH","MS4A4A",136
"FH","MS4A7",137
"FH","MTHFD2",138
"FH","MTSS1",139
"FH","NCAPG",140
"FH","NCAPH",141
"FH","NEAT1",142
"FH","NEDD9",143
"FH","NEK2",144
"FH","NME1",145
"FH","NPCDR1",146
"FH","NUF2",147
"FH","NUSAP1",148
"FH","OIP5",149
"FH","P2RY14",150
"FH","PAICS",151
"FH","PBK",152
"FH","PCNA",153
"FH","PDE4B",154
"FH","PHF19",155
"FH","PIK3IP1",156
"FH","PLK4",157
"FH","POLE2",158
"FH","POLQ",159
"FH","PPIF",160
"FH","PPP1R16B",161
"FH","PRR11",162
"FH","PTP4A1",163
"FH","PTTG1",164
"FH","RAD51",165
"FH","RAD51AP1",166
"FH","RBM14",167
"FH","RBMS3",168
"FH","RFC3",169
"FH","RHOBTB3",170
"FH","RMI2",171
"FH","RNASET2",172
"FH","RPS6KA2",173
"FH","RRM2",174
"FH","S100A8",175
"FH","SCML4",176
"FH","SELENOI",177
"FH","SERPINA1",178
"FH","SERPINB9",179
"FH","SHCBP1",180
"FH","SKP2",181
"FH","SLC22A23",182
"FH","SMAP2",183
"FH","SMC2",184
"FH","SNORA21",185
"FH","SNORD3B-1",186
"FH","SNTB2",187
"FH","SNX29P2",188
"FH","SOS1",189
"FH","SQLE",190
"FH","STIL",191
"FH","SUV39H2",192
"FH","TBXA2R",193
"FH","TCF19",194
"FH","TIMELESS",195
"FH","TIPIN",196
"FH","TK1",197
"FH","TMEM2",198
"FH","TMEM97",199
"FH","TNFRSF21",200
"FH","TOP2A",201
"FH","TPX2",202
"FH","TRIP13",203
"FH","TTK",204
"FH","TXNIP",205
"FH","TYMS",206
"FH","UBE2C",207
"FH","UBE2T",208
"FH","WDHD1",209
"FH","WDR76",210
"FH","ZNF367",211
"FH","ZWINT",212
"FKBP5","FKBP5",1
"FKBP5","KLF9",2
"FOXM1","ANLN",1
"FOXM1","ANP32E",2
"FOXM1","APITD1-CORT",3
"FOXM1","ASF1B",4
"FOXM1","ASPM",5
"FOXM1","ATAD2",6
"FOXM1","AURKA",7
"FOXM1","AURKB",8
"FOXM1","BCAT1",9
"FOXM1","BCL2L11",10
"FOXM1","BIRC5",11
"FOXM1","BMF",12
"FOXM1","BRCA1",13
"FOXM1","BRIP1",14
"FOXM1","BTG1",15
"FOXM1","BUB1",16
"FOXM1","BUB1B",17
"FOXM1","BYSL",18
"FOXM1","C4orf46",19
"FOXM1","CCDC34",20
"FOXM1","CCDC86",21
"FOXM1","CCNA2",22
"FOXM1","CCNB1",23
"FOXM1","CCNB2",24
"FOXM1","CCNE2",25
"FOXM1","CCR1",26
"FOXM1","CD53",27
"FOXM1","CDC20",28
"FOXM1","CDC42EP3",29
"FOXM1","CDC45",30
"FOXM1","CDC6",31
"FOXM1","CDCA2",32
"FOXM1","CDCA3",33
"FOXM1","CDCA5",34
"FOXM1","CDK1",35
"FOXM1","CDKN3",36
"FOXM1","CDT1",37
"FOXM1","CELF2",38
"FOXM1","CENPA",39
"FOXM1","CENPE",40
"FOXM1","CENPF",41
"FOXM1","CENPH",42
"FOXM1","CENPK",43
"FOXM1","CENPN",44
"FOXM1","CENPU",45
"FOXM1","CENPV",46
"FOXM1","CENPW",47
"FOXM1","CEP55",48
"FOXM1","CHEK1",49
"FOXM1","CKAP2",50
"FOXM1","CKAP2L",51
"FOXM1","CKS1B",52
"FOXM1","CLEC2B",53
"FOXM1","CPM",54
"FOXM1","CRNDE",55
"FOXM1","DENND3",56
"FOXM1","DEPDC1",57
"FOXM1","DEPDC1B",58
"FOXM1","DFNA5",59
"FOXM1","DHFR",60
"FOXM1","DHX9",61
"FOXM1","DLGAP5",62
"FOXM1","DPEP1",63
"FOXM1","DSCC1",64
"FOXM1","DTL",65
"FOXM1","E2F7",66
"FOXM1","E2F8",67
"FOXM1","ECT2",68
"FOXM1","FABP5",69
"FOXM1","FAM72C",70
"FOXM1","FANCI",71
"FOXM1","FCGR3B",72
"FOXM1","FEN1",73
"FOXM1","FGD2",74
"FOXM1","FH",75
"FOXM1","FOXM1",76
"FOXM1","FUS",77
"FOXM1","GBP4",78
"FOXM1","GGH",79
"FOXM1","GIMAP4",80
"FOXM1","GIMAP7",81
"FOXM1","GINS1",82
"FOXM1","GINS2",83
"FOXM1","GSN",84
"FOXM1","GVINP1",85
"FOXM1","HBB",86
"FOXM1","HELLS",87
"FOXM1","HIST4H4",88
"FOXM1","HJURP",89
"FOXM1","HMMR",90
"FOXM1","HRK",91
"FOXM1","ID2",92
"FOXM1","IFNGR1",93
"FOXM1","IL18R1",94
"FOXM1","IL1B",95
"FOXM1","IL6ST",96
"FOXM1","IQGAP3",97
"FOXM1","IRAK3",98
"FOXM1","ISG20",99
"FOXM1","ITGAM",100
"FOXM1","KIAA0101",101
"FOXM1","KIF11",102
"FOXM1","KIF14",103
"FOXM1","KIF15",104
"FOXM1","KIF18A",105
"FOXM1","KIF18B",106
"FOXM1","KIF20A",107
"FOXM1","KIF23",108
"FOXM1","KIF2C",109
"FOXM1","KIF4A",110
"FOXM1","KNL1",111
"FOXM1","LILRB2",112
"FOXM1","LOC100996643",113
"FOXM1","LYZ",114
"FOXM1","MAD2L1",115
"FOXM1","MCM10",116
"FOXM1","MCM4",117
"FOXM1","MCM5",118
"FOXM1","MCM7",119
"FOXM1","MELK",120
"FOXM1","METTL7A",121
"FOXM1","MIR4683",122
"FOXM1","MIR6845",123
"FOXM1","MIR8071-1",124
"FOXM1","MKI67",125
"FOXM1","MND1",126
"FOXM1","MS4A1",127
"FOXM1","MS4A4A",128
"FOXM1","MTHFD2",129
"FOXM1","MTSS1",130
"FOXM1","NCAPG",131
"FOXM1","NCAPH",132
"FOXM1","NEAT1",133
"FOXM1","NEDD9",134
"FOXM1","NEK2",135
"FOXM1","NME1",136
"FOXM1","NPCDR1",137
"FOXM1","NUF2",138
"FOXM1","NUSAP1",139
"FOXM1","OIP5",140
"FOXM1","P2RY14",141
"FOXM1","PAICS",142
"FOXM1","PBK",143
"FOXM1","PCNA",144
"FOXM1","PDE4B",145
"FOXM1","PHF19",146
"FOXM1","PIK3IP1",147
"FOXM1","PLK4",148
"FOXM1","POLE2",149
"FOXM1","POLQ",150
"FOXM1","POU4F1",151
"FOXM1","PPIF",152
"FOXM1","PRR11",153
"FOXM1","PTP4A1",154
"FOXM1","PTTG1",155
"FOXM1","RAD51",156
"FOXM1","RAD51AP1",157
"FOXM1","RBM14",158
"FOXM1","RBMS3",159
"FOXM1","RCC1",160
"FOXM1","RFC3",161
"FOXM1","RMI2",162
"FOXM1","RNASET2",163
"FOXM1","RRM2",164
"FOXM1","S100A8",165
"FOXM1","SCML4",166
"FOXM1","SELENOI",167
"FOXM1","SERPINB9",168
"FOXM1","SESN1",169
"FOXM1","SHCBP1",170
"FOXM1","SIK1",171
"FOXM1","SKP2",172
"FOXM1","SLC22A23",173
"FOXM1","SMAP2",174
"FOXM1","SMC2",175
"FOXM1","SNORA21",176
"FOXM1","SOS1",177
"FOXM1","SQLE",178
"FOXM1","STIL",179
"FOXM1","SUV39H2",180
"FOXM1","TARSL2",181
"FOXM1","TBXA2R",182
"FOXM1","TCF19",183
"FOXM1","TIMELESS",184
"FOXM1","TIPIN",185
"FOXM1","TK1",186
"FOXM1","TMEM2",187
"FOXM1","TMEM97",188
"FOXM1","TNFRSF21",189
"FOXM1","TOP2A",190
"FOXM1","TPX2",191
"FOXM1","TRIP13",192
"FOXM1","TTK",193
"FOXM1","TXNIP",194
"FOXM1","TYMS",195
"FOXM1","UBE2C",196
"FOXM1","UBE2T",197
"FOXM1","WDHD1",198
"FOXM1","WDR76",199
"FOXM1","ZNF367",200
"FOXM1","ZWINT",201
"FUS","ANLN",1
"FUS","APITD1-CORT",2
"FUS","ASF1B",3
"FUS","ASPM",4
"FUS","ATAD2",5
"FUS","AURKA",6
"FUS","AURKB",7
"FUS","BCAT1",8
"FUS","BIRC5",9
"FUS","BRCA1",10
"FUS","BRIP1",11
"FUS","BTG1",12
"FUS","BUB1",13
"FUS","BUB1B",14
"FUS","BYSL",15
"FUS","C4orf46",16
"FUS","C5orf24",17
"FUS","CCDC34",18
"FUS","CCNA2",19
"FUS","CCNB1",20
"FUS","CCNB2",21
"FUS","CCNE2",22
"FUS","CDC20",23
"FUS","CDC45",24
"FUS","CDC6",25
"FUS","CDCA2",26
"FUS","CDCA3",27
"FUS","CDCA5",28
"FUS","CDK1",29
"FUS","CDKN3",30
"FUS","CDT1",31
"FUS","CELF2",32
"FUS","CENPA",33
"FUS","CENPE",34
"FUS","CENPF",35
"FUS","CENPH",36
"FUS","CENPN",37
"FUS","CENPU",38
"FUS","CENPW",39
"FUS","CEP55",40
"FUS","CHEK1",41
"FUS","CKAP2",42
"FUS","CKAP2L",43
"FUS","CKS1B",44
"FUS","DEPDC1",45
"FUS","DEPDC1B",46
"FUS","DHFR",47
"FUS","DLGAP5",48
"FUS","DSCC1",49
"FUS","DTL",50
"FUS","FABP5",51
"FUS","FAM72C",52
"FUS","FANCI",53
"FUS","FEN1",54
"FUS","FH",55
"FUS","FUS",56
"FUS","GGH",57
"FUS","GIMAP7",58
"FUS","GINS1",59
"FUS","GINS2",60
"FUS","GVINP1",61
"FUS","HBG1",62
"FUS","HELLS",63
"FUS","HIST4H4",64
"FUS","HJURP",65
"FUS","HMMR",66
"FUS","IGLL1",67
"FUS","IQGAP3",68
"FUS","KIAA0101",69
"FUS","KIF11",70
"FUS","KIF14",71
"FUS","KIF15",72
"FUS","KIF18A",73
"FUS","KIF18B",74
"FUS","KIF20A",75
"FUS","KIF23",76
"FUS","KIF2C",77
"FUS","KIF4A",78
"FUS","KNL1",79
"FUS","LOC100130872",80
"FUS","LOC100996643",81
"FUS","LOC728175",82
"FUS","MAD2L1",83
"FUS","MCM10",84
"FUS","MCM4",85
"FUS","MCM5",86
"FUS","MCM7",87
"FUS","MDK",88
"FUS","MELK",89
"FUS","MIR8071-1",90
"FUS","MKI67",91
"FUS","MND1",92
"FUS","MPV17L",93
"FUS","NCAPG",94
"FUS","NCAPH",95
"FUS","NEAT1",96
"FUS","NEK2",97
"FUS","NME1",98
"FUS","NUF2",99
"FUS","NUSAP1",100
"FUS","OIP5",101
"FUS","PAICS",102
"FUS","PBK",103
"FUS","PCNA",104
"FUS","PFKFB2",105
"FUS","PHF19",106
"FUS","PLK4",107
"FUS","POLE2",108
"FUS","POLQ",109
"FUS","PPP1R16B",110
"FUS","PRR11",111
"FUS","PSPH",112
"FUS","PTP4A1",113
"FUS","PTTG1",114
"FUS","RAD51",115
"FUS","RAD51AP1",116
"FUS","RFC3",117
"FUS","RMI2",118
"FUS","RRM2",119
"FUS","SELENOI",120
"FUS","SESN1",121
"FUS","SHCBP1",122
"FUS","SKP2",123
"FUS","SMC2",124
"FUS","SNX29P2",125
"FUS","SUV39H2",126
"FUS","TIMELESS",127
"FUS","TIPIN",128
"FUS","TK1",129
"FUS","TMEM97",130
"FUS","TOP2A",131
"FUS","TPX2",132
"FUS","TRIP13",133
"FUS","TTK",134
"FUS","TXNIP",135
"FUS","TYMS",136
"FUS","UBE2C",137
"FUS","UBE2T",138
"FUS","WDHD1",139
"FUS","WDR76",140
"FUS","ZNF367",141
"FUS","ZWINT",142
"GBP4","ANLN",1
"GBP4","ANP32E",2
"GBP4","APITD1-CORT",3
"GBP4","ASF1B",4
"GBP4","ASPM",5
"GBP4","ATAD2",6
"GBP4","AURKA",7
"GBP4","AURKB",8
"GBP4","BCL2L11",9
"GBP4","BIRC5",10
"GBP4","BMF",11
"GBP4","BRCA1",12
"GBP4","BRIP1",13
"GBP4","BTG1",14
"GBP4","BUB1",15
"GBP4","BUB1B",16
"GBP4","BYSL",17
"GBP4","C4orf46",18
"GBP4","CCDC34",19
"GBP4","CCNA2",20
"GBP4","CCNB1",21
"GBP4","CCNB2",22
"GBP4","CCNE2",23
"GBP4","CD53",24
"GBP4","CDC20",25
"GBP4","CDC42EP3",26
"GBP4","CDC45",27
"GBP4","CDC6",28
"GBP4","CDCA2",29
"GBP4","CDCA3",30
"GBP4","CDCA5",31
"GBP4","CDK1",32
"GBP4","CDKN3",33
"GBP4","CDT1",34
"GBP4","CENPA",35
"GBP4","CENPE",36
"GBP4","CENPF",37
"GBP4","CENPH",38
"GBP4","CENPK",39
"GBP4","CENPN",40
"GBP4","CENPU",41
"GBP4","CENPV",42
"GBP4","CENPW",43
"GBP4","CEP55",44
"GBP4","CHEK1",45
"GBP4","CKAP2",46
"GBP4","CKAP2L",47
"GBP4","CKS1B",48
"GBP4","CLEC2B",49
"GBP4","CRNDE",50
"GBP4","DENND3",51
"GBP4","DEPDC1",52
"GBP4","DEPDC1B",53
"GBP4","DFNA5",54
"GBP4","DHFR",55
"GBP4","DLGAP5",56
"GBP4","DSCC1",57
"GBP4","DTL",58
"GBP4","E2F7",59
"GBP4","E2F8",60
"GBP4","ECT2",61
"GBP4","EMP1",62
"GBP4","F13A1",63
"GBP4","FAM72C",64
"GBP4","FANCI",65
"GBP4","FEN1",66
"GBP4","FH",67
"GBP4","FOXM1",68
"GBP4","GBP4",69
"GBP4","GGH",70
"GBP4","GIMAP4",71
"GBP4","GIMAP7",72
"GBP4","GINS1",73
"GBP4","GINS2",74
"GBP4","GSN",75
"GBP4","HELLS",76
"GBP4","HIST4H4",77
"GBP4","HJURP",78
"GBP4","HMMR",79
"GBP4","HSP90AB1",80
"GBP4","ID2",81
"GBP4","IFNGR1",82
"GBP4","IL18R1",83
"GBP4","IL1B",84
"GBP4","IL6ST",85
"GBP4","IQGAP3",86
"GBP4","IRAK3",87
"GBP4","ISG20",88
"GBP4","KIAA0101",89
"GBP4","KIF11",90
"GBP4","KIF14",91
"GBP4","KIF15",92
"GBP4","KIF18A",93
"GBP4","KIF18B",94
"GBP4","KIF20A",95
"GBP4","KIF23",96
"GBP4","KIF2C",97
"GBP4","KIF4A",98
"GBP4","KLF9",99
"GBP4","KNL1",100
"GBP4","LGALS3",101
"GBP4","LILRB2",102
"GBP4","LYZ",103
"GBP4","MAD2L1",104
"GBP4","MCM10",105
"GBP4","MCM4",106
"GBP4","MCM5",107
"GBP4","MCM7",108
"GBP4","MDK",109
"GBP4","MELK",110
"GBP4","METTL7A",111
"GBP4","MIR4683",112
"GBP4","MIR6845",113
"GBP4","MKI67",114
"GBP4","MND1",115
"GBP4","MS4A1",116
"GBP4","MTSS1",117
"GBP4","NCAPG",118
"GBP4","NCAPH",119
"GBP4","NEAT1",120
"GBP4","NEDD9",121
"GBP4","NEK2",122
"GBP4","NPCDR1",123
"GBP4","NUF2",124
"GBP4","NUSAP1",125
"GBP4","OIP5",126
"GBP4","P2RY14",127
"GBP4","PAICS",128
"GBP4","PBK",129
"GBP4","PCNA",130
"GBP4","PDE4B",131
"GBP4","PHF19",132
"GBP4","PLK4",133
"GBP4","POLE2",134
"GBP4","POLQ",135
"GBP4","POU4F1",136
"GBP4","PPIF",137
"GBP4","PRR11",138
"GBP4","PTTG1",139
"GBP4","RAD51",140
"GBP4","RASSF4",141
"GBP4","RBM14",142
"GBP4","RFC3",143
"GBP4","RMI2",144
"GBP4","RNASET2",145
"GBP4","RRM2",146
"GBP4","S100A8",147
"GBP4","SCML4",148
"GBP4","SERPINB9",149
"GBP4","SESN1",150
"GBP4","SHCBP1",151
"GBP4","SIK1",152
"GBP4","SKP2",153
"GBP4","SMAP2",154
"GBP4","SMC2",155
"GBP4","SNORA21",156
"GBP4","SNTB2",157
"GBP4","SOS1",158
"GBP4","SQLE",159
"GBP4","STAB1",160
"GBP4","STIL",161
"GBP4","SUV39H2",162
"GBP4","TARSL2",163
"GBP4","TBXA2R",164
"GBP4","TCF19",165
"GBP4","TIMELESS",166
"GBP4","TIPIN",167
"GBP4","TK1",168
"GBP4","TMEM2",169
"GBP4","TMEM97",170
"GBP4","TNFRSF21",171
"GBP4","TOP2A",172
"GBP4","TPX2",173
"GBP4","TRIP13",174
"GBP4","TTK",175
"GBP4","TXNIP",176
"GBP4","TYMS",177
"GBP4","UBE2C",178
"GBP4","UBE2T",179
"GBP4","WDHD1",180
"GBP4","WDR76",181
"GBP4","ZNF367",182
"GBP4","ZWINT",183
"GGH","ANLN",1
"GGH","ANP32E",2
"GGH","APITD1-CORT",3
"GGH","ASF1B",4
"GGH","ASPM",5
"GGH","ATAD2",6
"GGH","AURKA",7
"GGH","AURKB",8
"GGH","BCAT1",9
"GGH","BCL2L11",10
"GGH","BIRC5",11
"GGH","BMF",12
"GGH","BRCA1",13
"GGH","BRIP1",14
"GGH","BTG1",15
"GGH","BUB1",16
"GGH","BUB1B",17
"GGH","BYSL",18
"GGH","C4orf46",19
"GGH","CCDC34",20
"GGH","CCDC86",21
"GGH","CCNA2",22
"GGH","CCNB1",23
"GGH","CCNB2",24
"GGH","CCNE2",25
"GGH","CCNL1",26
"GGH","CD53",27
"GGH","CDC20",28
"GGH","CDC42EP3",29
"GGH","CDC45",30
"GGH","CDC6",31
"GGH","CDCA2",32
"GGH","CDCA3",33
"GGH","CDCA5",34
"GGH","CDK1",35
"GGH","CDKN3",36
"GGH","CDT1",37
"GGH","CELF2",38
"GGH","CENPA",39
"GGH","CENPE",40
"GGH","CENPF",41
"GGH","CENPH",42
"GGH","CENPK",43
"GGH","CENPN",44
"GGH","CENPU",45
"GGH","CENPV",46
"GGH","CENPW",47
"GGH","CEP55",48
"GGH","CHEK1",49
"GGH","CKAP2",50
"GGH","CKAP2L",51
"GGH","CKS1B",52
"GGH","CLEC2B",53
"GGH","CPM",54
"GGH","CRNDE",55
"GGH","DEFA1",56
"GGH","DENND3",57
"GGH","DEPDC1",58
"GGH","DEPDC1B",59
"GGH","DFNA5",60
"GGH","DHFR",61
"GGH","DHX9",62
"GGH","DLGAP5",63
"GGH","DPEP1",64
"GGH","DSCC1",65
"GGH","DTL",66
"GGH","E2F7",67
"GGH","E2F8",68
"GGH","ECT2",69
"GGH","EGR1",70
"GGH","FABP5",71
"GGH","FAM72C",72
"GGH","FANCI",73
"GGH","FCER1G",74
"GGH","FCGR3B",75
"GGH","FEN1",76
"GGH","FGD2",77
"GGH","FGR",78
"GGH","FH",79
"GGH","FOXM1",80
"GGH","FUS",81
"GGH","GBP4",82
"GGH","GGH",83
"GGH","GIMAP4",84
"GGH","GIMAP7",85
"GGH","GINS1",86
"GGH","GINS2",87
"GGH","GVINP1",88
"GGH","HBB",89
"GGH","HBG1",90
"GGH","HELLS",91
"GGH","HIST4H4",92
"GGH","HJURP",93
"GGH","HMMR",94
"GGH","ID2",95
"GGH","IFNGR1",96
"GGH","IGH",97
"GGH","IGLC1",98
"GGH","IL18R1",99
"GGH","IL1B",100
"GGH","IQGAP3",101
"GGH","IRAK3",102
"GGH","ISG20",103
"GGH","KIAA0101",104
"GGH","KIF11",105
"GGH","KIF14",106
"GGH","KIF15",107
"GGH","KIF18A",108
"GGH","KIF18B",109
"GGH","KIF20A",110
"GGH","KIF23",111
"GGH","KIF2C",112
"GGH","KIF4A",113
"GGH","KNL1",114
"GGH","LILRB2",115
"GGH","LOC100996643",116
"GGH","LOC728175",117
"GGH","LYZ",118
"GGH","MAD2L1",119
"GGH","MCM10",120
"GGH","MCM4",121
"GGH","MCM5",122
"GGH","MCM7",123
"GGH","MDK",124
"GGH","MELK",125
"GGH","METTL7A",126
"GGH","MIR6845",127
"GGH","MIR8071-1",128
"GGH","MKI67",129
"GGH","MND1",130
"GGH","MS4A1",131
"GGH","MS4A4A",132
"GGH","MS4A7",133
"GGH","MTHFD2",134
"GGH","MTSS1",135
"GGH","NCAPG",136
"GGH","NCAPH",137
"GGH","NEAT1",138
"GGH","NEDD9",139
"GGH","NEK2",140
"GGH","NME1",141
"GGH","NPCDR1",142
"GGH","NUF2",143
"GGH","NUSAP1",144
"GGH","OIP5",145
"GGH","P2RY14",146
"GGH","PAICS",147
"GGH","PBK",148
"GGH","PCNA",149
"GGH","PDE4B",150
"GGH","PHF19",151
"GGH","PIK3IP1",152
"GGH","PLK4",153
"GGH","POLE2",154
"GGH","POLQ",155
"GGH","PPIF",156
"GGH","PPP1R16B",157
"GGH","PRR11",158
"GGH","PSPH",159
"GGH","PTP4A1",160
"GGH","PTTG1",161
"GGH","RAD51",162
"GGH","RAD51AP1",163
"GGH","RBM14",164
"GGH","RCC1",165
"GGH","RFC3",166
"GGH","RMI2",167
"GGH","RNASET2",168
"GGH","RRM2",169
"GGH","S100A8",170
"GGH","SCML4",171
"GGH","SELENOI",172
"GGH","SERPINA1",173
"GGH","SERPINB9",174
"GGH","SESN1",175
"GGH","SHCBP1",176
"GGH","SIK1",177
"GGH","SKP2",178
"GGH","SLC22A23",179
"GGH","SMAP2",180
"GGH","SMC2",181
"GGH","SNORA21",182
"GGH","SNORD3B-1",183
"GGH","SNX29P2",184
"GGH","SOS1",185
"GGH","SQLE",186
"GGH","STIL",187
"GGH","SUV39H2",188
"GGH","TARSL2",189
"GGH","TBXA2R",190
"GGH","TCF19",191
"GGH","TENM4",192
"GGH","TIMELESS",193
"GGH","TIPIN",194
"GGH","TK1",195
"GGH","TMEM97",196
"GGH","TNFRSF21",197
"GGH","TOP2A",198
"GGH","TPX2",199
"GGH","TRIP13",200
"GGH","TTK",201
"GGH","TXNIP",202
"GGH","TYMS",203
"GGH","UBE2C",204
"GGH","UBE2T",205
"GGH","WDHD1",206
"GGH","WDR76",207
"GGH","ZNF367",208
"GGH","ZWINT",209
"GIMAP4","ANLN",1
"GIMAP4","ANP32E",2
"GIMAP4","APITD1-CORT",3
"GIMAP4","ASF1B",4
"GIMAP4","ASPM",5
"GIMAP4","ATAD2",6
"GIMAP4","AURKA",7
"GIMAP4","AURKB",8
"GIMAP4","BCAT1",9
"GIMAP4","BCL2L11",10
"GIMAP4","BIRC5",11
"GIMAP4","BMF",12
"GIMAP4","BRCA1",13
"GIMAP4","BRIP1",14
"GIMAP4","BTG1",15
"GIMAP4","BUB1",16
"GIMAP4","BUB1B",17
"GIMAP4","BYSL",18
"GIMAP4","C4orf46",19
"GIMAP4","CCDC34",20
"GIMAP4","CCDC86",21
"GIMAP4","CCNA2",22
"GIMAP4","CCNB1",23
"GIMAP4","CCNB2",24
"GIMAP4","CCNE2",25
"GIMAP4","CCR1",26
"GIMAP4","CD53",27
"GIMAP4","CDC20",28
"GIMAP4","CDC42EP3",29
"GIMAP4","CDC45",30
"GIMAP4","CDC6",31
"GIMAP4","CDCA2",32
"GIMAP4","CDCA3",33
"GIMAP4","CDCA5",34
"GIMAP4","CDK1",35
"GIMAP4","CDK6",36
"GIMAP4","CDKN3",37
"GIMAP4","CDT1",38
"GIMAP4","CENPA",39
"GIMAP4","CENPE",40
"GIMAP4","CENPF",41
"GIMAP4","CENPH",42
"GIMAP4","CENPK",43
"GIMAP4","CENPN",44
"GIMAP4","CENPU",45
"GIMAP4","CENPV",46
"GIMAP4","CENPW",47
"GIMAP4","CEP55",48
"GIMAP4","CHEK1",49
"GIMAP4","CKAP2",50
"GIMAP4","CKAP2L",51
"GIMAP4","CKS1B",52
"GIMAP4","CLEC2B",53
"GIMAP4","DDIT4",54
"GIMAP4","DENND3",55
"GIMAP4","DEPDC1",56
"GIMAP4","DEPDC1B",57
"GIMAP4","DHFR",58
"GIMAP4","DLGAP5",59
"GIMAP4","DSCC1",60
"GIMAP4","DTL",61
"GIMAP4","E2F7",62
"GIMAP4","E2F8",63
"GIMAP4","ECT2",64
"GIMAP4","EMP1",65
"GIMAP4","F13A1",66
"GIMAP4","FABP5",67
"GIMAP4","FAM72C",68
"GIMAP4","FANCI",69
"GIMAP4","FEN1",70
"GIMAP4","FGL2",71
"GIMAP4","FH",72
"GIMAP4","FOXM1",73
"GIMAP4","FUS",74
"GIMAP4","GBP4",75
"GIMAP4","GGH",76
"GIMAP4","GIMAP4",77
"GIMAP4","GIMAP7",78
"GIMAP4","GINS1",79
"GIMAP4","GINS2",80
"GIMAP4","GSN",81
"GIMAP4","GVINP1",82
"GIMAP4","HELLS",83
"GIMAP4","HIST4H4",84
"GIMAP4","HJURP",85
"GIMAP4","HMMR",86
"GIMAP4","ID2",87
"GIMAP4","IFNGR1",88
"GIMAP4","IL1B",89
"GIMAP4","IL27RA",90
"GIMAP4","IL6ST",91
"GIMAP4","IQGAP3",92
"GIMAP4","IRAK3",93
"GIMAP4","ISG20",94
"GIMAP4","ITGAM",95
"GIMAP4","KIAA0101",96
"GIMAP4","KIF11",97
"GIMAP4","KIF14",98
"GIMAP4","KIF15",99
"GIMAP4","KIF18A",100
"GIMAP4","KIF18B",101
"GIMAP4","KIF20A",102
"GIMAP4","KIF23",103
"GIMAP4","KIF2C",104
"GIMAP4","KIF4A",105
"GIMAP4","KNL1",106
"GIMAP4","LILRB2",107
"GIMAP4","LY96",108
"GIMAP4","MAD2L1",109
"GIMAP4","MCM10",110
"GIMAP4","MCM4",111
"GIMAP4","MCM5",112
"GIMAP4","MCM7",113
"GIMAP4","MELK",114
"GIMAP4","METTL7A",115
"GIMAP4","MIR6845",116
"GIMAP4","MKI67",117
"GIMAP4","MND1",118
"GIMAP4","MS4A4A",119
"GIMAP4","MTHFD2",120
"GIMAP4","MTSS1",121
"GIMAP4","NCAPG",122
"GIMAP4","NCAPH",123
"GIMAP4","NEAT1",124
"GIMAP4","NEK2",125
"GIMAP4","NME1",126
"GIMAP4","NUF2",127
"GIMAP4","NUSAP1",128
"GIMAP4","OIP5",129
"GIMAP4","P2RY14",130
"GIMAP4","PAICS",131
"GIMAP4","PBK",132
"GIMAP4","PCNA",133
"GIMAP4","PDE4B",134
"GIMAP4","PHF19",135
"GIMAP4","PIK3IP1",136
"GIMAP4","PLK4",137
"GIMAP4","POLE2",138
"GIMAP4","POLQ",139
"GIMAP4","PPIF",140
"GIMAP4","PRDM1",141
"GIMAP4","PRR11",142
"GIMAP4","PTTG1",143
"GIMAP4","RAD51",144
"GIMAP4","RAD51AP1",145
"GIMAP4","RBM14",146
"GIMAP4","RFC3",147
"GIMAP4","RHOBTB3",148
"GIMAP4","RMI2",149
"GIMAP4","RNASET2",150
"GIMAP4","RRM2",151
"GIMAP4","S100A8",152
"GIMAP4","SCML4",153
"GIMAP4","SELENOI",154
"GIMAP4","SERPINA1",155
"GIMAP4","SERPINB9",156
"GIMAP4","SHCBP1",157
"GIMAP4","SKP2",158
"GIMAP4","SMAP2",159
"GIMAP4","SMC2",160
"GIMAP4","SMIM3",161
"GIMAP4","SOS1",162
"GIMAP4","SQLE",163
"GIMAP4","STAB1",164
"GIMAP4","STIL",165
"GIMAP4","SUV39H2",166
"GIMAP4","TARSL2",167
"GIMAP4","TBXA2R",168
"GIMAP4","TCF19",169
"GIMAP4","TIMELESS",170
"GIMAP4","TIPIN",171
"GIMAP4","TMEM97",172
"GIMAP4","TNFRSF21",173
"GIMAP4","TOP2A",174
"GIMAP4","TPX2",175
"GIMAP4","TRIP13",176
"GIMAP4","TTK",177
"GIMAP4","TXNIP",178
"GIMAP4","UBE2C",179
"GIMAP4","UBE2T",180
"GIMAP4","WDHD1",181
"GIMAP4","WDR76",182
"GIMAP4","ZBTB16",183
"GIMAP4","ZFP36L2",184
"GIMAP4","ZNF367",185
"GIMAP4","ZWINT",186
"GIMAP7","ANLN",1
"GIMAP7","ANP32E",2
"GIMAP7","APITD1-CORT",3
"GIMAP7","ARPP21",4
"GIMAP7","ASF1B",5
"GIMAP7","ASPM",6
"GIMAP7","ATAD2",7
"GIMAP7","AURKA",8
"GIMAP7","AURKB",9
"GIMAP7","BCAT1",10
"GIMAP7","BCL2L11",11
"GIMAP7","BIRC5",12
"GIMAP7","BRIP1",13
"GIMAP7","BTG1",14
"GIMAP7","BUB1",15
"GIMAP7","BUB1B",16
"GIMAP7","BYSL",17
"GIMAP7","C4orf46",18
"GIMAP7","CCDC34",19
"GIMAP7","CCDC86",20
"GIMAP7","CCNA2",21
"GIMAP7","CCNB1",22
"GIMAP7","CCNB2",23
"GIMAP7","CCNE2",24
"GIMAP7","CCR1",25
"GIMAP7","CDC42EP3",26
"GIMAP7","CDC45",27
"GIMAP7","CDC6",28
"GIMAP7","CDCA2",29
"GIMAP7","CDCA3",30
"GIMAP7","CDCA5",31
"GIMAP7","CDK1",32
"GIMAP7","CDKN3",33
"GIMAP7","CDT1",34
"GIMAP7","CENPA",35
"GIMAP7","CENPE",36
"GIMAP7","CENPF",37
"GIMAP7","CENPH",38
"GIMAP7","CENPN",39
"GIMAP7","CENPU",40
"GIMAP7","CENPW",41
"GIMAP7","CEP55",42
"GIMAP7","CHEK1",43
"GIMAP7","CKAP2",44
"GIMAP7","CKAP2L",45
"GIMAP7","CKS1B",46
"GIMAP7","CLEC2B",47
"GIMAP7","DEPDC1",48
"GIMAP7","DEPDC1B",49
"GIMAP7","DFNA5",50
"GIMAP7","DHFR",51
"GIMAP7","DHX9",52
"GIMAP7","DLGAP5",53
"GIMAP7","DSCC1",54
"GIMAP7","DTL",55
"GIMAP7","E2F7",56
"GIMAP7","E2F8",57
"GIMAP7","EMP1",58
"GIMAP7","F13A1",59
"GIMAP7","FABP5",60
"GIMAP7","FAM72C",61
"GIMAP7","FANCI",62
"GIMAP7","FEN1",63
"GIMAP7","FGL2",64
"GIMAP7","FGR",65
"GIMAP7","FH",66
"GIMAP7","FOXM1",67
"GIMAP7","FUS",68
"GIMAP7","GBP4",69
"GIMAP7","GGH",70
"GIMAP7","GIMAP4",71
"GIMAP7","GIMAP7",72
"GIMAP7","GINS1",73
"GIMAP7","GINS2",74
"GIMAP7","GVINP1",75
"GIMAP7","HBB",76
"GIMAP7","HBG1",77
"GIMAP7","HELLS",78
"GIMAP7","HIST4H4",79
"GIMAP7","HJURP",80
"GIMAP7","HMMR",81
"GIMAP7","ID2",82
"GIMAP7","ID3",83
"GIMAP7","IGH",84
"GIMAP7","IGLL1",85
"GIMAP7","IL18R1",86
"GIMAP7","IL27RA",87
"GIMAP7","IQGAP3",88
"GIMAP7","IRAK3",89
"GIMAP7","ITGAM",90
"GIMAP7","ITGB2-AS1",91
"GIMAP7","KIAA0101",92
"GIMAP7","KIF11",93
"GIMAP7","KIF14",94
"GIMAP7","KIF15",95
"GIMAP7","KIF18A",96
"GIMAP7","KIF18B",97
"GIMAP7","KIF20A",98
"GIMAP7","KIF23",99
"GIMAP7","KIF2C",100
"GIMAP7","KIF4A",101
"GIMAP7","KNL1",102
"GIMAP7","LOC100130872",103
"GIMAP7","LY96",104
"GIMAP7","LYZ",105
"GIMAP7","MAD2L1",106
"GIMAP7","MCM10",107
"GIMAP7","MCM4",108
"GIMAP7","MCM7",109
"GIMAP7","MELK",110
"GIMAP7","MKI67",111
"GIMAP7","MND1",112
"GIMAP7","MPV17L",113
"GIMAP7","MTHFD2",114
"GIMAP7","MTSS1",115
"GIMAP7","NCAPG",116
"GIMAP7","NCAPH",117
"GIMAP7","NEAT1",118
"GIMAP7","NEDD9",119
"GIMAP7","NEK2",120
"GIMAP7","NME1",121
"GIMAP7","NUF2",122
"GIMAP7","NUSAP1",123
"GIMAP7","OIP5",124
"GIMAP7","PAICS",125
"GIMAP7","PBK",126
"GIMAP7","PDE4B",127
"GIMAP7","PHF19",128
"GIMAP7","PIK3IP1",129
"GIMAP7","PLK4",130
"GIMAP7","POLE2",131
"GIMAP7","POLQ",132
"GIMAP7","PPIF",133
"GIMAP7","PPP1R16B",134
"GIMAP7","PRDM1",135
"GIMAP7","PRR11",136
"GIMAP7","PTP4A1",137
"GIMAP7","PTTG1",138
"GIMAP7","RAD51",139
"GIMAP7","RAD51AP1",140
"GIMAP7","RBM14",141
"GIMAP7","RFC3",142
"GIMAP7","RHOBTB3",143
"GIMAP7","RNASET2",144
"GIMAP7","RRM2",145
"GIMAP7","S100A8",146
"GIMAP7","SELENOI",147
"GIMAP7","SERPINA1",148
"GIMAP7","SERPINB9",149
"GIMAP7","SESN1",150
"GIMAP7","SHCBP1",151
"GIMAP7","SKP2",152
"GIMAP7","SMAP2",153
"GIMAP7","SMC2",154
"GIMAP7","SNX29P2",155
"GIMAP7","STAB1",156
"GIMAP7","STIL",157
"GIMAP7","SUV39H2",158
"GIMAP7","TCF19",159
"GIMAP7","TIMELESS",160
"GIMAP7","TIPIN",161
"GIMAP7","TK1",162
"GIMAP7","TMEM100",163
"GIMAP7","TMEM97",164
"GIMAP7","TOP2A",165
"GIMAP7","TPX2",166
"GIMAP7","TRIP13",167
"GIMAP7","TTK",168
"GIMAP7","TXNIP",169
"GIMAP7","TYMS",170
"GIMAP7","UBE2C",171
"GIMAP7","UBE2T",172
"GIMAP7","WDHD1",173
"GIMAP7","ZNF367",174
"GIMAP7","ZWINT",175
"GINS1","ANLN",1
"GINS1","ANP32E",2
"GINS1","APITD1-CORT",3
"GINS1","ARPP21",4
"GINS1","ASF1B",5
"GINS1","ASPM",6
"GINS1","ATAD2",7
"GINS1","AURKA",8
"GINS1","AURKB",9
"GINS1","B3GNT2",10
"GINS1","BCAT1",11
"GINS1","BCL2L11",12
"GINS1","BIRC5",13
"GINS1","BMF",14
"GINS1","BRCA1",15
"GINS1","BRIP1",16
"GINS1","BTG1",17
"GINS1","BUB1",18
"GINS1","BUB1B",19
"GINS1","BYSL",20
"GINS1","C4orf46",21
"GINS1","CCDC34",22
"GINS1","CCDC86",23
"GINS1","CCNA2",24
"GINS1","CCNB1",25
"GINS1","CCNB2",26
"GINS1","CCNE2",27
"GINS1","CCNL1",28
"GINS1","CCR1",29
"GINS1","CD53",30
"GINS1","CDC20",31
"GINS1","CDC42EP3",32
"GINS1","CDC45",33
"GINS1","CDC6",34
"GINS1","CDCA2",35
"GINS1","CDCA3",36
"GINS1","CDCA5",37
"GINS1","CDK1",38
"GINS1","CDK6",39
"GINS1","CDKN3",40
"GINS1","CDT1",41
"GINS1","CELF2",42
"GINS1","CENPA",43
"GINS1","CENPE",44
"GINS1","CENPF",45
"GINS1","CENPH",46
"GINS1","CENPK",47
"GINS1","CENPN",48
"GINS1","CENPU",49
"GINS1","CENPV",50
"GINS1","CENPW",51
"GINS1","CEP55",52
"GINS1","CHEK1",53
"GINS1","CKAP2",54
"GINS1","CKAP2L",55
"GINS1","CKS1B",56
"GINS1","CLEC2B",57
"GINS1","CPM",58
"GINS1","CRNDE",59
"GINS1","DEFA1",60
"GINS1","DENND3",61
"GINS1","DEPDC1",62
"GINS1","DEPDC1B",63
"GINS1","DFNA5",64
"GINS1","DHFR",65
"GINS1","DHX9",66
"GINS1","DLGAP5",67
"GINS1","DPEP1",68
"GINS1","DSCC1",69
"GINS1","DTL",70
"GINS1","E2F7",71
"GINS1","E2F8",72
"GINS1","ECT2",73
"GINS1","EGR1",74
"GINS1","EMP1",75
"GINS1","FAM72C",76
"GINS1","FANCI",77
"GINS1","FCER1G",78
"GINS1","FCGR3B",79
"GINS1","FEN1",80
"GINS1","FGD2",81
"GINS1","FGR",82
"GINS1","FH",83
"GINS1","FOXM1",84
"GINS1","FUS",85
"GINS1","GBP4",86
"GINS1","GGH",87
"GINS1","GIMAP4",88
"GINS1","GIMAP7",89
"GINS1","GINS1",90
"GINS1","GINS2",91
"GINS1","GSN",92
"GINS1","HBB",93
"GINS1","HBG1",94
"GINS1","HELLS",95
"GINS1","HIST4H4",96
"GINS1","HJURP",97
"GINS1","HMMR",98
"GINS1","HRK",99
"GINS1","ID2",100
"GINS1","IFNGR1",101
"GINS1","IGH",102
"GINS1","IGLC1",103
"GINS1","IL1B",104
"GINS1","IL6ST",105
"GINS1","IQGAP3",106
"GINS1","IRAK3",107
"GINS1","ISG20",108
"GINS1","ITGAM",109
"GINS1","KIAA0101",110
"GINS1","KIF11",111
"GINS1","KIF14",112
"GINS1","KIF15",113
"GINS1","KIF18A",114
"GINS1","KIF18B",115
"GINS1","KIF20A",116
"GINS1","KIF23",117
"GINS1","KIF2C",118
"GINS1","KIF4A",119
"GINS1","KNL1",120
"GINS1","LILRB2",121
"GINS1","LOC100996643",122
"GINS1","LY96",123
"GINS1","LYZ",124
"GINS1","MAD2L1",125
"GINS1","MCM10",126
"GINS1","MCM4",127
"GINS1","MCM5",128
"GINS1","MCM7",129
"GINS1","MDK",130
"GINS1","MELK",131
"GINS1","METTL7A",132
"GINS1","MIR4683",133
"GINS1","MIR6845",134
"GINS1","MIR8071-1",135
"GINS1","MKI67",136
"GINS1","MND1",137
"GINS1","MS4A1",138
"GINS1","MS4A4A",139
"GINS1","MS4A7",140
"GINS1","MTHFD2",141
"GINS1","MTSS1",142
"GINS1","NCAPG",143
"GINS1","NCAPH",144
"GINS1","NEAT1",145
"GINS1","NEDD9",146
"GINS1","NEK2",147
"GINS1","NME1",148
"GINS1","NPCDR1",149
"GINS1","NUF2",150
"GINS1","NUSAP1",151
"GINS1","OIP5",152
"GINS1","P2RY14",153
"GINS1","PAICS",154
"GINS1","PBK",155
"GINS1","PCNA",156
"GINS1","PDE4B",157
"GINS1","PHF19",158
"GINS1","PIK3IP1",159
"GINS1","PLK4",160
"GINS1","POLE2",161
"GINS1","POLQ",162
"GINS1","POU4F1",163
"GINS1","PPIF",164
"GINS1","PPP1R16B",165
"GINS1","PRR11",166
"GINS1","PSPH",167
"GINS1","PTP4A1",168
"GINS1","PTTG1",169
"GINS1","RAD51",170
"GINS1","RAD51AP1",171
"GINS1","RBM14",172
"GINS1","RBMS3",173
"GINS1","RCC1",174
"GINS1","RFC3",175
"GINS1","RHOBTB3",176
"GINS1","RMI2",177
"GINS1","RNASET2",178
"GINS1","RRM2",179
"GINS1","S100A8",180
"GINS1","SCML4",181
"GINS1","SELENOI",182
"GINS1","SERPINA1",183
"GINS1","SERPINB9",184
"GINS1","SESN1",185
"GINS1","SHCBP1",186
"GINS1","SIK1",187
"GINS1","SKP2",188
"GINS1","SLC22A23",189
"GINS1","SMAP2",190
"GINS1","SMC2",191
"GINS1","SNORA21",192
"GINS1","SOS1",193
"GINS1","SQLE",194
"GINS1","STIL",195
"GINS1","SUV39H2",196
"GINS1","TARSL2",197
"GINS1","TBXA2R",198
"GINS1","TCF19",199
"GINS1","TIMELESS",200
"GINS1","TIPIN",201
"GINS1","TK1",202
"GINS1","TMEM97",203
"GINS1","TNFRSF21",204
"GINS1","TOP2A",205
"GINS1","TPX2",206
"GINS1","TRIP13",207
"GINS1","TTK",208
"GINS1","TXNIP",209
"GINS1","TYMS",210
"GINS1","UBE2C",211
"GINS1","UBE2T",212
"GINS1","WDHD1",213
"GINS1","WDR76",214
"GINS1","ZFP36L2",215
"GINS1","ZNF367",216
"GINS1","ZWINT",217
"GINS2","ANLN",1
"GINS2","ANP32E",2
"GINS2","APITD1-CORT",3
"GINS2","ASF1B",4
"GINS2","ASPM",5
"GINS2","ATAD2",6
"GINS2","AURKA",7
"GINS2","AURKB",8
"GINS2","BCAT1",9
"GINS2","BCL2L11",10
"GINS2","BIRC5",11
"GINS2","BMF",12
"GINS2","BRCA1",13
"GINS2","BRIP1",14
"GINS2","BTG1",15
"GINS2","BUB1",16
"GINS2","BUB1B",17
"GINS2","BYSL",18
"GINS2","C4orf46",19
"GINS2","CCDC34",20
"GINS2","CCDC86",21
"GINS2","CCNA2",22
"GINS2","CCNB1",23
"GINS2","CCNB2",24
"GINS2","CCNE2",25
"GINS2","CCNL1",26
"GINS2","CD53",27
"GINS2","CDC20",28
"GINS2","CDC42EP3",29
"GINS2","CDC45",30
"GINS2","CDC6",31
"GINS2","CDCA2",32
"GINS2","CDCA3",33
"GINS2","CDCA5",34
"GINS2","CDK1",35
"GINS2","CDKN3",36
"GINS2","CDT1",37
"GINS2","CELF2",38
"GINS2","CENPA",39
"GINS2","CENPE",40
"GINS2","CENPF",41
"GINS2","CENPH",42
"GINS2","CENPK",43
"GINS2","CENPN",44
"GINS2","CENPU",45
"GINS2","CENPV",46
"GINS2","CENPW",47
"GINS2","CEP55",48
"GINS2","CHEK1",49
"GINS2","CKAP2",50
"GINS2","CKAP2L",51
"GINS2","CKS1B",52
"GINS2","CLEC2B",53
"GINS2","CPM",54
"GINS2","CRNDE",55
"GINS2","DENND3",56
"GINS2","DEPDC1",57
"GINS2","DEPDC1B",58
"GINS2","DHFR",59
"GINS2","DHX9",60
"GINS2","DLGAP5",61
"GINS2","DPEP1",62
"GINS2","DSCC1",63
"GINS2","DTL",64
"GINS2","E2F7",65
"GINS2","E2F8",66
"GINS2","ECT2",67
"GINS2","FABP5",68
"GINS2","FAM72C",69
"GINS2","FANCI",70
"GINS2","FEN1",71
"GINS2","FGL2",72
"GINS2","FGR",73
"GINS2","FH",74
"GINS2","FOXM1",75
"GINS2","FUS",76
"GINS2","GBP4",77
"GINS2","GGH",78
"GINS2","GIMAP4",79
"GINS2","GIMAP7",80
"GINS2","GINS1",81
"GINS2","GINS2",82
"GINS2","GVINP1",83
"GINS2","HBB",84
"GINS2","HBG1",85
"GINS2","HELLS",86
"GINS2","HIST4H4",87
"GINS2","HJURP",88
"GINS2","HMMR",89
"GINS2","HSP90AB1",90
"GINS2","ID2",91
"GINS2","IFNGR1",92
"GINS2","IL18R1",93
"GINS2","IQGAP3",94
"GINS2","IRAK3",95
"GINS2","ISG20",96
"GINS2","KIAA0101",97
"GINS2","KIF11",98
"GINS2","KIF14",99
"GINS2","KIF15",100
"GINS2","KIF18A",101
"GINS2","KIF18B",102
"GINS2","KIF20A",103
"GINS2","KIF23",104
"GINS2","KIF2C",105
"GINS2","KIF4A",106
"GINS2","KLF9",107
"GINS2","KNL1",108
"GINS2","LGALS3",109
"GINS2","LILRB2",110
"GINS2","LOC100996643",111
"GINS2","LYZ",112
"GINS2","MAD2L1",113
"GINS2","MCM10",114
"GINS2","MCM4",115
"GINS2","MCM5",116
"GINS2","MCM7",117
"GINS2","MDK",118
"GINS2","MELK",119
"GINS2","METTL7A",120
"GINS2","MIR6845",121
"GINS2","MIR8071-1",122
"GINS2","MKI67",123
"GINS2","MND1",124
"GINS2","MNDA",125
"GINS2","MTHFD2",126
"GINS2","MTSS1",127
"GINS2","NCAPG",128
"GINS2","NCAPH",129
"GINS2","NEAT1",130
"GINS2","NEDD9",131
"GINS2","NEK2",132
"GINS2","NME1",133
"GINS2","NPCDR1",134
"GINS2","NUF2",135
"GINS2","NUSAP1",136
"GINS2","OIP5",137
"GINS2","P2RX5",138
"GINS2","P2RY14",139
"GINS2","PAICS",140
"GINS2","PBK",141
"GINS2","PCNA",142
"GINS2","PDE4B",143
"GINS2","PHF19",144
"GINS2","PIK3IP1",145
"GINS2","PLK4",146
"GINS2","POLE2",147
"GINS2","POLQ",148
"GINS2","PPBP",149
"GINS2","PPIF",150
"GINS2","PPP1R16B",151
"GINS2","PRDM1",152
"GINS2","PRR11",153
"GINS2","PSPH",154
"GINS2","PTP4A1",155
"GINS2","PTTG1",156
"GINS2","RAD51",157
"GINS2","RAD51AP1",158
"GINS2","RBM14",159
"GINS2","RCC1",160
"GINS2","RFC3",161
"GINS2","RMI2",162
"GINS2","RNASET2",163
"GINS2","RRM2",164
"GINS2","S100A8",165
"GINS2","SCML4",166
"GINS2","SELENOI",167
"GINS2","SERPINB9",168
"GINS2","SESN1",169
"GINS2","SHCBP1",170
"GINS2","SIK1",171
"GINS2","SKP2",172
"GINS2","SMAP2",173
"GINS2","SMC2",174
"GINS2","SNORA21",175
"GINS2","SQLE",176
"GINS2","STIL",177
"GINS2","SUV39H2",178
"GINS2","TARSL2",179
"GINS2","TBXA2R",180
"GINS2","TCF19",181
"GINS2","TIMELESS",182
"GINS2","TIPIN",183
"GINS2","TK1",184
"GINS2","TMEM97",185
"GINS2","TNFRSF21",186
"GINS2","TOP2A",187
"GINS2","TPX2",188
"GINS2","TRIP13",189
"GINS2","TTK",190
"GINS2","TXNIP",191
"GINS2","TYMS",192
"GINS2","UBE2C",193
"GINS2","UBE2T",194
"GINS2","WDHD1",195
"GINS2","WDR76",196
"GINS2","ZNF367",197
"GINS2","ZWINT",198
"GSN","AKAP12",1
"GSN","ANLN",2
"GSN","ANP32E",3
"GSN","APITD1-CORT",4
"GSN","ASF1B",5
"GSN","ASPM",6
"GSN","ATAD2",7
"GSN","AURKA",8
"GSN","AURKB",9
"GSN","B3GNT2",10
"GSN","BCAT1",11
"GSN","BCL2L11",12
"GSN","BIRC5",13
"GSN","BMF",14
"GSN","BRIP1",15
"GSN","BTG1",16
"GSN","BUB1",17
"GSN","BUB1B",18
"GSN","BYSL",19
"GSN","C4orf46",20
"GSN","CCDC34",21
"GSN","CCDC86",22
"GSN","CCNA2",23
"GSN","CCNB2",24
"GSN","CCNE2",25
"GSN","CCR1",26
"GSN","CD53",27
"GSN","CDC42EP3",28
"GSN","CDC45",29
"GSN","CDC6",30
"GSN","CDCA2",31
"GSN","CDCA3",32
"GSN","CDCA5",33
"GSN","CDK1",34
"GSN","CDKN3",35
"GSN","CDT1",36
"GSN","CENPA",37
"GSN","CENPE",38
"GSN","CENPF",39
"GSN","CENPH",40
"GSN","CENPK",41
"GSN","CENPN",42
"GSN","CENPU",43
"GSN","CENPV",44
"GSN","CEP55",45
"GSN","CHEK1",46
"GSN","CKAP2",47
"GSN","CKAP2L",48
"GSN","CLEC2B",49
"GSN","CRNDE",50
"GSN","DDIT4",51
"GSN","DENND3",52
"GSN","DEPDC1",53
"GSN","DEPDC1B",54
"GSN","DFNA5",55
"GSN","DLGAP5",56
"GSN","DPEP1",57
"GSN","DSCC1",58
"GSN","E2F7",59
"GSN","E2F8",60
"GSN","ECT2",61
"GSN","EMP1",62
"GSN","F13A1",63
"GSN","FAM72C",64
"GSN","FANCI",65
"GSN","FEN1",66
"GSN","FGD2",67
"GSN","FH",68
"GSN","FOXM1",69
"GSN","GBP4",70
"GSN","GGH",71
"GSN","GIMAP4",72
"GSN","GINS1",73
"GSN","GSN",74
"GSN","HELLS",75
"GSN","HJURP",76
"GSN","HMMR",77
"GSN","HRK",78
"GSN","IFNGR1",79
"GSN","IGH",80
"GSN","IL18R1",81
"GSN","IL1B",82
"GSN","IL6ST",83
"GSN","IRAK3",84
"GSN","ISG20",85
"GSN","ITGAM",86
"GSN","KIAA0101",87
"GSN","KIF11",88
"GSN","KIF14",89
"GSN","KIF15",90
"GSN","KIF18A",91
"GSN","KIF18B",92
"GSN","KIF20A",93
"GSN","KIF23",94
"GSN","KIF26A",95
"GSN","KIF2C",96
"GSN","KLF9",97
"GSN","KNL1",98
"GSN","LGALS3",99
"GSN","LILRB2",100
"GSN","MAD2L1",101
"GSN","MCM10",102
"GSN","MCM4",103
"GSN","MCM7",104
"GSN","MELK",105
"GSN","METTL7A",106
"GSN","MIR4683",107
"GSN","MIR6845",108
"GSN","MIR8071-1",109
"GSN","MKI67",110
"GSN","MS4A1",111
"GSN","MS4A4A",112
"GSN","MSH6",113
"GSN","MTHFD2",114
"GSN","MTSS1",115
"GSN","MYRIP",116
"GSN","NCAPG",117
"GSN","NCAPH",118
"GSN","NEAT1",119
"GSN","NEDD9",120
"GSN","NEK2",121
"GSN","NME1",122
"GSN","NUF2",123
"GSN","NUSAP1",124
"GSN","OIP5",125
"GSN","P2RY14",126
"GSN","PAICS",127
"GSN","PBK",128
"GSN","PDE4B",129
"GSN","PHF19",130
"GSN","PIK3IP1",131
"GSN","PLK4",132
"GSN","POLE2",133
"GSN","POLQ",134
"GSN","PRPS2",135
"GSN","PRR11",136
"GSN","RAB31",137
"GSN","RAD51",138
"GSN","RASSF4",139
"GSN","RBMS3",140
"GSN","RFC3",141
"GSN","RNASET2",142
"GSN","RPS6KA2",143
"GSN","RRM2",144
"GSN","S100A11",145
"GSN","SCML4",146
"GSN","SERPINB9",147
"GSN","SIK1",148
"GSN","SKP2",149
"GSN","SMAP2",150
"GSN","SMC2",151
"GSN","SMIM3",152
"GSN","SOS1",153
"GSN","SQLE",154
"GSN","STAB1",155
"GSN","STIL",156
"GSN","SUV39H2",157
"GSN","TARSL2",158
"GSN","TBXA2R",159
"GSN","TCF19",160
"GSN","TIMELESS",161
"GSN","TIPIN",162
"GSN","TMEM2",163
"GSN","TMEM97",164
"GSN","TNFRSF21",165
"GSN","TNFSF8",166
"GSN","TPX2",167
"GSN","TRIB1",168
"GSN","TRIP13",169
"GSN","TTK",170
"GSN","TXNIP",171
"GSN","UBE2C",172
"GSN","UBE2T",173
"GSN","WDHD1",174
"GSN","ZBTB16",175
"GSN","ZNF367",176
"GSN","ZWINT",177
"GVINP1","ANLN",1
"GVINP1","ANP32E",2
"GVINP1","APITD1-CORT",3
"GVINP1","ASF1B",4
"GVINP1","ASPM",5
"GVINP1","ATAD2",6
"GVINP1","AURKA",7
"GVINP1","AURKB",8
"GVINP1","BCAT1",9
"GVINP1","BIRC5",10
"GVINP1","BRCA1",11
"GVINP1","BRIP1",12
"GVINP1","BTG1",13
"GVINP1","BUB1",14
"GVINP1","BUB1B",15
"GVINP1","BYSL",16
"GVINP1","C4orf46",17
"GVINP1","CCDC34",18
"GVINP1","CCDC86",19
"GVINP1","CCNA2",20
"GVINP1","CCNB1",21
"GVINP1","CCNB2",22
"GVINP1","CCNE2",23
"GVINP1","CD53",24
"GVINP1","CDC20",25
"GVINP1","CDC42EP3",26
"GVINP1","CDC45",27
"GVINP1","CDC6",28
"GVINP1","CDCA2",29
"GVINP1","CDCA3",30
"GVINP1","CDCA5",31
"GVINP1","CDK1",32
"GVINP1","CDKN3",33
"GVINP1","CDT1",34
"GVINP1","CENPA",35
"GVINP1","CENPE",36
"GVINP1","CENPF",37
"GVINP1","CENPH",38
"GVINP1","CENPK",39
"GVINP1","CENPN",40
"GVINP1","CENPU",41
"GVINP1","CENPV",42
"GVINP1","CENPW",43
"GVINP1","CEP55",44
"GVINP1","CHEK1",45
"GVINP1","CKAP2",46
"GVINP1","CKAP2L",47
"GVINP1","CKS1B",48
"GVINP1","DEPDC1",49
"GVINP1","DEPDC1B",50
"GVINP1","DHFR",51
"GVINP1","DHX9",52
"GVINP1","DLGAP5",53
"GVINP1","DSCC1",54
"GVINP1","DTL",55
"GVINP1","E2F7",56
"GVINP1","E2F8",57
"GVINP1","ECT2",58
"GVINP1","F13A1",59
"GVINP1","FABP5",60
"GVINP1","FAM72C",61
"GVINP1","FANCI",62
"GVINP1","FCER1G",63
"GVINP1","FCGR3B",64
"GVINP1","FEN1",65
"GVINP1","FGD2",66
"GVINP1","FGL2",67
"GVINP1","FGR",68
"GVINP1","FH",69
"GVINP1","FOXM1",70
"GVINP1","GBP4",71
"GVINP1","GGH",72
"GVINP1","GIMAP4",73
"GVINP1","GIMAP7",74
"GVINP1","GINS1",75
"GVINP1","GINS2",76
"GVINP1","GVINP1",77
"GVINP1","HBB",78
"GVINP1","HBG1",79
"GVINP1","HELLS",80
"GVINP1","HIST4H4",81
"GVINP1","HJURP",82
"GVINP1","HMMR",83
"GVINP1","HSP90AB1",84
"GVINP1","ID2",85
"GVINP1","IGH",86
"GVINP1","IL18R1",87
"GVINP1","IQGAP3",88
"GVINP1","ITGAM",89
"GVINP1","KIAA0101",90
"GVINP1","KIF11",91
"GVINP1","KIF14",92
"GVINP1","KIF15",93
"GVINP1","KIF18A",94
"GVINP1","KIF18B",95
"GVINP1","KIF20A",96
"GVINP1","KIF23",97
"GVINP1","KIF2C",98
"GVINP1","KIF4A",99
"GVINP1","KNL1",100
"GVINP1","LGALS3",101
"GVINP1","LILRA1",102
"GVINP1","LILRB2",103
"GVINP1","LOC100996643",104
"GVINP1","LYZ",105
"GVINP1","MAD2L1",106
"GVINP1","MCM10",107
"GVINP1","MCM4",108
"GVINP1","MCM5",109
"GVINP1","MCM7",110
"GVINP1","MELK",111
"GVINP1","MKI67",112
"GVINP1","MND1",113
"GVINP1","MNDA",114
"GVINP1","MS4A7",115
"GVINP1","MTHFD2",116
"GVINP1","MTSS1",117
"GVINP1","NCAPG",118
"GVINP1","NCAPH",119
"GVINP1","NEAT1",120
"GVINP1","NEDD9",121
"GVINP1","NEK2",122
"GVINP1","NME1",123
"GVINP1","NUF2",124
"GVINP1","NUSAP1",125
"GVINP1","OIP5",126
"GVINP1","PAICS",127
"GVINP1","PBK",128
"GVINP1","PCNA",129
"GVINP1","PFKFB2",130
"GVINP1","PHF19",131
"GVINP1","PIK3IP1",132
"GVINP1","PLK4",133
"GVINP1","POLE2",134
"GVINP1","POLQ",135
"GVINP1","PPBP",136
"GVINP1","PRDM1",137
"GVINP1","PRR11",138
"GVINP1","PTP4A1",139
"GVINP1","PTTG1",140
"GVINP1","RAB31",141
"GVINP1","RAD51",142
"GVINP1","RAD51AP1",143
"GVINP1","RASSF4",144
"GVINP1","RBM14",145
"GVINP1","RFC3",146
"GVINP1","RMI2",147
"GVINP1","RNASET2",148
"GVINP1","RRM2",149
"GVINP1","S100A8",150
"GVINP1","SELENOI",151
"GVINP1","SERPINA1",152
"GVINP1","SERPINB9",153
"GVINP1","SESN1",154
"GVINP1","SHCBP1",155
"GVINP1","SKP2",156
"GVINP1","SMAP2",157
"GVINP1","SMC2",158
"GVINP1","SQLE",159
"GVINP1","STAB1",160
"GVINP1","STIL",161
"GVINP1","SUV39H2",162
"GVINP1","TBXA2R",163
"GVINP1","TCF19",164
"GVINP1","TIMELESS",165
"GVINP1","TIPIN",166
"GVINP1","TK1",167
"GVINP1","TMEM97",168
"GVINP1","TNFRSF21",169
"GVINP1","TOP2A",170
"GVINP1","TPX2",171
"GVINP1","TRIP13",172
"GVINP1","TTK",173
"GVINP1","TXNIP",174
"GVINP1","TYMS",175
"GVINP1","UBE2T",176
"GVINP1","WASF1",177
"GVINP1","WDHD1",178
"GVINP1","WDR76",179
"GVINP1","ZNF367",180
"GVINP1","ZWINT",181
"HBB","ANLN",1
"HBB","APITD1-CORT",2
"HBB","ASF1B",3
"HBB","ASPM",4
"HBB","ATAD2",5
"HBB","AURKA",6
"HBB","AURKB",7
"HBB","BIRC5",8
"HBB","BRCA1",9
"HBB","BRIP1",10
"HBB","BTG1",11
"HBB","BUB1",12
"HBB","BUB1B",13
"HBB","BYSL",14
"HBB","C4orf46",15
"HBB","C5orf24",16
"HBB","CCDC34",17
"HBB","CCNA2",18
"HBB","CCNB1",19
"HBB","CCNB2",20
"HBB","CCNE2",21
"HBB","CD53",22
"HBB","CDC20",23
"HBB","CDC42EP3",24
"HBB","CDC45",25
"HBB","CDC6",26
"HBB","CDCA2",27
"HBB","CDCA3",28
"HBB","CDCA5",29
"HBB","CDK1",30
"HBB","CDKN3",31
"HBB","CDT1",32
"HBB","CELF2",33
"HBB","CENPA",34
"HBB","CENPE",35
"HBB","CENPF",36
"HBB","CENPH",37
"HBB","CENPN",38
"HBB","CENPU",39
"HBB","CENPW",40
"HBB","CHEK1",41
"HBB","CKAP2",42
"HBB","CKAP2L",43
"HBB","CKS1B",44
"HBB","DEFA1",45
"HBB","DEPDC1",46
"HBB","DEPDC1B",47
"HBB","DFNA5",48
"HBB","DHFR",49
"HBB","DHX9",50
"HBB","DLGAP5",51
"HBB","DSCC1",52
"HBB","DTL",53
"HBB","FABP5",54
"HBB","FAM72C",55
"HBB","FANCI",56
"HBB","FCER1G",57
"HBB","FEN1",58
"HBB","FGR",59
"HBB","FH",60
"HBB","GGH",61
"HBB","GIMAP7",62
"HBB","GINS1",63
"HBB","GINS2",64
"HBB","HBB",65
"HBB","HBG1",66
"HBB","HELLS",67
"HBB","HIST4H4",68
"HBB","HJURP",69
"HBB","HMMR",70
"HBB","HSP90AB1",71
"HBB","IGH",72
"HBB","IQGAP3",73
"HBB","ITGB2-AS1",74
"HBB","KIAA0101",75
"HBB","KIF11",76
"HBB","KIF14",77
"HBB","KIF15",78
"HBB","KIF18A",79
"HBB","KIF18B",80
"HBB","KIF20A",81
"HBB","KIF23",82
"HBB","KIF2C",83
"HBB","KIF4A",84
"HBB","KNL1",85
"HBB","LGALS3",86
"HBB","LILRA1",87
"HBB","LOC100130872",88
"HBB","LOC100996643",89
"HBB","LYZ",90
"HBB","MAD2L1",91
"HBB","MCM10",92
"HBB","MCM4",93
"HBB","MCM5",94
"HBB","MCM7",95
"HBB","MDK",96
"HBB","MELK",97
"HBB","MKI67",98
"HBB","MND1",99
"HBB","MNDA",100
"HBB","MPV17L",101
"HBB","MS4A7",102
"HBB","MTHFD2",103
"HBB","NCAPG",104
"HBB","NCAPH",105
"HBB","NEAT1",106
"HBB","NEDD9",107
"HBB","NEK2",108
"HBB","NME1",109
"HBB","NUF2",110
"HBB","NUSAP1",111
"HBB","OIP5",112
"HBB","PAICS",113
"HBB","PBK",114
"HBB","PCNA",115
"HBB","PHF19",116
"HBB","PLK4",117
"HBB","POLE2",118
"HBB","POLQ",119
"HBB","PPIF",120
"HBB","PPP1R16B",121
"HBB","PRR11",122
"HBB","PSPH",123
"HBB","PTP4A1",124
"HBB","PTTG1",125
"HBB","RAD51",126
"HBB","RAD51AP1",127
"HBB","RBM14",128
"HBB","RFC3",129
"HBB","RMI2",130
"HBB","S100A8",131
"HBB","SHCBP1",132
"HBB","SKP2",133
"HBB","SMC2",134
"HBB","SNX29P2",135
"HBB","SQLE",136
"HBB","SUV39H2",137
"HBB","TENM4",138
"HBB","TIMELESS",139
"HBB","TIPIN",140
"HBB","TK1",141
"HBB","TMEM97",142
"HBB","TNFRSF21",143
"HBB","TOP2A",144
"HBB","TPX2",145
"HBB","TRIP13",146
"HBB","TTK",147
"HBB","TXNIP",148
"HBB","TYMS",149
"HBB","UBE2C",150
"HBB","UBE2T",151
"HBB","WDHD1",152
"HBB","WDR76",153
"HBB","ZNF367",154
"HBB","ZWINT",155
"HBG1","ANP32E",1
"HBG1","APITD1-CORT",2
"HBG1","ASF1B",3
"HBG1","ASPM",4
"HBG1","AURKA",5
"HBG1","AURKB",6
"HBG1","BRIP1",7
"HBG1","BTG1",8
"HBG1","BUB1B",9
"HBG1","BYSL",10
"HBG1","C4orf46",11
"HBG1","C5orf24",12
"HBG1","CCDC34",13
"HBG1","CCNB1",14
"HBG1","CCNB2",15
"HBG1","CCNE2",16
"HBG1","CDC20",17
"HBG1","CDC42EP3",18
"HBG1","CDC45",19
"HBG1","CDC6",20
"HBG1","CDCA2",21
"HBG1","CDCA3",22
"HBG1","CDK1",23
"HBG1","CDKN3",24
"HBG1","CDT1",25
"HBG1","CENPA",26
"HBG1","CENPE",27
"HBG1","CENPF",28
"HBG1","CENPH",29
"HBG1","CENPN",30
"HBG1","CENPU",31
"HBG1","CHEK1",32
"HBG1","CKAP2",33
"HBG1","CKAP2L",34
"HBG1","CKS1B",35
"HBG1","DEFA1",36
"HBG1","DEPDC1",37
"HBG1","DEPDC1B",38
"HBG1","DFNA5",39
"HBG1","DHFR",40
"HBG1","DHX9",41
"HBG1","DLGAP5",42
"HBG1","DTL",43
"HBG1","FABP5",44
"HBG1","FAM72C",45
"HBG1","FANCI",46
"HBG1","FCER1G",47
"HBG1","FGR",48
"HBG1","FH",49
"HBG1","GGH",50
"HBG1","GIMAP7",51
"HBG1","GINS2",52
"HBG1","HBB",53
"HBG1","HBG1",54
"HBG1","HELLS",55
"HBG1","HJURP",56
"HBG1","HMMR",57
"HBG1","HSP90AB1",58
"HBG1","ID3",59
"HBG1","IGH",60
"HBG1","IGLC1",61
"HBG1","IGLL1",62
"HBG1","IL18RAP",63
"HBG1","IQGAP3",64
"HBG1","ITGB2-AS1",65
"HBG1","KIF11",66
"HBG1","KIF14",67
"HBG1","KIF15",68
"HBG1","KIF18A",69
"HBG1","KIF18B",70
"HBG1","KIF20A",71
"HBG1","KIF23",72
"HBG1","KIF2C",73
"HBG1","KIF4A",74
"HBG1","KNL1",75
"HBG1","LEF1",76
"HBG1","LGALS3",77
"HBG1","LILRA1",78
"HBG1","LOC100130872",79
"HBG1","LOC100505650",80
"HBG1","LYZ",81
"HBG1","MAD2L1",82
"HBG1","MCM10",83
"HBG1","MCM5",84
"HBG1","MDK",85
"HBG1","MKI67",86
"HBG1","MND1",87
"HBG1","MPV17L",88
"HBG1","MS4A7",89
"HBG1","MSH6",90
"HBG1","MTHFD2",91
"HBG1","NCAPG",92
"HBG1","NCAPH",93
"HBG1","NEAT1",94
"HBG1","NEDD9",95
"HBG1","NEK2",96
"HBG1","NUF2",97
"HBG1","NUSAP1",98
"HBG1","OIP5",99
"HBG1","PBK",100
"HBG1","PLK4",101
"HBG1","POLQ",102
"HBG1","PPP1R16B",103
"HBG1","PRR11",104
"HBG1","PSPH",105
"HBG1","PTP4A1",106
"HBG1","PTTG1",107
"HBG1","RBM14",108
"HBG1","RFC3",109
"HBG1","RMI2",110
"HBG1","S100A8",111
"HBG1","SEMA4D",112
"HBG1","SERPINA1",113
"HBG1","SHCBP1",114
"HBG1","SKP2",115
"HBG1","SMC2",116
"HBG1","SNX29P2",117
"HBG1","SUV39H2",118
"HBG1","TENM4",119
"HBG1","TIMELESS",120
"HBG1","TK1",121
"HBG1","TMEM97",122
"HBG1","TNFRSF21",123
"HBG1","TOP2A",124
"HBG1","TRIP13",125
"HBG1","TTK",126
"HBG1","TXNIP",127
"HBG1","TYMS",128
"HBG1","UBE2T",129
"HBG1","WDHD1",130
"HBG1","ZWINT",131
"HELLS","ANLN",1
"HELLS","ANP32E",2
"HELLS","APITD1-CORT",3
"HELLS","ASF1B",4
"HELLS","ASPM",5
"HELLS","ATAD2",6
"HELLS","AURKA",7
"HELLS","AURKB",8
"HELLS","BCAT1",9
"HELLS","BCL2L11",10
"HELLS","BIRC5",11
"HELLS","BMF",12
"HELLS","BRCA1",13
"HELLS","BRIP1",14
"HELLS","BTG1",15
"HELLS","BUB1",16
"HELLS","BUB1B",17
"HELLS","BYSL",18
"HELLS","C4orf46",19
"HELLS","CCDC34",20
"HELLS","CCDC86",21
"HELLS","CCNA2",22
"HELLS","CCNB1",23
"HELLS","CCNB2",24
"HELLS","CCNE2",25
"HELLS","CD53",26
"HELLS","CDC20",27
"HELLS","CDC42EP3",28
"HELLS","CDC45",29
"HELLS","CDC6",30
"HELLS","CDCA2",31
"HELLS","CDCA3",32
"HELLS","CDCA5",33
"HELLS","CDK1",34
"HELLS","CDKN3",35
"HELLS","CDT1",36
"HELLS","CELF2",37
"HELLS","CENPA",38
"HELLS","CENPE",39
"HELLS","CENPF",40
"HELLS","CENPH",41
"HELLS","CENPK",42
"HELLS","CENPN",43
"HELLS","CENPU",44
"HELLS","CENPV",45
"HELLS","CENPW",46
"HELLS","CEP55",47
"HELLS","CHEK1",48
"HELLS","CKAP2",49
"HELLS","CKAP2L",50
"HELLS","CKS1B",51
"HELLS","CLEC2B",52
"HELLS","CPM",53
"HELLS","CRNDE",54
"HELLS","DDIT4",55
"HELLS","DENND3",56
"HELLS","DEPDC1",57
"HELLS","DEPDC1B",58
"HELLS","DFNA5",59
"HELLS","DHFR",60
"HELLS","DHX9",61
"HELLS","DLGAP5",62
"HELLS","DPEP1",63
"HELLS","DSCC1",64
"HELLS","DTL",65
"HELLS","E2F7",66
"HELLS","E2F8",67
"HELLS","ECT2",68
"HELLS","EGR1",69
"HELLS","FABP5",70
"HELLS","FAM72C",71
"HELLS","FANCI",72
"HELLS","FCGR3B",73
"HELLS","FEN1",74
"HELLS","FGD2",75
"HELLS","FH",76
"HELLS","FOXM1",77
"HELLS","FUS",78
"HELLS","GBP4",79
"HELLS","GGH",80
"HELLS","GIMAP4",81
"HELLS","GIMAP7",82
"HELLS","GINS1",83
"HELLS","GINS2",84
"HELLS","GSN",85
"HELLS","GVINP1",86
"HELLS","HBB",87
"HELLS","HELLS",88
"HELLS","HIST4H4",89
"HELLS","HJURP",90
"HELLS","HMMR",91
"HELLS","HSP90AB1",92
"HELLS","ID2",93
"HELLS","IFNGR1",94
"HELLS","IGH",95
"HELLS","IGLC1",96
"HELLS","IL18R1",97
"HELLS","IL1B",98
"HELLS","IL6ST",99
"HELLS","IQGAP3",100
"HELLS","IRAK3",101
"HELLS","ISG20",102
"HELLS","ITGAM",103
"HELLS","KIAA0101",104
"HELLS","KIF11",105
"HELLS","KIF14",106
"HELLS","KIF15",107
"HELLS","KIF18A",108
"HELLS","KIF18B",109
"HELLS","KIF20A",110
"HELLS","KIF23",111
"HELLS","KIF2C",112
"HELLS","KIF4A",113
"HELLS","KNL1",114
"HELLS","LILRB2",115
"HELLS","LOC100996643",116
"HELLS","LYZ",117
"HELLS","MAD2L1",118
"HELLS","MCM10",119
"HELLS","MCM4",120
"HELLS","MCM5",121
"HELLS","MCM7",122
"HELLS","MDK",123
"HELLS","MELK",124
"HELLS","METTL7A",125
"HELLS","MIR6845",126
"HELLS","MIR8071-1",127
"HELLS","MKI67",128
"HELLS","MND1",129
"HELLS","MS4A1",130
"HELLS","MS4A4A",131
"HELLS","MTHFD2",132
"HELLS","MTSS1",133
"HELLS","NCAPG",134
"HELLS","NCAPH",135
"HELLS","NEAT1",136
"HELLS","NEDD9",137
"HELLS","NEK2",138
"HELLS","NME1",139
"HELLS","NPCDR1",140
"HELLS","NUF2",141
"HELLS","NUSAP1",142
"HELLS","OIP5",143
"HELLS","P2RY14",144
"HELLS","PAICS",145
"HELLS","PBK",146
"HELLS","PCNA",147
"HELLS","PDE4B",148
"HELLS","PHF19",149
"HELLS","PIK3IP1",150
"HELLS","PLK4",151
"HELLS","POLE2",152
"HELLS","POLQ",153
"HELLS","PPIF",154
"HELLS","PRR11",155
"HELLS","PTP4A1",156
"HELLS","PTTG1",157
"HELLS","RAD51",158
"HELLS","RAD51AP1",159
"HELLS","RBM14",160
"HELLS","RCC1",161
"HELLS","RFC3",162
"HELLS","RMI2",163
"HELLS","RNASET2",164
"HELLS","RRM2",165
"HELLS","S100A8",166
"HELLS","SCML4",167
"HELLS","SELENOI",168
"HELLS","SERPINA1",169
"HELLS","SERPINB9",170
"HELLS","SESN1",171
"HELLS","SHCBP1",172
"HELLS","SIK1",173
"HELLS","SKP2",174
"HELLS","SLC22A23",175
"HELLS","SMAP2",176
"HELLS","SMC2",177
"HELLS","SNORA21",178
"HELLS","SOS1",179
"HELLS","SQLE",180
"HELLS","STIL",181
"HELLS","SUV39H2",182
"HELLS","TARSL2",183
"HELLS","TBXA2R",184
"HELLS","TCF19",185
"HELLS","TIMELESS",186
"HELLS","TIPIN",187
"HELLS","TK1",188
"HELLS","TMEM2",189
"HELLS","TMEM97",190
"HELLS","TNFRSF21",191
"HELLS","TOP2A",192
"HELLS","TPX2",193
"HELLS","TRIP13",194
"HELLS","TTK",195
"HELLS","TXNIP",196
"HELLS","TYMS",197
"HELLS","UBE2C",198
"HELLS","UBE2T",199
"HELLS","WDHD1",200
"HELLS","WDR76",201
"HELLS","ZNF367",202
"HELLS","ZWINT",203
"HIST4H4","ANLN",1
"HIST4H4","ANP32E",2
"HIST4H4","APITD1-CORT",3
"HIST4H4","ASF1B",4
"HIST4H4","ASPM",5
"HIST4H4","ATAD2",6
"HIST4H4","AURKA",7
"HIST4H4","AURKB",8
"HIST4H4","B3GNT2",9
"HIST4H4","BCAT1",10
"HIST4H4","BCL2L11",11
"HIST4H4","BIRC5",12
"HIST4H4","BMF",13
"HIST4H4","BRCA1",14
"HIST4H4","BRIP1",15
"HIST4H4","BTG1",16
"HIST4H4","BUB1",17
"HIST4H4","BUB1B",18
"HIST4H4","BYSL",19
"HIST4H4","C4orf46",20
"HIST4H4","C5orf24",21
"HIST4H4","CCDC34",22
"HIST4H4","CCDC86",23
"HIST4H4","CCNA2",24
"HIST4H4","CCNB1",25
"HIST4H4","CCNB2",26
"HIST4H4","CCNE2",27
"HIST4H4","CCR1",28
"HIST4H4","CD53",29
"HIST4H4","CDC20",30
"HIST4H4","CDC42EP3",31
"HIST4H4","CDC45",32
"HIST4H4","CDC6",33
"HIST4H4","CDCA2",34
"HIST4H4","CDCA3",35
"HIST4H4","CDCA5",36
"HIST4H4","CDK1",37
"HIST4H4","CDK6",38
"HIST4H4","CDKN3",39
"HIST4H4","CDT1",40
"HIST4H4","CELF2",41
"HIST4H4","CENPA",42
"HIST4H4","CENPE",43
"HIST4H4","CENPF",44
"HIST4H4","CENPH",45
"HIST4H4","CENPK",46
"HIST4H4","CENPN",47
"HIST4H4","CENPU",48
"HIST4H4","CENPW",49
"HIST4H4","CEP55",50
"HIST4H4","CHEK1",51
"HIST4H4","CKAP2",52
"HIST4H4","CKAP2L",53
"HIST4H4","CKS1B",54
"HIST4H4","CLEC2B",55
"HIST4H4","DEFA1",56
"HIST4H4","DEPDC1",57
"HIST4H4","DEPDC1B",58
"HIST4H4","DFNA5",59
"HIST4H4","DHFR",60
"HIST4H4","DLGAP5",61
"HIST4H4","DSCC1",62
"HIST4H4","DTL",63
"HIST4H4","E2F7",64
"HIST4H4","E2F8",65
"HIST4H4","ECT2",66
"HIST4H4","EMP1",67
"HIST4H4","F13A1",68
"HIST4H4","FAM72C",69
"HIST4H4","FANCI",70
"HIST4H4","FEN1",71
"HIST4H4","FGL2",72
"HIST4H4","FH",73
"HIST4H4","FOXM1",74
"HIST4H4","FUS",75
"HIST4H4","GBP4",76
"HIST4H4","GGH",77
"HIST4H4","GIMAP4",78
"HIST4H4","GIMAP7",79
"HIST4H4","GINS1",80
"HIST4H4","GINS2",81
"HIST4H4","HBB",82
"HIST4H4","HBG1",83
"HIST4H4","HELLS",84
"HIST4H4","HIST4H4",85
"HIST4H4","HJURP",86
"HIST4H4","HMMR",87
"HIST4H4","ID2",88
"HIST4H4","IGLC1",89
"HIST4H4","IGLL1",90
"HIST4H4","IL6ST",91
"HIST4H4","IQGAP3",92
"HIST4H4","ISG20",93
"HIST4H4","ITGAM",94
"HIST4H4","ITGB2-AS1",95
"HIST4H4","ITPKB",96
"HIST4H4","KIAA0101",97
"HIST4H4","KIF11",98
"HIST4H4","KIF14",99
"HIST4H4","KIF15",100
"HIST4H4","KIF18A",101
"HIST4H4","KIF18B",102
"HIST4H4","KIF20A",103
"HIST4H4","KIF23",104
"HIST4H4","KIF2C",105
"HIST4H4","KIF4A",106
"HIST4H4","KNL1",107
"HIST4H4","LILRB2",108
"HIST4H4","LOC100130872",109
"HIST4H4","LOC100996643",110
"HIST4H4","LYZ",111
"HIST4H4","MAD2L1",112
"HIST4H4","MCM10",113
"HIST4H4","MCM4",114
"HIST4H4","MCM5",115
"HIST4H4","MCM7",116
"HIST4H4","MDK",117
"HIST4H4","MELK",118
"HIST4H4","MIR8071-1",119
"HIST4H4","MKI67",120
"HIST4H4","MND1",121
"HIST4H4","MNDA",122
"HIST4H4","MS4A1",123
"HIST4H4","MTHFD2",124
"HIST4H4","MTSS1",125
"HIST4H4","NCAPG",126
"HIST4H4","NCAPH",127
"HIST4H4","NEAT1",128
"HIST4H4","NEK2",129
"HIST4H4","NME1",130
"HIST4H4","NPCDR1",131
"HIST4H4","NUF2",132
"HIST4H4","NUSAP1",133
"HIST4H4","OIP5",134
"HIST4H4","PAICS",135
"HIST4H4","PBK",136
"HIST4H4","PCNA",137
"HIST4H4","PHF19",138
"HIST4H4","PIK3IP1",139
"HIST4H4","PLK4",140
"HIST4H4","POLE2",141
"HIST4H4","POLQ",142
"HIST4H4","PPBP",143
"HIST4H4","PPIF",144
"HIST4H4","PRR11",145
"HIST4H4","PTP4A1",146
"HIST4H4","PTTG1",147
"HIST4H4","RAD51",148
"HIST4H4","RAD51AP1",149
"HIST4H4","RFC3",150
"HIST4H4","RHOBTB3",151
"HIST4H4","RNASET2",152
"HIST4H4","RRM2",153
"HIST4H4","S100A8",154
"HIST4H4","SELENOI",155
"HIST4H4","SERPINB9",156
"HIST4H4","SHCBP1",157
"HIST4H4","SKP2",158
"HIST4H4","SLC22A23",159
"HIST4H4","SMAP2",160
"HIST4H4","SMC2",161
"HIST4H4","SNTB2",162
"HIST4H4","SOS1",163
"HIST4H4","SQLE",164
"HIST4H4","STIL",165
"HIST4H4","SUV39H2",166
"HIST4H4","TBXA2R",167
"HIST4H4","TCF19",168
"HIST4H4","TIMELESS",169
"HIST4H4","TIPIN",170
"HIST4H4","TK1",171
"HIST4H4","TMEM97",172
"HIST4H4","TNFRSF21",173
"HIST4H4","TOP2A",174
"HIST4H4","TPX2",175
"HIST4H4","TRIP13",176
"HIST4H4","TTK",177
"HIST4H4","TXNIP",178
"HIST4H4","UBE2C",179
"HIST4H4","UBE2T",180
"HIST4H4","WDHD1",181
"HIST4H4","WDR76",182
"HIST4H4","WFS1",183
"HIST4H4","ZFP36L2",184
"HIST4H4","ZNF367",185
"HIST4H4","ZWINT",186
"HJURP","ANLN",1
"HJURP","ANP32E",2
"HJURP","APITD1-CORT",3
"HJURP","ARPP21",4
"HJURP","ASF1B",5
"HJURP","ASPM",6
"HJURP","ATAD2",7
"HJURP","AURKA",8
"HJURP","AURKB",9
"HJURP","B3GNT2",10
"HJURP","BCAT1",11
"HJURP","BCL2L11",12
"HJURP","BIRC5",13
"HJURP","BMF",14
"HJURP","BRCA1",15
"HJURP","BRIP1",16
"HJURP","BTG1",17
"HJURP","BUB1",18
"HJURP","BUB1B",19
"HJURP","BYSL",20
"HJURP","C4orf46",21
"HJURP","CCDC34",22
"HJURP","CCDC86",23
"HJURP","CCNA2",24
"HJURP","CCNB1",25
"HJURP","CCNB2",26
"HJURP","CCNE2",27
"HJURP","CCNL1",28
"HJURP","CCR1",29
"HJURP","CD53",30
"HJURP","CDC20",31
"HJURP","CDC42EP3",32
"HJURP","CDC45",33
"HJURP","CDC6",34
"HJURP","CDCA2",35
"HJURP","CDCA3",36
"HJURP","CDCA5",37
"HJURP","CDK1",38
"HJURP","CDK6",39
"HJURP","CDKN3",40
"HJURP","CDT1",41
"HJURP","CELF2",42
"HJURP","CENPA",43
"HJURP","CENPE",44
"HJURP","CENPF",45
"HJURP","CENPH",46
"HJURP","CENPK",47
"HJURP","CENPN",48
"HJURP","CENPU",49
"HJURP","CENPV",50
"HJURP","CENPW",51
"HJURP","CEP55",52
"HJURP","CHEK1",53
"HJURP","CKAP2",54
"HJURP","CKAP2L",55
"HJURP","CKS1B",56
"HJURP","CLEC2B",57
"HJURP","CPM",58
"HJURP","CRNDE",59
"HJURP","DEFA1",60
"HJURP","DENND3",61
"HJURP","DEPDC1",62
"HJURP","DEPDC1B",63
"HJURP","DFNA5",64
"HJURP","DHFR",65
"HJURP","DHX9",66
"HJURP","DLGAP5",67
"HJURP","DPEP1",68
"HJURP","DSCC1",69
"HJURP","DTL",70
"HJURP","E2F7",71
"HJURP","E2F8",72
"HJURP","ECT2",73
"HJURP","EGR1",74
"HJURP","EMP1",75
"HJURP","FAM72C",76
"HJURP","FANCI",77
"HJURP","FCER1G",78
"HJURP","FCGR3B",79
"HJURP","FEN1",80
"HJURP","FGD2",81
"HJURP","FGR",82
"HJURP","FH",83
"HJURP","FOXM1",84
"HJURP","FUS",85
"HJURP","GBP4",86
"HJURP","GGH",87
"HJURP","GIMAP4",88
"HJURP","GIMAP7",89
"HJURP","GINS1",90
"HJURP","GINS2",91
"HJURP","GSN",92
"HJURP","HBB",93
"HJURP","HBG1",94
"HJURP","HELLS",95
"HJURP","HIST4H4",96
"HJURP","HJURP",97
"HJURP","HMMR",98
"HJURP","HRK",99
"HJURP","ID2",100
"HJURP","IFNGR1",101
"HJURP","IGH",102
"HJURP","IGLC1",103
"HJURP","IL1B",104
"HJURP","IL6ST",105
"HJURP","IQGAP3",106
"HJURP","IRAK3",107
"HJURP","ISG20",108
"HJURP","ITGAM",109
"HJURP","KIAA0101",110
"HJURP","KIF11",111
"HJURP","KIF14",112
"HJURP","KIF15",113
"HJURP","KIF18A",114
"HJURP","KIF18B",115
"HJURP","KIF20A",116
"HJURP","KIF23",117
"HJURP","KIF2C",118
"HJURP","KIF4A",119
"HJURP","KNL1",120
"HJURP","LILRB2",121
"HJURP","LOC100996643",122
"HJURP","LY96",123
"HJURP","LYZ",124
"HJURP","MAD2L1",125
"HJURP","MCM10",126
"HJURP","MCM4",127
"HJURP","MCM5",128
"HJURP","MCM7",129
"HJURP","MDK",130
"HJURP","MELK",131
"HJURP","METTL7A",132
"HJURP","MIR4683",133
"HJURP","MIR6845",134
"HJURP","MIR8071-1",135
"HJURP","MKI67",136
"HJURP","MND1",137
"HJURP","MS4A1",138
"HJURP","MS4A4A",139
"HJURP","MS4A7",140
"HJURP","MTHFD2",141
"HJURP","MTSS1",142
"HJURP","NCAPG",143
"HJURP","NCAPH",144
"HJURP","NEAT1",145
"HJURP","NEDD9",146
"HJURP","NEK2",147
"HJURP","NME1",148
"HJURP","NPCDR1",149
"HJURP","NUF2",150
"HJURP","NUSAP1",151
"HJURP","OIP5",152
"HJURP","P2RY14",153
"HJURP","PAICS",154
"HJURP","PBK",155
"HJURP","PCNA",156
"HJURP","PDE4B",157
"HJURP","PHF19",158
"HJURP","PIK3IP1",159
"HJURP","PLK4",160
"HJURP","POLE2",161
"HJURP","POLQ",162
"HJURP","POU4F1",163
"HJURP","PPIF",164
"HJURP","PPP1R16B",165
"HJURP","PRR11",166
"HJURP","PSPH",167
"HJURP","PTP4A1",168
"HJURP","PTTG1",169
"HJURP","RAD51",170
"HJURP","RAD51AP1",171
"HJURP","RBM14",172
"HJURP","RBMS3",173
"HJURP","RCC1",174
"HJURP","RFC3",175
"HJURP","RHOBTB3",176
"HJURP","RMI2",177
"HJURP","RNASET2",178
"HJURP","RRM2",179
"HJURP","S100A8",180
"HJURP","SCML4",181
"HJURP","SELENOI",182
"HJURP","SERPINA1",183
"HJURP","SERPINB9",184
"HJURP","SESN1",185
"HJURP","SHCBP1",186
"HJURP","SIK1",187
"HJURP","SKP2",188
"HJURP","SLC22A23",189
"HJURP","SMAP2",190
"HJURP","SMC2",191
"HJURP","SNORA21",192
"HJURP","SOS1",193
"HJURP","SQLE",194
"HJURP","STIL",195
"HJURP","SUV39H2",196
"HJURP","TARSL2",197
"HJURP","TBXA2R",198
"HJURP","TCF19",199
"HJURP","TIMELESS",200
"HJURP","TIPIN",201
"HJURP","TK1",202
"HJURP","TMEM97",203
"HJURP","TNFRSF21",204
"HJURP","TOP2A",205
"HJURP","TPX2",206
"HJURP","TRIP13",207
"HJURP","TTK",208
"HJURP","TXNIP",209
"HJURP","TYMS",210
"HJURP","UBE2C",211
"HJURP","UBE2T",212
"HJURP","WDHD1",213
"HJURP","WDR76",214
"HJURP","ZFP36L2",215
"HJURP","ZNF367",216
"HJURP","ZWINT",217
"HMMR","ANLN",1
"HMMR","ANP32E",2
"HMMR","APITD1-CORT",3
"HMMR","ARPP21",4
"HMMR","ASF1B",5
"HMMR","ASPM",6
"HMMR","ATAD2",7
"HMMR","AURKA",8
"HMMR","AURKB",9
"HMMR","B3GNT2",10
"HMMR","BCAT1",11
"HMMR","BCL2L11",12
"HMMR","BIRC5",13
"HMMR","BMF",14
"HMMR","BRCA1",15
"HMMR","BRIP1",16
"HMMR","BTG1",17
"HMMR","BUB1",18
"HMMR","BUB1B",19
"HMMR","BYSL",20
"HMMR","C4orf46",21
"HMMR","CCDC34",22
"HMMR","CCDC86",23
"HMMR","CCNA2",24
"HMMR","CCNB1",25
"HMMR","CCNB2",26
"HMMR","CCNE2",27
"HMMR","CCNL1",28
"HMMR","CCR1",29
"HMMR","CD53",30
"HMMR","CDC20",31
"HMMR","CDC42EP3",32
"HMMR","CDC45",33
"HMMR","CDC6",34
"HMMR","CDCA2",35
"HMMR","CDCA3",36
"HMMR","CDCA5",37
"HMMR","CDK1",38
"HMMR","CDK6",39
"HMMR","CDKN3",40
"HMMR","CDT1",41
"HMMR","CELF2",42
"HMMR","CENPA",43
"HMMR","CENPE",44
"HMMR","CENPF",45
"HMMR","CENPH",46
"HMMR","CENPK",47
"HMMR","CENPN",48
"HMMR","CENPU",49
"HMMR","CENPV",50
"HMMR","CENPW",51
"HMMR","CEP55",52
"HMMR","CHEK1",53
"HMMR","CKAP2",54
"HMMR","CKAP2L",55
"HMMR","CKS1B",56
"HMMR","CLEC2B",57
"HMMR","CPM",58
"HMMR","CRNDE",59
"HMMR","DEFA1",60
"HMMR","DENND3",61
"HMMR","DEPDC1",62
"HMMR","DEPDC1B",63
"HMMR","DFNA5",64
"HMMR","DHFR",65
"HMMR","DHX9",66
"HMMR","DLGAP5",67
"HMMR","DPEP1",68
"HMMR","DSCC1",69
"HMMR","DTL",70
"HMMR","E2F7",71
"HMMR","E2F8",72
"HMMR","ECT2",73
"HMMR","EGR1",74
"HMMR","EMP1",75
"HMMR","FAM72C",76
"HMMR","FANCI",77
"HMMR","FCER1G",78
"HMMR","FCGR3B",79
"HMMR","FEN1",80
"HMMR","FGD2",81
"HMMR","FGR",82
"HMMR","FH",83
"HMMR","FOXM1",84
"HMMR","FUS",85
"HMMR","GBP4",86
"HMMR","GGH",87
"HMMR","GIMAP4",88
"HMMR","GIMAP7",89
"HMMR","GINS1",90
"HMMR","GINS2",91
"HMMR","GSN",92
"HMMR","HBB",93
"HMMR","HBG1",94
"HMMR","HELLS",95
"HMMR","HIST4H4",96
"HMMR","HJURP",97
"HMMR","HMMR",98
"HMMR","HRK",99
"HMMR","ID2",100
"HMMR","IFNGR1",101
"HMMR","IGH",102
"HMMR","IGLC1",103
"HMMR","IL1B",104
"HMMR","IL6ST",105
"HMMR","IQGAP3",106
"HMMR","IRAK3",107
"HMMR","ISG20",108
"HMMR","ITGAM",109
"HMMR","KIAA0101",110
"HMMR","KIF11",111
"HMMR","KIF14",112
"HMMR","KIF15",113
"HMMR","KIF18A",114
"HMMR","KIF18B",115
"HMMR","KIF20A",116
"HMMR","KIF23",117
"HMMR","KIF2C",118
"HMMR","KIF4A",119
"HMMR","KNL1",120
"HMMR","LILRB2",121
"HMMR","LOC100996643",122
"HMMR","LY96",123
"HMMR","LYZ",124
"HMMR","MAD2L1",125
"HMMR","MCM10",126
"HMMR","MCM4",127
"HMMR","MCM5",128
"HMMR","MCM7",129
"HMMR","MDK",130
"HMMR","MELK",131
"HMMR","METTL7A",132
"HMMR","MIR4683",133
"HMMR","MIR6845",134
"HMMR","MIR8071-1",135
"HMMR","MKI67",136
"HMMR","MND1",137
"HMMR","MS4A1",138
"HMMR","MS4A4A",139
"HMMR","MS4A7",140
"HMMR","MTHFD2",141
"HMMR","MTSS1",142
"HMMR","NCAPG",143
"HMMR","NCAPH",144
"HMMR","NEAT1",145
"HMMR","NEDD9",146
"HMMR","NEK2",147
"HMMR","NME1",148
"HMMR","NPCDR1",149
"HMMR","NUF2",150
"HMMR","NUSAP1",151
"HMMR","OIP5",152
"HMMR","P2RY14",153
"HMMR","PAICS",154
"HMMR","PBK",155
"HMMR","PCNA",156
"HMMR","PDE4B",157
"HMMR","PHF19",158
"HMMR","PIK3IP1",159
"HMMR","PLK4",160
"HMMR","POLE2",161
"HMMR","POLQ",162
"HMMR","POU4F1",163
"HMMR","PPIF",164
"HMMR","PPP1R16B",165
"HMMR","PRR11",166
"HMMR","PSPH",167
"HMMR","PTP4A1",168
"HMMR","PTTG1",169
"HMMR","RAD51",170
"HMMR","RAD51AP1",171
"HMMR","RBM14",172
"HMMR","RBMS3",173
"HMMR","RCC1",174
"HMMR","RFC3",175
"HMMR","RHOBTB3",176
"HMMR","RMI2",177
"HMMR","RNASET2",178
"HMMR","RRM2",179
"HMMR","S100A8",180
"HMMR","SCML4",181
"HMMR","SELENOI",182
"HMMR","SERPINA1",183
"HMMR","SERPINB9",184
"HMMR","SESN1",185
"HMMR","SHCBP1",186
"HMMR","SIK1",187
"HMMR","SKP2",188
"HMMR","SLC22A23",189
"HMMR","SMAP2",190
"HMMR","SMC2",191
"HMMR","SNORA21",192
"HMMR","SOS1",193
"HMMR","SQLE",194
"HMMR","STIL",195
"HMMR","SUV39H2",196
"HMMR","TARSL2",197
"HMMR","TBXA2R",198
"HMMR","TCF19",199
"HMMR","TIMELESS",200
"HMMR","TIPIN",201
"HMMR","TK1",202
"HMMR","TMEM97",203
"HMMR","TNFRSF21",204
"HMMR","TOP2A",205
"HMMR","TPX2",206
"HMMR","TRIP13",207
"HMMR","TTK",208
"HMMR","TXNIP",209
"HMMR","TYMS",210
"HMMR","UBE2C",211
"HMMR","UBE2T",212
"HMMR","WDHD1",213
"HMMR","WDR76",214
"HMMR","ZFP36L2",215
"HMMR","ZNF367",216
"HMMR","ZWINT",217
"HRK","ABHD17B",1
"HRK","AKAP12",2
"HRK","APITD1-CORT",3
"HRK","ARRDC3",4
"HRK","ASF1B",5
"HRK","ATAD2",6
"HRK","AURKA",7
"HRK","B3GNT2",8
"HRK","BIRC5",9
"HRK","BMF",10
"HRK","BTG1",11
"HRK","BUB1",12
"HRK","CCDC34",13
"HRK","CCNA2",14
"HRK","CCNE2",15
"HRK","CCR1",16
"HRK","CD53",17
"HRK","CDC6",18
"HRK","CDCA2",19
"HRK","CDCA3",20
"HRK","CDCA5",21
"HRK","CDK6",22
"HRK","CDKN3",23
"HRK","CENPE",24
"HRK","CENPK",25
"HRK","CENPU",26
"HRK","CKAP2",27
"HRK","DENND3",28
"HRK","DEPDC1",29
"HRK","DPEP1",30
"HRK","DSCC1",31
"HRK","ECT2",32
"HRK","EMP1",33
"HRK","FAM72C",34
"HRK","FEN1",35
"HRK","FGD2",36
"HRK","FOXM1",37
"HRK","GINS1",38
"HRK","GSN",39
"HRK","HJURP",40
"HRK","HRK",41
"HRK","ID3",42
"HRK","IFNGR1",43
"HRK","IL1B",44
"HRK","IL6ST",45
"HRK","IRAK3",46
"HRK","ISG20",47
"HRK","ITGAM",48
"HRK","ITGB2-AS1",49
"HRK","KIAA0101",50
"HRK","KIF23",51
"HRK","KIF26A",52
"HRK","LEF1",53
"HRK","LILRB2",54
"HRK","LOC100130872",55
"HRK","LOC100505650",56
"HRK","MCM4",57
"HRK","MDM2",58
"HRK","MELK",59
"HRK","METTL7A",60
"HRK","MIR4683",61
"HRK","MIR8071-1",62
"HRK","MS4A1",63
"HRK","MS4A4A",64
"HRK","MSH6",65
"HRK","MTSS1",66
"HRK","NCAPH",67
"HRK","NPCDR1",68
"HRK","P2RY14",69
"HRK","PBK",70
"HRK","PDE4B",71
"HRK","PHF19",72
"HRK","PIK3IP1",73
"HRK","POLE2",74
"HRK","POU4F1",75
"HRK","PPP1R16B",76
"HRK","PTTG1",77
"HRK","RHOBTB3",78
"HRK","S100A11",79
"HRK","SEMA4D",80
"HRK","SERPINB9",81
"HRK","SIK1",82
"HRK","SKP2",83
"HRK","SMAP2",84
"HRK","SMIM3",85
"HRK","STIL",86
"HRK","SUV39H2",87
"HRK","TARSL2",88
"HRK","TIPIN",89
"HRK","TMEM2",90
"HRK","TNFSF8",91
"HRK","TPX2",92
"HRK","TXNIP",93
"HSP90AB1","ANLN",1
"HSP90AB1","ANP32E",2
"HSP90AB1","APITD1-CORT",3
"HSP90AB1","ASF1B",4
"HSP90AB1","ASPM",5
"HSP90AB1","ATAD2",6
"HSP90AB1","AURKA",7
"HSP90AB1","AURKB",8
"HSP90AB1","B3GNT2",9
"HSP90AB1","BCAT1",10
"HSP90AB1","BIRC5",11
"HSP90AB1","BRIP1",12
"HSP90AB1","BTG1",13
"HSP90AB1","BUB1",14
"HSP90AB1","BUB1B",15
"HSP90AB1","BYSL",16
"HSP90AB1","C4orf46",17
"HSP90AB1","C5orf24",18
"HSP90AB1","CCDC34",19
"HSP90AB1","CCDC86",20
"HSP90AB1","CCNA2",21
"HSP90AB1","CCNB1",22
"HSP90AB1","CCNB2",23
"HSP90AB1","CCNE2",24
"HSP90AB1","CD53",25
"HSP90AB1","CDC20",26
"HSP90AB1","CDC42EP3",27
"HSP90AB1","CDC45",28
"HSP90AB1","CDC6",29
"HSP90AB1","CDCA2",30
"HSP90AB1","CDCA3",31
"HSP90AB1","CDCA5",32
"HSP90AB1","CDK1",33
"HSP90AB1","CDKN3",34
"HSP90AB1","CDT1",35
"HSP90AB1","CELF2",36
"HSP90AB1","CENPA",37
"HSP90AB1","CENPE",38
"HSP90AB1","CENPF",39
"HSP90AB1","CENPH",40
"HSP90AB1","CENPN",41
"HSP90AB1","CENPU",42
"HSP90AB1","CENPV",43
"HSP90AB1","CENPW",44
"HSP90AB1","CEP55",45
"HSP90AB1","CHEK1",46
"HSP90AB1","CKAP2L",47
"HSP90AB1","CKS1B",48
"HSP90AB1","CLEC2B",49
"HSP90AB1","CRNDE",50
"HSP90AB1","DEFA1",51
"HSP90AB1","DEPDC1",52
"HSP90AB1","DEPDC1B",53
"HSP90AB1","DFNA5",54
"HSP90AB1","DHFR",55
"HSP90AB1","DHX9",56
"HSP90AB1","DLGAP5",57
"HSP90AB1","DSCC1",58
"HSP90AB1","DTL",59
"HSP90AB1","E2F7",60
"HSP90AB1","E2F8",61
"HSP90AB1","FABP5",62
"HSP90AB1","FAM72C",63
"HSP90AB1","FANCI",64
"HSP90AB1","FEN1",65
"HSP90AB1","FH",66
"HSP90AB1","FOXM1",67
"HSP90AB1","GBP4",68
"HSP90AB1","GGH",69
"HSP90AB1","GIMAP7",70
"HSP90AB1","GINS1",71
"HSP90AB1","GINS2",72
"HSP90AB1","HBB",73
"HSP90AB1","HBG1",74
"HSP90AB1","HELLS",75
"HSP90AB1","HJURP",76
"HSP90AB1","HMMR",77
"HSP90AB1","HSP90AB1",78
"HSP90AB1","ID2",79
"HSP90AB1","IL18R1",80
"HSP90AB1","IL18RAP",81
"HSP90AB1","IQGAP3",82
"HSP90AB1","IRAK3",83
"HSP90AB1","KIAA0101",84
"HSP90AB1","KIF11",85
"HSP90AB1","KIF14",86
"HSP90AB1","KIF15",87
"HSP90AB1","KIF18A",88
"HSP90AB1","KIF18B",89
"HSP90AB1","KIF20A",90
"HSP90AB1","KIF23",91
"HSP90AB1","KIF2C",92
"HSP90AB1","KIF4A",93
"HSP90AB1","KNL1",94
"HSP90AB1","LEF1",95
"HSP90AB1","LGALS3",96
"HSP90AB1","LOC100996643",97
"HSP90AB1","MAD2L1",98
"HSP90AB1","MCM10",99
"HSP90AB1","MCM4",100
"HSP90AB1","MCM5",101
"HSP90AB1","MDK",102
"HSP90AB1","MELK",103
"HSP90AB1","MIR6845",104
"HSP90AB1","MKI67",105
"HSP90AB1","MND1",106
"HSP90AB1","MTHFD2",107
"HSP90AB1","NCAPG",108
"HSP90AB1","NCAPH",109
"HSP90AB1","NEAT1",110
"HSP90AB1","NEDD9",111
"HSP90AB1","NEK2",112
"HSP90AB1","NME1",113
"HSP90AB1","NUF2",114
"HSP90AB1","NUSAP1",115
"HSP90AB1","OIP5",116
"HSP90AB1","PAICS",117
"HSP90AB1","PBK",118
"HSP90AB1","PCNA",119
"HSP90AB1","PDE4B",120
"HSP90AB1","PHF19",121
"HSP90AB1","PLK4",122
"HSP90AB1","POLE2",123
"HSP90AB1","POLQ",124
"HSP90AB1","PPP1R16B",125
"HSP90AB1","PRR11",126
"HSP90AB1","PSPH",127
"HSP90AB1","PTP4A1",128
"HSP90AB1","PTTG1",129
"HSP90AB1","RAB31",130
"HSP90AB1","RAD51",131
"HSP90AB1","RAD51AP1",132
"HSP90AB1","RBM14",133
"HSP90AB1","RFC3",134
"HSP90AB1","RMI2",135
"HSP90AB1","RNASET2",136
"HSP90AB1","RRM2",137
"HSP90AB1","S100A8",138
"HSP90AB1","SELENOI",139
"HSP90AB1","SEMA4D",140
"HSP90AB1","SHCBP1",141
"HSP90AB1","SKP2",142
"HSP90AB1","SMC2",143
"HSP90AB1","STIL",144
"HSP90AB1","SUV39H2",145
"HSP90AB1","TCF19",146
"HSP90AB1","TENM4",147
"HSP90AB1","TIPIN",148
"HSP90AB1","TK1",149
"HSP90AB1","TMEM97",150
"HSP90AB1","TNFRSF21",151
"HSP90AB1","TOP2A",152
"HSP90AB1","TPX2",153
"HSP90AB1","TRIP13",154
"HSP90AB1","TTK",155
"HSP90AB1","TYMS",156
"HSP90AB1","UBE2T",157
"HSP90AB1","WDHD1",158
"HSP90AB1","WDR76",159
"HSP90AB1","ZNF367",160
"HSP90AB1","ZWINT",161
"ID2","ABHD17B",1
"ID2","ANLN",2
"ID2","ATAD2",3
"ID2","AURKB",4
"ID2","BIRC5",5
"ID2","BRIP1",6
"ID2","BUB1",7
"ID2","CCNA2",8
"ID2","CCNB2",9
"ID2","CDC42EP3",10
"ID2","CDC45",11
"ID2","CDCA5",12
"ID2","CENPA",13
"ID2","CENPK",14
"ID2","CENPV",15
"ID2","CEP55",16
"ID2","CHEK1",17
"ID2","DLGAP5",18
"ID2","DSCC1",19
"ID2","ECT2",20
"ID2","FANCI",21
"ID2","FEN1",22
"ID2","FOXM1",23
"ID2","GBP4",24
"ID2","GINS1",25
"ID2","ID2",26
"ID2","IFNGR1",27
"ID2","IL18R1",28
"ID2","IL18RAP",29
"ID2","IRAK3",30
"ID2","ISG20",31
"ID2","KIAA0101",32
"ID2","KIF18A",33
"ID2","KIF18B",34
"ID2","LGALS3",35
"ID2","MAD2L1",36
"ID2","MCM4",37
"ID2","MELK",38
"ID2","METTL7A",39
"ID2","MTHFD2",40
"ID2","NCAPG",41
"ID2","OIP5",42
"ID2","PHF19",43
"ID2","PIK3IP1",44
"ID2","POLE2",45
"ID2","PRDM1",46
"ID2","PRPS2",47
"ID2","PTTG1",48
"ID2","RAB31",49
"ID2","RBM14",50
"ID2","RCC1",51
"ID2","SESN1",52
"ID2","SMAP2",53
"ID2","STIL",54
"ID2","TIPIN",55
"ID2","TPX2",56
"ID2","TRIP13",57
"ID2","TTK",58
"ID2","UBE2T",59
"ID2","ZBTB16",60
"ID2","ZWINT",61
"ID3","ABHD17B",1
"ID3","AKAP12",2
"ID3","B3GNT2",3
"ID3","BIRC3",4
"ID3","BMF",5
"ID3","C5orf24",6
"ID3","CDK6",7
"ID3","DENND3",8
"ID3","DHX9",9
"ID3","DPEP1",10
"ID3","DTL",11
"ID3","EMP1",12
"ID3","FABP5",13
"ID3","FGL2",14
"ID3","FGR",15
"ID3","GINS2",16
"ID3","HBB",17
"ID3","HBG1",18
"ID3","HRK",19
"ID3","HSP90AB1",20
"ID3","ID3",21
"ID3","IGLL1",22
"ID3","IL18RAP",23
"ID3","IL1B",24
"ID3","IL6ST",25
"ID3","ITGB2-AS1",26
"ID3","KCNK12",27
"ID3","LGALS3",28
"ID3","LILRA1",29
"ID3","LOC100130872",30
"ID3","MDK",31
"ID3","MDM2",32
"ID3","MNDA",33
"ID3","MS4A1",34
"ID3","MSH6",35
"ID3","MYRIP",36
"ID3","P2RY14",37
"ID3","PCNA",38
"ID3","PPBP",39
"ID3","PPP1R16B",40
"ID3","PSPH",41
"ID3","PTP4A1",42
"ID3","RAB31",43
"ID3","RAD51AP1",44
"ID3","RAG1",45
"ID3","RBM14",46
"ID3","RMI2",47
"ID3","S100A11",48
"ID3","SEMA4D",49
"ID3","SIK1",50
"ID3","SLA",51
"ID3","TNFSF8",52
"ID3","TOP2A",53
"ID3","TYMS",54
"ID3","WASF1",55
"IFNGR1","AKAP12",1
"IFNGR1","ANLN",2
"IFNGR1","ANP32E",3
"IFNGR1","APITD1-CORT",4
"IFNGR1","ASF1B",5
"IFNGR1","ASPM",6
"IFNGR1","ATAD2",7
"IFNGR1","AURKA",8
"IFNGR1","AURKB",9
"IFNGR1","B3GNT2",10
"IFNGR1","BCAT1",11
"IFNGR1","BCL10",12
"IFNGR1","BCL2L11",13
"IFNGR1","BIRC5",14
"IFNGR1","BMF",15
"IFNGR1","BRCA1",16
"IFNGR1","BRIP1",17
"IFNGR1","BTG1",18
"IFNGR1","BUB1",19
"IFNGR1","BUB1B",20
"IFNGR1","BYSL",21
"IFNGR1","C4orf46",22
"IFNGR1","CCDC34",23
"IFNGR1","CCDC86",24
"IFNGR1","CCNA2",25
"IFNGR1","CCNB1",26
"IFNGR1","CCNB2",27
"IFNGR1","CCNE2",28
"IFNGR1","CCR1",29
"IFNGR1","CD53",30
"IFNGR1","CDC20",31
"IFNGR1","CDC42EP3",32
"IFNGR1","CDC45",33
"IFNGR1","CDC6",34
"IFNGR1","CDCA2",35
"IFNGR1","CDCA3",36
"IFNGR1","CDCA5",37
"IFNGR1","CDK1",38
"IFNGR1","CDKN3",39
"IFNGR1","CDT1",40
"IFNGR1","CELF2",41
"IFNGR1","CENPA",42
"IFNGR1","CENPE",43
"IFNGR1","CENPF",44
"IFNGR1","CENPH",45
"IFNGR1","CENPK",46
"IFNGR1","CENPN",47
"IFNGR1","CENPU",48
"IFNGR1","CENPV",49
"IFNGR1","CENPW",50
"IFNGR1","CEP55",51
"IFNGR1","CHEK1",52
"IFNGR1","CKAP2",53
"IFNGR1","CKAP2L",54
"IFNGR1","CKS1B",55
"IFNGR1","CLEC2B",56
"IFNGR1","CPM",57
"IFNGR1","CRNDE",58
"IFNGR1","DDIT4",59
"IFNGR1","DENND3",60
"IFNGR1","DEPDC1",61
"IFNGR1","DEPDC1B",62
"IFNGR1","DFNA5",63
"IFNGR1","DHFR",64
"IFNGR1","DLGAP5",65
"IFNGR1","DPEP1",66
"IFNGR1","DSCC1",67
"IFNGR1","DTL",68
"IFNGR1","E2F7",69
"IFNGR1","E2F8",70
"IFNGR1","ECT2",71
"IFNGR1","EGR1",72
"IFNGR1","EMP1",73
"IFNGR1","F13A1",74
"IFNGR1","FAM72C",75
"IFNGR1","FANCI",76
"IFNGR1","FEN1",77
"IFNGR1","FGD2",78
"IFNGR1","FH",79
"IFNGR1","FOXM1",80
"IFNGR1","GBP4",81
"IFNGR1","GGH",82
"IFNGR1","GIMAP4",83
"IFNGR1","GINS1",84
"IFNGR1","GINS2",85
"IFNGR1","GSN",86
"IFNGR1","HELLS",87
"IFNGR1","HIST4H4",88
"IFNGR1","HJURP",89
"IFNGR1","HMMR",90
"IFNGR1","HRK",91
"IFNGR1","ID2",92
"IFNGR1","IFNGR1",93
"IFNGR1","IGLC1",94
"IFNGR1","IL18R1",95
"IFNGR1","IL18RAP",96
"IFNGR1","IL1B",97
"IFNGR1","IL6ST",98
"IFNGR1","IQGAP3",99
"IFNGR1","IRAK3",100
"IFNGR1","ISG20",101
"IFNGR1","ITGAM",102
"IFNGR1","KIAA0101",103
"IFNGR1","KIF11",104
"IFNGR1","KIF14",105
"IFNGR1","KIF15",106
"IFNGR1","KIF18A",107
"IFNGR1","KIF18B",108
"IFNGR1","KIF20A",109
"IFNGR1","KIF23",110
"IFNGR1","KIF26A",111
"IFNGR1","KIF2C",112
"IFNGR1","KIF4A",113
"IFNGR1","KLF9",114
"IFNGR1","KNL1",115
"IFNGR1","LGALS3",116
"IFNGR1","LILRB2",117
"IFNGR1","LOC100505650",118
"IFNGR1","LOC100996643",119
"IFNGR1","LYZ",120
"IFNGR1","MAD2L1",121
"IFNGR1","MCM10",122
"IFNGR1","MCM4",123
"IFNGR1","MCM7",124
"IFNGR1","MELK",125
"IFNGR1","METTL7A",126
"IFNGR1","MIR4683",127
"IFNGR1","MIR6845",128
"IFNGR1","MIR8071-1",129
"IFNGR1","MKI67",130
"IFNGR1","MND1",131
"IFNGR1","MNDA",132
"IFNGR1","MS4A1",133
"IFNGR1","MS4A4A",134
"IFNGR1","MS4A7",135
"IFNGR1","MSH6",136
"IFNGR1","MTHFD2",137
"IFNGR1","MTSS1",138
"IFNGR1","NCAPG",139
"IFNGR1","NCAPH",140
"IFNGR1","NEAT1",141
"IFNGR1","NEDD9",142
"IFNGR1","NEK2",143
"IFNGR1","NME1",144
"IFNGR1","NPCDR1",145
"IFNGR1","NUF2",146
"IFNGR1","NUSAP1",147
"IFNGR1","OIP5",148
"IFNGR1","P2RY14",149
"IFNGR1","PAICS",150
"IFNGR1","PBK",151
"IFNGR1","PCNA",152
"IFNGR1","PDE4B",153
"IFNGR1","PHF19",154
"IFNGR1","PIK3IP1",155
"IFNGR1","PLK4",156
"IFNGR1","POLE2",157
"IFNGR1","POLQ",158
"IFNGR1","POU4F1",159
"IFNGR1","PPIF",160
"IFNGR1","PRPS2",161
"IFNGR1","PRR11",162
"IFNGR1","PTTG1",163
"IFNGR1","RAD51",164
"IFNGR1","RASSF4",165
"IFNGR1","RBM14",166
"IFNGR1","RBMS3",167
"IFNGR1","RCC1",168
"IFNGR1","RFC3",169
"IFNGR1","RNASET2",170
"IFNGR1","RPS6KA2",171
"IFNGR1","RRM2",172
"IFNGR1","S100A11",173
"IFNGR1","SCML4",174
"IFNGR1","SERPINB9",175
"IFNGR1","SESN1",176
"IFNGR1","SHCBP1",177
"IFNGR1","SIK1",178
"IFNGR1","SKP2",179
"IFNGR1","SMAP2",180
"IFNGR1","SMC2",181
"IFNGR1","SMIM3",182
"IFNGR1","SOS1",183
"IFNGR1","SQLE",184
"IFNGR1","STIL",185
"IFNGR1","SUV39H2",186
"IFNGR1","TARSL2",187
"IFNGR1","TBXA2R",188
"IFNGR1","TCF19",189
"IFNGR1","TIMELESS",190
"IFNGR1","TIPIN",191
"IFNGR1","TK1",192
"IFNGR1","TMEM2",193
"IFNGR1","TMEM97",194
"IFNGR1","TNFSF8",195
"IFNGR1","TPX2",196
"IFNGR1","TRIP13",197
"IFNGR1","TTK",198
"IFNGR1","TXNIP",199
"IFNGR1","UBE2C",200
"IFNGR1","UBE2T",201
"IFNGR1","WDHD1",202
"IFNGR1","WDR76",203
"IFNGR1","ZBTB16",204
"IFNGR1","ZNF367",205
"IFNGR1","ZWINT",206
"IGH","ANP32E",1
"IGH","APITD1-CORT",2
"IGH","ASF1B",3
"IGH","AURKA",4
"IGH","BCAT1",5
"IGH","BTG1",6
"IGH","BYSL",7
"IGH","CCDC34",8
"IGH","CCDC86",9
"IGH","CCNE2",10
"IGH","CD53",11
"IGH","CDC42EP3",12
"IGH","CDC6",13
"IGH","CDCA2",14
"IGH","CDCA3",15
"IGH","CDKN3",16
"IGH","CENPE",17
"IGH","CENPK",18
"IGH","CENPV",19
"IGH","CKAP2",20
"IGH","DEFA1",21
"IGH","DEPDC1",22
"IGH","DEPDC1B",23
"IGH","E2F7",24
"IGH","ECT2",25
"IGH","F13A1",26
"IGH","FABP5",27
"IGH","FAM72C",28
"IGH","FH",29
"IGH","FOXM1",30
"IGH","GBP4",31
"IGH","GIMAP7",32
"IGH","GSN",33
"IGH","GVINP1",34
"IGH","HBG1",35
"IGH","HELLS",36
"IGH","HJURP",37
"IGH","IFNGR1",38
"IGH","IGH",39
"IGH","IGLC1",40
"IGH","IL18R1",41
"IGH","IL6ST",42
"IGH","IRAK3",43
"IGH","ISG20",44
"IGH","ITGAM",45
"IGH","KIF23",46
"IGH","LGALS3",47
"IGH","LILRB2",48
"IGH","LOC100996643",49
"IGH","LOC285097",50
"IGH","LYZ",51
"IGH","MIR4683",52
"IGH","MIR6845",53
"IGH","MIR8071-1",54
"IGH","MNDA",55
"IGH","MS4A1",56
"IGH","MS4A7",57
"IGH","MTHFD2",58
"IGH","MTSS1",59
"IGH","NCAPH",60
"IGH","NEAT1",61
"IGH","NEDD9",62
"IGH","NME1",63
"IGH","PAICS",64
"IGH","PBK",65
"IGH","PDE4B",66
"IGH","PPP1R16B",67
"IGH","PRDM1",68
"IGH","PRPS2",69
"IGH","PSPH",70
"IGH","PTTG1",71
"IGH","RAB31",72
"IGH","RBMS3",73
"IGH","RCC1",74
"IGH","RFC3",75
"IGH","RNASET2",76
"IGH","RPS6KA2",77
"IGH","S100A8",78
"IGH","SERPINB9",79
"IGH","SKP2",80
"IGH","SMAP2",81
"IGH","SNORD3B-1",82
"IGH","SOS1",83
"IGH","SQLE",84
"IGH","STIL",85
"IGH","SUV39H2",86
"IGH","TMEM2",87
"IGH","TMEM97",88
"IGH","TXNIP",89
"IGH","WDHD1",90
"IGLC1","APITD1-CORT",1
"IGLC1","ASF1B",2
"IGLC1","AURKA",3
"IGLC1","BCAT1",4
"IGLC1","BIRC3",5
"IGLC1","BTG1",6
"IGLC1","CCDC34",7
"IGLC1","CCDC86",8
"IGLC1","CCNE2",9
"IGLC1","CD53",10
"IGLC1","CDC6",11
"IGLC1","CDCA2",12
"IGLC1","CDCA3",13
"IGLC1","CDKN3",14
"IGLC1","CENPE",15
"IGLC1","CENPK",16
"IGLC1","CENPV",17
"IGLC1","CKAP2",18
"IGLC1","DEFA1",19
"IGLC1","DEPDC1",20
"IGLC1","ECT2",21
"IGLC1","F13A1",22
"IGLC1","FAM72C",23
"IGLC1","FGD2",24
"IGLC1","FOXM1",25
"IGLC1","GGH",26
"IGLC1","HBB",27
"IGLC1","HBG1",28
"IGLC1","HJURP",29
"IGLC1","HRK",30
"IGLC1","ID2",31
"IGLC1","IFNGR1",32
"IGLC1","IGH",33
"IGLC1","IGLC1",34
"IGLC1","IL6ST",35
"IGLC1","IRAK3",36
"IGLC1","ISG20",37
"IGLC1","ITGAM",38
"IGLC1","ITPKB",39
"IGLC1","KIF23",40
"IGLC1","KLF9",41
"IGLC1","LGALS3",42
"IGLC1","LILRB2",43
"IGLC1","LOC100996643",44
"IGLC1","LYZ",45
"IGLC1","MIR8071-1",46
"IGLC1","MNDA",47
"IGLC1","MS4A1",48
"IGLC1","MTHFD2",49
"IGLC1","MTSS1",50
"IGLC1","NCAPH",51
"IGLC1","NEAT1",52
"IGLC1","NME1",53
"IGLC1","PAICS",54
"IGLC1","PBK",55
"IGLC1","PDE4B",56
"IGLC1","POU4F1",57
"IGLC1","PPP1R16B",58
"IGLC1","PRDM1",59
"IGLC1","PRPS2",60
"IGLC1","PTTG1",61
"IGLC1","RCC1",62
"IGLC1","RPS6KA2",63
"IGLC1","S100A8",64
"IGLC1","SERPINB9",65
"IGLC1","SKP2",66
"IGLC1","SLC22A23",67
"IGLC1","SMAP2",68
"IGLC1","SQLE",69
"IGLC1","STIL",70
"IGLC1","SUV39H2",71
"IGLC1","TMEM2",72
"IGLC1","TMEM97",73
"IGLC1","TXNIP",74
"IGLC1","WDHD1",75
"IGLL1","AKAP12",1
"IGLL1","ASPM",2
"IGLL1","BCAT1",3
"IGLL1","BMF",4
"IGLL1","BTNL9",5
"IGLL1","C5orf24",6
"IGLL1","CCNB1",7
"IGLL1","CCR1",8
"IGLL1","CELF2",9
"IGLL1","CENPF",10
"IGLL1","CPM",11
"IGLL1","DEPDC1B",12
"IGLL1","DFNA5",13
"IGLL1","DPEP1",14
"IGLL1","FABP5",15
"IGLL1","FGR",16
"IGLL1","FH",17
"IGLL1","FUS",18
"IGLL1","GIMAP7",19
"IGLL1","HBB",20
"IGLL1","HBG1",21
"IGLL1","ID3",22
"IGLL1","IGLL1",23
"IGLL1","IL27RA",24
"IGLL1","IQGAP3",25
"IGLL1","ITGB2-AS1",26
"IGLL1","KCNK12",27
"IGLL1","KIF4A",28
"IGLL1","LILRA1",29
"IGLL1","LOC100130872",30
"IGLL1","LOC100505650",31
"IGLL1","LY96",32
"IGLL1","MDK",33
"IGLL1","MIR4683",34
"IGLL1","MND1",35
"IGLL1","MPV17L",36
"IGLL1","MSH6",37
"IGLL1","NEK2",38
"IGLL1","POU4F1",39
"IGLL1","PPP1R16B",40
"IGLL1","PSPH",41
"IGLL1","PTP4A1",42
"IGLL1","PTTG1",43
"IGLL1","RAB31",44
"IGLL1","RAG1",45
"IGLL1","RAG2",46
"IGLL1","RBMS3",47
"IGLL1","RFC3",48
"IGLL1","RHOBTB3",49
"IGLL1","RMI2",50
"IGLL1","RPS6KA2",51
"IGLL1","SEMA4D",52
"IGLL1","SHCBP1",53
"IGLL1","SLA",54
"IGLL1","SMIM3",55
"IGLL1","SNX29P2",56
"IGLL1","TIMELESS",57
"IGLL1","TK1",58
"IGLL1","TNFRSF21",59
"IGLL1","TNFSF8",60
"IGLL1","TOP2A",61
"IGLL1","WASF1",62
"IGLL1","WFS1",63
"IL18R1","ABHD17B",1
"IL18R1","AKAP12",2
"IL18R1","ANLN",3
"IL18R1","ANP32E",4
"IL18R1","APITD1-CORT",5
"IL18R1","ASF1B",6
"IL18R1","ATAD2",7
"IL18R1","AURKA",8
"IL18R1","AURKB",9
"IL18R1","BIRC5",10
"IL18R1","BTG1",11
"IL18R1","BTNL9",12
"IL18R1","BUB1",13
"IL18R1","BYSL",14
"IL18R1","CCDC34",15
"IL18R1","CCDC86",16
"IL18R1","CCNA2",17
"IL18R1","CCNB2",18
"IL18R1","CCNE2",19
"IL18R1","CCR1",20
"IL18R1","CD53",21
"IL18R1","CDC42EP3",22
"IL18R1","CDC45",23
"IL18R1","CDC6",24
"IL18R1","CDCA2",25
"IL18R1","CDCA3",26
"IL18R1","CDCA5",27
"IL18R1","CDKN3",28
"IL18R1","CDT1",29
"IL18R1","CENPA",30
"IL18R1","CENPE",31
"IL18R1","CENPF",32
"IL18R1","CENPK",33
"IL18R1","CENPU",34
"IL18R1","CENPV",35
"IL18R1","CEP55",36
"IL18R1","CKAP2L",37
"IL18R1","CRNDE",38
"IL18R1","DENND3",39
"IL18R1","DEPDC1",40
"IL18R1","DEPDC1B",41
"IL18R1","DHFR",42
"IL18R1","DHX9",43
"IL18R1","DLGAP5",44
"IL18R1","DPEP1",45
"IL18R1","DSCC1",46
"IL18R1","DTL",47
"IL18R1","E2F7",48
"IL18R1","E2F8",49
"IL18R1","ECT2",50
"IL18R1","F13A1",51
"IL18R1","FABP5",52
"IL18R1","FAM72C",53
"IL18R1","FEN1",54
"IL18R1","FH",55
"IL18R1","FOXM1",56
"IL18R1","GBP4",57
"IL18R1","GIMAP7",58
"IL18R1","GINS1",59
"IL18R1","GINS2",60
"IL18R1","GSN",61
"IL18R1","GVINP1",62
"IL18R1","HJURP",63
"IL18R1","ID2",64
"IL18R1","IFNGR1",65
"IL18R1","IGH",66
"IL18R1","IL18R1",67
"IL18R1","IL18RAP",68
"IL18R1","IRAK3",69
"IL18R1","ISG20",70
"IL18R1","ITGAM",71
"IL18R1","KIAA0101",72
"IL18R1","KIF11",73
"IL18R1","KIF18A",74
"IL18R1","KIF18B",75
"IL18R1","KIF23",76
"IL18R1","KNL1",77
"IL18R1","LEF1",78
"IL18R1","LGALS3",79
"IL18R1","LILRB2",80
"IL18R1","LOC285097",81
"IL18R1","MAD2L1",82
"IL18R1","MCM4",83
"IL18R1","MCM7",84
"IL18R1","MELK",85
"IL18R1","METTL7A",86
"IL18R1","MIR4683",87
"IL18R1","MIR6845",88
"IL18R1","MKI67",89
"IL18R1","MND1",90
"IL18R1","MNDA",91
"IL18R1","MS4A1",92
"IL18R1","MS4A4A",93
"IL18R1","MS4A7",94
"IL18R1","MTHFD2",95
"IL18R1","MTSS1",96
"IL18R1","NCAPG",97
"IL18R1","NCAPH",98
"IL18R1","NEAT1",99
"IL18R1","NEDD9",100
"IL18R1","NEK2",101
"IL18R1","NME1",102
"IL18R1","NUF2",103
"IL18R1","NUSAP1",104
"IL18R1","OIP5",105
"IL18R1","PAICS",106
"IL18R1","PBK",107
"IL18R1","PCNA",108
"IL18R1","PDE4B",109
"IL18R1","PHF19",110
"IL18R1","POLE2",111
"IL18R1","PPP1R16B",112
"IL18R1","PRDM1",113
"IL18R1","PRPS2",114
"IL18R1","PRR11",115
"IL18R1","PSPH",116
"IL18R1","PTP4A1",117
"IL18R1","PTTG1",118
"IL18R1","RAB31",119
"IL18R1","RAD51",120
"IL18R1","RAD51AP1",121
"IL18R1","RBM14",122
"IL18R1","RBMS3",123
"IL18R1","RCC1",124
"IL18R1","RFC3",125
"IL18R1","RMI2",126
"IL18R1","RNASET2",127
"IL18R1","RPS6KA2",128
"IL18R1","RRM2",129
"IL18R1","SCML4",130
"IL18R1","SELENOI",131
"IL18R1","SERPINA1",132
"IL18R1","SERPINB9",133
"IL18R1","SESN1",134
"IL18R1","SKP2",135
"IL18R1","SMAP2",136
"IL18R1","SNORA21",137
"IL18R1","STIL",138
"IL18R1","SUV39H2",139
"IL18R1","TARSL2",140
"IL18R1","TBXA2R",141
"IL18R1","TCF19",142
"IL18R1","TIPIN",143
"IL18R1","TMEM2",144
"IL18R1","TOP2A",145
"IL18R1","TPX2",146
"IL18R1","TRIP13",147
"IL18R1","TYMS",148
"IL18R1","UBE2T",149
"IL18R1","ZBTB16",150
"IL18R1","ZWINT",151
"IL18RAP","ABHD17B",1
"IL18RAP","ANLN",2
"IL18RAP","ANP32E",3
"IL18RAP","APITD1-CORT",4
"IL18RAP","ASF1B",5
"IL18RAP","ASPM",6
"IL18RAP","ATAD2",7
"IL18RAP","AURKA",8
"IL18RAP","AURKB",9
"IL18RAP","B3GNT2",10
"IL18RAP","BCAT1",11
"IL18RAP","BIRC5",12
"IL18RAP","BTG1",13
"IL18RAP","BUB1",14
"IL18RAP","CCDC34",15
"IL18RAP","CCNA2",16
"IL18RAP","CCNE2",17
"IL18RAP","CD53",18
"IL18RAP","CDC6",19
"IL18RAP","CDCA2",20
"IL18RAP","CDCA3",21
"IL18RAP","CDCA5",22
"IL18RAP","CDK6",23
"IL18RAP","CDKN3",24
"IL18RAP","CENPE",25
"IL18RAP","CENPK",26
"IL18RAP","CENPV",27
"IL18RAP","CEP55",28
"IL18RAP","CKAP2L",29
"IL18RAP","CRNDE",30
"IL18RAP","DENND3",31
"IL18RAP","DEPDC1",32
"IL18RAP","DEPDC1B",33
"IL18RAP","DFNA5",34
"IL18RAP","DHX9",35
"IL18RAP","DSCC1",36
"IL18RAP","DTL",37
"IL18RAP","E2F7",38
"IL18RAP","ECT2",39
"IL18RAP","FABP5",40
"IL18RAP","FAM72C",41
"IL18RAP","FEN1",42
"IL18RAP","FGR",43
"IL18RAP","FOXM1",44
"IL18RAP","GINS1",45
"IL18RAP","GVINP1",46
"IL18RAP","HJURP",47
"IL18RAP","HSP90AB1",48
"IL18RAP","ID2",49
"IL18RAP","IFNGR1",50
"IL18RAP","IGH",51
"IL18RAP","IGLC1",52
"IL18RAP","IL18R1",53
"IL18RAP","IL18RAP",54
"IL18RAP","IRAK3",55
"IL18RAP","ISG20",56
"IL18RAP","ITGAM",57
"IL18RAP","KIAA0101",58
"IL18RAP","KIF18A",59
"IL18RAP","KIF18B",60
"IL18RAP","KIF23",61
"IL18RAP","LEF1",62
"IL18RAP","LGALS3",63
"IL18RAP","LILRA1",64
"IL18RAP","LILRB2",65
"IL18RAP","MCM4",66
"IL18RAP","MELK",67
"IL18RAP","METTL7A",68
"IL18RAP","MIR6845",69
"IL18RAP","MKI67",70
"IL18RAP","MNDA",71
"IL18RAP","MS4A7",72
"IL18RAP","MTSS1",73
"IL18RAP","NCAPH",74
"IL18RAP","NEAT1",75
"IL18RAP","NEDD9",76
"IL18RAP","NUSAP1",77
"IL18RAP","OIP5",78
"IL18RAP","PAICS",79
"IL18RAP","PBK",80
"IL18RAP","PDE4B",81
"IL18RAP","PHF19",82
"IL18RAP","POLE2",83
"IL18RAP","PPBP",84
"IL18RAP","PPP1R16B",85
"IL18RAP","PRDM1",86
"IL18RAP","PRPS2",87
"IL18RAP","PRR11",88
"IL18RAP","PSPH",89
"IL18RAP","PTTG1",90
"IL18RAP","RAB31",91
"IL18RAP","RAD51AP1",92
"IL18RAP","RBM14",93
"IL18RAP","RCC1",94
"IL18RAP","RMI2",95
"IL18RAP","RNASET2",96
"IL18RAP","RRM2",97
"IL18RAP","SCML4",98
"IL18RAP","SELENOI",99
"IL18RAP","SERPINA1",100
"IL18RAP","SERPINB9",101
"IL18RAP","SKP2",102
"IL18RAP","SMAP2",103
"IL18RAP","STIL",104
"IL18RAP","SUV39H2",105
"IL18RAP","TCF19",106
"IL18RAP","TIPIN",107
"IL18RAP","TMEM2",108
"IL18RAP","TOP2A",109
"IL18RAP","TPX2",110
"IL18RAP","TRIB1",111
"IL18RAP","TRIP13",112
"IL18RAP","TYMS",113
"IL18RAP","UBE2T",114
"IL18RAP","ZBTB16",115
"IL1B","AKAP12",1
"IL1B","ANP32E",2
"IL1B","APITD1-CORT",3
"IL1B","ARPP21",4
"IL1B","ASF1B",5
"IL1B","ATAD2",6
"IL1B","AURKA",7
"IL1B","B3GNT2",8
"IL1B","BCL2L11",9
"IL1B","BIRC5",10
"IL1B","BMF",11
"IL1B","BRIP1",12
"IL1B","BTG1",13
"IL1B","BUB1",14
"IL1B","C4orf46",15
"IL1B","C5orf24",16
"IL1B","CCDC34",17
"IL1B","CCNA2",18
"IL1B","CCNE2",19
"IL1B","CD53",20
"IL1B","CDC6",21
"IL1B","CDCA2",22
"IL1B","CDCA3",23
"IL1B","CDCA5",24
"IL1B","CDK6",25
"IL1B","CDKN3",26
"IL1B","CDT1",27
"IL1B","CENPE",28
"IL1B","CENPK",29
"IL1B","CENPU",30
"IL1B","CENPV",31
"IL1B","CHEK1",32
"IL1B","DENND3",33
"IL1B","DEPDC1",34
"IL1B","DEPDC1B",35
"IL1B","DPEP1",36
"IL1B","DSCC1",37
"IL1B","E2F7",38
"IL1B","ECT2",39
"IL1B","EMP1",40
"IL1B","FAM72C",41
"IL1B","FANCI",42
"IL1B","FEN1",43
"IL1B","FOXM1",44
"IL1B","GBP4",45
"IL1B","GIMAP4",46
"IL1B","GINS1",47
"IL1B","GSN",48
"IL1B","HBG1",49
"IL1B","HELLS",50
"IL1B","HJURP",51
"IL1B","HRK",52
"IL1B","ID3",53
"IL1B","IL1B",54
"IL1B","IL6ST",55
"IL1B","IRAK3",56
"IL1B","ISG20",57
"IL1B","ITGB2-AS1",58
"IL1B","KIAA0101",59
"IL1B","KIF18B",60
"IL1B","KIF23",61
"IL1B","KIF26A",62
"IL1B","KIF2C",63
"IL1B","KNL1",64
"IL1B","LILRB2",65
"IL1B","LOC100130872",66
"IL1B","LOC100505650",67
"IL1B","MCM4",68
"IL1B","MDM2",69
"IL1B","MELK",70
"IL1B","METTL7A",71
"IL1B","MIR4683",72
"IL1B","MS4A1",73
"IL1B","MSH6",74
"IL1B","MTSS1",75
"IL1B","NCAPH",76
"IL1B","NPCDR1",77
"IL1B","NUF2",78
"IL1B","P2RY14",79
"IL1B","PBK",80
"IL1B","PDE4B",81
"IL1B","PHF19",82
"IL1B","POLE2",83
"IL1B","POU4F1",84
"IL1B","RAG1",85
"IL1B","RAG2",86
"IL1B","RNASET2",87
"IL1B","S100A11",88
"IL1B","SEMA4D",89
"IL1B","SERPINB9",90
"IL1B","SIK1",91
"IL1B","SKP2",92
"IL1B","SLA",93
"IL1B","SMAP2",94
"IL1B","SMIM3",95
"IL1B","SNORD3B-1",96
"IL1B","SNTB2",97
"IL1B","SOS1",98
"IL1B","SQLE",99
"IL1B","STIL",100
"IL1B","SUV39H2",101
"IL1B","TARSL2",102
"IL1B","TBXA2R",103
"IL1B","TIPIN",104
"IL1B","TMEM2",105
"IL1B","TMEM97",106
"IL1B","TNFSF8",107
"IL1B","TPX2",108
"IL1B","TTK",109
"IL1B","UBE2T",110
"IL1B","WDHD1",111
"IL27RA","ANP32E",1
"IL27RA","ASPM",2
"IL27RA","BCAT1",3
"IL27RA","CCR1",4
"IL27RA","CDK6",5
"IL27RA","E2F7",6
"IL27RA","ELL2",7
"IL27RA","FCGR3B",8
"IL27RA","FGL2",9
"IL27RA","FGR",10
"IL27RA","FH",11
"IL27RA","GIMAP4",12
"IL27RA","GIMAP7",13
"IL27RA","IGLL1",14
"IL27RA","IL27RA",15
"IL27RA","ITGB2-AS1",16
"IL27RA","LOC100130872",17
"IL27RA","LOC728175",18
"IL27RA","LY96",19
"IL27RA","MPV17L",20
"IL27RA","MTHFD2",21
"IL27RA","NEAT1",22
"IL27RA","POU4F1",23
"IL27RA","RAG2",24
"IL27RA","RHOBTB3",25
"IL27RA","SIK1",26
"IL27RA","SLA",27
"IL27RA","SNORA21",28
"IL27RA","SNX29P2",29
"IL27RA","STAB1",30
"IL27RA","TXNIP",31
"IL27RA","ZFP36L2",32
"IL6ST","AKAP12",1
"IL6ST","ATAD2",2
"IL6ST","B3GNT2",3
"IL6ST","BCL10",4
"IL6ST","BIRC5",5
"IL6ST","BMF",6
"IL6ST","BUB1",7
"IL6ST","CCDC86",8
"IL6ST","CCNA2",9
"IL6ST","CCR1",10
"IL6ST","CD53",11
"IL6ST","CDCA5",12
"IL6ST","CENPK",13
"IL6ST","CENPU",14
"IL6ST","CENPV",15
"IL6ST","CKAP2",16
"IL6ST","CLEC2B",17
"IL6ST","DDIT4",18
"IL6ST","DENND3",19
"IL6ST","DPEP1",20
"IL6ST","DSCC1",21
"IL6ST","E2F7",22
"IL6ST","ECT2",23
"IL6ST","EMP1",24
"IL6ST","F13A1",25
"IL6ST","FEN1",26
"IL6ST","FGD2",27
"IL6ST","FKBP5",28
"IL6ST","FOXM1",29
"IL6ST","GBP4",30
"IL6ST","GIMAP4",31
"IL6ST","GINS1",32
"IL6ST","GSN",33
"IL6ST","HIST4H4",34
"IL6ST","HRK",35
"IL6ST","ID2",36
"IL6ST","IFNGR1",37
"IL6ST","IL1B",38
"IL6ST","IL6ST",39
"IL6ST","IRAK3",40
"IL6ST","ISG20",41
"IL6ST","ITGAM",42
"IL6ST","KIAA0101",43
"IL6ST","KLF9",44
"IL6ST","LILRB2",45
"IL6ST","LOC100505650",46
"IL6ST","MCM4",47
"IL6ST","MCM7",48
"IL6ST","MDM2",49
"IL6ST","MELK",50
"IL6ST","METTL7A",51
"IL6ST","MIR4683",52
"IL6ST","MIR8071-1",53
"IL6ST","MNDA",54
"IL6ST","MS4A1",55
"IL6ST","MS4A4A",56
"IL6ST","MSH6",57
"IL6ST","MTSS1",58
"IL6ST","MYRIP",59
"IL6ST","P2RY14",60
"IL6ST","PAICS",61
"IL6ST","PDE4B",62
"IL6ST","PHF19",63
"IL6ST","PIK3IP1",64
"IL6ST","POLE2",65
"IL6ST","PRPS2",66
"IL6ST","RASSF4",67
"IL6ST","RBMS3",68
"IL6ST","RNASET2",69
"IL6ST","S100A11",70
"IL6ST","SCML4",71
"IL6ST","SERPINB9",72
"IL6ST","SIK1",73
"IL6ST","SMAP2",74
"IL6ST","SMIM3",75
"IL6ST","SOS1",76
"IL6ST","SQLE",77
"IL6ST","STIL",78
"IL6ST","TARSL2",79
"IL6ST","TBXA2R",80
"IL6ST","TIPIN",81
"IL6ST","TMEM2",82
"IL6ST","TPX2",83
"IL6ST","TXNIP",84
"IL6ST","UBE2C",85
"IL6ST","ZBTB16",86
"IQGAP3","ANLN",1
"IQGAP3","ANP32E",2
"IQGAP3","APITD1-CORT",3
"IQGAP3","ASF1B",4
"IQGAP3","ASPM",5
"IQGAP3","ATAD2",6
"IQGAP3","AURKA",7
"IQGAP3","AURKB",8
"IQGAP3","BCAT1",9
"IQGAP3","BCL2L11",10
"IQGAP3","BIRC5",11
"IQGAP3","BMF",12
"IQGAP3","BRCA1",13
"IQGAP3","BRIP1",14
"IQGAP3","BTG1",15
"IQGAP3","BUB1",16
"IQGAP3","BUB1B",17
"IQGAP3","BYSL",18
"IQGAP3","C4orf46",19
"IQGAP3","CCDC34",20
"IQGAP3","CCDC86",21
"IQGAP3","CCNA2",22
"IQGAP3","CCNB1",23
"IQGAP3","CCNB2",24
"IQGAP3","CCNE2",25
"IQGAP3","CCNL1",26
"IQGAP3","CD53",27
"IQGAP3","CDC20",28
"IQGAP3","CDC42EP3",29
"IQGAP3","CDC45",30
"IQGAP3","CDC6",31
"IQGAP3","CDCA2",32
"IQGAP3","CDCA3",33
"IQGAP3","CDCA5",34
"IQGAP3","CDK1",35
"IQGAP3","CDKN3",36
"IQGAP3","CDT1",37
"IQGAP3","CELF2",38
"IQGAP3","CENPA",39
"IQGAP3","CENPE",40
"IQGAP3","CENPF",41
"IQGAP3","CENPH",42
"IQGAP3","CENPK",43
"IQGAP3","CENPN",44
"IQGAP3","CENPU",45
"IQGAP3","CENPV",46
"IQGAP3","CENPW",47
"IQGAP3","CEP55",48
"IQGAP3","CHEK1",49
"IQGAP3","CKAP2",50
"IQGAP3","CKAP2L",51
"IQGAP3","CKS1B",52
"IQGAP3","CLEC2B",53
"IQGAP3","CPM",54
"IQGAP3","CRNDE",55
"IQGAP3","DEFA1",56
"IQGAP3","DENND3",57
"IQGAP3","DEPDC1",58
"IQGAP3","DEPDC1B",59
"IQGAP3","DFNA5",60
"IQGAP3","DHFR",61
"IQGAP3","DHX9",62
"IQGAP3","DLGAP5",63
"IQGAP3","DPEP1",64
"IQGAP3","DSCC1",65
"IQGAP3","DTL",66
"IQGAP3","E2F7",67
"IQGAP3","E2F8",68
"IQGAP3","ECT2",69
"IQGAP3","EGR1",70
"IQGAP3","FABP5",71
"IQGAP3","FAM72C",72
"IQGAP3","FANCI",73
"IQGAP3","FCER1G",74
"IQGAP3","FCGR3B",75
"IQGAP3","FEN1",76
"IQGAP3","FGD2",77
"IQGAP3","FGR",78
"IQGAP3","FH",79
"IQGAP3","FOXM1",80
"IQGAP3","FUS",81
"IQGAP3","GBP4",82
"IQGAP3","GGH",83
"IQGAP3","GIMAP4",84
"IQGAP3","GIMAP7",85
"IQGAP3","GINS1",86
"IQGAP3","GINS2",87
"IQGAP3","GVINP1",88
"IQGAP3","HBB",89
"IQGAP3","HBG1",90
"IQGAP3","HELLS",91
"IQGAP3","HIST4H4",92
"IQGAP3","HJURP",93
"IQGAP3","HMMR",94
"IQGAP3","ID2",95
"IQGAP3","IFNGR1",96
"IQGAP3","IGH",97
"IQGAP3","IGLC1",98
"IQGAP3","IL18R1",99
"IQGAP3","IL1B",100
"IQGAP3","IQGAP3",101
"IQGAP3","IRAK3",102
"IQGAP3","ISG20",103
"IQGAP3","KIAA0101",104
"IQGAP3","KIF11",105
"IQGAP3","KIF14",106
"IQGAP3","KIF15",107
"IQGAP3","KIF18A",108
"IQGAP3","KIF18B",109
"IQGAP3","KIF20A",110
"IQGAP3","KIF23",111
"IQGAP3","KIF2C",112
"IQGAP3","KIF4A",113
"IQGAP3","KNL1",114
"IQGAP3","LILRB2",115
"IQGAP3","LOC100996643",116
"IQGAP3","LOC728175",117
"IQGAP3","LYZ",118
"IQGAP3","MAD2L1",119
"IQGAP3","MCM10",120
"IQGAP3","MCM4",121
"IQGAP3","MCM5",122
"IQGAP3","MCM7",123
"IQGAP3","MDK",124
"IQGAP3","MELK",125
"IQGAP3","METTL7A",126
"IQGAP3","MIR6845",127
"IQGAP3","MIR8071-1",128
"IQGAP3","MKI67",129
"IQGAP3","MND1",130
"IQGAP3","MS4A1",131
"IQGAP3","MS4A4A",132
"IQGAP3","MS4A7",133
"IQGAP3","MTHFD2",134
"IQGAP3","MTSS1",135
"IQGAP3","NCAPG",136
"IQGAP3","NCAPH",137
"IQGAP3","NEAT1",138
"IQGAP3","NEDD9",139
"IQGAP3","NEK2",140
"IQGAP3","NME1",141
"IQGAP3","NPCDR1",142
"IQGAP3","NUF2",143
"IQGAP3","NUSAP1",144
"IQGAP3","OIP5",145
"IQGAP3","P2RY14",146
"IQGAP3","PAICS",147
"IQGAP3","PBK",148
"IQGAP3","PCNA",149
"IQGAP3","PDE4B",150
"IQGAP3","PHF19",151
"IQGAP3","PIK3IP1",152
"IQGAP3","PLK4",153
"IQGAP3","POLE2",154
"IQGAP3","POLQ",155
"IQGAP3","PPIF",156
"IQGAP3","PPP1R16B",157
"IQGAP3","PRR11",158
"IQGAP3","PSPH",159
"IQGAP3","PTP4A1",160
"IQGAP3","PTTG1",161
"IQGAP3","RAD51",162
"IQGAP3","RAD51AP1",163
"IQGAP3","RBM14",164
"IQGAP3","RCC1",165
"IQGAP3","RFC3",166
"IQGAP3","RMI2",167
"IQGAP3","RNASET2",168
"IQGAP3","RRM2",169
"IQGAP3","S100A8",170
"IQGAP3","SCML4",171
"IQGAP3","SELENOI",172
"IQGAP3","SERPINA1",173
"IQGAP3","SERPINB9",174
"IQGAP3","SESN1",175
"IQGAP3","SHCBP1",176
"IQGAP3","SIK1",177
"IQGAP3","SKP2",178
"IQGAP3","SLC22A23",179
"IQGAP3","SMAP2",180
"IQGAP3","SMC2",181
"IQGAP3","SNORA21",182
"IQGAP3","SNORD3B-1",183
"IQGAP3","SNX29P2",184
"IQGAP3","SOS1",185
"IQGAP3","SQLE",186
"IQGAP3","STIL",187
"IQGAP3","SUV39H2",188
"IQGAP3","TARSL2",189
"IQGAP3","TBXA2R",190
"IQGAP3","TCF19",191
"IQGAP3","TENM4",192
"IQGAP3","TIMELESS",193
"IQGAP3","TIPIN",194
"IQGAP3","TK1",195
"IQGAP3","TMEM97",196
"IQGAP3","TNFRSF21",197
"IQGAP3","TOP2A",198
"IQGAP3","TPX2",199
"IQGAP3","TRIP13",200
"IQGAP3","TTK",201
"IQGAP3","TXNIP",202
"IQGAP3","TYMS",203
"IQGAP3","UBE2C",204
"IQGAP3","UBE2T",205
"IQGAP3","WDHD1",206
"IQGAP3","WDR76",207
"IQGAP3","ZNF367",208
"IQGAP3","ZWINT",209
"IRAK3","AKAP12",1
"IRAK3","ANLN",2
"IRAK3","ANP32E",3
"IRAK3","APITD1-CORT",4
"IRAK3","ASF1B",5
"IRAK3","ATAD2",6
"IRAK3","AURKA",7
"IRAK3","AURKB",8
"IRAK3","BCAT1",9
"IRAK3","BCL2L11",10
"IRAK3","BIRC5",11
"IRAK3","BMF",12
"IRAK3","BRIP1",13
"IRAK3","BTG1",14
"IRAK3","BUB1",15
"IRAK3","BUB1B",16
"IRAK3","BYSL",17
"IRAK3","C4orf46",18
"IRAK3","CCDC34",19
"IRAK3","CCDC86",20
"IRAK3","CCNA2",21
"IRAK3","CCNB1",22
"IRAK3","CCNB2",23
"IRAK3","CCNE2",24
"IRAK3","CCR1",25
"IRAK3","CD53",26
"IRAK3","CDC20",27
"IRAK3","CDC42EP3",28
"IRAK3","CDC45",29
"IRAK3","CDC6",30
"IRAK3","CDCA2",31
"IRAK3","CDCA3",32
"IRAK3","CDCA5",33
"IRAK3","CDK1",34
"IRAK3","CDKN3",35
"IRAK3","CDT1",36
"IRAK3","CELF2",37
"IRAK3","CENPA",38
"IRAK3","CENPE",39
"IRAK3","CENPF",40
"IRAK3","CENPH",41
"IRAK3","CENPK",42
"IRAK3","CENPN",43
"IRAK3","CENPU",44
"IRAK3","CENPV",45
"IRAK3","CEP55",46
"IRAK3","CHEK1",47
"IRAK3","CKAP2",48
"IRAK3","CKAP2L",49
"IRAK3","CKS1B",50
"IRAK3","CLEC2B",51
"IRAK3","CPM",52
"IRAK3","CRNDE",53
"IRAK3","DENND3",54
"IRAK3","DEPDC1",55
"IRAK3","DEPDC1B",56
"IRAK3","DFNA5",57
"IRAK3","DHFR",58
"IRAK3","DLGAP5",59
"IRAK3","DPEP1",60
"IRAK3","DSCC1",61
"IRAK3","DTL",62
"IRAK3","E2F7",63
"IRAK3","E2F8",64
"IRAK3","ECT2",65
"IRAK3","F13A1",66
"IRAK3","FAM72C",67
"IRAK3","FANCI",68
"IRAK3","FEN1",69
"IRAK3","FGD2",70
"IRAK3","FH",71
"IRAK3","FOXM1",72
"IRAK3","GBP4",73
"IRAK3","GGH",74
"IRAK3","GIMAP4",75
"IRAK3","GIMAP7",76
"IRAK3","GINS1",77
"IRAK3","GINS2",78
"IRAK3","GSN",79
"IRAK3","HELLS",80
"IRAK3","HJURP",81
"IRAK3","HMMR",82
"IRAK3","HRK",83
"IRAK3","ID2",84
"IRAK3","IFNGR1",85
"IRAK3","IGH",86
"IRAK3","IGLC1",87
"IRAK3","IL18R1",88
"IRAK3","IL18RAP",89
"IRAK3","IL1B",90
"IRAK3","IL6ST",91
"IRAK3","IQGAP3",92
"IRAK3","IRAK3",93
"IRAK3","ISG20",94
"IRAK3","ITGAM",95
"IRAK3","KIAA0101",96
"IRAK3","KIF11",97
"IRAK3","KIF14",98
"IRAK3","KIF15",99
"IRAK3","KIF18A",100
"IRAK3","KIF18B",101
"IRAK3","KIF20A",102
"IRAK3","KIF23",103
"IRAK3","KIF26A",104
"IRAK3","KIF2C",105
"IRAK3","KIF4A",106
"IRAK3","KNL1",107
"IRAK3","LGALS3",108
"IRAK3","LILRB2",109
"IRAK3","LOC100996643",110
"IRAK3","LOC285097",111
"IRAK3","MAD2L1",112
"IRAK3","MCM10",113
"IRAK3","MCM4",114
"IRAK3","MCM7",115
"IRAK3","MELK",116
"IRAK3","METTL7A",117
"IRAK3","MIR4683",118
"IRAK3","MIR6845",119
"IRAK3","MIR8071-1",120
"IRAK3","MKI67",121
"IRAK3","MND1",122
"IRAK3","MNDA",123
"IRAK3","MS4A1",124
"IRAK3","MS4A4A",125
"IRAK3","MSH6",126
"IRAK3","MTHFD2",127
"IRAK3","MTSS1",128
"IRAK3","NCAPG",129
"IRAK3","NCAPH",130
"IRAK3","NEAT1",131
"IRAK3","NEDD9",132
"IRAK3","NEK2",133
"IRAK3","NME1",134
"IRAK3","NPCDR1",135
"IRAK3","NUF2",136
"IRAK3","NUSAP1",137
"IRAK3","OIP5",138
"IRAK3","P2RY14",139
"IRAK3","PAICS",140
"IRAK3","PBK",141
"IRAK3","PCNA",142
"IRAK3","PDE4B",143
"IRAK3","PHF19",144
"IRAK3","PIK3IP1",145
"IRAK3","PLK4",146
"IRAK3","POLE2",147
"IRAK3","POLQ",148
"IRAK3","POU4F1",149
"IRAK3","PPIF",150
"IRAK3","PRDM1",151
"IRAK3","PRPS2",152
"IRAK3","PRR11",153
"IRAK3","PTTG1",154
"IRAK3","RAB31",155
"IRAK3","RAD51",156
"IRAK3","RAD51AP1",157
"IRAK3","RASSF4",158
"IRAK3","RBM14",159
"IRAK3","RBMS3",160
"IRAK3","RCC1",161
"IRAK3","RFC3",162
"IRAK3","RNASET2",163
"IRAK3","RPS6KA2",164
"IRAK3","RRM2",165
"IRAK3","S100A11",166
"IRAK3","SCML4",167
"IRAK3","SELENOI",168
"IRAK3","SERPINB9",169
"IRAK3","SESN1",170
"IRAK3","SIK1",171
"IRAK3","SKP2",172
"IRAK3","SLC22A23",173
"IRAK3","SMAP2",174
"IRAK3","SMC2",175
"IRAK3","SMIM3",176
"IRAK3","SNORA21",177
"IRAK3","SOS1",178
"IRAK3","SQLE",179
"IRAK3","STAB1",180
"IRAK3","STIL",181
"IRAK3","SUV39H2",182
"IRAK3","TARSL2",183
"IRAK3","TBXA2R",184
"IRAK3","TCF19",185
"IRAK3","TIPIN",186
"IRAK3","TMEM2",187
"IRAK3","TMEM97",188
"IRAK3","TPX2",189
"IRAK3","TRIP13",190
"IRAK3","TTK",191
"IRAK3","TXNIP",192
"IRAK3","UBE2C",193
"IRAK3","UBE2T",194
"IRAK3","WDHD1",195
"IRAK3","WDR76",196
"IRAK3","ZBTB16",197
"IRAK3","ZNF367",198
"IRAK3","ZWINT",199
"ISG20","ANLN",1
"ISG20","ANP32E",2
"ISG20","APITD1-CORT",3
"ISG20","ASF1B",4
"ISG20","ASPM",5
"ISG20","ATAD2",6
"ISG20","AURKA",7
"ISG20","AURKB",8
"ISG20","B3GNT2",9
"ISG20","BCL2L11",10
"ISG20","BIRC5",11
"ISG20","BMF",12
"ISG20","BRCA1",13
"ISG20","BRIP1",14
"ISG20","BTG1",15
"ISG20","BUB1",16
"ISG20","BUB1B",17
"ISG20","C4orf46",18
"ISG20","CCDC34",19
"ISG20","CCDC86",20
"ISG20","CCNA2",21
"ISG20","CCNB1",22
"ISG20","CCNB2",23
"ISG20","CCNE2",24
"ISG20","CD53",25
"ISG20","CDC20",26
"ISG20","CDC42EP3",27
"ISG20","CDC45",28
"ISG20","CDC6",29
"ISG20","CDCA2",30
"ISG20","CDCA3",31
"ISG20","CDCA5",32
"ISG20","CDK1",33
"ISG20","CDKN3",34
"ISG20","CDT1",35
"ISG20","CENPA",36
"ISG20","CENPE",37
"ISG20","CENPF",38
"ISG20","CENPH",39
"ISG20","CENPK",40
"ISG20","CENPN",41
"ISG20","CENPU",42
"ISG20","CENPV",43
"ISG20","CENPW",44
"ISG20","CEP55",45
"ISG20","CHEK1",46
"ISG20","CKAP2",47
"ISG20","CKAP2L",48
"ISG20","CKS1B",49
"ISG20","CLEC2B",50
"ISG20","CRNDE",51
"ISG20","DDIT4",52
"ISG20","DENND3",53
"ISG20","DEPDC1",54
"ISG20","DEPDC1B",55
"ISG20","DHFR",56
"ISG20","DLGAP5",57
"ISG20","DPEP1",58
"ISG20","DSCC1",59
"ISG20","DTL",60
"ISG20","E2F7",61
"ISG20","E2F8",62
"ISG20","ECT2",63
"ISG20","FAM72C",64
"ISG20","FANCI",65
"ISG20","FEN1",66
"ISG20","FH",67
"ISG20","FOXM1",68
"ISG20","GBP4",69
"ISG20","GGH",70
"ISG20","GIMAP4",71
"ISG20","GINS1",72
"ISG20","GINS2",73
"ISG20","GSN",74
"ISG20","HELLS",75
"ISG20","HIST4H4",76
"ISG20","HJURP",77
"ISG20","HMMR",78
"ISG20","HRK",79
"ISG20","ID2",80
"ISG20","IFNGR1",81
"ISG20","IL1B",82
"ISG20","IL6ST",83
"ISG20","IQGAP3",84
"ISG20","IRAK3",85
"ISG20","ISG20",86
"ISG20","ITGAM",87
"ISG20","KIAA0101",88
"ISG20","KIF11",89
"ISG20","KIF14",90
"ISG20","KIF15",91
"ISG20","KIF18A",92
"ISG20","KIF18B",93
"ISG20","KIF20A",94
"ISG20","KIF23",95
"ISG20","KIF26A",96
"ISG20","KIF2C",97
"ISG20","KIF4A",98
"ISG20","KNL1",99
"ISG20","LILRB2",100
"ISG20","MAD2L1",101
"ISG20","MCM10",102
"ISG20","MCM4",103
"ISG20","MCM7",104
"ISG20","MELK",105
"ISG20","METTL7A",106
"ISG20","MIR4683",107
"ISG20","MIR6845",108
"ISG20","MIR8071-1",109
"ISG20","MKI67",110
"ISG20","MND1",111
"ISG20","MS4A4A",112
"ISG20","MTSS1",113
"ISG20","NCAPG",114
"ISG20","NCAPH",115
"ISG20","NEAT1",116
"ISG20","NEK2",117
"ISG20","NME1",118
"ISG20","NPCDR1",119
"ISG20","NUF2",120
"ISG20","NUSAP1",121
"ISG20","OIP5",122
"ISG20","P2RY14",123
"ISG20","PBK",124
"ISG20","PCNA",125
"ISG20","PDE4B",126
"ISG20","PHF19",127
"ISG20","PIK3IP1",128
"ISG20","PLK4",129
"ISG20","POLE2",130
"ISG20","POLQ",131
"ISG20","PPIF",132
"ISG20","PRPS2",133
"ISG20","PRR11",134
"ISG20","PTTG1",135
"ISG20","RAD51",136
"ISG20","RFC3",137
"ISG20","RNASET2",138
"ISG20","RRM2",139
"ISG20","SCML4",140
"ISG20","SELENOI",141
"ISG20","SERPINB9",142
"ISG20","SESN1",143
"ISG20","SHCBP1",144
"ISG20","SIK1",145
"ISG20","SKP2",146
"ISG20","SMAP2",147
"ISG20","SMC2",148
"ISG20","SNORA21",149
"ISG20","SOCS1",150
"ISG20","SOS1",151
"ISG20","SQLE",152
"ISG20","STIL",153
"ISG20","SUV39H2",154
"ISG20","TARSL2",155
"ISG20","TBXA2R",156
"ISG20","TCF19",157
"ISG20","TIMELESS",158
"ISG20","TIPIN",159
"ISG20","TK1",160
"ISG20","TMEM2",161
"ISG20","TMEM97",162
"ISG20","TPX2",163
"ISG20","TRIP13",164
"ISG20","TTK",165
"ISG20","TXNIP",166
"ISG20","UBE2C",167
"ISG20","UBE2T",168
"ISG20","WDHD1",169
"ISG20","WDR76",170
"ISG20","ZNF367",171
"ISG20","ZWINT",172
"ITGAM","AKAP12",1
"ITGAM","ANP32E",2
"ITGAM","APITD1-CORT",3
"ITGAM","ASF1B",4
"ITGAM","ATAD2",5
"ITGAM","AURKA",6
"ITGAM","BCAT1",7
"ITGAM","BIRC5",8
"ITGAM","BMF",9
"ITGAM","BTG1",10
"ITGAM","BUB1",11
"ITGAM","CCDC34",12
"ITGAM","CCDC86",13
"ITGAM","CCNA2",14
"ITGAM","CCNE2",15
"ITGAM","CCNL1",16
"ITGAM","CCR1",17
"ITGAM","CD53",18
"ITGAM","CDC42EP3",19
"ITGAM","CDC6",20
"ITGAM","CDCA2",21
"ITGAM","CDCA3",22
"ITGAM","CDCA5",23
"ITGAM","CDKN3",24
"ITGAM","CENPE",25
"ITGAM","CENPK",26
"ITGAM","CENPU",27
"ITGAM","CENPV",28
"ITGAM","CEP55",29
"ITGAM","CKAP2",30
"ITGAM","CRNDE",31
"ITGAM","DENND3",32
"ITGAM","DEPDC1",33
"ITGAM","DEPDC1B",34
"ITGAM","DPEP1",35
"ITGAM","DSCC1",36
"ITGAM","E2F7",37
"ITGAM","ECT2",38
"ITGAM","ELL2",39
"ITGAM","EMP1",40
"ITGAM","F13A1",41
"ITGAM","FAM72C",42
"ITGAM","FEN1",43
"ITGAM","FGD2",44
"ITGAM","FH",45
"ITGAM","FOXM1",46
"ITGAM","GBP4",47
"ITGAM","GGH",48
"ITGAM","GIMAP4",49
"ITGAM","GIMAP7",50
"ITGAM","GINS1",51
"ITGAM","GSN",52
"ITGAM","HELLS",53
"ITGAM","HJURP",54
"ITGAM","HRK",55
"ITGAM","ID2",56
"ITGAM","IFNGR1",57
"ITGAM","IGH",58
"ITGAM","IGLC1",59
"ITGAM","IL1B",60
"ITGAM","IL6ST",61
"ITGAM","IRAK3",62
"ITGAM","ISG20",63
"ITGAM","ITGAM",64
"ITGAM","KIAA0101",65
"ITGAM","KIF18B",66
"ITGAM","KIF23",67
"ITGAM","KIF26A",68
"ITGAM","KIF2C",69
"ITGAM","LILRB2",70
"ITGAM","LOC100996643",71
"ITGAM","LOC285097",72
"ITGAM","LYZ",73
"ITGAM","MCM4",74
"ITGAM","MELK",75
"ITGAM","METTL7A",76
"ITGAM","MIR4683",77
"ITGAM","MIR6845",78
"ITGAM","MIR8071-1",79
"ITGAM","MNDA",80
"ITGAM","MS4A1",81
"ITGAM","MS4A4A",82
"ITGAM","MSH6",83
"ITGAM","MTHFD2",84
"ITGAM","MTSS1",85
"ITGAM","NCAPH",86
"ITGAM","NEAT1",87
"ITGAM","NEDD9",88
"ITGAM","NME1",89
"ITGAM","PAICS",90
"ITGAM","PBK",91
"ITGAM","PDE4B",92
"ITGAM","PHF19",93
"ITGAM","PIK3IP1",94
"ITGAM","POLE2",95
"ITGAM","POU4F1",96
"ITGAM","PPBP",97
"ITGAM","PPIF",98
"ITGAM","PRPS2",99
"ITGAM","PTTG1",100
"ITGAM","RAB31",101
"ITGAM","RASSF4",102
"ITGAM","RBMS3",103
"ITGAM","RCC1",104
"ITGAM","RHOBTB3",105
"ITGAM","RNASET2",106
"ITGAM","RPS6KA2",107
"ITGAM","S100A8",108
"ITGAM","SELENOI",109
"ITGAM","SERPINB9",110
"ITGAM","SKP2",111
"ITGAM","SMAP2",112
"ITGAM","SMIM3",113
"ITGAM","SOS1",114
"ITGAM","SQLE",115
"ITGAM","STAB1",116
"ITGAM","STIL",117
"ITGAM","SUV39H2",118
"ITGAM","TBXA2R",119
"ITGAM","TIPIN",120
"ITGAM","TMEM2",121
"ITGAM","TPX2",122
"ITGAM","TXNIP",123
"ITGAM","UBE2T",124
"ITGAM","ZBTB16",125
"ITGB2-AS1","AKAP12",1
"ITGB2-AS1","ASPM",2
"ITGB2-AS1","BCL10",3
"ITGB2-AS1","BIRC3",4
"ITGB2-AS1","BMF",5
"ITGB2-AS1","C5orf24",6
"ITGB2-AS1","CCNB1",7
"ITGB2-AS1","CDK1",8
"ITGB2-AS1","CENPF",9
"ITGB2-AS1","CKAP2L",10
"ITGB2-AS1","CKS1B",11
"ITGB2-AS1","CLN8",12
"ITGB2-AS1","DEFA1",13
"ITGB2-AS1","DEPDC1B",14
"ITGB2-AS1","DHX9",15
"ITGB2-AS1","DPEP1",16
"ITGB2-AS1","DTL",17
"ITGB2-AS1","FABP5",18
"ITGB2-AS1","FCER1G",19
"ITGB2-AS1","FCGR3B",20
"ITGB2-AS1","FGL2",21
"ITGB2-AS1","FGR",22
"ITGB2-AS1","FH",23
"ITGB2-AS1","GIMAP7",24
"ITGB2-AS1","GSN",25
"ITGB2-AS1","GVINP1",26
"ITGB2-AS1","HBB",27
"ITGB2-AS1","HBG1",28
"ITGB2-AS1","HMMR",29
"ITGB2-AS1","HRK",30
"ITGB2-AS1","ID3",31
"ITGB2-AS1","IGLL1",32
"ITGB2-AS1","IL1B",33
"ITGB2-AS1","IL27RA",34
"ITGB2-AS1","IQGAP3",35
"ITGB2-AS1","ITGB2-AS1",36
"ITGB2-AS1","KCNK12",37
"ITGB2-AS1","KIF11",38
"ITGB2-AS1","KIF14",39
"ITGB2-AS1","KIF20A",40
"ITGB2-AS1","KIF26A",41
"ITGB2-AS1","KIF4A",42
"ITGB2-AS1","LILRA1",43
"ITGB2-AS1","LOC100130872",44
"ITGB2-AS1","LY96",45
"ITGB2-AS1","LYZ",46
"ITGB2-AS1","MDK",47
"ITGB2-AS1","MDM2",48
"ITGB2-AS1","MIR4683",49
"ITGB2-AS1","MPV17L",50
"ITGB2-AS1","MSH6",51
"ITGB2-AS1","NEK2",52
"ITGB2-AS1","POLQ",53
"ITGB2-AS1","POU4F1",54
"ITGB2-AS1","PPBP",55
"ITGB2-AS1","PPP1R16B",56
"ITGB2-AS1","PTP4A1",57
"ITGB2-AS1","RAD51AP1",58
"ITGB2-AS1","RAG1",59
"ITGB2-AS1","RAG2",60
"ITGB2-AS1","RBM14",61
"ITGB2-AS1","RFC3",62
"ITGB2-AS1","RMI2",63
"ITGB2-AS1","RPS6KA2",64
"ITGB2-AS1","S100A11",65
"ITGB2-AS1","S100A8",66
"ITGB2-AS1","SEMA4D",67
"ITGB2-AS1","SERPINA1",68
"ITGB2-AS1","SHCBP1",69
"ITGB2-AS1","SIK1",70
"ITGB2-AS1","SLA",71
"ITGB2-AS1","SMIM3",72
"ITGB2-AS1","SNX10",73
"ITGB2-AS1","SNX29P2",74
"ITGB2-AS1","TIMELESS",75
"ITGB2-AS1","TK1",76
"ITGB2-AS1","TMEM97",77
"ITGB2-AS1","TNFSF8",78
"ITGB2-AS1","TOP2A",79
"ITGB2-AS1","TXNIP",80
"ITGB2-AS1","TYMS",81
"ITGB2-AS1","WASF1",82
"ITGB2-AS1","WDHD1",83
"ITGB2-AS1","WDR76",84
"ITGB2-AS1","WFS1",85
"ITPKB","ANLN",1
"ITPKB","APITD1-CORT",2
"ITPKB","ASF1B",3
"ITPKB","ATAD2",4
"ITPKB","AURKA",5
"ITPKB","AURKB",6
"ITPKB","BCAT1",7
"ITPKB","BIRC5",8
"ITPKB","BRCA1",9
"ITPKB","BTG1",10
"ITPKB","BUB1",11
"ITPKB","BUB1B",12
"ITPKB","BYSL",13
"ITPKB","C5orf24",14
"ITPKB","CCDC34",15
"ITPKB","CCNA2",16
"ITPKB","CCNB1",17
"ITPKB","CCNB2",18
"ITPKB","CCNE2",19
"ITPKB","CD53",20
"ITPKB","CDC20",21
"ITPKB","CDC45",22
"ITPKB","CDC6",23
"ITPKB","CDCA2",24
"ITPKB","CDCA3",25
"ITPKB","CDCA5",26
"ITPKB","CDK1",27
"ITPKB","CDKN3",28
"ITPKB","CELF2",29
"ITPKB","CENPA",30
"ITPKB","CENPE",31
"ITPKB","CENPF",32
"ITPKB","CENPH",33
"ITPKB","CENPK",34
"ITPKB","CENPN",35
"ITPKB","CENPU",36
"ITPKB","CENPW",37
"ITPKB","CEP55",38
"ITPKB","CKAP2",39
"ITPKB","CKAP2L",40
"ITPKB","DEPDC1",41
"ITPKB","DLGAP5",42
"ITPKB","DSCC1",43
"ITPKB","EGR1",44
"ITPKB","FAM72C",45
"ITPKB","FCER1G",46
"ITPKB","FEN1",47
"ITPKB","FGD2",48
"ITPKB","GINS1",49
"ITPKB","HBG1",50
"ITPKB","HIST4H4",51
"ITPKB","HJURP",52
"ITPKB","HMMR",53
"ITPKB","IGH",54
"ITPKB","IGLC1",55
"ITPKB","IGLL1",56
"ITPKB","IQGAP3",57
"ITPKB","ITPKB",58
"ITPKB","KCNK12",59
"ITPKB","KIAA0101",60
"ITPKB","KIF14",61
"ITPKB","KIF15",62
"ITPKB","KIF18A",63
"ITPKB","KIF18B",64
"ITPKB","KIF20A",65
"ITPKB","KIF23",66
"ITPKB","KIF2C",67
"ITPKB","KIF4A",68
"ITPKB","LGALS3",69
"ITPKB","LILRA1",70
"ITPKB","LOC100130872",71
"ITPKB","LOC100996643",72
"ITPKB","MAD2L1",73
"ITPKB","MCM10",74
"ITPKB","MCM4",75
"ITPKB","MELK",76
"ITPKB","MIR6845",77
"ITPKB","MIR8071-1",78
"ITPKB","MKI67",79
"ITPKB","MNDA",80
"ITPKB","MS4A1",81
"ITPKB","MS4A7",82
"ITPKB","NCAPG",83
"ITPKB","NCAPH",84
"ITPKB","NEK2",85
"ITPKB","NUSAP1",86
"ITPKB","OIP5",87
"ITPKB","PBK",88
"ITPKB","PHF19",89
"ITPKB","PLK4",90
"ITPKB","POLE2",91
"ITPKB","POLQ",92
"ITPKB","PPP1R16B",93
"ITPKB","PRPS2",94
"ITPKB","PRR11",95
"ITPKB","PSPH",96
"ITPKB","RRM2",97
"ITPKB","S100A8",98
"ITPKB","SCML4",99
"ITPKB","SERPINA1",100
"ITPKB","SKP2",101
"ITPKB","SLA",102
"ITPKB","SMAP2",103
"ITPKB","SMC2",104
"ITPKB","SUV39H2",105
"ITPKB","TIMELESS",106
"ITPKB","TIPIN",107
"ITPKB","TK1",108
"ITPKB","TMEM97",109
"ITPKB","TPX2",110
"ITPKB","TRIP13",111
"ITPKB","TXNIP",112
"ITPKB","UBE2T",113
"ITPKB","WDHD1",114
"ITPKB","WDR76",115
"ITPKB","ZBTB16",116
"KCNK12","AKAP12",1
"KCNK12","C5orf24",2
"KCNK12","EGR1",3
"KCNK12","FCER1G",4
"KCNK12","FCGR3B",5
"KCNK12","FGD2",6
"KCNK12","FGR",7
"KCNK12","FKBP5",8
"KCNK12","IGLL1",9
"KCNK12","IQGAP3",10
"KCNK12","ITGB2-AS1",11
"KCNK12","KCNK12",12
"KCNK12","LOC728175",13
"KCNK12","MDM2",14
"KCNK12","MSH6",15
"KCNK12","MYRIP",16
"KCNK12","S100A11",17
"KCNK12","SLA",18
"KCNK12","SNX10",19
"KCNK12","STAB1",20
"KIAA0101","ANLN",1
"KIAA0101","ANP32E",2
"KIAA0101","APITD1-CORT",3
"KIAA0101","ARPP21",4
"KIAA0101","ASF1B",5
"KIAA0101","ASPM",6
"KIAA0101","ATAD2",7
"KIAA0101","AURKA",8
"KIAA0101","AURKB",9
"KIAA0101","B3GNT2",10
"KIAA0101","BCAT1",11
"KIAA0101","BCL2L11",12
"KIAA0101","BIRC5",13
"KIAA0101","BMF",14
"KIAA0101","BRCA1",15
"KIAA0101","BRIP1",16
"KIAA0101","BTG1",17
"KIAA0101","BUB1",18
"KIAA0101","BUB1B",19
"KIAA0101","BYSL",20
"KIAA0101","C4orf46",21
"KIAA0101","CCDC34",22
"KIAA0101","CCDC86",23
"KIAA0101","CCNA2",24
"KIAA0101","CCNB1",25
"KIAA0101","CCNB2",26
"KIAA0101","CCNE2",27
"KIAA0101","CCNL1",28
"KIAA0101","CCR1",29
"KIAA0101","CD53",30
"KIAA0101","CDC20",31
"KIAA0101","CDC42EP3",32
"KIAA0101","CDC45",33
"KIAA0101","CDC6",34
"KIAA0101","CDCA2",35
"KIAA0101","CDCA3",36
"KIAA0101","CDCA5",37
"KIAA0101","CDK1",38
"KIAA0101","CDK6",39
"KIAA0101","CDKN3",40
"KIAA0101","CDT1",41
"KIAA0101","CELF2",42
"KIAA0101","CENPA",43
"KIAA0101","CENPE",44
"KIAA0101","CENPF",45
"KIAA0101","CENPH",46
"KIAA0101","CENPK",47
"KIAA0101","CENPN",48
"KIAA0101","CENPU",49
"KIAA0101","CENPV",50
"KIAA0101","CENPW",51
"KIAA0101","CEP55",52
"KIAA0101","CHEK1",53
"KIAA0101","CKAP2",54
"KIAA0101","CKAP2L",55
"KIAA0101","CKS1B",56
"KIAA0101","CLEC2B",57
"KIAA0101","CPM",58
"KIAA0101","CRNDE",59
"KIAA0101","DEFA1",60
"KIAA0101","DENND3",61
"KIAA0101","DEPDC1",62
"KIAA0101","DEPDC1B",63
"KIAA0101","DFNA5",64
"KIAA0101","DHFR",65
"KIAA0101","DHX9",66
"KIAA0101","DLGAP5",67
"KIAA0101","DPEP1",68
"KIAA0101","DSCC1",69
"KIAA0101","DTL",70
"KIAA0101","E2F7",71
"KIAA0101","E2F8",72
"KIAA0101","ECT2",73
"KIAA0101","EGR1",74
"KIAA0101","EMP1",75
"KIAA0101","FAM72C",76
"KIAA0101","FANCI",77
"KIAA0101","FCER1G",78
"KIAA0101","FCGR3B",79
"KIAA0101","FEN1",80
"KIAA0101","FGD2",81
"KIAA0101","FGR",82
"KIAA0101","FH",83
"KIAA0101","FOXM1",84
"KIAA0101","FUS",85
"KIAA0101","GBP4",86
"KIAA0101","GGH",87
"KIAA0101","GIMAP4",88
"KIAA0101","GIMAP7",89
"KIAA0101","GINS1",90
"KIAA0101","GINS2",91
"KIAA0101","GSN",92
"KIAA0101","HBB",93
"KIAA0101","HBG1",94
"KIAA0101","HELLS",95
"KIAA0101","HIST4H4",96
"KIAA0101","HJURP",97
"KIAA0101","HMMR",98
"KIAA0101","HRK",99
"KIAA0101","ID2",100
"KIAA0101","IFNGR1",101
"KIAA0101","IGH",102
"KIAA0101","IGLC1",103
"KIAA0101","IL1B",104
"KIAA0101","IL6ST",105
"KIAA0101","IQGAP3",106
"KIAA0101","IRAK3",107
"KIAA0101","ISG20",108
"KIAA0101","ITGAM",109
"KIAA0101","KIAA0101",110
"KIAA0101","KIF11",111
"KIAA0101","KIF14",112
"KIAA0101","KIF15",113
"KIAA0101","KIF18A",114
"KIAA0101","KIF18B",115
"KIAA0101","KIF20A",116
"KIAA0101","KIF23",117
"KIAA0101","KIF2C",118
"KIAA0101","KIF4A",119
"KIAA0101","KNL1",120
"KIAA0101","LILRB2",121
"KIAA0101","LOC100996643",122
"KIAA0101","LY96",123
"KIAA0101","LYZ",124
"KIAA0101","MAD2L1",125
"KIAA0101","MCM10",126
"KIAA0101","MCM4",127
"KIAA0101","MCM5",128
"KIAA0101","MCM7",129
"KIAA0101","MDK",130
"KIAA0101","MELK",131
"KIAA0101","METTL7A",132
"KIAA0101","MIR4683",133
"KIAA0101","MIR6845",134
"KIAA0101","MIR8071-1",135
"KIAA0101","MKI67",136
"KIAA0101","MND1",137
"KIAA0101","MS4A1",138
"KIAA0101","MS4A4A",139
"KIAA0101","MS4A7",140
"KIAA0101","MTHFD2",141
"KIAA0101","MTSS1",142
"KIAA0101","NCAPG",143
"KIAA0101","NCAPH",144
"KIAA0101","NEAT1",145
"KIAA0101","NEDD9",146
"KIAA0101","NEK2",147
"KIAA0101","NME1",148
"KIAA0101","NPCDR1",149
"KIAA0101","NUF2",150
"KIAA0101","NUSAP1",151
"KIAA0101","OIP5",152
"KIAA0101","P2RY14",153
"KIAA0101","PAICS",154
"KIAA0101","PBK",155
"KIAA0101","PCNA",156
"KIAA0101","PDE4B",157
"KIAA0101","PHF19",158
"KIAA0101","PIK3IP1",159
"KIAA0101","PLK4",160
"KIAA0101","POLE2",161
"KIAA0101","POLQ",162
"KIAA0101","POU4F1",163
"KIAA0101","PPIF",164
"KIAA0101","PPP1R16B",165
"KIAA0101","PRR11",166
"KIAA0101","PSPH",167
"KIAA0101","PTP4A1",168
"KIAA0101","PTTG1",169
"KIAA0101","RAD51",170
"KIAA0101","RAD51AP1",171
"KIAA0101","RBM14",172
"KIAA0101","RBMS3",173
"KIAA0101","RCC1",174
"KIAA0101","RFC3",175
"KIAA0101","RHOBTB3",176
"KIAA0101","RMI2",177
"KIAA0101","RNASET2",178
"KIAA0101","RRM2",179
"KIAA0101","S100A8",180
"KIAA0101","SCML4",181
"KIAA0101","SELENOI",182
"KIAA0101","SERPINA1",183
"KIAA0101","SERPINB9",184
"KIAA0101","SESN1",185
"KIAA0101","SHCBP1",186
"KIAA0101","SIK1",187
"KIAA0101","SKP2",188
"KIAA0101","SLC22A23",189
"KIAA0101","SMAP2",190
"KIAA0101","SMC2",191
"KIAA0101","SNORA21",192
"KIAA0101","SOS1",193
"KIAA0101","SQLE",194
"KIAA0101","STIL",195
"KIAA0101","SUV39H2",196
"KIAA0101","TARSL2",197
"KIAA0101","TBXA2R",198
"KIAA0101","TCF19",199
"KIAA0101","TIMELESS",200
"KIAA0101","TIPIN",201
"KIAA0101","TK1",202
"KIAA0101","TMEM97",203
"KIAA0101","TNFRSF21",204
"KIAA0101","TOP2A",205
"KIAA0101","TPX2",206
"KIAA0101","TRIP13",207
"KIAA0101","TTK",208
"KIAA0101","TXNIP",209
"KIAA0101","TYMS",210
"KIAA0101","UBE2C",211
"KIAA0101","UBE2T",212
"KIAA0101","WDHD1",213
"KIAA0101","WDR76",214
"KIAA0101","ZFP36L2",215
"KIAA0101","ZNF367",216
"KIAA0101","ZWINT",217
"KIF11","ANLN",1
"KIF11","ANP32E",2
"KIF11","APITD1-CORT",3
"KIF11","ASF1B",4
"KIF11","ASPM",5
"KIF11","ATAD2",6
"KIF11","AURKA",7
"KIF11","AURKB",8
"KIF11","BCAT1",9
"KIF11","BCL2L11",10
"KIF11","BIRC5",11
"KIF11","BMF",12
"KIF11","BRCA1",13
"KIF11","BRIP1",14
"KIF11","BTG1",15
"KIF11","BUB1",16
"KIF11","BUB1B",17
"KIF11","BYSL",18
"KIF11","C4orf46",19
"KIF11","CCDC34",20
"KIF11","CCDC86",21
"KIF11","CCNA2",22
"KIF11","CCNB1",23
"KIF11","CCNB2",24
"KIF11","CCNE2",25
"KIF11","CD53",26
"KIF11","CDC20",27
"KIF11","CDC42EP3",28
"KIF11","CDC45",29
"KIF11","CDC6",30
"KIF11","CDCA2",31
"KIF11","CDCA3",32
"KIF11","CDCA5",33
"KIF11","CDK1",34
"KIF11","CDK6",35
"KIF11","CDKN3",36
"KIF11","CDT1",37
"KIF11","CELF2",38
"KIF11","CENPA",39
"KIF11","CENPE",40
"KIF11","CENPF",41
"KIF11","CENPH",42
"KIF11","CENPK",43
"KIF11","CENPN",44
"KIF11","CENPU",45
"KIF11","CENPV",46
"KIF11","CENPW",47
"KIF11","CEP55",48
"KIF11","CHEK1",49
"KIF11","CKAP2",50
"KIF11","CKAP2L",51
"KIF11","CKS1B",52
"KIF11","CLEC2B",53
"KIF11","CRNDE",54
"KIF11","DDIT4",55
"KIF11","DENND3",56
"KIF11","DEPDC1",57
"KIF11","DEPDC1B",58
"KIF11","DFNA5",59
"KIF11","DHFR",60
"KIF11","DHX9",61
"KIF11","DLGAP5",62
"KIF11","DPEP1",63
"KIF11","DSCC1",64
"KIF11","DTL",65
"KIF11","E2F7",66
"KIF11","E2F8",67
"KIF11","ECT2",68
"KIF11","EGR1",69
"KIF11","FABP5",70
"KIF11","FAM72C",71
"KIF11","FANCI",72
"KIF11","FCER1G",73
"KIF11","FCGR3B",74
"KIF11","FEN1",75
"KIF11","FGR",76
"KIF11","FH",77
"KIF11","FOXM1",78
"KIF11","FUS",79
"KIF11","GBP4",80
"KIF11","GGH",81
"KIF11","GIMAP4",82
"KIF11","GIMAP7",83
"KIF11","GINS1",84
"KIF11","GINS2",85
"KIF11","GSN",86
"KIF11","GVINP1",87
"KIF11","HBB",88
"KIF11","HELLS",89
"KIF11","HIST4H4",90
"KIF11","HJURP",91
"KIF11","HMMR",92
"KIF11","HSP90AB1",93
"KIF11","ID2",94
"KIF11","IFNGR1",95
"KIF11","IGH",96
"KIF11","IGLC1",97
"KIF11","IL18R1",98
"KIF11","IL1B",99
"KIF11","IL6ST",100
"KIF11","IQGAP3",101
"KIF11","IRAK3",102
"KIF11","ISG20",103
"KIF11","ITGAM",104
"KIF11","KIAA0101",105
"KIF11","KIF11",106
"KIF11","KIF14",107
"KIF11","KIF15",108
"KIF11","KIF18A",109
"KIF11","KIF18B",110
"KIF11","KIF20A",111
"KIF11","KIF23",112
"KIF11","KIF2C",113
"KIF11","KIF4A",114
"KIF11","KNL1",115
"KIF11","LILRB2",116
"KIF11","LOC100996643",117
"KIF11","LYZ",118
"KIF11","MAD2L1",119
"KIF11","MCM10",120
"KIF11","MCM4",121
"KIF11","MCM5",122
"KIF11","MCM7",123
"KIF11","MDK",124
"KIF11","MELK",125
"KIF11","MIR6845",126
"KIF11","MIR8071-1",127
"KIF11","MKI67",128
"KIF11","MND1",129
"KIF11","MPV17L",130
"KIF11","MS4A1",131
"KIF11","MS4A4A",132
"KIF11","MS4A7",133
"KIF11","MTHFD2",134
"KIF11","MTSS1",135
"KIF11","NCAPG",136
"KIF11","NCAPH",137
"KIF11","NEAT1",138
"KIF11","NEDD9",139
"KIF11","NEK2",140
"KIF11","NME1",141
"KIF11","NPCDR1",142
"KIF11","NUF2",143
"KIF11","NUSAP1",144
"KIF11","OIP5",145
"KIF11","P2RY14",146
"KIF11","PAICS",147
"KIF11","PBK",148
"KIF11","PCNA",149
"KIF11","PDE4B",150
"KIF11","PHF19",151
"KIF11","PIK3IP1",152
"KIF11","PLK4",153
"KIF11","POLE2",154
"KIF11","POLQ",155
"KIF11","PPIF",156
"KIF11","PPP1R16B",157
"KIF11","PRR11",158
"KIF11","PSPH",159
"KIF11","PTP4A1",160
"KIF11","PTTG1",161
"KIF11","RAD51",162
"KIF11","RAD51AP1",163
"KIF11","RBM14",164
"KIF11","RFC3",165
"KIF11","RHOBTB3",166
"KIF11","RMI2",167
"KIF11","RNASET2",168
"KIF11","RRM2",169
"KIF11","S100A8",170
"KIF11","SCML4",171
"KIF11","SELENOI",172
"KIF11","SERPINA1",173
"KIF11","SERPINB9",174
"KIF11","SESN1",175
"KIF11","SHCBP1",176
"KIF11","SKP2",177
"KIF11","SLC22A23",178
"KIF11","SMAP2",179
"KIF11","SMC2",180
"KIF11","SNORA21",181
"KIF11","SNORD3B-1",182
"KIF11","SNX29P2",183
"KIF11","SOS1",184
"KIF11","SQLE",185
"KIF11","STIL",186
"KIF11","SUV39H2",187
"KIF11","TARSL2",188
"KIF11","TBXA2R",189
"KIF11","TCF19",190
"KIF11","TIMELESS",191
"KIF11","TIPIN",192
"KIF11","TK1",193
"KIF11","TMEM2",194
"KIF11","TMEM97",195
"KIF11","TNFRSF21",196
"KIF11","TOP2A",197
"KIF11","TPX2",198
"KIF11","TRIP13",199
"KIF11","TTK",200
"KIF11","TXNIP",201
"KIF11","TYMS",202
"KIF11","UBE2C",203
"KIF11","UBE2T",204
"KIF11","WDHD1",205
"KIF11","WDR76",206
"KIF11","ZNF367",207
"KIF11","ZWINT",208
"KIF14","ANLN",1
"KIF14","ANP32E",2
"KIF14","APITD1-CORT",3
"KIF14","ARPP21",4
"KIF14","ASF1B",5
"KIF14","ASPM",6
"KIF14","ATAD2",7
"KIF14","AURKA",8
"KIF14","AURKB",9
"KIF14","B3GNT2",10
"KIF14","BCAT1",11
"KIF14","BCL2L11",12
"KIF14","BIRC5",13
"KIF14","BMF",14
"KIF14","BRCA1",15
"KIF14","BRIP1",16
"KIF14","BTG1",17
"KIF14","BUB1",18
"KIF14","BUB1B",19
"KIF14","BYSL",20
"KIF14","C4orf46",21
"KIF14","CCDC34",22
"KIF14","CCDC86",23
"KIF14","CCNA2",24
"KIF14","CCNB1",25
"KIF14","CCNB2",26
"KIF14","CCNE2",27
"KIF14","CCNL1",28
"KIF14","CCR1",29
"KIF14","CD53",30
"KIF14","CDC20",31
"KIF14","CDC42EP3",32
"KIF14","CDC45",33
"KIF14","CDC6",34
"KIF14","CDCA2",35
"KIF14","CDCA3",36
"KIF14","CDCA5",37
"KIF14","CDK1",38
"KIF14","CDK6",39
"KIF14","CDKN3",40
"KIF14","CDT1",41
"KIF14","CELF2",42
"KIF14","CENPA",43
"KIF14","CENPE",44
"KIF14","CENPF",45
"KIF14","CENPH",46
"KIF14","CENPK",47
"KIF14","CENPN",48
"KIF14","CENPU",49
"KIF14","CENPV",50
"KIF14","CENPW",51
"KIF14","CEP55",52
"KIF14","CHEK1",53
"KIF14","CKAP2",54
"KIF14","CKAP2L",55
"KIF14","CKS1B",56
"KIF14","CLEC2B",57
"KIF14","CPM",58
"KIF14","CRNDE",59
"KIF14","DEFA1",60
"KIF14","DENND3",61
"KIF14","DEPDC1",62
"KIF14","DEPDC1B",63
"KIF14","DFNA5",64
"KIF14","DHFR",65
"KIF14","DHX9",66
"KIF14","DLGAP5",67
"KIF14","DPEP1",68
"KIF14","DSCC1",69
"KIF14","DTL",70
"KIF14","E2F7",71
"KIF14","E2F8",72
"KIF14","ECT2",73
"KIF14","EGR1",74
"KIF14","EMP1",75
"KIF14","FAM72C",76
"KIF14","FANCI",77
"KIF14","FCER1G",78
"KIF14","FCGR3B",79
"KIF14","FEN1",80
"KIF14","FGD2",81
"KIF14","FGR",82
"KIF14","FH",83
"KIF14","FOXM1",84
"KIF14","FUS",85
"KIF14","GBP4",86
"KIF14","GGH",87
"KIF14","GIMAP4",88
"KIF14","GIMAP7",89
"KIF14","GINS1",90
"KIF14","GINS2",91
"KIF14","GSN",92
"KIF14","HBB",93
"KIF14","HBG1",94
"KIF14","HELLS",95
"KIF14","HIST4H4",96
"KIF14","HJURP",97
"KIF14","HMMR",98
"KIF14","HRK",99
"KIF14","ID2",100
"KIF14","IFNGR1",101
"KIF14","IGH",102
"KIF14","IGLC1",103
"KIF14","IL1B",104
"KIF14","IL6ST",105
"KIF14","IQGAP3",106
"KIF14","IRAK3",107
"KIF14","ISG20",108
"KIF14","ITGAM",109
"KIF14","KIAA0101",110
"KIF14","KIF11",111
"KIF14","KIF14",112
"KIF14","KIF15",113
"KIF14","KIF18A",114
"KIF14","KIF18B",115
"KIF14","KIF20A",116
"KIF14","KIF23",117
"KIF14","KIF2C",118
"KIF14","KIF4A",119
"KIF14","KNL1",120
"KIF14","LILRB2",121
"KIF14","LOC100996643",122
"KIF14","LY96",123
"KIF14","LYZ",124
"KIF14","MAD2L1",125
"KIF14","MCM10",126
"KIF14","MCM4",127
"KIF14","MCM5",128
"KIF14","MCM7",129
"KIF14","MDK",130
"KIF14","MELK",131
"KIF14","METTL7A",132
"KIF14","MIR4683",133
"KIF14","MIR6845",134
"KIF14","MIR8071-1",135
"KIF14","MKI67",136
"KIF14","MND1",137
"KIF14","MS4A1",138
"KIF14","MS4A4A",139
"KIF14","MS4A7",140
"KIF14","MTHFD2",141
"KIF14","MTSS1",142
"KIF14","NCAPG",143
"KIF14","NCAPH",144
"KIF14","NEAT1",145
"KIF14","NEDD9",146
"KIF14","NEK2",147
"KIF14","NME1",148
"KIF14","NPCDR1",149
"KIF14","NUF2",150
"KIF14","NUSAP1",151
"KIF14","OIP5",152
"KIF14","P2RY14",153
"KIF14","PAICS",154
"KIF14","PBK",155
"KIF14","PCNA",156
"KIF14","PDE4B",157
"KIF14","PHF19",158
"KIF14","PIK3IP1",159
"KIF14","PLK4",160
"KIF14","POLE2",161
"KIF14","POLQ",162
"KIF14","POU4F1",163
"KIF14","PPIF",164
"KIF14","PPP1R16B",165
"KIF14","PRR11",166
"KIF14","PSPH",167
"KIF14","PTP4A1",168
"KIF14","PTTG1",169
"KIF14","RAD51",170
"KIF14","RAD51AP1",171
"KIF14","RBM14",172
"KIF14","RBMS3",173
"KIF14","RCC1",174
"KIF14","RFC3",175
"KIF14","RHOBTB3",176
"KIF14","RMI2",177
"KIF14","RNASET2",178
"KIF14","RRM2",179
"KIF14","S100A8",180
"KIF14","SCML4",181
"KIF14","SELENOI",182
"KIF14","SERPINA1",183
"KIF14","SERPINB9",184
"KIF14","SESN1",185
"KIF14","SHCBP1",186
"KIF14","SIK1",187
"KIF14","SKP2",188
"KIF14","SLC22A23",189
"KIF14","SMAP2",190
"KIF14","SMC2",191
"KIF14","SNORA21",192
"KIF14","SOS1",193
"KIF14","SQLE",194
"KIF14","STIL",195
"KIF14","SUV39H2",196
"KIF14","TARSL2",197
"KIF14","TBXA2R",198
"KIF14","TCF19",199
"KIF14","TIMELESS",200
"KIF14","TIPIN",201
"KIF14","TK1",202
"KIF14","TMEM97",203
"KIF14","TNFRSF21",204
"KIF14","TOP2A",205
"KIF14","TPX2",206
"KIF14","TRIP13",207
"KIF14","TTK",208
"KIF14","TXNIP",209
"KIF14","TYMS",210
"KIF14","UBE2C",211
"KIF14","UBE2T",212
"KIF14","WDHD1",213
"KIF14","WDR76",214
"KIF14","ZFP36L2",215
"KIF14","ZNF367",216
"KIF14","ZWINT",217
"KIF15","ANLN",1
"KIF15","ANP32E",2
"KIF15","APITD1-CORT",3
"KIF15","ASF1B",4
"KIF15","ASPM",5
"KIF15","ATAD2",6
"KIF15","AURKA",7
"KIF15","AURKB",8
"KIF15","BCAT1",9
"KIF15","BCL2L11",10
"KIF15","BIRC5",11
"KIF15","BMF",12
"KIF15","BRCA1",13
"KIF15","BRIP1",14
"KIF15","BTG1",15
"KIF15","BUB1",16
"KIF15","BUB1B",17
"KIF15","BYSL",18
"KIF15","C4orf46",19
"KIF15","CCDC34",20
"KIF15","CCDC86",21
"KIF15","CCNA2",22
"KIF15","CCNB1",23
"KIF15","CCNB2",24
"KIF15","CCNE2",25
"KIF15","CCNL1",26
"KIF15","CD53",27
"KIF15","CDC20",28
"KIF15","CDC42EP3",29
"KIF15","CDC45",30
"KIF15","CDC6",31
"KIF15","CDCA2",32
"KIF15","CDCA3",33
"KIF15","CDCA5",34
"KIF15","CDK1",35
"KIF15","CDKN3",36
"KIF15","CDT1",37
"KIF15","CELF2",38
"KIF15","CENPA",39
"KIF15","CENPE",40
"KIF15","CENPF",41
"KIF15","CENPH",42
"KIF15","CENPK",43
"KIF15","CENPN",44
"KIF15","CENPU",45
"KIF15","CENPV",46
"KIF15","CENPW",47
"KIF15","CEP55",48
"KIF15","CHEK1",49
"KIF15","CKAP2",50
"KIF15","CKAP2L",51
"KIF15","CKS1B",52
"KIF15","CLEC2B",53
"KIF15","CPM",54
"KIF15","CRNDE",55
"KIF15","DEFA1",56
"KIF15","DENND3",57
"KIF15","DEPDC1",58
"KIF15","DEPDC1B",59
"KIF15","DFNA5",60
"KIF15","DHFR",61
"KIF15","DHX9",62
"KIF15","DLGAP5",63
"KIF15","DPEP1",64
"KIF15","DSCC1",65
"KIF15","DTL",66
"KIF15","E2F7",67
"KIF15","E2F8",68
"KIF15","ECT2",69
"KIF15","EGR1",70
"KIF15","FABP5",71
"KIF15","FAM72C",72
"KIF15","FANCI",73
"KIF15","FCER1G",74
"KIF15","FCGR3B",75
"KIF15","FEN1",76
"KIF15","FGD2",77
"KIF15","FGR",78
"KIF15","FH",79
"KIF15","FOXM1",80
"KIF15","FUS",81
"KIF15","GBP4",82
"KIF15","GGH",83
"KIF15","GIMAP4",84
"KIF15","GIMAP7",85
"KIF15","GINS1",86
"KIF15","GINS2",87
"KIF15","GVINP1",88
"KIF15","HBB",89
"KIF15","HBG1",90
"KIF15","HELLS",91
"KIF15","HIST4H4",92
"KIF15","HJURP",93
"KIF15","HMMR",94
"KIF15","ID2",95
"KIF15","IFNGR1",96
"KIF15","IGH",97
"KIF15","IGLC1",98
"KIF15","IL18R1",99
"KIF15","IL1B",100
"KIF15","IQGAP3",101
"KIF15","IRAK3",102
"KIF15","ISG20",103
"KIF15","KIAA0101",104
"KIF15","KIF11",105
"KIF15","KIF14",106
"KIF15","KIF15",107
"KIF15","KIF18A",108
"KIF15","KIF18B",109
"KIF15","KIF20A",110
"KIF15","KIF23",111
"KIF15","KIF2C",112
"KIF15","KIF4A",113
"KIF15","KNL1",114
"KIF15","LILRB2",115
"KIF15","LOC100996643",116
"KIF15","LOC728175",117
"KIF15","LYZ",118
"KIF15","MAD2L1",119
"KIF15","MCM10",120
"KIF15","MCM4",121
"KIF15","MCM5",122
"KIF15","MCM7",123
"KIF15","MDK",124
"KIF15","MELK",125
"KIF15","METTL7A",126
"KIF15","MIR6845",127
"KIF15","MIR8071-1",128
"KIF15","MKI67",129
"KIF15","MND1",130
"KIF15","MS4A1",131
"KIF15","MS4A4A",132
"KIF15","MS4A7",133
"KIF15","MTHFD2",134
"KIF15","MTSS1",135
"KIF15","NCAPG",136
"KIF15","NCAPH",137
"KIF15","NEAT1",138
"KIF15","NEDD9",139
"KIF15","NEK2",140
"KIF15","NME1",141
"KIF15","NPCDR1",142
"KIF15","NUF2",143
"KIF15","NUSAP1",144
"KIF15","OIP5",145
"KIF15","P2RY14",146
"KIF15","PAICS",147
"KIF15","PBK",148
"KIF15","PCNA",149
"KIF15","PDE4B",150
"KIF15","PHF19",151
"KIF15","PIK3IP1",152
"KIF15","PLK4",153
"KIF15","POLE2",154
"KIF15","POLQ",155
"KIF15","PPIF",156
"KIF15","PPP1R16B",157
"KIF15","PRR11",158
"KIF15","PSPH",159
"KIF15","PTP4A1",160
"KIF15","PTTG1",161
"KIF15","RAD51",162
"KIF15","RAD51AP1",163
"KIF15","RBM14",164
"KIF15","RCC1",165
"KIF15","RFC3",166
"KIF15","RMI2",167
"KIF15","RNASET2",168
"KIF15","RRM2",169
"KIF15","S100A8",170
"KIF15","SCML4",171
"KIF15","SELENOI",172
"KIF15","SERPINA1",173
"KIF15","SERPINB9",174
"KIF15","SESN1",175
"KIF15","SHCBP1",176
"KIF15","SIK1",177
"KIF15","SKP2",178
"KIF15","SLC22A23",179
"KIF15","SMAP2",180
"KIF15","SMC2",181
"KIF15","SNORA21",182
"KIF15","SNORD3B-1",183
"KIF15","SNX29P2",184
"KIF15","SOS1",185
"KIF15","SQLE",186
"KIF15","STIL",187
"KIF15","SUV39H2",188
"KIF15","TARSL2",189
"KIF15","TBXA2R",190
"KIF15","TCF19",191
"KIF15","TENM4",192
"KIF15","TIMELESS",193
"KIF15","TIPIN",194
"KIF15","TK1",195
"KIF15","TMEM97",196
"KIF15","TNFRSF21",197
"KIF15","TOP2A",198
"KIF15","TPX2",199
"KIF15","TRIP13",200
"KIF15","TTK",201
"KIF15","TXNIP",202
"KIF15","TYMS",203
"KIF15","UBE2C",204
"KIF15","UBE2T",205
"KIF15","WDHD1",206
"KIF15","WDR76",207
"KIF15","ZNF367",208
"KIF15","ZWINT",209
"KIF18A","ANLN",1
"KIF18A","ANP32E",2
"KIF18A","APITD1-CORT",3
"KIF18A","ARPP21",4
"KIF18A","ASF1B",5
"KIF18A","ASPM",6
"KIF18A","ATAD2",7
"KIF18A","AURKA",8
"KIF18A","AURKB",9
"KIF18A","B3GNT2",10
"KIF18A","BCAT1",11
"KIF18A","BCL2L11",12
"KIF18A","BIRC5",13
"KIF18A","BMF",14
"KIF18A","BRCA1",15
"KIF18A","BRIP1",16
"KIF18A","BTG1",17
"KIF18A","BUB1",18
"KIF18A","BUB1B",19
"KIF18A","BYSL",20
"KIF18A","C4orf46",21
"KIF18A","CCDC34",22
"KIF18A","CCDC86",23
"KIF18A","CCNA2",24
"KIF18A","CCNB1",25
"KIF18A","CCNB2",26
"KIF18A","CCNE2",27
"KIF18A","CCNL1",28
"KIF18A","CCR1",29
"KIF18A","CD53",30
"KIF18A","CDC20",31
"KIF18A","CDC42EP3",32
"KIF18A","CDC45",33
"KIF18A","CDC6",34
"KIF18A","CDCA2",35
"KIF18A","CDCA3",36
"KIF18A","CDCA5",37
"KIF18A","CDK1",38
"KIF18A","CDK6",39
"KIF18A","CDKN3",40
"KIF18A","CDT1",41
"KIF18A","CELF2",42
"KIF18A","CENPA",43
"KIF18A","CENPE",44
"KIF18A","CENPF",45
"KIF18A","CENPH",46
"KIF18A","CENPK",47
"KIF18A","CENPN",48
"KIF18A","CENPU",49
"KIF18A","CENPV",50
"KIF18A","CENPW",51
"KIF18A","CEP55",52
"KIF18A","CHEK1",53
"KIF18A","CKAP2",54
"KIF18A","CKAP2L",55
"KIF18A","CKS1B",56
"KIF18A","CLEC2B",57
"KIF18A","CPM",58
"KIF18A","CRNDE",59
"KIF18A","DEFA1",60
"KIF18A","DENND3",61
"KIF18A","DEPDC1",62
"KIF18A","DEPDC1B",63
"KIF18A","DFNA5",64
"KIF18A","DHFR",65
"KIF18A","DHX9",66
"KIF18A","DLGAP5",67
"KIF18A","DPEP1",68
"KIF18A","DSCC1",69
"KIF18A","DTL",70
"KIF18A","E2F7",71
"KIF18A","E2F8",72
"KIF18A","ECT2",73
"KIF18A","EGR1",74
"KIF18A","EMP1",75
"KIF18A","FAM72C",76
"KIF18A","FANCI",77
"KIF18A","FCER1G",78
"KIF18A","FCGR3B",79
"KIF18A","FEN1",80
"KIF18A","FGD2",81
"KIF18A","FGR",82
"KIF18A","FH",83
"KIF18A","FOXM1",84
"KIF18A","FUS",85
"KIF18A","GBP4",86
"KIF18A","GGH",87
"KIF18A","GIMAP4",88
"KIF18A","GIMAP7",89
"KIF18A","GINS1",90
"KIF18A","GINS2",91
"KIF18A","GSN",92
"KIF18A","HBB",93
"KIF18A","HBG1",94
"KIF18A","HELLS",95
"KIF18A","HIST4H4",96
"KIF18A","HJURP",97
"KIF18A","HMMR",98
"KIF18A","HRK",99
"KIF18A","ID2",100
"KIF18A","IFNGR1",101
"KIF18A","IGH",102
"KIF18A","IGLC1",103
"KIF18A","IL1B",104
"KIF18A","IL6ST",105
"KIF18A","IQGAP3",106
"KIF18A","IRAK3",107
"KIF18A","ISG20",108
"KIF18A","ITGAM",109
"KIF18A","KIAA0101",110
"KIF18A","KIF11",111
"KIF18A","KIF14",112
"KIF18A","KIF15",113
"KIF18A","KIF18A",114
"KIF18A","KIF18B",115
"KIF18A","KIF20A",116
"KIF18A","KIF23",117
"KIF18A","KIF2C",118
"KIF18A","KIF4A",119
"KIF18A","KNL1",120
"KIF18A","LILRB2",121
"KIF18A","LOC100996643",122
"KIF18A","LY96",123
"KIF18A","LYZ",124
"KIF18A","MAD2L1",125
"KIF18A","MCM10",126
"KIF18A","MCM4",127
"KIF18A","MCM5",128
"KIF18A","MCM7",129
"KIF18A","MDK",130
"KIF18A","MELK",131
"KIF18A","METTL7A",132
"KIF18A","MIR4683",133
"KIF18A","MIR6845",134
"KIF18A","MIR8071-1",135
"KIF18A","MKI67",136
"KIF18A","MND1",137
"KIF18A","MS4A1",138
"KIF18A","MS4A4A",139
"KIF18A","MS4A7",140
"KIF18A","MTHFD2",141
"KIF18A","MTSS1",142
"KIF18A","NCAPG",143
"KIF18A","NCAPH",144
"KIF18A","NEAT1",145
"KIF18A","NEDD9",146
"KIF18A","NEK2",147
"KIF18A","NME1",148
"KIF18A","NPCDR1",149
"KIF18A","NUF2",150
"KIF18A","NUSAP1",151
"KIF18A","OIP5",152
"KIF18A","P2RY14",153
"KIF18A","PAICS",154
"KIF18A","PBK",155
"KIF18A","PCNA",156
"KIF18A","PDE4B",157
"KIF18A","PHF19",158
"KIF18A","PIK3IP1",159
"KIF18A","PLK4",160
"KIF18A","POLE2",161
"KIF18A","POLQ",162
"KIF18A","POU4F1",163
"KIF18A","PPIF",164
"KIF18A","PPP1R16B",165
"KIF18A","PRR11",166
"KIF18A","PSPH",167
"KIF18A","PTP4A1",168
"KIF18A","PTTG1",169
"KIF18A","RAD51",170
"KIF18A","RAD51AP1",171
"KIF18A","RBM14",172
"KIF18A","RBMS3",173
"KIF18A","RCC1",174
"KIF18A","RFC3",175
"KIF18A","RHOBTB3",176
"KIF18A","RMI2",177
"KIF18A","RNASET2",178
"KIF18A","RRM2",179
"KIF18A","S100A8",180
"KIF18A","SCML4",181
"KIF18A","SELENOI",182
"KIF18A","SERPINA1",183
"KIF18A","SERPINB9",184
"KIF18A","SESN1",185
"KIF18A","SHCBP1",186
"KIF18A","SIK1",187
"KIF18A","SKP2",188
"KIF18A","SLC22A23",189
"KIF18A","SMAP2",190
"KIF18A","SMC2",191
"KIF18A","SNORA21",192
"KIF18A","SOS1",193
"KIF18A","SQLE",194
"KIF18A","STIL",195
"KIF18A","SUV39H2",196
"KIF18A","TARSL2",197
"KIF18A","TBXA2R",198
"KIF18A","TCF19",199
"KIF18A","TIMELESS",200
"KIF18A","TIPIN",201
"KIF18A","TK1",202
"KIF18A","TMEM97",203
"KIF18A","TNFRSF21",204
"KIF18A","TOP2A",205
"KIF18A","TPX2",206
"KIF18A","TRIP13",207
"KIF18A","TTK",208
"KIF18A","TXNIP",209
"KIF18A","TYMS",210
"KIF18A","UBE2C",211
"KIF18A","UBE2T",212
"KIF18A","WDHD1",213
"KIF18A","WDR76",214
"KIF18A","ZFP36L2",215
"KIF18A","ZNF367",216
"KIF18A","ZWINT",217
"KIF18B","ANLN",1
"KIF18B","ANP32E",2
"KIF18B","APITD1-CORT",3
"KIF18B","ARPP21",4
"KIF18B","ASF1B",5
"KIF18B","ASPM",6
"KIF18B","ATAD2",7
"KIF18B","AURKA",8
"KIF18B","AURKB",9
"KIF18B","B3GNT2",10
"KIF18B","BCAT1",11
"KIF18B","BCL2L11",12
"KIF18B","BIRC5",13
"KIF18B","BMF",14
"KIF18B","BRCA1",15
"KIF18B","BRIP1",16
"KIF18B","BTG1",17
"KIF18B","BUB1",18
"KIF18B","BUB1B",19
"KIF18B","BYSL",20
"KIF18B","C4orf46",21
"KIF18B","CCDC34",22
"KIF18B","CCDC86",23
"KIF18B","CCNA2",24
"KIF18B","CCNB1",25
"KIF18B","CCNB2",26
"KIF18B","CCNE2",27
"KIF18B","CCNL1",28
"KIF18B","CCR1",29
"KIF18B","CD53",30
"KIF18B","CDC20",31
"KIF18B","CDC42EP3",32
"KIF18B","CDC45",33
"KIF18B","CDC6",34
"KIF18B","CDCA2",35
"KIF18B","CDCA3",36
"KIF18B","CDCA5",37
"KIF18B","CDK1",38
"KIF18B","CDK6",39
"KIF18B","CDKN3",40
"KIF18B","CDT1",41
"KIF18B","CELF2",42
"KIF18B","CENPA",43
"KIF18B","CENPE",44
"KIF18B","CENPF",45
"KIF18B","CENPH",46
"KIF18B","CENPK",47
"KIF18B","CENPN",48
"KIF18B","CENPU",49
"KIF18B","CENPV",50
"KIF18B","CENPW",51
"KIF18B","CEP55",52
"KIF18B","CHEK1",53
"KIF18B","CKAP2",54
"KIF18B","CKAP2L",55
"KIF18B","CKS1B",56
"KIF18B","CLEC2B",57
"KIF18B","CPM",58
"KIF18B","CRNDE",59
"KIF18B","DEFA1",60
"KIF18B","DENND3",61
"KIF18B","DEPDC1",62
"KIF18B","DEPDC1B",63
"KIF18B","DFNA5",64
"KIF18B","DHFR",65
"KIF18B","DHX9",66
"KIF18B","DLGAP5",67
"KIF18B","DPEP1",68
"KIF18B","DSCC1",69
"KIF18B","DTL",70
"KIF18B","E2F7",71
"KIF18B","E2F8",72
"KIF18B","ECT2",73
"KIF18B","EGR1",74
"KIF18B","EMP1",75
"KIF18B","FAM72C",76
"KIF18B","FANCI",77
"KIF18B","FCER1G",78
"KIF18B","FCGR3B",79
"KIF18B","FEN1",80
"KIF18B","FGD2",81
"KIF18B","FGR",82
"KIF18B","FH",83
"KIF18B","FOXM1",84
"KIF18B","FUS",85
"KIF18B","GBP4",86
"KIF18B","GGH",87
"KIF18B","GIMAP4",88
"KIF18B","GIMAP7",89
"KIF18B","GINS1",90
"KIF18B","GINS2",91
"KIF18B","GSN",92
"KIF18B","HBB",93
"KIF18B","HBG1",94
"KIF18B","HELLS",95
"KIF18B","HIST4H4",96
"KIF18B","HJURP",97
"KIF18B","HMMR",98
"KIF18B","HRK",99
"KIF18B","ID2",100
"KIF18B","IFNGR1",101
"KIF18B","IGH",102
"KIF18B","IGLC1",103
"KIF18B","IL1B",104
"KIF18B","IL6ST",105
"KIF18B","IQGAP3",106
"KIF18B","IRAK3",107
"KIF18B","ISG20",108
"KIF18B","ITGAM",109
"KIF18B","KIAA0101",110
"KIF18B","KIF11",111
"KIF18B","KIF14",112
"KIF18B","KIF15",113
"KIF18B","KIF18A",114
"KIF18B","KIF18B",115
"KIF18B","KIF20A",116
"KIF18B","KIF23",117
"KIF18B","KIF2C",118
"KIF18B","KIF4A",119
"KIF18B","KNL1",120
"KIF18B","LILRB2",121
"KIF18B","LOC100996643",122
"KIF18B","LY96",123
"KIF18B","LYZ",124
"KIF18B","MAD2L1",125
"KIF18B","MCM10",126
"KIF18B","MCM4",127
"KIF18B","MCM5",128
"KIF18B","MCM7",129
"KIF18B","MDK",130
"KIF18B","MELK",131
"KIF18B","METTL7A",132
"KIF18B","MIR4683",133
"KIF18B","MIR6845",134
"KIF18B","MIR8071-1",135
"KIF18B","MKI67",136
"KIF18B","MND1",137
"KIF18B","MS4A1",138
"KIF18B","MS4A4A",139
"KIF18B","MS4A7",140
"KIF18B","MTHFD2",141
"KIF18B","MTSS1",142
"KIF18B","NCAPG",143
"KIF18B","NCAPH",144
"KIF18B","NEAT1",145
"KIF18B","NEDD9",146
"KIF18B","NEK2",147
"KIF18B","NME1",148
"KIF18B","NPCDR1",149
"KIF18B","NUF2",150
"KIF18B","NUSAP1",151
"KIF18B","OIP5",152
"KIF18B","P2RY14",153
"KIF18B","PAICS",154
"KIF18B","PBK",155
"KIF18B","PCNA",156
"KIF18B","PDE4B",157
"KIF18B","PHF19",158
"KIF18B","PIK3IP1",159
"KIF18B","PLK4",160
"KIF18B","POLE2",161
"KIF18B","POLQ",162
"KIF18B","POU4F1",163
"KIF18B","PPIF",164
"KIF18B","PPP1R16B",165
"KIF18B","PRR11",166
"KIF18B","PSPH",167
"KIF18B","PTP4A1",168
"KIF18B","PTTG1",169
"KIF18B","RAD51",170
"KIF18B","RAD51AP1",171
"KIF18B","RBM14",172
"KIF18B","RBMS3",173
"KIF18B","RCC1",174
"KIF18B","RFC3",175
"KIF18B","RHOBTB3",176
"KIF18B","RMI2",177
"KIF18B","RNASET2",178
"KIF18B","RRM2",179
"KIF18B","S100A8",180
"KIF18B","SCML4",181
"KIF18B","SELENOI",182
"KIF18B","SERPINA1",183
"KIF18B","SERPINB9",184
"KIF18B","SESN1",185
"KIF18B","SHCBP1",186
"KIF18B","SIK1",187
"KIF18B","SKP2",188
"KIF18B","SLC22A23",189
"KIF18B","SMAP2",190
"KIF18B","SMC2",191
"KIF18B","SNORA21",192
"KIF18B","SOS1",193
"KIF18B","SQLE",194
"KIF18B","STIL",195
"KIF18B","SUV39H2",196
"KIF18B","TARSL2",197
"KIF18B","TBXA2R",198
"KIF18B","TCF19",199
"KIF18B","TIMELESS",200
"KIF18B","TIPIN",201
"KIF18B","TK1",202
"KIF18B","TMEM97",203
"KIF18B","TNFRSF21",204
"KIF18B","TOP2A",205
"KIF18B","TPX2",206
"KIF18B","TRIP13",207
"KIF18B","TTK",208
"KIF18B","TXNIP",209
"KIF18B","TYMS",210
"KIF18B","UBE2C",211
"KIF18B","UBE2T",212
"KIF18B","WDHD1",213
"KIF18B","WDR76",214
"KIF18B","ZFP36L2",215
"KIF18B","ZNF367",216
"KIF18B","ZWINT",217
"KIF20A","ANLN",1
"KIF20A","ANP32E",2
"KIF20A","APITD1-CORT",3
"KIF20A","ARPP21",4
"KIF20A","ASF1B",5
"KIF20A","ASPM",6
"KIF20A","ATAD2",7
"KIF20A","AURKA",8
"KIF20A","AURKB",9
"KIF20A","B3GNT2",10
"KIF20A","BCAT1",11
"KIF20A","BCL2L11",12
"KIF20A","BIRC5",13
"KIF20A","BMF",14
"KIF20A","BRCA1",15
"KIF20A","BRIP1",16
"KIF20A","BTG1",17
"KIF20A","BUB1",18
"KIF20A","BUB1B",19
"KIF20A","BYSL",20
"KIF20A","C4orf46",21
"KIF20A","CCDC34",22
"KIF20A","CCDC86",23
"KIF20A","CCNA2",24
"KIF20A","CCNB1",25
"KIF20A","CCNB2",26
"KIF20A","CCNE2",27
"KIF20A","CCNL1",28
"KIF20A","CCR1",29
"KIF20A","CD53",30
"KIF20A","CDC20",31
"KIF20A","CDC42EP3",32
"KIF20A","CDC45",33
"KIF20A","CDC6",34
"KIF20A","CDCA2",35
"KIF20A","CDCA3",36
"KIF20A","CDCA5",37
"KIF20A","CDK1",38
"KIF20A","CDK6",39
"KIF20A","CDKN3",40
"KIF20A","CDT1",41
"KIF20A","CELF2",42
"KIF20A","CENPA",43
"KIF20A","CENPE",44
"KIF20A","CENPF",45
"KIF20A","CENPH",46
"KIF20A","CENPK",47
"KIF20A","CENPN",48
"KIF20A","CENPU",49
"KIF20A","CENPV",50
"KIF20A","CENPW",51
"KIF20A","CEP55",52
"KIF20A","CHEK1",53
"KIF20A","CKAP2",54
"KIF20A","CKAP2L",55
"KIF20A","CKS1B",56
"KIF20A","CLEC2B",57
"KIF20A","CPM",58
"KIF20A","CRNDE",59
"KIF20A","DEFA1",60
"KIF20A","DENND3",61
"KIF20A","DEPDC1",62
"KIF20A","DEPDC1B",63
"KIF20A","DFNA5",64
"KIF20A","DHFR",65
"KIF20A","DHX9",66
"KIF20A","DLGAP5",67
"KIF20A","DPEP1",68
"KIF20A","DSCC1",69
"KIF20A","DTL",70
"KIF20A","E2F7",71
"KIF20A","E2F8",72
"KIF20A","ECT2",73
"KIF20A","EGR1",74
"KIF20A","EMP1",75
"KIF20A","FAM72C",76
"KIF20A","FANCI",77
"KIF20A","FCER1G",78
"KIF20A","FCGR3B",79
"KIF20A","FEN1",80
"KIF20A","FGD2",81
"KIF20A","FGR",82
"KIF20A","FH",83
"KIF20A","FOXM1",84
"KIF20A","FUS",85
"KIF20A","GBP4",86
"KIF20A","GGH",87
"KIF20A","GIMAP4",88
"KIF20A","GIMAP7",89
"KIF20A","GINS1",90
"KIF20A","GINS2",91
"KIF20A","GSN",92
"KIF20A","HBB",93
"KIF20A","HBG1",94
"KIF20A","HELLS",95
"KIF20A","HIST4H4",96
"KIF20A","HJURP",97
"KIF20A","HMMR",98
"KIF20A","HRK",99
"KIF20A","ID2",100
"KIF20A","IFNGR1",101
"KIF20A","IGH",102
"KIF20A","IGLC1",103
"KIF20A","IL1B",104
"KIF20A","IL6ST",105
"KIF20A","IQGAP3",106
"KIF20A","IRAK3",107
"KIF20A","ISG20",108
"KIF20A","ITGAM",109
"KIF20A","KIAA0101",110
"KIF20A","KIF11",111
"KIF20A","KIF14",112
"KIF20A","KIF15",113
"KIF20A","KIF18A",114
"KIF20A","KIF18B",115
"KIF20A","KIF20A",116
"KIF20A","KIF23",117
"KIF20A","KIF2C",118
"KIF20A","KIF4A",119
"KIF20A","KNL1",120
"KIF20A","LILRB2",121
"KIF20A","LOC100996643",122
"KIF20A","LY96",123
"KIF20A","LYZ",124
"KIF20A","MAD2L1",125
"KIF20A","MCM10",126
"KIF20A","MCM4",127
"KIF20A","MCM5",128
"KIF20A","MCM7",129
"KIF20A","MDK",130
"KIF20A","MELK",131
"KIF20A","METTL7A",132
"KIF20A","MIR4683",133
"KIF20A","MIR6845",134
"KIF20A","MIR8071-1",135
"KIF20A","MKI67",136
"KIF20A","MND1",137
"KIF20A","MS4A1",138
"KIF20A","MS4A4A",139
"KIF20A","MS4A7",140
"KIF20A","MTHFD2",141
"KIF20A","MTSS1",142
"KIF20A","NCAPG",143
"KIF20A","NCAPH",144
"KIF20A","NEAT1",145
"KIF20A","NEDD9",146
"KIF20A","NEK2",147
"KIF20A","NME1",148
"KIF20A","NPCDR1",149
"KIF20A","NUF2",150
"KIF20A","NUSAP1",151
"KIF20A","OIP5",152
"KIF20A","P2RY14",153
"KIF20A","PAICS",154
"KIF20A","PBK",155
"KIF20A","PCNA",156
"KIF20A","PDE4B",157
"KIF20A","PHF19",158
"KIF20A","PIK3IP1",159
"KIF20A","PLK4",160
"KIF20A","POLE2",161
"KIF20A","POLQ",162
"KIF20A","POU4F1",163
"KIF20A","PPIF",164
"KIF20A","PPP1R16B",165
"KIF20A","PRR11",166
"KIF20A","PSPH",167
"KIF20A","PTP4A1",168
"KIF20A","PTTG1",169
"KIF20A","RAD51",170
"KIF20A","RAD51AP1",171
"KIF20A","RBM14",172
"KIF20A","RBMS3",173
"KIF20A","RCC1",174
"KIF20A","RFC3",175
"KIF20A","RHOBTB3",176
"KIF20A","RMI2",177
"KIF20A","RNASET2",178
"KIF20A","RRM2",179
"KIF20A","S100A8",180
"KIF20A","SCML4",181
"KIF20A","SELENOI",182
"KIF20A","SERPINA1",183
"KIF20A","SERPINB9",184
"KIF20A","SESN1",185
"KIF20A","SHCBP1",186
"KIF20A","SIK1",187
"KIF20A","SKP2",188
"KIF20A","SLC22A23",189
"KIF20A","SMAP2",190
"KIF20A","SMC2",191
"KIF20A","SNORA21",192
"KIF20A","SOS1",193
"KIF20A","SQLE",194
"KIF20A","STIL",195
"KIF20A","SUV39H2",196
"KIF20A","TARSL2",197
"KIF20A","TBXA2R",198
"KIF20A","TCF19",199
"KIF20A","TIMELESS",200
"KIF20A","TIPIN",201
"KIF20A","TK1",202
"KIF20A","TMEM97",203
"KIF20A","TNFRSF21",204
"KIF20A","TOP2A",205
"KIF20A","TPX2",206
"KIF20A","TRIP13",207
"KIF20A","TTK",208
"KIF20A","TXNIP",209
"KIF20A","TYMS",210
"KIF20A","UBE2C",211
"KIF20A","UBE2T",212
"KIF20A","WDHD1",213
"KIF20A","WDR76",214
"KIF20A","ZFP36L2",215
"KIF20A","ZNF367",216
"KIF20A","ZWINT",217
"KIF23","ANLN",1
"KIF23","ANP32E",2
"KIF23","APITD1-CORT",3
"KIF23","ARPP21",4
"KIF23","ASF1B",5
"KIF23","ASPM",6
"KIF23","ATAD2",7
"KIF23","AURKA",8
"KIF23","AURKB",9
"KIF23","B3GNT2",10
"KIF23","BCAT1",11
"KIF23","BCL2L11",12
"KIF23","BIRC5",13
"KIF23","BMF",14
"KIF23","BRCA1",15
"KIF23","BRIP1",16
"KIF23","BTG1",17
"KIF23","BUB1",18
"KIF23","BUB1B",19
"KIF23","BYSL",20
"KIF23","C4orf46",21
"KIF23","CCDC34",22
"KIF23","CCDC86",23
"KIF23","CCNA2",24
"KIF23","CCNB1",25
"KIF23","CCNB2",26
"KIF23","CCNE2",27
"KIF23","CCNL1",28
"KIF23","CCR1",29
"KIF23","CD53",30
"KIF23","CDC20",31
"KIF23","CDC42EP3",32
"KIF23","CDC45",33
"KIF23","CDC6",34
"KIF23","CDCA2",35
"KIF23","CDCA3",36
"KIF23","CDCA5",37
"KIF23","CDK1",38
"KIF23","CDK6",39
"KIF23","CDKN3",40
"KIF23","CDT1",41
"KIF23","CELF2",42
"KIF23","CENPA",43
"KIF23","CENPE",44
"KIF23","CENPF",45
"KIF23","CENPH",46
"KIF23","CENPK",47
"KIF23","CENPN",48
"KIF23","CENPU",49
"KIF23","CENPV",50
"KIF23","CENPW",51
"KIF23","CEP55",52
"KIF23","CHEK1",53
"KIF23","CKAP2",54
"KIF23","CKAP2L",55
"KIF23","CKS1B",56
"KIF23","CLEC2B",57
"KIF23","CPM",58
"KIF23","CRNDE",59
"KIF23","DEFA1",60
"KIF23","DENND3",61
"KIF23","DEPDC1",62
"KIF23","DEPDC1B",63
"KIF23","DFNA5",64
"KIF23","DHFR",65
"KIF23","DHX9",66
"KIF23","DLGAP5",67
"KIF23","DPEP1",68
"KIF23","DSCC1",69
"KIF23","DTL",70
"KIF23","E2F7",71
"KIF23","E2F8",72
"KIF23","ECT2",73
"KIF23","EGR1",74
"KIF23","EMP1",75
"KIF23","FAM72C",76
"KIF23","FANCI",77
"KIF23","FCER1G",78
"KIF23","FCGR3B",79
"KIF23","FEN1",80
"KIF23","FGD2",81
"KIF23","FGR",82
"KIF23","FH",83
"KIF23","FOXM1",84
"KIF23","FUS",85
"KIF23","GBP4",86
"KIF23","GGH",87
"KIF23","GIMAP4",88
"KIF23","GIMAP7",89
"KIF23","GINS1",90
"KIF23","GINS2",91
"KIF23","GSN",92
"KIF23","HBB",93
"KIF23","HBG1",94
"KIF23","HELLS",95
"KIF23","HIST4H4",96
"KIF23","HJURP",97
"KIF23","HMMR",98
"KIF23","HRK",99
"KIF23","ID2",100
"KIF23","IFNGR1",101
"KIF23","IGH",102
"KIF23","IGLC1",103
"KIF23","IL1B",104
"KIF23","IL6ST",105
"KIF23","IQGAP3",106
"KIF23","IRAK3",107
"KIF23","ISG20",108
"KIF23","ITGAM",109
"KIF23","KIAA0101",110
"KIF23","KIF11",111
"KIF23","KIF14",112
"KIF23","KIF15",113
"KIF23","KIF18A",114
"KIF23","KIF18B",115
"KIF23","KIF20A",116
"KIF23","KIF23",117
"KIF23","KIF2C",118
"KIF23","KIF4A",119
"KIF23","KNL1",120
"KIF23","LILRB2",121
"KIF23","LOC100996643",122
"KIF23","LY96",123
"KIF23","LYZ",124
"KIF23","MAD2L1",125
"KIF23","MCM10",126
"KIF23","MCM4",127
"KIF23","MCM5",128
"KIF23","MCM7",129
"KIF23","MDK",130
"KIF23","MELK",131
"KIF23","METTL7A",132
"KIF23","MIR4683",133
"KIF23","MIR6845",134
"KIF23","MIR8071-1",135
"KIF23","MKI67",136
"KIF23","MND1",137
"KIF23","MS4A1",138
"KIF23","MS4A4A",139
"KIF23","MS4A7",140
"KIF23","MTHFD2",141
"KIF23","MTSS1",142
"KIF23","NCAPG",143
"KIF23","NCAPH",144
"KIF23","NEAT1",145
"KIF23","NEDD9",146
"KIF23","NEK2",147
"KIF23","NME1",148
"KIF23","NPCDR1",149
"KIF23","NUF2",150
"KIF23","NUSAP1",151
"KIF23","OIP5",152
"KIF23","P2RY14",153
"KIF23","PAICS",154
"KIF23","PBK",155
"KIF23","PCNA",156
"KIF23","PDE4B",157
"KIF23","PHF19",158
"KIF23","PIK3IP1",159
"KIF23","PLK4",160
"KIF23","POLE2",161
"KIF23","POLQ",162
"KIF23","POU4F1",163
"KIF23","PPIF",164
"KIF23","PPP1R16B",165
"KIF23","PRR11",166
"KIF23","PSPH",167
"KIF23","PTP4A1",168
"KIF23","PTTG1",169
"KIF23","RAD51",170
"KIF23","RAD51AP1",171
"KIF23","RBM14",172
"KIF23","RBMS3",173
"KIF23","RCC1",174
"KIF23","RFC3",175
"KIF23","RHOBTB3",176
"KIF23","RMI2",177
"KIF23","RNASET2",178
"KIF23","RRM2",179
"KIF23","S100A8",180
"KIF23","SCML4",181
"KIF23","SELENOI",182
"KIF23","SERPINA1",183
"KIF23","SERPINB9",184
"KIF23","SESN1",185
"KIF23","SHCBP1",186
"KIF23","SIK1",187
"KIF23","SKP2",188
"KIF23","SLC22A23",189
"KIF23","SMAP2",190
"KIF23","SMC2",191
"KIF23","SNORA21",192
"KIF23","SOS1",193
"KIF23","SQLE",194
"KIF23","STIL",195
"KIF23","SUV39H2",196
"KIF23","TARSL2",197
"KIF23","TBXA2R",198
"KIF23","TCF19",199
"KIF23","TIMELESS",200
"KIF23","TIPIN",201
"KIF23","TK1",202
"KIF23","TMEM97",203
"KIF23","TNFRSF21",204
"KIF23","TOP2A",205
"KIF23","TPX2",206
"KIF23","TRIP13",207
"KIF23","TTK",208
"KIF23","TXNIP",209
"KIF23","TYMS",210
"KIF23","UBE2C",211
"KIF23","UBE2T",212
"KIF23","WDHD1",213
"KIF23","WDR76",214
"KIF23","ZFP36L2",215
"KIF23","ZNF367",216
"KIF23","ZWINT",217
"KIF26A","AKAP12",1
"KIF26A","B3GNT2",2
"KIF26A","BIRC3",3
"KIF26A","BTNL9",4
"KIF26A","DENND3",5
"KIF26A","DPEP1",6
"KIF26A","FABP5",7
"KIF26A","GSN",8
"KIF26A","GVINP1",9
"KIF26A","HBB",10
"KIF26A","HBG1",11
"KIF26A","HRK",12
"KIF26A","ID3",13
"KIF26A","IL1B",14
"KIF26A","IL27RA",15
"KIF26A","IRAK3",16
"KIF26A","ITGB2-AS1",17
"KIF26A","KIF26A",18
"KIF26A","LILRB2",19
"KIF26A","LOC100130872",20
"KIF26A","LOC285097",21
"KIF26A","LOC728175",22
"KIF26A","MDK",23
"KIF26A","MDM2",24
"KIF26A","METTL7A",25
"KIF26A","MIR4683",26
"KIF26A","MPV17L",27
"KIF26A","MSH6",28
"KIF26A","MYRIP",29
"KIF26A","POU4F1",30
"KIF26A","PTP4A1",31
"KIF26A","RAG1",32
"KIF26A","RAG2",33
"KIF26A","RPS6KA2",34
"KIF26A","S100A11",35
"KIF26A","SELENOI",36
"KIF26A","SEMA4D",37
"KIF26A","SIK1",38
"KIF26A","SLA",39
"KIF26A","SLC22A23",40
"KIF26A","SNX10",41
"KIF26A","SNX29P2",42
"KIF26A","SOCS1",43
"KIF26A","SOS1",44
"KIF26A","TENM4",45
"KIF26A","TMEM2",46
"KIF26A","TNFSF8",47
"KIF26A","TRIB1",48
"KIF26A","TUBA4A",49
"KIF26A","WASF1",50
"KIF26A","ZFP36L2",51
"KIF2C","ANLN",1
"KIF2C","ANP32E",2
"KIF2C","APITD1-CORT",3
"KIF2C","ARPP21",4
"KIF2C","ASF1B",5
"KIF2C","ASPM",6
"KIF2C","ATAD2",7
"KIF2C","AURKA",8
"KIF2C","AURKB",9
"KIF2C","B3GNT2",10
"KIF2C","BCAT1",11
"KIF2C","BCL2L11",12
"KIF2C","BIRC5",13
"KIF2C","BMF",14
"KIF2C","BRCA1",15
"KIF2C","BRIP1",16
"KIF2C","BTG1",17
"KIF2C","BUB1",18
"KIF2C","BUB1B",19
"KIF2C","BYSL",20
"KIF2C","C4orf46",21
"KIF2C","CCDC34",22
"KIF2C","CCDC86",23
"KIF2C","CCNA2",24
"KIF2C","CCNB1",25
"KIF2C","CCNB2",26
"KIF2C","CCNE2",27
"KIF2C","CCNL1",28
"KIF2C","CCR1",29
"KIF2C","CD53",30
"KIF2C","CDC20",31
"KIF2C","CDC42EP3",32
"KIF2C","CDC45",33
"KIF2C","CDC6",34
"KIF2C","CDCA2",35
"KIF2C","CDCA3",36
"KIF2C","CDCA5",37
"KIF2C","CDK1",38
"KIF2C","CDK6",39
"KIF2C","CDKN3",40
"KIF2C","CDT1",41
"KIF2C","CELF2",42
"KIF2C","CENPA",43
"KIF2C","CENPE",44
"KIF2C","CENPF",45
"KIF2C","CENPH",46
"KIF2C","CENPK",47
"KIF2C","CENPN",48
"KIF2C","CENPU",49
"KIF2C","CENPV",50
"KIF2C","CENPW",51
"KIF2C","CEP55",52
"KIF2C","CHEK1",53
"KIF2C","CKAP2",54
"KIF2C","CKAP2L",55
"KIF2C","CKS1B",56
"KIF2C","CLEC2B",57
"KIF2C","CPM",58
"KIF2C","CRNDE",59
"KIF2C","DEFA1",60
"KIF2C","DENND3",61
"KIF2C","DEPDC1",62
"KIF2C","DEPDC1B",63
"KIF2C","DFNA5",64
"KIF2C","DHFR",65
"KIF2C","DHX9",66
"KIF2C","DLGAP5",67
"KIF2C","DPEP1",68
"KIF2C","DSCC1",69
"KIF2C","DTL",70
"KIF2C","E2F7",71
"KIF2C","E2F8",72
"KIF2C","ECT2",73
"KIF2C","EGR1",74
"KIF2C","EMP1",75
"KIF2C","FAM72C",76
"KIF2C","FANCI",77
"KIF2C","FCER1G",78
"KIF2C","FCGR3B",79
"KIF2C","FEN1",80
"KIF2C","FGD2",81
"KIF2C","FGR",82
"KIF2C","FH",83
"KIF2C","FOXM1",84
"KIF2C","FUS",85
"KIF2C","GBP4",86
"KIF2C","GGH",87
"KIF2C","GIMAP4",88
"KIF2C","GIMAP7",89
"KIF2C","GINS1",90
"KIF2C","GINS2",91
"KIF2C","GSN",92
"KIF2C","HBB",93
"KIF2C","HBG1",94
"KIF2C","HELLS",95
"KIF2C","HIST4H4",96
"KIF2C","HJURP",97
"KIF2C","HMMR",98
"KIF2C","HRK",99
"KIF2C","ID2",100
"KIF2C","IFNGR1",101
"KIF2C","IGH",102
"KIF2C","IGLC1",103
"KIF2C","IL1B",104
"KIF2C","IL6ST",105
"KIF2C","IQGAP3",106
"KIF2C","IRAK3",107
"KIF2C","ISG20",108
"KIF2C","ITGAM",109
"KIF2C","KIAA0101",110
"KIF2C","KIF11",111
"KIF2C","KIF14",112
"KIF2C","KIF15",113
"KIF2C","KIF18A",114
"KIF2C","KIF18B",115
"KIF2C","KIF20A",116
"KIF2C","KIF23",117
"KIF2C","KIF2C",118
"KIF2C","KIF4A",119
"KIF2C","KNL1",120
"KIF2C","LILRB2",121
"KIF2C","LOC100996643",122
"KIF2C","LY96",123
"KIF2C","LYZ",124
"KIF2C","MAD2L1",125
"KIF2C","MCM10",126
"KIF2C","MCM4",127
"KIF2C","MCM5",128
"KIF2C","MCM7",129
"KIF2C","MDK",130
"KIF2C","MELK",131
"KIF2C","METTL7A",132
"KIF2C","MIR4683",133
"KIF2C","MIR6845",134
"KIF2C","MIR8071-1",135
"KIF2C","MKI67",136
"KIF2C","MND1",137
"KIF2C","MS4A1",138
"KIF2C","MS4A4A",139
"KIF2C","MS4A7",140
"KIF2C","MTHFD2",141
"KIF2C","MTSS1",142
"KIF2C","NCAPG",143
"KIF2C","NCAPH",144
"KIF2C","NEAT1",145
"KIF2C","NEDD9",146
"KIF2C","NEK2",147
"KIF2C","NME1",148
"KIF2C","NPCDR1",149
"KIF2C","NUF2",150
"KIF2C","NUSAP1",151
"KIF2C","OIP5",152
"KIF2C","P2RY14",153
"KIF2C","PAICS",154
"KIF2C","PBK",155
"KIF2C","PCNA",156
"KIF2C","PDE4B",157
"KIF2C","PHF19",158
"KIF2C","PIK3IP1",159
"KIF2C","PLK4",160
"KIF2C","POLE2",161
"KIF2C","POLQ",162
"KIF2C","POU4F1",163
"KIF2C","PPIF",164
"KIF2C","PPP1R16B",165
"KIF2C","PRR11",166
"KIF2C","PSPH",167
"KIF2C","PTP4A1",168
"KIF2C","PTTG1",169
"KIF2C","RAD51",170
"KIF2C","RAD51AP1",171
"KIF2C","RBM14",172
"KIF2C","RBMS3",173
"KIF2C","RCC1",174
"KIF2C","RFC3",175
"KIF2C","RHOBTB3",176
"KIF2C","RMI2",177
"KIF2C","RNASET2",178
"KIF2C","RRM2",179
"KIF2C","S100A8",180
"KIF2C","SCML4",181
"KIF2C","SELENOI",182
"KIF2C","SERPINA1",183
"KIF2C","SERPINB9",184
"KIF2C","SESN1",185
"KIF2C","SHCBP1",186
"KIF2C","SIK1",187
"KIF2C","SKP2",188
"KIF2C","SLC22A23",189
"KIF2C","SMAP2",190
"KIF2C","SMC2",191
"KIF2C","SNORA21",192
"KIF2C","SOS1",193
"KIF2C","SQLE",194
"KIF2C","STIL",195
"KIF2C","SUV39H2",196
"KIF2C","TARSL2",197
"KIF2C","TBXA2R",198
"KIF2C","TCF19",199
"KIF2C","TIMELESS",200
"KIF2C","TIPIN",201
"KIF2C","TK1",202
"KIF2C","TMEM97",203
"KIF2C","TNFRSF21",204
"KIF2C","TOP2A",205
"KIF2C","TPX2",206
"KIF2C","TRIP13",207
"KIF2C","TTK",208
"KIF2C","TXNIP",209
"KIF2C","TYMS",210
"KIF2C","UBE2C",211
"KIF2C","UBE2T",212
"KIF2C","WDHD1",213
"KIF2C","WDR76",214
"KIF2C","ZFP36L2",215
"KIF2C","ZNF367",216
"KIF2C","ZWINT",217
"KIF4A","ANLN",1
"KIF4A","ANP32E",2
"KIF4A","APITD1-CORT",3
"KIF4A","ASF1B",4
"KIF4A","ASPM",5
"KIF4A","ATAD2",6
"KIF4A","AURKA",7
"KIF4A","AURKB",8
"KIF4A","BCAT1",9
"KIF4A","BCL2L11",10
"KIF4A","BIRC5",11
"KIF4A","BMF",12
"KIF4A","BRCA1",13
"KIF4A","BRIP1",14
"KIF4A","BTG1",15
"KIF4A","BUB1",16
"KIF4A","BUB1B",17
"KIF4A","BYSL",18
"KIF4A","C4orf46",19
"KIF4A","CCDC34",20
"KIF4A","CCDC86",21
"KIF4A","CCNA2",22
"KIF4A","CCNB1",23
"KIF4A","CCNB2",24
"KIF4A","CCNE2",25
"KIF4A","CCNL1",26
"KIF4A","CD53",27
"KIF4A","CDC20",28
"KIF4A","CDC42EP3",29
"KIF4A","CDC45",30
"KIF4A","CDC6",31
"KIF4A","CDCA2",32
"KIF4A","CDCA3",33
"KIF4A","CDCA5",34
"KIF4A","CDK1",35
"KIF4A","CDKN3",36
"KIF4A","CDT1",37
"KIF4A","CELF2",38
"KIF4A","CENPA",39
"KIF4A","CENPE",40
"KIF4A","CENPF",41
"KIF4A","CENPH",42
"KIF4A","CENPK",43
"KIF4A","CENPN",44
"KIF4A","CENPU",45
"KIF4A","CENPV",46
"KIF4A","CENPW",47
"KIF4A","CEP55",48
"KIF4A","CHEK1",49
"KIF4A","CKAP2",50
"KIF4A","CKAP2L",51
"KIF4A","CKS1B",52
"KIF4A","CLEC2B",53
"KIF4A","CPM",54
"KIF4A","CRNDE",55
"KIF4A","DEFA1",56
"KIF4A","DENND3",57
"KIF4A","DEPDC1",58
"KIF4A","DEPDC1B",59
"KIF4A","DFNA5",60
"KIF4A","DHFR",61
"KIF4A","DHX9",62
"KIF4A","DLGAP5",63
"KIF4A","DPEP1",64
"KIF4A","DSCC1",65
"KIF4A","DTL",66
"KIF4A","E2F7",67
"KIF4A","E2F8",68
"KIF4A","ECT2",69
"KIF4A","EGR1",70
"KIF4A","FABP5",71
"KIF4A","FAM72C",72
"KIF4A","FANCI",73
"KIF4A","FCER1G",74
"KIF4A","FCGR3B",75
"KIF4A","FEN1",76
"KIF4A","FGD2",77
"KIF4A","FGR",78
"KIF4A","FH",79
"KIF4A","FOXM1",80
"KIF4A","FUS",81
"KIF4A","GBP4",82
"KIF4A","GGH",83
"KIF4A","GIMAP4",84
"KIF4A","GIMAP7",85
"KIF4A","GINS1",86
"KIF4A","GINS2",87
"KIF4A","GVINP1",88
"KIF4A","HBB",89
"KIF4A","HBG1",90
"KIF4A","HELLS",91
"KIF4A","HIST4H4",92
"KIF4A","HJURP",93
"KIF4A","HMMR",94
"KIF4A","ID2",95
"KIF4A","IFNGR1",96
"KIF4A","IGH",97
"KIF4A","IGLC1",98
"KIF4A","IL18R1",99
"KIF4A","IL1B",100
"KIF4A","IQGAP3",101
"KIF4A","IRAK3",102
"KIF4A","ISG20",103
"KIF4A","KIAA0101",104
"KIF4A","KIF11",105
"KIF4A","KIF14",106
"KIF4A","KIF15",107
"KIF4A","KIF18A",108
"KIF4A","KIF18B",109
"KIF4A","KIF20A",110
"KIF4A","KIF23",111
"KIF4A","KIF2C",112
"KIF4A","KIF4A",113
"KIF4A","KNL1",114
"KIF4A","LILRB2",115
"KIF4A","LOC100996643",116
"KIF4A","LOC728175",117
"KIF4A","LYZ",118
"KIF4A","MAD2L1",119
"KIF4A","MCM10",120
"KIF4A","MCM4",121
"KIF4A","MCM5",122
"KIF4A","MCM7",123
"KIF4A","MDK",124
"KIF4A","MELK",125
"KIF4A","METTL7A",126
"KIF4A","MIR6845",127
"KIF4A","MIR8071-1",128
"KIF4A","MKI67",129
"KIF4A","MND1",130
"KIF4A","MS4A1",131
"KIF4A","MS4A4A",132
"KIF4A","MS4A7",133
"KIF4A","MTHFD2",134
"KIF4A","MTSS1",135
"KIF4A","NCAPG",136
"KIF4A","NCAPH",137
"KIF4A","NEAT1",138
"KIF4A","NEDD9",139
"KIF4A","NEK2",140
"KIF4A","NME1",141
"KIF4A","NPCDR1",142
"KIF4A","NUF2",143
"KIF4A","NUSAP1",144
"KIF4A","OIP5",145
"KIF4A","P2RY14",146
"KIF4A","PAICS",147
"KIF4A","PBK",148
"KIF4A","PCNA",149
"KIF4A","PDE4B",150
"KIF4A","PHF19",151
"KIF4A","PIK3IP1",152
"KIF4A","PLK4",153
"KIF4A","POLE2",154
"KIF4A","POLQ",155
"KIF4A","PPIF",156
"KIF4A","PPP1R16B",157
"KIF4A","PRR11",158
"KIF4A","PSPH",159
"KIF4A","PTP4A1",160
"KIF4A","PTTG1",161
"KIF4A","RAD51",162
"KIF4A","RAD51AP1",163
"KIF4A","RBM14",164
"KIF4A","RCC1",165
"KIF4A","RFC3",166
"KIF4A","RMI2",167
"KIF4A","RNASET2",168
"KIF4A","RRM2",169
"KIF4A","S100A8",170
"KIF4A","SCML4",171
"KIF4A","SELENOI",172
"KIF4A","SERPINA1",173
"KIF4A","SERPINB9",174
"KIF4A","SESN1",175
"KIF4A","SHCBP1",176
"KIF4A","SIK1",177
"KIF4A","SKP2",178
"KIF4A","SLC22A23",179
"KIF4A","SMAP2",180
"KIF4A","SMC2",181
"KIF4A","SNORA21",182
"KIF4A","SNORD3B-1",183
"KIF4A","SNX29P2",184
"KIF4A","SOS1",185
"KIF4A","SQLE",186
"KIF4A","STIL",187
"KIF4A","SUV39H2",188
"KIF4A","TARSL2",189
"KIF4A","TBXA2R",190
"KIF4A","TCF19",191
"KIF4A","TENM4",192
"KIF4A","TIMELESS",193
"KIF4A","TIPIN",194
"KIF4A","TK1",195
"KIF4A","TMEM97",196
"KIF4A","TNFRSF21",197
"KIF4A","TOP2A",198
"KIF4A","TPX2",199
"KIF4A","TRIP13",200
"KIF4A","TTK",201
"KIF4A","TXNIP",202
"KIF4A","TYMS",203
"KIF4A","UBE2C",204
"KIF4A","UBE2T",205
"KIF4A","WDHD1",206
"KIF4A","WDR76",207
"KIF4A","ZNF367",208
"KIF4A","ZWINT",209
"KLF9","ANLN",1
"KLF9","BCL10",2
"KLF9","BRCA1",3
"KLF9","BRIP1",4
"KLF9","BUB1B",5
"KLF9","BYSL",6
"KLF9","C4orf46",7
"KLF9","CCNB1",8
"KLF9","CCNB2",9
"KLF9","CD53",10
"KLF9","CDC20",11
"KLF9","CDC45",12
"KLF9","CDT1",13
"KLF9","CENPA",14
"KLF9","CENPK",15
"KLF9","CENPN",16
"KLF9","CENPU",17
"KLF9","CENPV",18
"KLF9","CHEK1",19
"KLF9","CKS1B",20
"KLF9","CLEC2B",21
"KLF9","CRNDE",22
"KLF9","DDIT4",23
"KLF9","DLGAP5",24
"KLF9","E2F7",25
"KLF9","ECT2",26
"KLF9","FANCI",27
"KLF9","FKBP5",28
"KLF9","FOXM1",29
"KLF9","GBP4",30
"KLF9","GGH",31
"KLF9","GSN",32
"KLF9","HELLS",33
"KLF9","IFNGR1",34
"KLF9","IGLC1",35
"KLF9","IL6ST",36
"KLF9","IQGAP3",37
"KLF9","IRAK3",38
"KLF9","ISG20",39
"KLF9","KIF15",40
"KLF9","KIF2C",41
"KLF9","KLF9",42
"KLF9","LGALS3",43
"KLF9","LILRB2",44
"KLF9","MAD2L1",45
"KLF9","MCM10",46
"KLF9","MCM5",47
"KLF9","MCM7",48
"KLF9","METTL7A",49
"KLF9","MIR8071-1",50
"KLF9","MS4A1",51
"KLF9","MS4A4A",52
"KLF9","MTSS1",53
"KLF9","NCAPG",54
"KLF9","PDE4B",55
"KLF9","PLK4",56
"KLF9","PRR11",57
"KLF9","RAB31",58
"KLF9","RBMS3",59
"KLF9","SERPINB9",60
"KLF9","SHCBP1",61
"KLF9","SIK1",62
"KLF9","SMAP2",63
"KLF9","SMC2",64
"KLF9","SOS1",65
"KLF9","SQLE",66
"KLF9","STIL",67
"KLF9","TBXA2R",68
"KLF9","TIMELESS",69
"KLF9","TMEM2",70
"KLF9","TMEM97",71
"KLF9","TTK",72
"KLF9","TXNIP",73
"KLF9","UBE2C",74
"KLF9","WDHD1",75
"KLF9","ZNF367",76
"KLF9","ZWINT",77
"KNL1","ANLN",1
"KNL1","ANP32E",2
"KNL1","APITD1-CORT",3
"KNL1","ASF1B",4
"KNL1","ASPM",5
"KNL1","ATAD2",6
"KNL1","AURKA",7
"KNL1","AURKB",8
"KNL1","BCAT1",9
"KNL1","BCL2L11",10
"KNL1","BIRC5",11
"KNL1","BMF",12
"KNL1","BRCA1",13
"KNL1","BRIP1",14
"KNL1","BTG1",15
"KNL1","BUB1",16
"KNL1","BUB1B",17
"KNL1","BYSL",18
"KNL1","C4orf46",19
"KNL1","CCDC34",20
"KNL1","CCDC86",21
"KNL1","CCNA2",22
"KNL1","CCNB1",23
"KNL1","CCNB2",24
"KNL1","CCNE2",25
"KNL1","CD53",26
"KNL1","CDC20",27
"KNL1","CDC42EP3",28
"KNL1","CDC45",29
"KNL1","CDC6",30
"KNL1","CDCA2",31
"KNL1","CDCA3",32
"KNL1","CDCA5",33
"KNL1","CDK1",34
"KNL1","CDKN3",35
"KNL1","CDT1",36
"KNL1","CENPA",37
"KNL1","CENPE",38
"KNL1","CENPF",39
"KNL1","CENPH",40
"KNL1","CENPK",41
"KNL1","CENPN",42
"KNL1","CENPU",43
"KNL1","CENPV",44
"KNL1","CENPW",45
"KNL1","CEP55",46
"KNL1","CHEK1",47
"KNL1","CKAP2",48
"KNL1","CKAP2L",49
"KNL1","CKS1B",50
"KNL1","CLEC2B",51
"KNL1","CRNDE",52
"KNL1","DENND3",53
"KNL1","DEPDC1",54
"KNL1","DEPDC1B",55
"KNL1","DFNA5",56
"KNL1","DHFR",57
"KNL1","DHX9",58
"KNL1","DLGAP5",59
"KNL1","DPEP1",60
"KNL1","DSCC1",61
"KNL1","DTL",62
"KNL1","E2F7",63
"KNL1","E2F8",64
"KNL1","ECT2",65
"KNL1","EMP1",66
"KNL1","F13A1",67
"KNL1","FABP5",68
"KNL1","FAM72C",69
"KNL1","FANCI",70
"KNL1","FEN1",71
"KNL1","FGL2",72
"KNL1","FH",73
"KNL1","FOXM1",74
"KNL1","FUS",75
"KNL1","GBP4",76
"KNL1","GGH",77
"KNL1","GIMAP4",78
"KNL1","GIMAP7",79
"KNL1","GINS1",80
"KNL1","GINS2",81
"KNL1","GSN",82
"KNL1","GVINP1",83
"KNL1","HBB",84
"KNL1","HELLS",85
"KNL1","HIST4H4",86
"KNL1","HJURP",87
"KNL1","HMMR",88
"KNL1","HSP90AB1",89
"KNL1","ID2",90
"KNL1","IFNGR1",91
"KNL1","IL18R1",92
"KNL1","IL18RAP",93
"KNL1","IL1B",94
"KNL1","IL6ST",95
"KNL1","IQGAP3",96
"KNL1","IRAK3",97
"KNL1","ISG20",98
"KNL1","KIAA0101",99
"KNL1","KIF11",100
"KNL1","KIF14",101
"KNL1","KIF15",102
"KNL1","KIF18A",103
"KNL1","KIF18B",104
"KNL1","KIF20A",105
"KNL1","KIF23",106
"KNL1","KIF2C",107
"KNL1","KIF4A",108
"KNL1","KNL1",109
"KNL1","LGALS3",110
"KNL1","LILRB2",111
"KNL1","LYZ",112
"KNL1","MAD2L1",113
"KNL1","MCM10",114
"KNL1","MCM4",115
"KNL1","MCM5",116
"KNL1","MCM7",117
"KNL1","MDK",118
"KNL1","MELK",119
"KNL1","METTL7A",120
"KNL1","MIR6845",121
"KNL1","MKI67",122
"KNL1","MND1",123
"KNL1","MNDA",124
"KNL1","MS4A4A",125
"KNL1","MTHFD2",126
"KNL1","MTSS1",127
"KNL1","NCAPG",128
"KNL1","NCAPH",129
"KNL1","NEAT1",130
"KNL1","NEDD9",131
"KNL1","NEK2",132
"KNL1","NME1",133
"KNL1","NPCDR1",134
"KNL1","NUF2",135
"KNL1","NUSAP1",136
"KNL1","OIP5",137
"KNL1","P2RY14",138
"KNL1","PAICS",139
"KNL1","PBK",140
"KNL1","PCNA",141
"KNL1","PDE4B",142
"KNL1","PHF19",143
"KNL1","PIK3IP1",144
"KNL1","PLK4",145
"KNL1","POLE2",146
"KNL1","POLQ",147
"KNL1","PPBP",148
"KNL1","PPIF",149
"KNL1","PPP1R16B",150
"KNL1","PRDM1",151
"KNL1","PRR11",152
"KNL1","PSPH",153
"KNL1","PTP4A1",154
"KNL1","PTTG1",155
"KNL1","RAD51",156
"KNL1","RAD51AP1",157
"KNL1","RASSF4",158
"KNL1","RBM14",159
"KNL1","RFC3",160
"KNL1","RMI2",161
"KNL1","RNASET2",162
"KNL1","RRM2",163
"KNL1","S100A8",164
"KNL1","SCML4",165
"KNL1","SELENOI",166
"KNL1","SERPINB9",167
"KNL1","SESN1",168
"KNL1","SHCBP1",169
"KNL1","SIK1",170
"KNL1","SKP2",171
"KNL1","SMAP2",172
"KNL1","SMC2",173
"KNL1","SQLE",174
"KNL1","STIL",175
"KNL1","SUV39H2",176
"KNL1","TARSL2",177
"KNL1","TBXA2R",178
"KNL1","TCF19",179
"KNL1","TENM4",180
"KNL1","TIMELESS",181
"KNL1","TIPIN",182
"KNL1","TK1",183
"KNL1","TMEM2",184
"KNL1","TMEM97",185
"KNL1","TNFRSF21",186
"KNL1","TOP2A",187
"KNL1","TPX2",188
"KNL1","TRIP13",189
"KNL1","TTK",190
"KNL1","TXNIP",191
"KNL1","TYMS",192
"KNL1","UBE2C",193
"KNL1","UBE2T",194
"KNL1","WDHD1",195
"KNL1","WDR76",196
"KNL1","ZNF367",197
"KNL1","ZWINT",198
"LEF1","ABHD17B",1
"LEF1","ANLN",2
"LEF1","APITD1-CORT",3
"LEF1","ASF1B",4
"LEF1","ATAD2",5
"LEF1","AURKA",6
"LEF1","AURKB",7
"LEF1","BIRC5",8
"LEF1","BRIP1",9
"LEF1","BTG1",10
"LEF1","BUB1",11
"LEF1","BUB1B",12
"LEF1","C4orf46",13
"LEF1","CCDC34",14
"LEF1","CCNA2",15
"LEF1","CCNB1",16
"LEF1","CCNB2",17
"LEF1","CCNE2",18
"LEF1","CD53",19
"LEF1","CDC20",20
"LEF1","CDC42EP3",21
"LEF1","CDC45",22
"LEF1","CDC6",23
"LEF1","CDCA2",24
"LEF1","CDCA3",25
"LEF1","CDCA5",26
"LEF1","CDK1",27
"LEF1","CDK6",28
"LEF1","CDKN3",29
"LEF1","CDT1",30
"LEF1","CELF2",31
"LEF1","CENPA",32
"LEF1","CENPE",33
"LEF1","CENPH",34
"LEF1","CENPK",35
"LEF1","CENPN",36
"LEF1","CENPV",37
"LEF1","CEP55",38
"LEF1","CHEK1",39
"LEF1","CKAP2L",40
"LEF1","CLEC2B",41
"LEF1","CPM",42
"LEF1","CRNDE",43
"LEF1","DEPDC1",44
"LEF1","DHFR",45
"LEF1","DHX9",46
"LEF1","DLGAP5",47
"LEF1","DSCC1",48
"LEF1","ECT2",49
"LEF1","EMP1",50
"LEF1","FAM72C",51
"LEF1","FANCI",52
"LEF1","FEN1",53
"LEF1","FOXM1",54
"LEF1","GGH",55
"LEF1","GINS1",56
"LEF1","HBB",57
"LEF1","HBG1",58
"LEF1","HELLS",59
"LEF1","HJURP",60
"LEF1","HMMR",61
"LEF1","HSP90AB1",62
"LEF1","ID2",63
"LEF1","IFNGR1",64
"LEF1","IGH",65
"LEF1","IGLC1",66
"LEF1","IL18R1",67
"LEF1","IL18RAP",68
"LEF1","IQGAP3",69
"LEF1","IRAK3",70
"LEF1","ISG20",71
"LEF1","KIAA0101",72
"LEF1","KIF14",73
"LEF1","KIF15",74
"LEF1","KIF18A",75
"LEF1","KIF18B",76
"LEF1","KIF20A",77
"LEF1","KIF23",78
"LEF1","KIF2C",79
"LEF1","KIF4A",80
"LEF1","KLF9",81
"LEF1","LEF1",82
"LEF1","LGALS3",83
"LEF1","LILRA1",84
"LEF1","LOC100996643",85
"LEF1","LYZ",86
"LEF1","MAD2L1",87
"LEF1","MCM10",88
"LEF1","MCM4",89
"LEF1","MELK",90
"LEF1","METTL7A",91
"LEF1","MIR8071-1",92
"LEF1","MKI67",93
"LEF1","MND1",94
"LEF1","MNDA",95
"LEF1","NCAPG",96
"LEF1","NCAPH",97
"LEF1","NEDD9",98
"LEF1","OIP5",99
"LEF1","PAICS",100
"LEF1","PBK",101
"LEF1","PCNA",102
"LEF1","PDE4B",103
"LEF1","PHF19",104
"LEF1","PLK4",105
"LEF1","POLE2",106
"LEF1","POLQ",107
"LEF1","PPP1R16B",108
"LEF1","PRDM1",109
"LEF1","PRPS2",110
"LEF1","PRR11",111
"LEF1","PSPH",112
"LEF1","PTTG1",113
"LEF1","RAB31",114
"LEF1","RAD51",115
"LEF1","RAG1",116
"LEF1","RBM14",117
"LEF1","RCC1",118
"LEF1","SCML4",119
"LEF1","SHCBP1",120
"LEF1","SKP2",121
"LEF1","SMAP2",122
"LEF1","SMC2",123
"LEF1","SNORA21",124
"LEF1","STIL",125
"LEF1","SUV39H2",126
"LEF1","TIPIN",127
"LEF1","TK1",128
"LEF1","TMEM2",129
"LEF1","TMEM97",130
"LEF1","TPX2",131
"LEF1","TRIP13",132
"LEF1","TTK",133
"LEF1","TYMS",134
"LEF1","UBE2T",135
"LEF1","WDHD1",136
"LEF1","ZWINT",137
"LGALS3","ABHD17B",1
"LGALS3","ANLN",2
"LGALS3","ARRDC3",3
"LGALS3","B3GNT2",4
"LGALS3","BCAT1",5
"LGALS3","BIRC3",6
"LGALS3","BRCA1",7
"LGALS3","BRIP1",8
"LGALS3","BYSL",9
"LGALS3","C4orf46",10
"LGALS3","C5orf24",11
"LGALS3","CD53",12
"LGALS3","CDC20",13
"LGALS3","CDC42EP3",14
"LGALS3","CDK6",15
"LGALS3","CDT1",16
"LGALS3","CENPK",17
"LGALS3","CENPU",18
"LGALS3","CENPV",19
"LGALS3","CENPW",20
"LGALS3","CHEK1",21
"LGALS3","CKS1B",22
"LGALS3","CRNDE",23
"LGALS3","DEFA1",24
"LGALS3","DFNA5",25
"LGALS3","DHFR",26
"LGALS3","DHX9",27
"LGALS3","DTL",28
"LGALS3","E2F7",29
"LGALS3","E2F8",30
"LGALS3","EMP1",31
"LGALS3","FABP5",32
"LGALS3","FANCI",33
"LGALS3","FGL2",34
"LGALS3","GBP4",35
"LGALS3","GINS2",36
"LGALS3","GVINP1",37
"LGALS3","HBB",38
"LGALS3","HBG1",39
"LGALS3","HELLS",40
"LGALS3","HSP90AB1",41
"LGALS3","ID2",42
"LGALS3","IFNGR1",43
"LGALS3","IGH",44
"LGALS3","IGLC1",45
"LGALS3","IL18R1",46
"LGALS3","IL18RAP",47
"LGALS3","IRAK3",48
"LGALS3","ITPKB",49
"LGALS3","KIF11",50
"LGALS3","KIF4A",51
"LGALS3","KLF9",52
"LGALS3","KNL1",53
"LGALS3","LEF1",54
"LGALS3","LGALS3",55
"LGALS3","LILRA1",56
"LGALS3","LILRB2",57
"LGALS3","LOC100130872",58
"LGALS3","LOC100996643",59
"LGALS3","LYZ",60
"LGALS3","MCM7",61
"LGALS3","MIR8071-1",62
"LGALS3","MKI67",63
"LGALS3","MNDA",64
"LGALS3","MPV17L",65
"LGALS3","MS4A7",66
"LGALS3","MTHFD2",67
"LGALS3","MTSS1",68
"LGALS3","NEAT1",69
"LGALS3","NEDD9",70
"LGALS3","NME1",71
"LGALS3","NUSAP1",72
"LGALS3","PAICS",73
"LGALS3","PCNA",74
"LGALS3","PDE4B",75
"LGALS3","PPBP",76
"LGALS3","PPP1R16B",77
"LGALS3","PRDM1",78
"LGALS3","PRPS2",79
"LGALS3","PRR11",80
"LGALS3","PSPH",81
"LGALS3","PTP4A1",82
"LGALS3","RAB31",83
"LGALS3","RAD51",84
"LGALS3","RAD51AP1",85
"LGALS3","RBM14",86
"LGALS3","RCC1",87
"LGALS3","RFC3",88
"LGALS3","RMI2",89
"LGALS3","RRM2",90
"LGALS3","S100A8",91
"LGALS3","SELENOI",92
"LGALS3","SEMA4D",93
"LGALS3","SERPINA1",94
"LGALS3","SERPINB9",95
"LGALS3","SHCBP1",96
"LGALS3","SMAP2",97
"LGALS3","TCF19",98
"LGALS3","TIMELESS",99
"LGALS3","TK1",100
"LGALS3","TMEM2",101
"LGALS3","TOP2A",102
"LGALS3","TTK",103
"LGALS3","TYMS",104
"LGALS3","WASF1",105
"LGALS3","WDR76",106
"LGALS3","ZBTB16",107
"LGALS3","ZNF367",108
"LGALS3","ZWINT",109
"LILRA1","ABHD17B",1
"LILRA1","ANLN",2
"LILRA1","ARPP21",3
"LILRA1","ASPM",4
"LILRA1","BRCA1",5
"LILRA1","BRIP1",6
"LILRA1","BUB1B",7
"LILRA1","BYSL",8
"LILRA1","C4orf46",9
"LILRA1","C5orf24",10
"LILRA1","CCR1",11
"LILRA1","CD53",12
"LILRA1","CDC20",13
"LILRA1","CENPK",14
"LILRA1","CENPN",15
"LILRA1","CEP55",16
"LILRA1","CHEK1",17
"LILRA1","CRNDE",18
"LILRA1","DHX9",19
"LILRA1","E2F7",20
"LILRA1","ECT2",21
"LILRA1","EGR1",22
"LILRA1","FANCI",23
"LILRA1","FCER1G",24
"LILRA1","FCGR3B",25
"LILRA1","FGD2",26
"LILRA1","FGL2",27
"LILRA1","FGR",28
"LILRA1","GGH",29
"LILRA1","HELLS",30
"LILRA1","IFNGR1",31
"LILRA1","IGLL1",32
"LILRA1","IL18RAP",33
"LILRA1","ITPKB",34
"LILRA1","KCNK12",35
"LILRA1","KIF11",36
"LILRA1","KIF15",37
"LILRA1","KIF4A",38
"LILRA1","KLF9",39
"LILRA1","LGALS3",40
"LILRA1","LILRA1",41
"LILRA1","LILRB2",42
"LILRA1","LOC100130872",43
"LILRA1","MCM10",44
"LILRA1","MCM7",45
"LILRA1","MIR6845",46
"LILRA1","MKI67",47
"LILRA1","MNDA",48
"LILRA1","MS4A7",49
"LILRA1","NUF2",50
"LILRA1","NUSAP1",51
"LILRA1","PLK4",52
"LILRA1","PPBP",53
"LILRA1","PRPS2",54
"LILRA1","PRR11",55
"LILRA1","RAB31",56
"LILRA1","RMI2",57
"LILRA1","RNASET2",58
"LILRA1","SCML4",59
"LILRA1","SEMA4D",60
"LILRA1","SMAP2",61
"LILRA1","SMC2",62
"LILRA1","TBXA2R",63
"LILRA1","TNFRSF21",64
"LILRA1","TTK",65
"LILRA1","WASF1",66
"LILRA1","WDR76",67
"LILRA1","ZBTB16",68
"LILRA1","ZWINT",69
"LILRB2","AKAP12",1
"LILRB2","ANLN",2
"LILRB2","ANP32E",3
"LILRB2","APITD1-CORT",4
"LILRB2","ASF1B",5
"LILRB2","ASPM",6
"LILRB2","ATAD2",7
"LILRB2","AURKA",8
"LILRB2","AURKB",9
"LILRB2","BCL2L11",10
"LILRB2","BIRC5",11
"LILRB2","BMF",12
"LILRB2","BRIP1",13
"LILRB2","BTG1",14
"LILRB2","BTNL9",15
"LILRB2","BUB1",16
"LILRB2","BUB1B",17
"LILRB2","C4orf46",18
"LILRB2","CCDC34",19
"LILRB2","CCDC86",20
"LILRB2","CCNA2",21
"LILRB2","CCNB1",22
"LILRB2","CCNB2",23
"LILRB2","CCNE2",24
"LILRB2","CCR1",25
"LILRB2","CD53",26
"LILRB2","CDC20",27
"LILRB2","CDC45",28
"LILRB2","CDC6",29
"LILRB2","CDCA2",30
"LILRB2","CDCA3",31
"LILRB2","CDCA5",32
"LILRB2","CDK1",33
"LILRB2","CDKN3",34
"LILRB2","CDT1",35
"LILRB2","CELF2",36
"LILRB2","CENPA",37
"LILRB2","CENPE",38
"LILRB2","CENPF",39
"LILRB2","CENPH",40
"LILRB2","CENPK",41
"LILRB2","CENPN",42
"LILRB2","CENPU",43
"LILRB2","CENPV",44
"LILRB2","CEP55",45
"LILRB2","CHEK1",46
"LILRB2","CKAP2",47
"LILRB2","CKAP2L",48
"LILRB2","CKS1B",49
"LILRB2","CLEC2B",50
"LILRB2","CPM",51
"LILRB2","CRNDE",52
"LILRB2","DDIT4",53
"LILRB2","DENND3",54
"LILRB2","DEPDC1",55
"LILRB2","DEPDC1B",56
"LILRB2","DFNA5",57
"LILRB2","DLGAP5",58
"LILRB2","DPEP1",59
"LILRB2","DSCC1",60
"LILRB2","DTL",61
"LILRB2","E2F7",62
"LILRB2","E2F8",63
"LILRB2","ECT2",64
"LILRB2","EGR1",65
"LILRB2","EMP1",66
"LILRB2","F13A1",67
"LILRB2","FAM72C",68
"LILRB2","FANCI",69
"LILRB2","FEN1",70
"LILRB2","FGD2",71
"LILRB2","FH",72
"LILRB2","FOXM1",73
"LILRB2","GBP4",74
"LILRB2","GGH",75
"LILRB2","GIMAP4",76
"LILRB2","GINS1",77
"LILRB2","GSN",78
"LILRB2","HELLS",79
"LILRB2","HJURP",80
"LILRB2","HMMR",81
"LILRB2","ID2",82
"LILRB2","IFNGR1",83
"LILRB2","IL18R1",84
"LILRB2","IL1B",85
"LILRB2","IL6ST",86
"LILRB2","IQGAP3",87
"LILRB2","IRAK3",88
"LILRB2","ISG20",89
"LILRB2","ITGAM",90
"LILRB2","KIAA0101",91
"LILRB2","KIF11",92
"LILRB2","KIF14",93
"LILRB2","KIF15",94
"LILRB2","KIF18A",95
"LILRB2","KIF18B",96
"LILRB2","KIF20A",97
"LILRB2","KIF23",98
"LILRB2","KIF26A",99
"LILRB2","KIF2C",100
"LILRB2","KIF4A",101
"LILRB2","KNL1",102
"LILRB2","LILRB2",103
"LILRB2","LOC285097",104
"LILRB2","MAD2L1",105
"LILRB2","MCM10",106
"LILRB2","MCM4",107
"LILRB2","MCM7",108
"LILRB2","MELK",109
"LILRB2","METTL7A",110
"LILRB2","MIR4683",111
"LILRB2","MIR6845",112
"LILRB2","MIR8071-1",113
"LILRB2","MKI67",114
"LILRB2","MS4A1",115
"LILRB2","MS4A4A",116
"LILRB2","MTHFD2",117
"LILRB2","MTSS1",118
"LILRB2","NCAPG",119
"LILRB2","NCAPH",120
"LILRB2","NEAT1",121
"LILRB2","NEDD9",122
"LILRB2","NEK2",123
"LILRB2","NME1",124
"LILRB2","NUF2",125
"LILRB2","NUSAP1",126
"LILRB2","OIP5",127
"LILRB2","P2RY14",128
"LILRB2","PBK",129
"LILRB2","PDE4B",130
"LILRB2","PHF19",131
"LILRB2","PIK3IP1",132
"LILRB2","PLK4",133
"LILRB2","POLE2",134
"LILRB2","POLQ",135
"LILRB2","POU4F1",136
"LILRB2","PPIF",137
"LILRB2","PRPS2",138
"LILRB2","PRR11",139
"LILRB2","PTTG1",140
"LILRB2","RAB31",141
"LILRB2","RAD51",142
"LILRB2","RASSF4",143
"LILRB2","RBM14",144
"LILRB2","RBMS3",145
"LILRB2","RCC1",146
"LILRB2","RFC3",147
"LILRB2","RNASET2",148
"LILRB2","RPS6KA2",149
"LILRB2","RRM2",150
"LILRB2","SCML4",151
"LILRB2","SERPINB9",152
"LILRB2","SIK1",153
"LILRB2","SKP2",154
"LILRB2","SMAP2",155
"LILRB2","SMC2",156
"LILRB2","SMIM3",157
"LILRB2","SNORA21",158
"LILRB2","SOS1",159
"LILRB2","SQLE",160
"LILRB2","STAB1",161
"LILRB2","STIL",162
"LILRB2","SUV39H2",163
"LILRB2","TARSL2",164
"LILRB2","TBXA2R",165
"LILRB2","TCF19",166
"LILRB2","TIPIN",167
"LILRB2","TMEM2",168
"LILRB2","TMEM97",169
"LILRB2","TNFRSF21",170
"LILRB2","TNFSF8",171
"LILRB2","TPX2",172
"LILRB2","TRIB1",173
"LILRB2","TRIP13",174
"LILRB2","TTK",175
"LILRB2","TXNIP",176
"LILRB2","UBE2C",177
"LILRB2","UBE2T",178
"LILRB2","WDHD1",179
"LILRB2","WDR76",180
"LILRB2","ZBTB16",181
"LILRB2","ZNF367",182
"LILRB2","ZWINT",183
"LOC100130872","AKAP12",1
"LOC100130872","ASPM",2
"LOC100130872","B3GNT2",3
"LOC100130872","BCAT1",4
"LOC100130872","BIRC3",5
"LOC100130872","BMF",6
"LOC100130872","BYSL",7
"LOC100130872","C5orf24",8
"LOC100130872","CCNB1",9
"LOC100130872","CDK1",10
"LOC100130872","CELF2",11
"LOC100130872","CENPF",12
"LOC100130872","CKAP2L",13
"LOC100130872","CKS1B",14
"LOC100130872","DEFA1",15
"LOC100130872","DEPDC1B",16
"LOC100130872","DFNA5",17
"LOC100130872","DHX9",18
"LOC100130872","DTL",19
"LOC100130872","FABP5",20
"LOC100130872","FCER1G",21
"LOC100130872","FGL2",22
"LOC100130872","FGR",23
"LOC100130872","FH",24
"LOC100130872","GIMAP7",25
"LOC100130872","GVINP1",26
"LOC100130872","HBB",27
"LOC100130872","HBG1",28
"LOC100130872","HMMR",29
"LOC100130872","HRK",30
"LOC100130872","HSP90AB1",31
"LOC100130872","ID3",32
"LOC100130872","IGH",33
"LOC100130872","IGLL1",34
"LOC100130872","IL1B",35
"LOC100130872","IL27RA",36
"LOC100130872","IQGAP3",37
"LOC100130872","ITGB2-AS1",38
"LOC100130872","ITPKB",39
"LOC100130872","KIF11",40
"LOC100130872","KIF14",41
"LOC100130872","KIF20A",42
"LOC100130872","KIF26A",43
"LOC100130872","KIF4A",44
"LOC100130872","LEF1",45
"LOC100130872","LGALS3",46
"LOC100130872","LILRA1",47
"LOC100130872","LOC100130872",48
"LOC100130872","LOC100505650",49
"LOC100130872","LOC100996643",50
"LOC100130872","LY96",51
"LOC100130872","LYZ",52
"LOC100130872","MDK",53
"LOC100130872","MND1",54
"LOC100130872","MNDA",55
"LOC100130872","MPV17L",56
"LOC100130872","MSH6",57
"LOC100130872","NEAT1",58
"LOC100130872","NEDD9",59
"LOC100130872","NEK2",60
"LOC100130872","NME1",61
"LOC100130872","PAICS",62
"LOC100130872","POLQ",63
"LOC100130872","PPBP",64
"LOC100130872","PPP1R16B",65
"LOC100130872","PRDM1",66
"LOC100130872","PSPH",67
"LOC100130872","PTP4A1",68
"LOC100130872","PTTG1",69
"LOC100130872","RAB31",70
"LOC100130872","RAD51AP1",71
"LOC100130872","RAG1",72
"LOC100130872","RAG2",73
"LOC100130872","RBM14",74
"LOC100130872","RFC3",75
"LOC100130872","RMI2",76
"LOC100130872","S100A11",77
"LOC100130872","S100A8",78
"LOC100130872","SELENOI",79
"LOC100130872","SEMA4D",80
"LOC100130872","SERPINA1",81
"LOC100130872","SHCBP1",82
"LOC100130872","SIK1",83
"LOC100130872","SLA",84
"LOC100130872","SNX29P2",85
"LOC100130872","TIMELESS",86
"LOC100130872","TK1",87
"LOC100130872","TMEM97",88
"LOC100130872","TNFRSF21",89
"LOC100130872","TNFSF8",90
"LOC100130872","TOP2A",91
"LOC100130872","TXNIP",92
"LOC100130872","TYMS",93
"LOC100130872","WASF1",94
"LOC100130872","WDHD1",95
"LOC100130872","WDR76",96
"LOC100130872","WFS1",97
"LOC100505650","BCL10",1
"LOC100505650","C5orf24",2
"LOC100505650","CCR1",3
"LOC100505650","CENPK",4
"LOC100505650","DEFA1",5
"LOC100505650","DENND3",6
"LOC100505650","DPEP1",7
"LOC100505650","ECT2",8
"LOC100505650","FGD2",9
"LOC100505650","GBP4",10
"LOC100505650","HBG1",11
"LOC100505650","ID2",12
"LOC100505650","IL1B",13
"LOC100505650","IL6ST",14
"LOC100505650","ISG20",15
"LOC100505650","LILRB2",16
"LOC100505650","LOC100130872",17
"LOC100505650","LOC100505650",18
"LOC100505650","METTL7A",19
"LOC100505650","MS4A4A",20
"LOC100505650","MTSS1",21
"LOC100505650","P2RY14",22
"LOC100505650","PDE4B",23
"LOC100505650","PPP1R16B",24
"LOC100505650","SCML4",25
"LOC100505650","SESN1",26
"LOC100505650","TARSL2",27
"LOC100996643","ANLN",1
"LOC100996643","ANP32E",2
"LOC100996643","APITD1-CORT",3
"LOC100996643","ASF1B",4
"LOC100996643","ATAD2",5
"LOC100996643","AURKA",6
"LOC100996643","AURKB",7
"LOC100996643","BCAT1",8
"LOC100996643","BIRC5",9
"LOC100996643","BRCA1",10
"LOC100996643","BRIP1",11
"LOC100996643","BTG1",12
"LOC100996643","BUB1",13
"LOC100996643","BUB1B",14
"LOC100996643","BYSL",15
"LOC100996643","C4orf46",16
"LOC100996643","C5orf24",17
"LOC100996643","CCDC34",18
"LOC100996643","CCDC86",19
"LOC100996643","CCNA2",20
"LOC100996643","CCNB1",21
"LOC100996643","CCNB2",22
"LOC100996643","CCNE2",23
"LOC100996643","CCR1",24
"LOC100996643","CD53",25
"LOC100996643","CDC20",26
"LOC100996643","CDC45",27
"LOC100996643","CDC6",28
"LOC100996643","CDCA2",29
"LOC100996643","CDCA3",30
"LOC100996643","CDCA5",31
"LOC100996643","CDK1",32
"LOC100996643","CDKN3",33
"LOC100996643","CDT1",34
"LOC100996643","CELF2",35
"LOC100996643","CENPA",36
"LOC100996643","CENPE",37
"LOC100996643","CENPF",38
"LOC100996643","CENPH",39
"LOC100996643","CENPK",40
"LOC100996643","CENPN",41
"LOC100996643","CENPU",42
"LOC100996643","CENPV",43
"LOC100996643","CENPW",44
"LOC100996643","CEP55",45
"LOC100996643","CHEK1",46
"LOC100996643","CKAP2",47
"LOC100996643","CKAP2L",48
"LOC100996643","CKS1B",49
"LOC100996643","CRNDE",50
"LOC100996643","DEPDC1",51
"LOC100996643","DEPDC1B",52
"LOC100996643","DFNA5",53
"LOC100996643","DHFR",54
"LOC100996643","DLGAP5",55
"LOC100996643","DSCC1",56
"LOC100996643","DTL",57
"LOC100996643","E2F7",58
"LOC100996643","E2F8",59
"LOC100996643","ECT2",60
"LOC100996643","FABP5",61
"LOC100996643","FAM72C",62
"LOC100996643","FANCI",63
"LOC100996643","FEN1",64
"LOC100996643","FGD2",65
"LOC100996643","FH",66
"LOC100996643","FOXM1",67
"LOC100996643","GGH",68
"LOC100996643","GIMAP4",69
"LOC100996643","GINS1",70
"LOC100996643","GINS2",71
"LOC100996643","GVINP1",72
"LOC100996643","HELLS",73
"LOC100996643","HIST4H4",74
"LOC100996643","HJURP",75
"LOC100996643","HMMR",76
"LOC100996643","IFNGR1",77
"LOC100996643","IGH",78
"LOC100996643","IGLC1",79
"LOC100996643","IGLL1",80
"LOC100996643","IL6ST",81
"LOC100996643","IQGAP3",82
"LOC100996643","IRAK3",83
"LOC100996643","ISG20",84
"LOC100996643","ITGAM",85
"LOC100996643","ITPKB",86
"LOC100996643","KIAA0101",87
"LOC100996643","KIF11",88
"LOC100996643","KIF14",89
"LOC100996643","KIF15",90
"LOC100996643","KIF18A",91
"LOC100996643","KIF18B",92
"LOC100996643","KIF20A",93
"LOC100996643","KIF23",94
"LOC100996643","KIF2C",95
"LOC100996643","KIF4A",96
"LOC100996643","LGALS3",97
"LOC100996643","LILRB2",98
"LOC100996643","LOC100130872",99
"LOC100996643","LOC100996643",100
"LOC100996643","LOC728175",101
"LOC100996643","LY96",102
"LOC100996643","LYZ",103
"LOC100996643","MAD2L1",104
"LOC100996643","MCM10",105
"LOC100996643","MCM4",106
"LOC100996643","MCM7",107
"LOC100996643","MELK",108
"LOC100996643","MIR6845",109
"LOC100996643","MIR8071-1",110
"LOC100996643","MKI67",111
"LOC100996643","MNDA",112
"LOC100996643","MPV17L",113
"LOC100996643","MS4A1",114
"LOC100996643","MS4A7",115
"LOC100996643","MTHFD2",116
"LOC100996643","MTSS1",117
"LOC100996643","NCAPG",118
"LOC100996643","NCAPH",119
"LOC100996643","NEAT1",120
"LOC100996643","NEDD9",121
"LOC100996643","NEK2",122
"LOC100996643","NME1",123
"LOC100996643","NUSAP1",124
"LOC100996643","OIP5",125
"LOC100996643","PAICS",126
"LOC100996643","PBK",127
"LOC100996643","PCNA",128
"LOC100996643","PHF19",129
"LOC100996643","PIK3IP1",130
"LOC100996643","PLK4",131
"LOC100996643","POLE2",132
"LOC100996643","POLQ",133
"LOC100996643","PPIF",134
"LOC100996643","PPP1R16B",135
"LOC100996643","PRDM1",136
"LOC100996643","PRPS2",137
"LOC100996643","PRR11",138
"LOC100996643","PSPH",139
"LOC100996643","PTTG1",140
"LOC100996643","RAB31",141
"LOC100996643","RAD51",142
"LOC100996643","RAD51AP1",143
"LOC100996643","RBMS3",144
"LOC100996643","RCC1",145
"LOC100996643","RFC3",146
"LOC100996643","RNASET2",147
"LOC100996643","RPS6KA2",148
"LOC100996643","RRM2",149
"LOC100996643","S100A8",150
"LOC100996643","SELENOI",151
"LOC100996643","SERPINA1",152
"LOC100996643","SERPINB9",153
"LOC100996643","SHCBP1",154
"LOC100996643","SKP2",155
"LOC100996643","SMAP2",156
"LOC100996643","SMC2",157
"LOC100996643","SNX29P2",158
"LOC100996643","SQLE",159
"LOC100996643","STIL",160
"LOC100996643","SUV39H2",161
"LOC100996643","TCF19",162
"LOC100996643","TIMELESS",163
"LOC100996643","TIPIN",164
"LOC100996643","TK1",165
"LOC100996643","TMEM97",166
"LOC100996643","TPX2",167
"LOC100996643","TRIP13",168
"LOC100996643","TTK",169
"LOC100996643","TXNIP",170
"LOC100996643","UBE2C",171
"LOC100996643","UBE2T",172
"LOC100996643","WDHD1",173
"LOC100996643","WDR76",174
"LOC100996643","ZBTB16",175
"LOC100996643","ZFP36L2",176
"LOC100996643","ZNF367",177
"LOC100996643","ZWINT",178
"LOC285097","AKAP12",1
"LOC285097","ARPP21",2
"LOC285097","B3GNT2",3
"LOC285097","BMF",4
"LOC285097","BTNL9",5
"LOC285097","DPEP1",6
"LOC285097","IFNGR1",7
"LOC285097","IGLC1",8
"LOC285097","ISG20",9
"LOC285097","KIF26A",10
"LOC285097","LOC285097",11
"LOC285097","MIR4683",12
"LOC285097","MSH6",13
"LOC285097","NEAT1",14
"LOC285097","POU4F1",15
"LOC285097","PPIF",16
"LOC285097","RBMS3",17
"LOC285097","RCC1",18
"LOC285097","RPS6KA2",19
"LOC285097","SEMA4D",20
"LOC285097","TNFRSF21",21
"LOC728175","BCAT1",1
"LOC728175","BIRC3",2
"LOC728175","CELF2",3
"LOC728175","CKAP2L",4
"LOC728175","CRNDE",5
"LOC728175","DTL",6
"LOC728175","E2F8",7
"LOC728175","ELL2",8
"LOC728175","FGR",9
"LOC728175","GINS2",10
"LOC728175","IL27RA",11
"LOC728175","KCNK12",12
"LOC728175","LOC100996643",13
"LOC728175","LOC728175",14
"LOC728175","MIR6845",15
"LOC728175","MYRIP",16
"LOC728175","NEAT1",17
"LOC728175","PCNA",18
"LOC728175","PPP1R16B",19
"LOC728175","PRPS2",20
"LOC728175","PSPH",21
"LOC728175","PTTG1",22
"LOC728175","RAD51AP1",23
"LOC728175","RAG2",24
"LOC728175","RCC1",25
"LOC728175","RRM2",26
"LOC728175","SELENOI",27
"LOC728175","SLA",28
"LOC728175","SNX10",29
"LOC728175","TK1",30
"LOC728175","TNFSF8",31
"LOC728175","TRIB1",32
"LOC728175","TYMS",33
"LOC728175","ZFP36L2",34
"LY96","CPM",1
"LY96","IL27RA",2
"LY96","LY96",3
"LY96","MS4A7",4
"LY96","POU4F1",5
"LY96","SERPINA1",6
"LYZ","ANLN",1
"LYZ","ANP32E",2
"LYZ","APITD1-CORT",3
"LYZ","ARPP21",4
"LYZ","ASF1B",5
"LYZ","ASPM",6
"LYZ","ATAD2",7
"LYZ","AURKA",8
"LYZ","AURKB",9
"LYZ","BCAT1",10
"LYZ","BIRC5",11
"LYZ","BRIP1",12
"LYZ","BTG1",13
"LYZ","BUB1",14
"LYZ","BUB1B",15
"LYZ","BYSL",16
"LYZ","C4orf46",17
"LYZ","CCDC34",18
"LYZ","CCDC86",19
"LYZ","CCNA2",20
"LYZ","CCNB1",21
"LYZ","CCNB2",22
"LYZ","CCNE2",23
"LYZ","CD53",24
"LYZ","CDC20",25
"LYZ","CDC42EP3",26
"LYZ","CDC45",27
"LYZ","CDC6",28
"LYZ","CDCA2",29
"LYZ","CDCA3",30
"LYZ","CDCA5",31
"LYZ","CDK1",32
"LYZ","CDKN3",33
"LYZ","CDT1",34
"LYZ","CENPA",35
"LYZ","CENPE",36
"LYZ","CENPF",37
"LYZ","CENPH",38
"LYZ","CENPK",39
"LYZ","CENPN",40
"LYZ","CENPV",41
"LYZ","CENPW",42
"LYZ","CHEK1",43
"LYZ","CKAP2",44
"LYZ","CKAP2L",45
"LYZ","CKS1B",46
"LYZ","DEFA1",47
"LYZ","DEPDC1",48
"LYZ","DEPDC1B",49
"LYZ","DFNA5",50
"LYZ","DHFR",51
"LYZ","DHX9",52
"LYZ","DLGAP5",53
"LYZ","DSCC1",54
"LYZ","E2F7",55
"LYZ","E2F8",56
"LYZ","ECT2",57
"LYZ","F13A1",58
"LYZ","FABP5",59
"LYZ","FAM72C",60
"LYZ","FANCI",61
"LYZ","FCER1G",62
"LYZ","FCGR3B",63
"LYZ","FEN1",64
"LYZ","FGR",65
"LYZ","FH",66
"LYZ","FOXM1",67
"LYZ","GBP4",68
"LYZ","GGH",69
"LYZ","GIMAP4",70
"LYZ","GIMAP7",71
"LYZ","GINS1",72
"LYZ","GSN",73
"LYZ","HBB",74
"LYZ","HBG1",75
"LYZ","HELLS",76
"LYZ","HJURP",77
"LYZ","HMMR",78
"LYZ","IGH",79
"LYZ","IGLC1",80
"LYZ","IL18R1",81
"LYZ","IQGAP3",82
"LYZ","IRAK3",83
"LYZ","ITGAM",84
"LYZ","KIAA0101",85
"LYZ","KIF11",86
"LYZ","KIF14",87
"LYZ","KIF15",88
"LYZ","KIF18A",89
"LYZ","KIF18B",90
"LYZ","KIF20A",91
"LYZ","KIF23",92
"LYZ","KIF2C",93
"LYZ","KIF4A",94
"LYZ","KNL1",95
"LYZ","LGALS3",96
"LYZ","LILRB2",97
"LYZ","LOC100996643",98
"LYZ","LYZ",99
"LYZ","MAD2L1",100
"LYZ","MCM10",101
"LYZ","MCM4",102
"LYZ","MCM7",103
"LYZ","MELK",104
"LYZ","MIR8071-1",105
"LYZ","MKI67",106
"LYZ","MS4A1",107
"LYZ","MS4A7",108
"LYZ","MTHFD2",109
"LYZ","NCAPG",110
"LYZ","NCAPH",111
"LYZ","NEAT1",112
"LYZ","NEDD9",113
"LYZ","NEK2",114
"LYZ","NME1",115
"LYZ","NUF2",116
"LYZ","NUSAP1",117
"LYZ","OIP5",118
"LYZ","PAICS",119
"LYZ","PBK",120
"LYZ","PDE4B",121
"LYZ","PHF19",122
"LYZ","PLK4",123
"LYZ","POLE2",124
"LYZ","POLQ",125
"LYZ","PPIF",126
"LYZ","PPP1R16B",127
"LYZ","PRPS2",128
"LYZ","PRR11",129
"LYZ","PTTG1",130
"LYZ","RAD51",131
"LYZ","RBM14",132
"LYZ","RFC3",133
"LYZ","RNASET2",134
"LYZ","S100A8",135
"LYZ","SCML4",136
"LYZ","SELENOI",137
"LYZ","SERPINA1",138
"LYZ","SERPINB9",139
"LYZ","SHCBP1",140
"LYZ","SKP2",141
"LYZ","SMAP2",142
"LYZ","SMC2",143
"LYZ","SNORD3B-1",144
"LYZ","SQLE",145
"LYZ","STIL",146
"LYZ","SUV39H2",147
"LYZ","TBXA2R",148
"LYZ","TIMELESS",149
"LYZ","TIPIN",150
"LYZ","TMEM97",151
"LYZ","TPX2",152
"LYZ","TRIP13",153
"LYZ","TTK",154
"LYZ","TXNIP",155
"LYZ","UBE2C",156
"LYZ","UBE2T",157
"LYZ","WDHD1",158
"LYZ","WDR76",159
"LYZ","ZNF367",160
"LYZ","ZWINT",161
"MAD2L1","ANLN",1
"MAD2L1","ANP32E",2
"MAD2L1","APITD1-CORT",3
"MAD2L1","ARPP21",4
"MAD2L1","ASF1B",5
"MAD2L1","ASPM",6
"MAD2L1","ATAD2",7
"MAD2L1","AURKA",8
"MAD2L1","AURKB",9
"MAD2L1","B3GNT2",10
"MAD2L1","BCAT1",11
"MAD2L1","BCL2L11",12
"MAD2L1","BIRC5",13
"MAD2L1","BMF",14
"MAD2L1","BRCA1",15
"MAD2L1","BRIP1",16
"MAD2L1","BTG1",17
"MAD2L1","BUB1",18
"MAD2L1","BUB1B",19
"MAD2L1","BYSL",20
"MAD2L1","C4orf46",21
"MAD2L1","CCDC34",22
"MAD2L1","CCDC86",23
"MAD2L1","CCNA2",24
"MAD2L1","CCNB1",25
"MAD2L1","CCNB2",26
"MAD2L1","CCNE2",27
"MAD2L1","CCNL1",28
"MAD2L1","CCR1",29
"MAD2L1","CD53",30
"MAD2L1","CDC20",31
"MAD2L1","CDC42EP3",32
"MAD2L1","CDC45",33
"MAD2L1","CDC6",34
"MAD2L1","CDCA2",35
"MAD2L1","CDCA3",36
"MAD2L1","CDCA5",37
"MAD2L1","CDK1",38
"MAD2L1","CDK6",39
"MAD2L1","CDKN3",40
"MAD2L1","CDT1",41
"MAD2L1","CELF2",42
"MAD2L1","CENPA",43
"MAD2L1","CENPE",44
"MAD2L1","CENPF",45
"MAD2L1","CENPH",46
"MAD2L1","CENPK",47
"MAD2L1","CENPN",48
"MAD2L1","CENPU",49
"MAD2L1","CENPV",50
"MAD2L1","CENPW",51
"MAD2L1","CEP55",52
"MAD2L1","CHEK1",53
"MAD2L1","CKAP2",54
"MAD2L1","CKAP2L",55
"MAD2L1","CKS1B",56
"MAD2L1","CLEC2B",57
"MAD2L1","CPM",58
"MAD2L1","CRNDE",59
"MAD2L1","DEFA1",60
"MAD2L1","DENND3",61
"MAD2L1","DEPDC1",62
"MAD2L1","DEPDC1B",63
"MAD2L1","DFNA5",64
"MAD2L1","DHFR",65
"MAD2L1","DHX9",66
"MAD2L1","DLGAP5",67
"MAD2L1","DPEP1",68
"MAD2L1","DSCC1",69
"MAD2L1","DTL",70
"MAD2L1","E2F7",71
"MAD2L1","E2F8",72
"MAD2L1","ECT2",73
"MAD2L1","EGR1",74
"MAD2L1","EMP1",75
"MAD2L1","FAM72C",76
"MAD2L1","FANCI",77
"MAD2L1","FCER1G",78
"MAD2L1","FCGR3B",79
"MAD2L1","FEN1",80
"MAD2L1","FGD2",81
"MAD2L1","FGR",82
"MAD2L1","FH",83
"MAD2L1","FOXM1",84
"MAD2L1","FUS",85
"MAD2L1","GBP4",86
"MAD2L1","GGH",87
"MAD2L1","GIMAP4",88
"MAD2L1","GIMAP7",89
"MAD2L1","GINS1",90
"MAD2L1","GINS2",91
"MAD2L1","GSN",92
"MAD2L1","HBB",93
"MAD2L1","HBG1",94
"MAD2L1","HELLS",95
"MAD2L1","HIST4H4",96
"MAD2L1","HJURP",97
"MAD2L1","HMMR",98
"MAD2L1","HRK",99
"MAD2L1","ID2",100
"MAD2L1","IFNGR1",101
"MAD2L1","IGH",102
"MAD2L1","IGLC1",103
"MAD2L1","IL1B",104
"MAD2L1","IL6ST",105
"MAD2L1","IQGAP3",106
"MAD2L1","IRAK3",107
"MAD2L1","ISG20",108
"MAD2L1","ITGAM",109
"MAD2L1","KIAA0101",110
"MAD2L1","KIF11",111
"MAD2L1","KIF14",112
"MAD2L1","KIF15",113
"MAD2L1","KIF18A",114
"MAD2L1","KIF18B",115
"MAD2L1","KIF20A",116
"MAD2L1","KIF23",117
"MAD2L1","KIF2C",118
"MAD2L1","KIF4A",119
"MAD2L1","KNL1",120
"MAD2L1","LILRB2",121
"MAD2L1","LOC100996643",122
"MAD2L1","LY96",123
"MAD2L1","LYZ",124
"MAD2L1","MAD2L1",125
"MAD2L1","MCM10",126
"MAD2L1","MCM4",127
"MAD2L1","MCM5",128
"MAD2L1","MCM7",129
"MAD2L1","MDK",130
"MAD2L1","MELK",131
"MAD2L1","METTL7A",132
"MAD2L1","MIR4683",133
"MAD2L1","MIR6845",134
"MAD2L1","MIR8071-1",135
"MAD2L1","MKI67",136
"MAD2L1","MND1",137
"MAD2L1","MS4A1",138
"MAD2L1","MS4A4A",139
"MAD2L1","MS4A7",140
"MAD2L1","MTHFD2",141
"MAD2L1","MTSS1",142
"MAD2L1","NCAPG",143
"MAD2L1","NCAPH",144
"MAD2L1","NEAT1",145
"MAD2L1","NEDD9",146
"MAD2L1","NEK2",147
"MAD2L1","NME1",148
"MAD2L1","NPCDR1",149
"MAD2L1","NUF2",150
"MAD2L1","NUSAP1",151
"MAD2L1","OIP5",152
"MAD2L1","P2RY14",153
"MAD2L1","PAICS",154
"MAD2L1","PBK",155
"MAD2L1","PCNA",156
"MAD2L1","PDE4B",157
"MAD2L1","PHF19",158
"MAD2L1","PIK3IP1",159
"MAD2L1","PLK4",160
"MAD2L1","POLE2",161
"MAD2L1","POLQ",162
"MAD2L1","POU4F1",163
"MAD2L1","PPIF",164
"MAD2L1","PPP1R16B",165
"MAD2L1","PRR11",166
"MAD2L1","PSPH",167
"MAD2L1","PTP4A1",168
"MAD2L1","PTTG1",169
"MAD2L1","RAD51",170
"MAD2L1","RAD51AP1",171
"MAD2L1","RBM14",172
"MAD2L1","RBMS3",173
"MAD2L1","RCC1",174
"MAD2L1","RFC3",175
"MAD2L1","RHOBTB3",176
"MAD2L1","RMI2",177
"MAD2L1","RNASET2",178
"MAD2L1","RRM2",179
"MAD2L1","S100A8",180
"MAD2L1","SCML4",181
"MAD2L1","SELENOI",182
"MAD2L1","SERPINA1",183
"MAD2L1","SERPINB9",184
"MAD2L1","SESN1",185
"MAD2L1","SHCBP1",186
"MAD2L1","SIK1",187
"MAD2L1","SKP2",188
"MAD2L1","SLC22A23",189
"MAD2L1","SMAP2",190
"MAD2L1","SMC2",191
"MAD2L1","SNORA21",192
"MAD2L1","SOS1",193
"MAD2L1","SQLE",194
"MAD2L1","STIL",195
"MAD2L1","SUV39H2",196
"MAD2L1","TARSL2",197
"MAD2L1","TBXA2R",198
"MAD2L1","TCF19",199
"MAD2L1","TIMELESS",200
"MAD2L1","TIPIN",201
"MAD2L1","TK1",202
"MAD2L1","TMEM97",203
"MAD2L1","TNFRSF21",204
"MAD2L1","TOP2A",205
"MAD2L1","TPX2",206
"MAD2L1","TRIP13",207
"MAD2L1","TTK",208
"MAD2L1","TXNIP",209
"MAD2L1","TYMS",210
"MAD2L1","UBE2C",211
"MAD2L1","UBE2T",212
"MAD2L1","WDHD1",213
"MAD2L1","WDR76",214
"MAD2L1","ZFP36L2",215
"MAD2L1","ZNF367",216
"MAD2L1","ZWINT",217
"MCM10","ANLN",1
"MCM10","ANP32E",2
"MCM10","APITD1-CORT",3
"MCM10","ASF1B",4
"MCM10","ASPM",5
"MCM10","ATAD2",6
"MCM10","AURKA",7
"MCM10","AURKB",8
"MCM10","BCAT1",9
"MCM10","BCL2L11",10
"MCM10","BIRC5",11
"MCM10","BMF",12
"MCM10","BRCA1",13
"MCM10","BRIP1",14
"MCM10","BTG1",15
"MCM10","BUB1",16
"MCM10","BUB1B",17
"MCM10","BYSL",18
"MCM10","C4orf46",19
"MCM10","CCDC34",20
"MCM10","CCDC86",21
"MCM10","CCNA2",22
"MCM10","CCNB1",23
"MCM10","CCNB2",24
"MCM10","CCNE2",25
"MCM10","CCNL1",26
"MCM10","CD53",27
"MCM10","CDC20",28
"MCM10","CDC42EP3",29
"MCM10","CDC45",30
"MCM10","CDC6",31
"MCM10","CDCA2",32
"MCM10","CDCA3",33
"MCM10","CDCA5",34
"MCM10","CDK1",35
"MCM10","CDKN3",36
"MCM10","CDT1",37
"MCM10","CELF2",38
"MCM10","CENPA",39
"MCM10","CENPE",40
"MCM10","CENPF",41
"MCM10","CENPH",42
"MCM10","CENPK",43
"MCM10","CENPN",44
"MCM10","CENPU",45
"MCM10","CENPV",46
"MCM10","CENPW",47
"MCM10","CEP55",48
"MCM10","CHEK1",49
"MCM10","CKAP2",50
"MCM10","CKAP2L",51
"MCM10","CKS1B",52
"MCM10","CLEC2B",53
"MCM10","CPM",54
"MCM10","CRNDE",55
"MCM10","DEFA1",56
"MCM10","DENND3",57
"MCM10","DEPDC1",58
"MCM10","DEPDC1B",59
"MCM10","DFNA5",60
"MCM10","DHFR",61
"MCM10","DHX9",62
"MCM10","DLGAP5",63
"MCM10","DPEP1",64
"MCM10","DSCC1",65
"MCM10","DTL",66
"MCM10","E2F7",67
"MCM10","E2F8",68
"MCM10","ECT2",69
"MCM10","EGR1",70
"MCM10","FAM72C",71
"MCM10","FANCI",72
"MCM10","FCER1G",73
"MCM10","FCGR3B",74
"MCM10","FEN1",75
"MCM10","FGD2",76
"MCM10","FGR",77
"MCM10","FH",78
"MCM10","FOXM1",79
"MCM10","FUS",80
"MCM10","GBP4",81
"MCM10","GGH",82
"MCM10","GIMAP4",83
"MCM10","GIMAP7",84
"MCM10","GINS1",85
"MCM10","GINS2",86
"MCM10","HBB",87
"MCM10","HBG1",88
"MCM10","HELLS",89
"MCM10","HIST4H4",90
"MCM10","HJURP",91
"MCM10","HMMR",92
"MCM10","ID2",93
"MCM10","IFNGR1",94
"MCM10","IGH",95
"MCM10","IGLC1",96
"MCM10","IL1B",97
"MCM10","IQGAP3",98
"MCM10","IRAK3",99
"MCM10","ISG20",100
"MCM10","KIAA0101",101
"MCM10","KIF11",102
"MCM10","KIF14",103
"MCM10","KIF15",104
"MCM10","KIF18A",105
"MCM10","KIF18B",106
"MCM10","KIF20A",107
"MCM10","KIF23",108
"MCM10","KIF2C",109
"MCM10","KIF4A",110
"MCM10","KNL1",111
"MCM10","LILRB2",112
"MCM10","LOC100996643",113
"MCM10","LOC728175",114
"MCM10","LYZ",115
"MCM10","MAD2L1",116
"MCM10","MCM10",117
"MCM10","MCM4",118
"MCM10","MCM5",119
"MCM10","MCM7",120
"MCM10","MDK",121
"MCM10","MELK",122
"MCM10","MIR6845",123
"MCM10","MIR8071-1",124
"MCM10","MKI67",125
"MCM10","MND1",126
"MCM10","MS4A1",127
"MCM10","MS4A4A",128
"MCM10","MS4A7",129
"MCM10","MTHFD2",130
"MCM10","MTSS1",131
"MCM10","NCAPG",132
"MCM10","NCAPH",133
"MCM10","NEAT1",134
"MCM10","NEDD9",135
"MCM10","NEK2",136
"MCM10","NME1",137
"MCM10","NPCDR1",138
"MCM10","NUF2",139
"MCM10","NUSAP1",140
"MCM10","OIP5",141
"MCM10","P2RX5",142
"MCM10","P2RY14",143
"MCM10","PAICS",144
"MCM10","PBK",145
"MCM10","PCNA",146
"MCM10","PDE4B",147
"MCM10","PHF19",148
"MCM10","PLK4",149
"MCM10","POLE2",150
"MCM10","POLQ",151
"MCM10","PPIF",152
"MCM10","PPP1R16B",153
"MCM10","PRR11",154
"MCM10","PSPH",155
"MCM10","PTP4A1",156
"MCM10","PTTG1",157
"MCM10","RAD51",158
"MCM10","RAD51AP1",159
"MCM10","RBM14",160
"MCM10","RCC1",161
"MCM10","RFC3",162
"MCM10","RMI2",163
"MCM10","RNASET2",164
"MCM10","RRM2",165
"MCM10","S100A8",166
"MCM10","SCML4",167
"MCM10","SELENOI",168
"MCM10","SERPINA1",169
"MCM10","SERPINB9",170
"MCM10","SESN1",171
"MCM10","SHCBP1",172
"MCM10","SIK1",173
"MCM10","SKP2",174
"MCM10","SLC22A23",175
"MCM10","SMAP2",176
"MCM10","SMC2",177
"MCM10","SNORA21",178
"MCM10","SQLE",179
"MCM10","STIL",180
"MCM10","SUV39H2",181
"MCM10","TARSL2",182
"MCM10","TBXA2R",183
"MCM10","TCF19",184
"MCM10","TENM4",185
"MCM10","TIMELESS",186
"MCM10","TIPIN",187
"MCM10","TK1",188
"MCM10","TMEM97",189
"MCM10","TNFRSF21",190
"MCM10","TOP2A",191
"MCM10","TPX2",192
"MCM10","TRIP13",193
"MCM10","TTK",194
"MCM10","TXNIP",195
"MCM10","TYMS",196
"MCM10","UBE2C",197
"MCM10","UBE2T",198
"MCM10","WDHD1",199
"MCM10","WDR76",200
"MCM10","ZFP36L2",201
"MCM10","ZNF367",202
"MCM10","ZWINT",203
"MCM4","ANLN",1
"MCM4","ANP32E",2
"MCM4","APITD1-CORT",3
"MCM4","ARPP21",4
"MCM4","ASF1B",5
"MCM4","ASPM",6
"MCM4","ATAD2",7
"MCM4","AURKA",8
"MCM4","AURKB",9
"MCM4","B3GNT2",10
"MCM4","BCAT1",11
"MCM4","BCL2L11",12
"MCM4","BIRC5",13
"MCM4","BMF",14
"MCM4","BRCA1",15
"MCM4","BRIP1",16
"MCM4","BTG1",17
"MCM4","BUB1",18
"MCM4","BUB1B",19
"MCM4","BYSL",20
"MCM4","C4orf46",21
"MCM4","CCDC34",22
"MCM4","CCDC86",23
"MCM4","CCNA2",24
"MCM4","CCNB1",25
"MCM4","CCNB2",26
"MCM4","CCNE2",27
"MCM4","CCNL1",28
"MCM4","CCR1",29
"MCM4","CD53",30
"MCM4","CDC20",31
"MCM4","CDC42EP3",32
"MCM4","CDC45",33
"MCM4","CDC6",34
"MCM4","CDCA2",35
"MCM4","CDCA3",36
"MCM4","CDCA5",37
"MCM4","CDK1",38
"MCM4","CDK6",39
"MCM4","CDKN3",40
"MCM4","CDT1",41
"MCM4","CELF2",42
"MCM4","CENPA",43
"MCM4","CENPE",44
"MCM4","CENPF",45
"MCM4","CENPH",46
"MCM4","CENPK",47
"MCM4","CENPN",48
"MCM4","CENPU",49
"MCM4","CENPV",50
"MCM4","CENPW",51
"MCM4","CEP55",52
"MCM4","CHEK1",53
"MCM4","CKAP2",54
"MCM4","CKAP2L",55
"MCM4","CKS1B",56
"MCM4","CLEC2B",57
"MCM4","CPM",58
"MCM4","CRNDE",59
"MCM4","DEFA1",60
"MCM4","DENND3",61
"MCM4","DEPDC1",62
"MCM4","DEPDC1B",63
"MCM4","DFNA5",64
"MCM4","DHFR",65
"MCM4","DHX9",66
"MCM4","DLGAP5",67
"MCM4","DPEP1",68
"MCM4","DSCC1",69
"MCM4","DTL",70
"MCM4","E2F7",71
"MCM4","E2F8",72
"MCM4","ECT2",73
"MCM4","EGR1",74
"MCM4","EMP1",75
"MCM4","FAM72C",76
"MCM4","FANCI",77
"MCM4","FCER1G",78
"MCM4","FCGR3B",79
"MCM4","FEN1",80
"MCM4","FGD2",81
"MCM4","FGR",82
"MCM4","FH",83
"MCM4","FOXM1",84
"MCM4","FUS",85
"MCM4","GBP4",86
"MCM4","GGH",87
"MCM4","GIMAP4",88
"MCM4","GIMAP7",89
"MCM4","GINS1",90
"MCM4","GINS2",91
"MCM4","GSN",92
"MCM4","HBB",93
"MCM4","HBG1",94
"MCM4","HELLS",95
"MCM4","HIST4H4",96
"MCM4","HJURP",97
"MCM4","HMMR",98
"MCM4","HRK",99
"MCM4","ID2",100
"MCM4","IFNGR1",101
"MCM4","IGH",102
"MCM4","IGLC1",103
"MCM4","IL1B",104
"MCM4","IL6ST",105
"MCM4","IQGAP3",106
"MCM4","IRAK3",107
"MCM4","ISG20",108
"MCM4","ITGAM",109
"MCM4","KIAA0101",110
"MCM4","KIF11",111
"MCM4","KIF14",112
"MCM4","KIF15",113
"MCM4","KIF18A",114
"MCM4","KIF18B",115
"MCM4","KIF20A",116
"MCM4","KIF23",117
"MCM4","KIF2C",118
"MCM4","KIF4A",119
"MCM4","KNL1",120
"MCM4","LILRB2",121
"MCM4","LOC100996643",122
"MCM4","LY96",123
"MCM4","LYZ",124
"MCM4","MAD2L1",125
"MCM4","MCM10",126
"MCM4","MCM4",127
"MCM4","MCM5",128
"MCM4","MCM7",129
"MCM4","MDK",130
"MCM4","MELK",131
"MCM4","METTL7A",132
"MCM4","MIR4683",133
"MCM4","MIR6845",134
"MCM4","MIR8071-1",135
"MCM4","MKI67",136
"MCM4","MND1",137
"MCM4","MS4A1",138
"MCM4","MS4A4A",139
"MCM4","MS4A7",140
"MCM4","MTHFD2",141
"MCM4","MTSS1",142
"MCM4","NCAPG",143
"MCM4","NCAPH",144
"MCM4","NEAT1",145
"MCM4","NEDD9",146
"MCM4","NEK2",147
"MCM4","NME1",148
"MCM4","NPCDR1",149
"MCM4","NUF2",150
"MCM4","NUSAP1",151
"MCM4","OIP5",152
"MCM4","P2RY14",153
"MCM4","PAICS",154
"MCM4","PBK",155
"MCM4","PCNA",156
"MCM4","PDE4B",157
"MCM4","PHF19",158
"MCM4","PIK3IP1",159
"MCM4","PLK4",160
"MCM4","POLE2",161
"MCM4","POLQ",162
"MCM4","POU4F1",163
"MCM4","PPIF",164
"MCM4","PPP1R16B",165
"MCM4","PRR11",166
"MCM4","PSPH",167
"MCM4","PTP4A1",168
"MCM4","PTTG1",169
"MCM4","RAD51",170
"MCM4","RAD51AP1",171
"MCM4","RBM14",172
"MCM4","RBMS3",173
"MCM4","RCC1",174
"MCM4","RFC3",175
"MCM4","RHOBTB3",176
"MCM4","RMI2",177
"MCM4","RNASET2",178
"MCM4","RRM2",179
"MCM4","S100A8",180
"MCM4","SCML4",181
"MCM4","SELENOI",182
"MCM4","SERPINA1",183
"MCM4","SERPINB9",184
"MCM4","SESN1",185
"MCM4","SHCBP1",186
"MCM4","SIK1",187
"MCM4","SKP2",188
"MCM4","SLC22A23",189
"MCM4","SMAP2",190
"MCM4","SMC2",191
"MCM4","SNORA21",192
"MCM4","SOS1",193
"MCM4","SQLE",194
"MCM4","STIL",195
"MCM4","SUV39H2",196
"MCM4","TARSL2",197
"MCM4","TBXA2R",198
"MCM4","TCF19",199
"MCM4","TIMELESS",200
"MCM4","TIPIN",201
"MCM4","TK1",202
"MCM4","TMEM97",203
"MCM4","TNFRSF21",204
"MCM4","TOP2A",205
"MCM4","TPX2",206
"MCM4","TRIP13",207
"MCM4","TTK",208
"MCM4","TXNIP",209
"MCM4","TYMS",210
"MCM4","UBE2C",211
"MCM4","UBE2T",212
"MCM4","WDHD1",213
"MCM4","WDR76",214
"MCM4","ZFP36L2",215
"MCM4","ZNF367",216
"MCM4","ZWINT",217
"MCM5","ANLN",1
"MCM5","ANP32E",2
"MCM5","APITD1-CORT",3
"MCM5","ASF1B",4
"MCM5","ASPM",5
"MCM5","ATAD2",6
"MCM5","AURKA",7
"MCM5","AURKB",8
"MCM5","BIRC5",9
"MCM5","BRCA1",10
"MCM5","BRIP1",11
"MCM5","BTG1",12
"MCM5","BUB1",13
"MCM5","BUB1B",14
"MCM5","BYSL",15
"MCM5","C4orf46",16
"MCM5","CCDC34",17
"MCM5","CCNA2",18
"MCM5","CCNB1",19
"MCM5","CCNB2",20
"MCM5","CCNE2",21
"MCM5","CCNL1",22
"MCM5","CD53",23
"MCM5","CDC20",24
"MCM5","CDC42EP3",25
"MCM5","CDC45",26
"MCM5","CDC6",27
"MCM5","CDCA2",28
"MCM5","CDCA3",29
"MCM5","CDCA5",30
"MCM5","CDK1",31
"MCM5","CDKN3",32
"MCM5","CDT1",33
"MCM5","CELF2",34
"MCM5","CENPA",35
"MCM5","CENPE",36
"MCM5","CENPF",37
"MCM5","CENPH",38
"MCM5","CENPK",39
"MCM5","CENPN",40
"MCM5","CENPU",41
"MCM5","CENPW",42
"MCM5","CEP55",43
"MCM5","CHEK1",44
"MCM5","CKAP2",45
"MCM5","CKAP2L",46
"MCM5","CKS1B",47
"MCM5","CLEC2B",48
"MCM5","CRNDE",49
"MCM5","DEFA1",50
"MCM5","DEPDC1",51
"MCM5","DEPDC1B",52
"MCM5","DHFR",53
"MCM5","DHX9",54
"MCM5","DLGAP5",55
"MCM5","DSCC1",56
"MCM5","DTL",57
"MCM5","E2F8",58
"MCM5","ECT2",59
"MCM5","FAM72C",60
"MCM5","FANCI",61
"MCM5","FCER1G",62
"MCM5","FEN1",63
"MCM5","FGR",64
"MCM5","FH",65
"MCM5","FOXM1",66
"MCM5","FUS",67
"MCM5","GBP4",68
"MCM5","GGH",69
"MCM5","GIMAP7",70
"MCM5","GINS1",71
"MCM5","GINS2",72
"MCM5","HBB",73
"MCM5","HBG1",74
"MCM5","HELLS",75
"MCM5","HIST4H4",76
"MCM5","HJURP",77
"MCM5","HMMR",78
"MCM5","IQGAP3",79
"MCM5","KIAA0101",80
"MCM5","KIF11",81
"MCM5","KIF14",82
"MCM5","KIF15",83
"MCM5","KIF18A",84
"MCM5","KIF18B",85
"MCM5","KIF20A",86
"MCM5","KIF23",87
"MCM5","KIF2C",88
"MCM5","KIF4A",89
"MCM5","KLF9",90
"MCM5","KNL1",91
"MCM5","LOC100996643",92
"MCM5","LYZ",93
"MCM5","MAD2L1",94
"MCM5","MCM10",95
"MCM5","MCM4",96
"MCM5","MCM5",97
"MCM5","MCM7",98
"MCM5","MDK",99
"MCM5","MELK",100
"MCM5","MIR8071-1",101
"MCM5","MKI67",102
"MCM5","MND1",103
"MCM5","MS4A1",104
"MCM5","NCAPG",105
"MCM5","NCAPH",106
"MCM5","NEDD9",107
"MCM5","NEK2",108
"MCM5","NME1",109
"MCM5","NUF2",110
"MCM5","NUSAP1",111
"MCM5","OIP5",112
"MCM5","PAICS",113
"MCM5","PBK",114
"MCM5","PCNA",115
"MCM5","PHF19",116
"MCM5","PLK4",117
"MCM5","POLE2",118
"MCM5","POLQ",119
"MCM5","PPIF",120
"MCM5","PPP1R16B",121
"MCM5","PRR11",122
"MCM5","PTP4A1",123
"MCM5","PTTG1",124
"MCM5","RAD51",125
"MCM5","RFC3",126
"MCM5","RMI2",127
"MCM5","RRM2",128
"MCM5","S100A8",129
"MCM5","SELENOI",130
"MCM5","SESN1",131
"MCM5","SHCBP1",132
"MCM5","SKP2",133
"MCM5","SLC22A23",134
"MCM5","SMC2",135
"MCM5","STIL",136
"MCM5","SUV39H2",137
"MCM5","TBXA2R",138
"MCM5","TCF19",139
"MCM5","TIMELESS",140
"MCM5","TIPIN",141
"MCM5","TK1",142
"MCM5","TMEM97",143
"MCM5","TNFRSF21",144
"MCM5","TOP2A",145
"MCM5","TPX2",146
"MCM5","TRIP13",147
"MCM5","TTK",148
"MCM5","TXNIP",149
"MCM5","TYMS",150
"MCM5","UBE2C",151
"MCM5","UBE2T",152
"MCM5","WDHD1",153
"MCM5","WDR76",154
"MCM5","ZNF367",155
"MCM5","ZWINT",156
"MCM7","ANLN",1
"MCM7","ANP32E",2
"MCM7","APITD1-CORT",3
"MCM7","ASF1B",4
"MCM7","ASPM",5
"MCM7","ATAD2",6
"MCM7","AURKA",7
"MCM7","AURKB",8
"MCM7","BCAT1",9
"MCM7","BCL2L11",10
"MCM7","BIRC5",11
"MCM7","BMF",12
"MCM7","BRCA1",13
"MCM7","BRIP1",14
"MCM7","BTG1",15
"MCM7","BUB1",16
"MCM7","BUB1B",17
"MCM7","BYSL",18
"MCM7","C4orf46",19
"MCM7","CCDC34",20
"MCM7","CCDC86",21
"MCM7","CCNA2",22
"MCM7","CCNB1",23
"MCM7","CCNB2",24
"MCM7","CCNE2",25
"MCM7","CD53",26
"MCM7","CDC20",27
"MCM7","CDC42EP3",28
"MCM7","CDC45",29
"MCM7","CDC6",30
"MCM7","CDCA2",31
"MCM7","CDCA3",32
"MCM7","CDCA5",33
"MCM7","CDK1",34
"MCM7","CDKN3",35
"MCM7","CDT1",36
"MCM7","CELF2",37
"MCM7","CENPA",38
"MCM7","CENPE",39
"MCM7","CENPF",40
"MCM7","CENPH",41
"MCM7","CENPK",42
"MCM7","CENPN",43
"MCM7","CENPU",44
"MCM7","CENPV",45
"MCM7","CENPW",46
"MCM7","CEP55",47
"MCM7","CHEK1",48
"MCM7","CKAP2",49
"MCM7","CKAP2L",50
"MCM7","CKS1B",51
"MCM7","CLEC2B",52
"MCM7","CRNDE",53
"MCM7","DEPDC1",54
"MCM7","DEPDC1B",55
"MCM7","DHFR",56
"MCM7","DHX9",57
"MCM7","DLGAP5",58
"MCM7","DSCC1",59
"MCM7","DTL",60
"MCM7","E2F7",61
"MCM7","E2F8",62
"MCM7","ECT2",63
"MCM7","F13A1",64
"MCM7","FABP5",65
"MCM7","FAM72C",66
"MCM7","FANCI",67
"MCM7","FEN1",68
"MCM7","FGL2",69
"MCM7","FH",70
"MCM7","FOXM1",71
"MCM7","GBP4",72
"MCM7","GGH",73
"MCM7","GIMAP4",74
"MCM7","GIMAP7",75
"MCM7","GINS1",76
"MCM7","GINS2",77
"MCM7","GSN",78
"MCM7","GVINP1",79
"MCM7","HELLS",80
"MCM7","HIST4H4",81
"MCM7","HJURP",82
"MCM7","HMMR",83
"MCM7","ID2",84
"MCM7","IFNGR1",85
"MCM7","IL6ST",86
"MCM7","IQGAP3",87
"MCM7","IRAK3",88
"MCM7","ISG20",89
"MCM7","KIAA0101",90
"MCM7","KIF11",91
"MCM7","KIF14",92
"MCM7","KIF15",93
"MCM7","KIF18A",94
"MCM7","KIF18B",95
"MCM7","KIF20A",96
"MCM7","KIF23",97
"MCM7","KIF2C",98
"MCM7","KIF4A",99
"MCM7","KLF9",100
"MCM7","KNL1",101
"MCM7","LGALS3",102
"MCM7","LILRB2",103
"MCM7","LOC100996643",104
"MCM7","LYZ",105
"MCM7","MAD2L1",106
"MCM7","MCM10",107
"MCM7","MCM4",108
"MCM7","MCM5",109
"MCM7","MCM7",110
"MCM7","MDK",111
"MCM7","MELK",112
"MCM7","MIR6845",113
"MCM7","MIR8071-1",114
"MCM7","MKI67",115
"MCM7","MND1",116
"MCM7","MNDA",117
"MCM7","MS4A4A",118
"MCM7","MTHFD2",119
"MCM7","MTSS1",120
"MCM7","NCAPG",121
"MCM7","NCAPH",122
"MCM7","NEAT1",123
"MCM7","NEDD9",124
"MCM7","NEK2",125
"MCM7","NME1",126
"MCM7","NPCDR1",127
"MCM7","NUF2",128
"MCM7","NUSAP1",129
"MCM7","OIP5",130
"MCM7","P2RY14",131
"MCM7","PAICS",132
"MCM7","PBK",133
"MCM7","PCNA",134
"MCM7","PDE4B",135
"MCM7","PHF19",136
"MCM7","PIK3IP1",137
"MCM7","PLK4",138
"MCM7","POLE2",139
"MCM7","POLQ",140
"MCM7","PPBP",141
"MCM7","PPIF",142
"MCM7","PRDM1",143
"MCM7","PRR11",144
"MCM7","PTP4A1",145
"MCM7","PTTG1",146
"MCM7","RAD51",147
"MCM7","RAD51AP1",148
"MCM7","RBM14",149
"MCM7","RFC3",150
"MCM7","RMI2",151
"MCM7","RNASET2",152
"MCM7","RRM2",153
"MCM7","S100A8",154
"MCM7","SCML4",155
"MCM7","SELENOI",156
"MCM7","SERPINB9",157
"MCM7","SESN1",158
"MCM7","SHCBP1",159
"MCM7","SIK1",160
"MCM7","SKP2",161
"MCM7","SMAP2",162
"MCM7","SMC2",163
"MCM7","SOS1",164
"MCM7","SQLE",165
"MCM7","STIL",166
"MCM7","SUV39H2",167
"MCM7","TARSL2",168
"MCM7","TBXA2R",169
"MCM7","TCF19",170
"MCM7","TIMELESS",171
"MCM7","TIPIN",172
"MCM7","TK1",173
"MCM7","TMEM97",174
"MCM7","TNFRSF21",175
"MCM7","TOP2A",176
"MCM7","TPX2",177
"MCM7","TRIP13",178
"MCM7","TTK",179
"MCM7","TXNIP",180
"MCM7","TYMS",181
"MCM7","UBE2C",182
"MCM7","UBE2T",183
"MCM7","WDHD1",184
"MCM7","WDR76",185
"MCM7","ZFP36L2",186
"MCM7","ZNF367",187
"MCM7","ZWINT",188
"MDK","AKAP12",1
"MDK","ANLN",2
"MDK","APITD1-CORT",3
"MDK","ASF1B",4
"MDK","ASPM",5
"MDK","ATAD2",6
"MDK","AURKA",7
"MDK","AURKB",8
"MDK","BIRC5",9
"MDK","BRCA1",10
"MDK","BRIP1",11
"MDK","BTG1",12
"MDK","BUB1",13
"MDK","BUB1B",14
"MDK","C4orf46",15
"MDK","C5orf24",16
"MDK","CCDC34",17
"MDK","CCNA2",18
"MDK","CCNB1",19
"MDK","CCNB2",20
"MDK","CCNE2",21
"MDK","CCNL1",22
"MDK","CDC20",23
"MDK","CDC42EP3",24
"MDK","CDC45",25
"MDK","CDC6",26
"MDK","CDCA2",27
"MDK","CDCA3",28
"MDK","CDCA5",29
"MDK","CDK1",30
"MDK","CDKN3",31
"MDK","CDT1",32
"MDK","CELF2",33
"MDK","CENPA",34
"MDK","CENPE",35
"MDK","CENPF",36
"MDK","CENPH",37
"MDK","CENPN",38
"MDK","CENPU",39
"MDK","CENPW",40
"MDK","CEP55",41
"MDK","CHEK1",42
"MDK","CKAP2",43
"MDK","CKAP2L",44
"MDK","CKS1B",45
"MDK","CLEC2B",46
"MDK","CRNDE",47
"MDK","DEFA1",48
"MDK","DEPDC1",49
"MDK","DEPDC1B",50
"MDK","DFNA5",51
"MDK","DHFR",52
"MDK","DHX9",53
"MDK","DLGAP5",54
"MDK","DSCC1",55
"MDK","DTL",56
"MDK","E2F8",57
"MDK","FABP5",58
"MDK","FAM72C",59
"MDK","FANCI",60
"MDK","FEN1",61
"MDK","FH",62
"MDK","GGH",63
"MDK","GINS1",64
"MDK","GINS2",65
"MDK","HBB",66
"MDK","HBG1",67
"MDK","HELLS",68
"MDK","HIST4H4",69
"MDK","HJURP",70
"MDK","HMMR",71
"MDK","HSP90AB1",72
"MDK","IGLL1",73
"MDK","IQGAP3",74
"MDK","ITGB2-AS1",75
"MDK","KIAA0101",76
"MDK","KIF11",77
"MDK","KIF14",78
"MDK","KIF15",79
"MDK","KIF18A",80
"MDK","KIF18B",81
"MDK","KIF20A",82
"MDK","KIF23",83
"MDK","KIF2C",84
"MDK","KIF4A",85
"MDK","KNL1",86
"MDK","MAD2L1",87
"MDK","MCM10",88
"MDK","MCM4",89
"MDK","MCM5",90
"MDK","MCM7",91
"MDK","MDK",92
"MDK","MDM2",93
"MDK","MELK",94
"MDK","MKI67",95
"MDK","MND1",96
"MDK","MPV17L",97
"MDK","NCAPG",98
"MDK","NCAPH",99
"MDK","NEDD9",100
"MDK","NEK2",101
"MDK","NUF2",102
"MDK","NUSAP1",103
"MDK","OIP5",104
"MDK","PBK",105
"MDK","PCNA",106
"MDK","PHF19",107
"MDK","PLK4",108
"MDK","POLE2",109
"MDK","POLQ",110
"MDK","PRR11",111
"MDK","PSPH",112
"MDK","PTP4A1",113
"MDK","PTTG1",114
"MDK","RAD51",115
"MDK","RBM14",116
"MDK","RFC3",117
"MDK","RMI2",118
"MDK","RPS6KA2",119
"MDK","RRM2",120
"MDK","S100A8",121
"MDK","SHCBP1",122
"MDK","SKP2",123
"MDK","SMC2",124
"MDK","SNX29P2",125
"MDK","SUV39H2",126
"MDK","TCF19",127
"MDK","TENM4",128
"MDK","TIMELESS",129
"MDK","TIPIN",130
"MDK","TK1",131
"MDK","TMEM97",132
"MDK","TNFRSF21",133
"MDK","TOP2A",134
"MDK","TPX2",135
"MDK","TRIB1",136
"MDK","TRIP13",137
"MDK","TTK",138
"MDK","TYMS",139
"MDK","UBE2T",140
"MDK","WDHD1",141
"MDK","WDR76",142
"MDK","ZNF367",143
"MDK","ZWINT",144
"MDM2","AKAP12",1
"MDM2","C5orf24",2
"MDM2","ID3",3
"MDM2","IL6ST",4
"MDM2","ITGB2-AS1",5
"MDM2","KCNK12",6
"MDM2","MDK",7
"MDM2","MDM2",8
"MDM2","MSH6",9
"MDM2","MYRIP",10
"MDM2","P2RY14",11
"MDM2","RAG1",12
"MDM2","S100A11",13
"MDM2","SIK1",14
"MDM2","SOS1",15
"MDM2","TENM4",16
"MDM2","TMEM2",17
"MDM2","TNFSF8",18
"MELK","ANLN",1
"MELK","ANP32E",2
"MELK","APITD1-CORT",3
"MELK","ARPP21",4
"MELK","ASF1B",5
"MELK","ASPM",6
"MELK","ATAD2",7
"MELK","AURKA",8
"MELK","AURKB",9
"MELK","B3GNT2",10
"MELK","BCAT1",11
"MELK","BCL2L11",12
"MELK","BIRC5",13
"MELK","BMF",14
"MELK","BRCA1",15
"MELK","BRIP1",16
"MELK","BTG1",17
"MELK","BUB1",18
"MELK","BUB1B",19
"MELK","BYSL",20
"MELK","C4orf46",21
"MELK","CCDC34",22
"MELK","CCDC86",23
"MELK","CCNA2",24
"MELK","CCNB1",25
"MELK","CCNB2",26
"MELK","CCNE2",27
"MELK","CCNL1",28
"MELK","CCR1",29
"MELK","CD53",30
"MELK","CDC20",31
"MELK","CDC42EP3",32
"MELK","CDC45",33
"MELK","CDC6",34
"MELK","CDCA2",35
"MELK","CDCA3",36
"MELK","CDCA5",37
"MELK","CDK1",38
"MELK","CDK6",39
"MELK","CDKN3",40
"MELK","CDT1",41
"MELK","CELF2",42
"MELK","CENPA",43
"MELK","CENPE",44
"MELK","CENPF",45
"MELK","CENPH",46
"MELK","CENPK",47
"MELK","CENPN",48
"MELK","CENPU",49
"MELK","CENPV",50
"MELK","CENPW",51
"MELK","CEP55",52
"MELK","CHEK1",53
"MELK","CKAP2",54
"MELK","CKAP2L",55
"MELK","CKS1B",56
"MELK","CLEC2B",57
"MELK","CPM",58
"MELK","CRNDE",59
"MELK","DEFA1",60
"MELK","DENND3",61
"MELK","DEPDC1",62
"MELK","DEPDC1B",63
"MELK","DFNA5",64
"MELK","DHFR",65
"MELK","DHX9",66
"MELK","DLGAP5",67
"MELK","DPEP1",68
"MELK","DSCC1",69
"MELK","DTL",70
"MELK","E2F7",71
"MELK","E2F8",72
"MELK","ECT2",73
"MELK","EGR1",74
"MELK","EMP1",75
"MELK","FAM72C",76
"MELK","FANCI",77
"MELK","FCER1G",78
"MELK","FCGR3B",79
"MELK","FEN1",80
"MELK","FGD2",81
"MELK","FGR",82
"MELK","FH",83
"MELK","FOXM1",84
"MELK","FUS",85
"MELK","GBP4",86
"MELK","GGH",87
"MELK","GIMAP4",88
"MELK","GIMAP7",89
"MELK","GINS1",90
"MELK","GINS2",91
"MELK","GSN",92
"MELK","HBB",93
"MELK","HBG1",94
"MELK","HELLS",95
"MELK","HIST4H4",96
"MELK","HJURP",97
"MELK","HMMR",98
"MELK","HRK",99
"MELK","ID2",100
"MELK","IFNGR1",101
"MELK","IGH",102
"MELK","IGLC1",103
"MELK","IL1B",104
"MELK","IL6ST",105
"MELK","IQGAP3",106
"MELK","IRAK3",107
"MELK","ISG20",108
"MELK","ITGAM",109
"MELK","KIAA0101",110
"MELK","KIF11",111
"MELK","KIF14",112
"MELK","KIF15",113
"MELK","KIF18A",114
"MELK","KIF18B",115
"MELK","KIF20A",116
"MELK","KIF23",117
"MELK","KIF2C",118
"MELK","KIF4A",119
"MELK","KNL1",120
"MELK","LILRB2",121
"MELK","LOC100996643",122
"MELK","LY96",123
"MELK","LYZ",124
"MELK","MAD2L1",125
"MELK","MCM10",126
"MELK","MCM4",127
"MELK","MCM5",128
"MELK","MCM7",129
"MELK","MDK",130
"MELK","MELK",131
"MELK","METTL7A",132
"MELK","MIR4683",133
"MELK","MIR6845",134
"MELK","MIR8071-1",135
"MELK","MKI67",136
"MELK","MND1",137
"MELK","MS4A1",138
"MELK","MS4A4A",139
"MELK","MS4A7",140
"MELK","MTHFD2",141
"MELK","MTSS1",142
"MELK","NCAPG",143
"MELK","NCAPH",144
"MELK","NEAT1",145
"MELK","NEDD9",146
"MELK","NEK2",147
"MELK","NME1",148
"MELK","NPCDR1",149
"MELK","NUF2",150
"MELK","NUSAP1",151
"MELK","OIP5",152
"MELK","P2RY14",153
"MELK","PAICS",154
"MELK","PBK",155
"MELK","PCNA",156
"MELK","PDE4B",157
"MELK","PHF19",158
"MELK","PIK3IP1",159
"MELK","PLK4",160
"MELK","POLE2",161
"MELK","POLQ",162
"MELK","POU4F1",163
"MELK","PPIF",164
"MELK","PPP1R16B",165
"MELK","PRR11",166
"MELK","PSPH",167
"MELK","PTP4A1",168
"MELK","PTTG1",169
"MELK","RAD51",170
"MELK","RAD51AP1",171
"MELK","RBM14",172
"MELK","RBMS3",173
"MELK","RCC1",174
"MELK","RFC3",175
"MELK","RHOBTB3",176
"MELK","RMI2",177
"MELK","RNASET2",178
"MELK","RRM2",179
"MELK","S100A8",180
"MELK","SCML4",181
"MELK","SELENOI",182
"MELK","SERPINA1",183
"MELK","SERPINB9",184
"MELK","SESN1",185
"MELK","SHCBP1",186
"MELK","SIK1",187
"MELK","SKP2",188
"MELK","SLC22A23",189
"MELK","SMAP2",190
"MELK","SMC2",191
"MELK","SNORA21",192
"MELK","SOS1",193
"MELK","SQLE",194
"MELK","STIL",195
"MELK","SUV39H2",196
"MELK","TARSL2",197
"MELK","TBXA2R",198
"MELK","TCF19",199
"MELK","TIMELESS",200
"MELK","TIPIN",201
"MELK","TK1",202
"MELK","TMEM97",203
"MELK","TNFRSF21",204
"MELK","TOP2A",205
"MELK","TPX2",206
"MELK","TRIP13",207
"MELK","TTK",208
"MELK","TXNIP",209
"MELK","TYMS",210
"MELK","UBE2C",211
"MELK","UBE2T",212
"MELK","WDHD1",213
"MELK","WDR76",214
"MELK","ZFP36L2",215
"MELK","ZNF367",216
"MELK","ZWINT",217
"METTL7A","AKAP12",1
"METTL7A","BCL10",2
"METTL7A","BMF",3
"METTL7A","C5orf24",4
"METTL7A","CENPK",5
"METTL7A","CENPV",6
"METTL7A","CEP55",7
"METTL7A","DENND3",8
"METTL7A","DPEP1",9
"METTL7A","ECT2",10
"METTL7A","FKBP5",11
"METTL7A","FOXM1",12
"METTL7A","GBP4",13
"METTL7A","GSN",14
"METTL7A","ID2",15
"METTL7A","IFNGR1",16
"METTL7A","IGLL1",17
"METTL7A","IL1B",18
"METTL7A","IL27RA",19
"METTL7A","IL6ST",20
"METTL7A","IRAK3",21
"METTL7A","ISG20",22
"METTL7A","ITGB2-AS1",23
"METTL7A","KLF9",24
"METTL7A","LILRB2",25
"METTL7A","LOC100130872",26
"METTL7A","LOC100505650",27
"METTL7A","METTL7A",28
"METTL7A","MS4A1",29
"METTL7A","MSH6",30
"METTL7A","MTSS1",31
"METTL7A","P2RY14",32
"METTL7A","PDE4B",33
"METTL7A","S100A11",34
"METTL7A","SCML4",35
"METTL7A","SERPINB9",36
"METTL7A","SIK1",37
"METTL7A","SLA",38
"METTL7A","SMAP2",39
"METTL7A","SMIM3",40
"METTL7A","SNX29P2",41
"METTL7A","SOS1",42
"METTL7A","STIL",43
"METTL7A","TARSL2",44
"METTL7A","TMEM2",45
"METTL7A","TRIB1",46
"MIR4683","AKAP12",1
"MIR4683","ANLN",2
"MIR4683","ANP32E",3
"MIR4683","APITD1-CORT",4
"MIR4683","ARPP21",5
"MIR4683","ARRDC3",6
"MIR4683","ASF1B",7
"MIR4683","ATAD2",8
"MIR4683","AURKA",9
"MIR4683","AURKB",10
"MIR4683","B3GNT2",11
"MIR4683","BCL2L11",12
"MIR4683","BIRC5",13
"MIR4683","BMF",14
"MIR4683","BRIP1",15
"MIR4683","BTG1",16
"MIR4683","BTNL9",17
"MIR4683","BUB1",18
"MIR4683","C4orf46",19
"MIR4683","C5orf24",20
"MIR4683","CCDC34",21
"MIR4683","CCNA2",22
"MIR4683","CCNB2",23
"MIR4683","CCNE2",24
"MIR4683","CD53",25
"MIR4683","CDC45",26
"MIR4683","CDC6",27
"MIR4683","CDCA2",28
"MIR4683","CDCA3",29
"MIR4683","CDCA5",30
"MIR4683","CDK6",31
"MIR4683","CDKN3",32
"MIR4683","CENPA",33
"MIR4683","CENPE",34
"MIR4683","CENPF",35
"MIR4683","CENPH",36
"MIR4683","CENPK",37
"MIR4683","CENPU",38
"MIR4683","CENPV",39
"MIR4683","CEP55",40
"MIR4683","CHEK1",41
"MIR4683","CKAP2",42
"MIR4683","CPM",43
"MIR4683","DDIT4",44
"MIR4683","DENND3",45
"MIR4683","DEPDC1",46
"MIR4683","DEPDC1B",47
"MIR4683","DLGAP5",48
"MIR4683","DPEP1",49
"MIR4683","DSCC1",50
"MIR4683","E2F7",51
"MIR4683","ECT2",52
"MIR4683","EMP1",53
"MIR4683","EPPK1",54
"MIR4683","FAM72C",55
"MIR4683","FANCI",56
"MIR4683","FEN1",57
"MIR4683","FH",58
"MIR4683","FOXM1",59
"MIR4683","GBP4",60
"MIR4683","GGH",61
"MIR4683","GIMAP4",62
"MIR4683","GINS1",63
"MIR4683","GSN",64
"MIR4683","HBG1",65
"MIR4683","HELLS",66
"MIR4683","HJURP",67
"MIR4683","HRK",68
"MIR4683","ID3",69
"MIR4683","IFNGR1",70
"MIR4683","IGLL1",71
"MIR4683","IL1B",72
"MIR4683","IL6ST",73
"MIR4683","IRAK3",74
"MIR4683","ISG20",75
"MIR4683","ITGAM",76
"MIR4683","ITGB2-AS1",77
"MIR4683","KIAA0101",78
"MIR4683","KIF11",79
"MIR4683","KIF18A",80
"MIR4683","KIF18B",81
"MIR4683","KIF23",82
"MIR4683","KIF26A",83
"MIR4683","KIF2C",84
"MIR4683","KNL1",85
"MIR4683","LILRB2",86
"MIR4683","LOC100130872",87
"MIR4683","LOC285097",88
"MIR4683","MAD2L1",89
"MIR4683","MCM4",90
"MIR4683","MELK",91
"MIR4683","METTL7A",92
"MIR4683","MIR4683",93
"MIR4683","MIR6845",94
"MIR4683","MS4A1",95
"MIR4683","MSH6",96
"MIR4683","MTSS1",97
"MIR4683","MYRIP",98
"MIR4683","NCAPG",99
"MIR4683","NCAPH",100
"MIR4683","NEAT1",101
"MIR4683","NEK2",102
"MIR4683","NPCDR1",103
"MIR4683","NUSAP1",104
"MIR4683","OIP5",105
"MIR4683","P2RX5",106
"MIR4683","P2RY14",107
"MIR4683","PBK",108
"MIR4683","PDE4B",109
"MIR4683","PHF19",110
"MIR4683","POLE2",111
"MIR4683","POU4F1",112
"MIR4683","PPIF",113
"MIR4683","PTP4A1",114
"MIR4683","RAG1",115
"MIR4683","RAG2",116
"MIR4683","RBMS3",117
"MIR4683","RNASET2",118
"MIR4683","RPS6KA2",119
"MIR4683","S100A11",120
"MIR4683","SCML4",121
"MIR4683","SEMA4D",122
"MIR4683","SERPINB9",123
"MIR4683","SIK1",124
"MIR4683","SKP2",125
"MIR4683","SLA",126
"MIR4683","SMAP2",127
"MIR4683","SMIM3",128
"MIR4683","SNORD3B-1",129
"MIR4683","SOS1",130
"MIR4683","SQLE",131
"MIR4683","STIL",132
"MIR4683","SUV39H2",133
"MIR4683","TARSL2",134
"MIR4683","TBXA2R",135
"MIR4683","TIPIN",136
"MIR4683","TMEM2",137
"MIR4683","TNFSF8",138
"MIR4683","TPX2",139
"MIR4683","TRIP13",140
"MIR4683","TTK",141
"MIR4683","UBE2C",142
"MIR4683","UBE2T",143
"MIR4683","WASF1",144
"MIR4683","WFS1",145
"MIR4683","ZWINT",146
"MIR6845","ANLN",1
"MIR6845","ANP32E",2
"MIR6845","APITD1-CORT",3
"MIR6845","ASF1B",4
"MIR6845","ASPM",5
"MIR6845","ATAD2",6
"MIR6845","AURKA",7
"MIR6845","AURKB",8
"MIR6845","BCAT1",9
"MIR6845","BCL2L11",10
"MIR6845","BIRC5",11
"MIR6845","BMF",12
"MIR6845","BRCA1",13
"MIR6845","BRIP1",14
"MIR6845","BTG1",15
"MIR6845","BUB1",16
"MIR6845","BUB1B",17
"MIR6845","BYSL",18
"MIR6845","C4orf46",19
"MIR6845","CCDC34",20
"MIR6845","CCDC86",21
"MIR6845","CCNA2",22
"MIR6845","CCNB1",23
"MIR6845","CCNB2",24
"MIR6845","CCNE2",25
"MIR6845","CCR1",26
"MIR6845","CD53",27
"MIR6845","CDC20",28
"MIR6845","CDC45",29
"MIR6845","CDC6",30
"MIR6845","CDCA2",31
"MIR6845","CDCA3",32
"MIR6845","CDCA5",33
"MIR6845","CDK1",34
"MIR6845","CDKN3",35
"MIR6845","CDT1",36
"MIR6845","CELF2",37
"MIR6845","CENPA",38
"MIR6845","CENPE",39
"MIR6845","CENPF",40
"MIR6845","CENPH",41
"MIR6845","CENPK",42
"MIR6845","CENPN",43
"MIR6845","CENPU",44
"MIR6845","CENPV",45
"MIR6845","CENPW",46
"MIR6845","CEP55",47
"MIR6845","CHEK1",48
"MIR6845","CKAP2",49
"MIR6845","CKAP2L",50
"MIR6845","CKS1B",51
"MIR6845","CLEC2B",52
"MIR6845","CPM",53
"MIR6845","CRNDE",54
"MIR6845","DDIT4",55
"MIR6845","DENND3",56
"MIR6845","DEPDC1",57
"MIR6845","DEPDC1B",58
"MIR6845","DFNA5",59
"MIR6845","DHFR",60
"MIR6845","DHX9",61
"MIR6845","DLGAP5",62
"MIR6845","DPEP1",63
"MIR6845","DSCC1",64
"MIR6845","DTL",65
"MIR6845","E2F7",66
"MIR6845","E2F8",67
"MIR6845","ECT2",68
"MIR6845","EGR1",69
"MIR6845","FABP5",70
"MIR6845","FAM72C",71
"MIR6845","FANCI",72
"MIR6845","FEN1",73
"MIR6845","FGD2",74
"MIR6845","FH",75
"MIR6845","FOXM1",76
"MIR6845","GBP4",77
"MIR6845","GGH",78
"MIR6845","GIMAP4",79
"MIR6845","GIMAP7",80
"MIR6845","GINS1",81
"MIR6845","GINS2",82
"MIR6845","GSN",83
"MIR6845","HELLS",84
"MIR6845","HIST4H4",85
"MIR6845","HJURP",86
"MIR6845","HMMR",87
"MIR6845","HSP90AB1",88
"MIR6845","IFNGR1",89
"MIR6845","IL18R1",90
"MIR6845","IL18RAP",91
"MIR6845","IL1B",92
"MIR6845","IL6ST",93
"MIR6845","IQGAP3",94
"MIR6845","IRAK3",95
"MIR6845","ISG20",96
"MIR6845","ITGAM",97
"MIR6845","ITPKB",98
"MIR6845","KIAA0101",99
"MIR6845","KIF11",100
"MIR6845","KIF14",101
"MIR6845","KIF15",102
"MIR6845","KIF18A",103
"MIR6845","KIF18B",104
"MIR6845","KIF20A",105
"MIR6845","KIF23",106
"MIR6845","KIF26A",107
"MIR6845","KIF2C",108
"MIR6845","KIF4A",109
"MIR6845","KNL1",110
"MIR6845","LGALS3",111
"MIR6845","LILRB2",112
"MIR6845","LOC100996643",113
"MIR6845","MAD2L1",114
"MIR6845","MCM10",115
"MIR6845","MCM4",116
"MIR6845","MCM5",117
"MIR6845","MCM7",118
"MIR6845","MELK",119
"MIR6845","MIR4683",120
"MIR6845","MIR6845",121
"MIR6845","MIR8071-1",122
"MIR6845","MKI67",123
"MIR6845","MND1",124
"MIR6845","MNDA",125
"MIR6845","MS4A1",126
"MIR6845","MS4A4A",127
"MIR6845","MS4A7",128
"MIR6845","MTHFD2",129
"MIR6845","MTSS1",130
"MIR6845","NCAPG",131
"MIR6845","NCAPH",132
"MIR6845","NEAT1",133
"MIR6845","NEDD9",134
"MIR6845","NEK2",135
"MIR6845","NME1",136
"MIR6845","NUF2",137
"MIR6845","NUSAP1",138
"MIR6845","OIP5",139
"MIR6845","P2RX5",140
"MIR6845","P2RY14",141
"MIR6845","PAICS",142
"MIR6845","PBK",143
"MIR6845","PCNA",144
"MIR6845","PDE4B",145
"MIR6845","PHF19",146
"MIR6845","PIK3IP1",147
"MIR6845","PLK4",148
"MIR6845","POLE2",149
"MIR6845","POLQ",150
"MIR6845","PPIF",151
"MIR6845","PPP1R16B",152
"MIR6845","PRPS2",153
"MIR6845","PRR11",154
"MIR6845","PSPH",155
"MIR6845","PTTG1",156
"MIR6845","RAD51",157
"MIR6845","RAD51AP1",158
"MIR6845","RBM14",159
"MIR6845","RBMS3",160
"MIR6845","RCC1",161
"MIR6845","RFC3",162
"MIR6845","RHOBTB3",163
"MIR6845","RMI2",164
"MIR6845","RNASET2",165
"MIR6845","RPS6KA2",166
"MIR6845","RRM2",167
"MIR6845","S100A8",168
"MIR6845","SCML4",169
"MIR6845","SELENOI",170
"MIR6845","SERPINB9",171
"MIR6845","SESN1",172
"MIR6845","SHCBP1",173
"MIR6845","SIK1",174
"MIR6845","SKP2",175
"MIR6845","SMAP2",176
"MIR6845","SMC2",177
"MIR6845","SNORA21",178
"MIR6845","SOS1",179
"MIR6845","SQLE",180
"MIR6845","STIL",181
"MIR6845","SUV39H2",182
"MIR6845","TARSL2",183
"MIR6845","TBXA2R",184
"MIR6845","TCF19",185
"MIR6845","TIMELESS",186
"MIR6845","TIPIN",187
"MIR6845","TK1",188
"MIR6845","TMEM2",189
"MIR6845","TMEM97",190
"MIR6845","TNFRSF21",191
"MIR6845","TOP2A",192
"MIR6845","TPX2",193
"MIR6845","TRIP13",194
"MIR6845","TTK",195
"MIR6845","TXNIP",196
"MIR6845","TYMS",197
"MIR6845","UBE2C",198
"MIR6845","UBE2T",199
"MIR6845","WDHD1",200
"MIR6845","WDR76",201
"MIR6845","ZBTB16",202
"MIR6845","ZNF367",203
"MIR6845","ZWINT",204
"MIR8071-1","APITD1-CORT",1
"MIR8071-1","ASF1B",2
"MIR8071-1","ATAD2",3
"MIR8071-1","AURKA",4
"MIR8071-1","AURKB",5
"MIR8071-1","BCAT1",6
"MIR8071-1","BIRC5",7
"MIR8071-1","BRIP1",8
"MIR8071-1","BTG1",9
"MIR8071-1","BUB1",10
"MIR8071-1","BUB1B",11
"MIR8071-1","BYSL",12
"MIR8071-1","C4orf46",13
"MIR8071-1","CCDC34",14
"MIR8071-1","CCDC86",15
"MIR8071-1","CCNA2",16
"MIR8071-1","CCNB1",17
"MIR8071-1","CCNB2",18
"MIR8071-1","CCNE2",19
"MIR8071-1","CD53",20
"MIR8071-1","CDC42EP3",21
"MIR8071-1","CDC45",22
"MIR8071-1","CDC6",23
"MIR8071-1","CDCA2",24
"MIR8071-1","CDCA3",25
"MIR8071-1","CDCA5",26
"MIR8071-1","CDK1",27
"MIR8071-1","CDKN3",28
"MIR8071-1","CENPA",29
"MIR8071-1","CENPE",30
"MIR8071-1","CENPF",31
"MIR8071-1","CENPH",32
"MIR8071-1","CENPK",33
"MIR8071-1","CENPN",34
"MIR8071-1","CHEK1",35
"MIR8071-1","CKAP2",36
"MIR8071-1","CLEC2B",37
"MIR8071-1","CLN8",38
"MIR8071-1","CRNDE",39
"MIR8071-1","DEPDC1",40
"MIR8071-1","DHFR",41
"MIR8071-1","DLGAP5",42
"MIR8071-1","DSCC1",43
"MIR8071-1","ECT2",44
"MIR8071-1","F13A1",45
"MIR8071-1","FAM72C",46
"MIR8071-1","FANCI",47
"MIR8071-1","FEN1",48
"MIR8071-1","FGD2",49
"MIR8071-1","FH",50
"MIR8071-1","GGH",51
"MIR8071-1","GINS1",52
"MIR8071-1","HELLS",53
"MIR8071-1","HJURP",54
"MIR8071-1","HMMR",55
"MIR8071-1","HRK",56
"MIR8071-1","IFNGR1",57
"MIR8071-1","IGH",58
"MIR8071-1","IGLC1",59
"MIR8071-1","IL6ST",60
"MIR8071-1","IQGAP3",61
"MIR8071-1","IRAK3",62
"MIR8071-1","ISG20",63
"MIR8071-1","ITGAM",64
"MIR8071-1","KIAA0101",65
"MIR8071-1","KIF14",66
"MIR8071-1","KIF15",67
"MIR8071-1","KIF18A",68
"MIR8071-1","KIF20A",69
"MIR8071-1","KIF23",70
"MIR8071-1","KIF2C",71
"MIR8071-1","KLF9",72
"MIR8071-1","LGALS3",73
"MIR8071-1","LILRB2",74
"MIR8071-1","LOC100996643",75
"MIR8071-1","LYZ",76
"MIR8071-1","MAD2L1",77
"MIR8071-1","MCM10",78
"MIR8071-1","MCM4",79
"MIR8071-1","MELK",80
"MIR8071-1","MIR8071-1",81
"MIR8071-1","MND1",82
"MIR8071-1","MNDA",83
"MIR8071-1","MS4A1",84
"MIR8071-1","MS4A4A",85
"MIR8071-1","MTHFD2",86
"MIR8071-1","MTSS1",87
"MIR8071-1","NCAPG",88
"MIR8071-1","NCAPH",89
"MIR8071-1","NEAT1",90
"MIR8071-1","NEK2",91
"MIR8071-1","NME1",92
"MIR8071-1","OIP5",93
"MIR8071-1","PAICS",94
"MIR8071-1","PBK",95
"MIR8071-1","PDE4B",96
"MIR8071-1","PHF19",97
"MIR8071-1","PLK4",98
"MIR8071-1","POLE2",99
"MIR8071-1","POLQ",100
"MIR8071-1","PRPS2",101
"MIR8071-1","PTTG1",102
"MIR8071-1","RASSF4",103
"MIR8071-1","RFC3",104
"MIR8071-1","S100A8",105
"MIR8071-1","SELENOI",106
"MIR8071-1","SERPINB9",107
"MIR8071-1","SHCBP1",108
"MIR8071-1","SKP2",109
"MIR8071-1","SMAP2",110
"MIR8071-1","SMC2",111
"MIR8071-1","SQLE",112
"MIR8071-1","SUV39H2",113
"MIR8071-1","TBXA2R",114
"MIR8071-1","TIMELESS",115
"MIR8071-1","TIPIN",116
"MIR8071-1","TMEM2",117
"MIR8071-1","TMEM97",118
"MIR8071-1","TPX2",119
"MIR8071-1","TRIP13",120
"MIR8071-1","TTK",121
"MIR8071-1","TXNIP",122
"MIR8071-1","WDHD1",123
"MIR8071-1","ZFP36L2",124
"MKI67","ANLN",1
"MKI67","ANP32E",2
"MKI67","APITD1-CORT",3
"MKI67","ASF1B",4
"MKI67","ASPM",5
"MKI67","ATAD2",6
"MKI67","AURKA",7
"MKI67","AURKB",8
"MKI67","BCAT1",9
"MKI67","BCL2L11",10
"MKI67","BIRC5",11
"MKI67","BMF",12
"MKI67","BRCA1",13
"MKI67","BRIP1",14
"MKI67","BTG1",15
"MKI67","BUB1",16
"MKI67","BUB1B",17
"MKI67","BYSL",18
"MKI67","C4orf46",19
"MKI67","CCDC34",20
"MKI67","CCDC86",21
"MKI67","CCNA2",22
"MKI67","CCNB1",23
"MKI67","CCNB2",24
"MKI67","CCNE2",25
"MKI67","CCNL1",26
"MKI67","CCR1",27
"MKI67","CD53",28
"MKI67","CDC20",29
"MKI67","CDC45",30
"MKI67","CDC6",31
"MKI67","CDCA2",32
"MKI67","CDCA3",33
"MKI67","CDCA5",34
"MKI67","CDK1",35
"MKI67","CDKN3",36
"MKI67","CDT1",37
"MKI67","CELF2",38
"MKI67","CENPA",39
"MKI67","CENPE",40
"MKI67","CENPF",41
"MKI67","CENPH",42
"MKI67","CENPK",43
"MKI67","CENPN",44
"MKI67","CENPU",45
"MKI67","CENPV",46
"MKI67","CENPW",47
"MKI67","CEP55",48
"MKI67","CHEK1",49
"MKI67","CKAP2",50
"MKI67","CKAP2L",51
"MKI67","CKS1B",52
"MKI67","CLEC2B",53
"MKI67","CRNDE",54
"MKI67","DENND3",55
"MKI67","DEPDC1",56
"MKI67","DEPDC1B",57
"MKI67","DFNA5",58
"MKI67","DHFR",59
"MKI67","DHX9",60
"MKI67","DLGAP5",61
"MKI67","DPEP1",62
"MKI67","DSCC1",63
"MKI67","DTL",64
"MKI67","E2F7",65
"MKI67","E2F8",66
"MKI67","ECT2",67
"MKI67","EGR1",68
"MKI67","FABP5",69
"MKI67","FAM72C",70
"MKI67","FANCI",71
"MKI67","FCER1G",72
"MKI67","FCGR3B",73
"MKI67","FEN1",74
"MKI67","FGD2",75
"MKI67","FGR",76
"MKI67","FH",77
"MKI67","FOXM1",78
"MKI67","FUS",79
"MKI67","GBP4",80
"MKI67","GGH",81
"MKI67","GIMAP4",82
"MKI67","GIMAP7",83
"MKI67","GINS1",84
"MKI67","GINS2",85
"MKI67","GVINP1",86
"MKI67","HBB",87
"MKI67","HELLS",88
"MKI67","HIST4H4",89
"MKI67","HJURP",90
"MKI67","HMMR",91
"MKI67","ID2",92
"MKI67","IFNGR1",93
"MKI67","IL18R1",94
"MKI67","IL1B",95
"MKI67","IQGAP3",96
"MKI67","IRAK3",97
"MKI67","ISG20",98
"MKI67","KIAA0101",99
"MKI67","KIF11",100
"MKI67","KIF14",101
"MKI67","KIF15",102
"MKI67","KIF18A",103
"MKI67","KIF18B",104
"MKI67","KIF20A",105
"MKI67","KIF23",106
"MKI67","KIF2C",107
"MKI67","KIF4A",108
"MKI67","KNL1",109
"MKI67","LILRB2",110
"MKI67","LOC100996643",111
"MKI67","LOC728175",112
"MKI67","LY96",113
"MKI67","LYZ",114
"MKI67","MAD2L1",115
"MKI67","MCM10",116
"MKI67","MCM4",117
"MKI67","MCM5",118
"MKI67","MCM7",119
"MKI67","MELK",120
"MKI67","METTL7A",121
"MKI67","MIR6845",122
"MKI67","MIR8071-1",123
"MKI67","MKI67",124
"MKI67","MND1",125
"MKI67","MS4A1",126
"MKI67","MS4A7",127
"MKI67","MTHFD2",128
"MKI67","MTSS1",129
"MKI67","NCAPG",130
"MKI67","NCAPH",131
"MKI67","NEAT1",132
"MKI67","NEDD9",133
"MKI67","NEK2",134
"MKI67","NME1",135
"MKI67","NPCDR1",136
"MKI67","NUF2",137
"MKI67","NUSAP1",138
"MKI67","OIP5",139
"MKI67","PBK",140
"MKI67","PCNA",141
"MKI67","PDE4B",142
"MKI67","PHF19",143
"MKI67","PIK3IP1",144
"MKI67","PLK4",145
"MKI67","POLE2",146
"MKI67","POLQ",147
"MKI67","PPIF",148
"MKI67","PPP1R16B",149
"MKI67","PRR11",150
"MKI67","PSPH",151
"MKI67","PTP4A1",152
"MKI67","PTTG1",153
"MKI67","RAD51",154
"MKI67","RAD51AP1",155
"MKI67","RBM14",156
"MKI67","RBMS3",157
"MKI67","RCC1",158
"MKI67","RFC3",159
"MKI67","RMI2",160
"MKI67","RNASET2",161
"MKI67","RRM2",162
"MKI67","S100A8",163
"MKI67","SELENOI",164
"MKI67","SERPINA1",165
"MKI67","SERPINB9",166
"MKI67","SESN1",167
"MKI67","SHCBP1",168
"MKI67","SKP2",169
"MKI67","SLC22A23",170
"MKI67","SMAP2",171
"MKI67","SMC2",172
"MKI67","SNX29P2",173
"MKI67","SOS1",174
"MKI67","SQLE",175
"MKI67","STIL",176
"MKI67","SUV39H2",177
"MKI67","TARSL2",178
"MKI67","TCF19",179
"MKI67","TIMELESS",180
"MKI67","TIPIN",181
"MKI67","TK1",182
"MKI67","TMEM97",183
"MKI67","TOP2A",184
"MKI67","TPX2",185
"MKI67","TRIP13",186
"MKI67","TTK",187
"MKI67","TXNIP",188
"MKI67","TYMS",189
"MKI67","UBE2C",190
"MKI67","UBE2T",191
"MKI67","WDHD1",192
"MKI67","WDR76",193
"MKI67","ZNF367",194
"MKI67","ZWINT",195
"MND1","ANLN",1
"MND1","ANP32E",2
"MND1","APITD1-CORT",3
"MND1","ASF1B",4
"MND1","ASPM",5
"MND1","ATAD2",6
"MND1","AURKA",7
"MND1","AURKB",8
"MND1","BCAT1",9
"MND1","BCL2L11",10
"MND1","BIRC5",11
"MND1","BRCA1",12
"MND1","BRIP1",13
"MND1","BTG1",14
"MND1","BUB1",15
"MND1","BUB1B",16
"MND1","BYSL",17
"MND1","C4orf46",18
"MND1","C5orf24",19
"MND1","CCDC34",20
"MND1","CCDC86",21
"MND1","CCNA2",22
"MND1","CCNB1",23
"MND1","CCNB2",24
"MND1","CCNE2",25
"MND1","CD53",26
"MND1","CDC20",27
"MND1","CDC42EP3",28
"MND1","CDC45",29
"MND1","CDC6",30
"MND1","CDCA2",31
"MND1","CDCA3",32
"MND1","CDCA5",33
"MND1","CDK1",34
"MND1","CDKN3",35
"MND1","CDT1",36
"MND1","CELF2",37
"MND1","CENPA",38
"MND1","CENPE",39
"MND1","CENPF",40
"MND1","CENPH",41
"MND1","CENPK",42
"MND1","CENPN",43
"MND1","CENPU",44
"MND1","CENPW",45
"MND1","CEP55",46
"MND1","CHEK1",47
"MND1","CKAP2",48
"MND1","CKAP2L",49
"MND1","CKS1B",50
"MND1","CLEC2B",51
"MND1","CRNDE",52
"MND1","DEFA1",53
"MND1","DEPDC1",54
"MND1","DEPDC1B",55
"MND1","DFNA5",56
"MND1","DHFR",57
"MND1","DHX9",58
"MND1","DLGAP5",59
"MND1","DPEP1",60
"MND1","DSCC1",61
"MND1","DTL",62
"MND1","E2F7",63
"MND1","E2F8",64
"MND1","ECT2",65
"MND1","F13A1",66
"MND1","FABP5",67
"MND1","FAM72C",68
"MND1","FANCI",69
"MND1","FEN1",70
"MND1","FGR",71
"MND1","FH",72
"MND1","FOXM1",73
"MND1","FUS",74
"MND1","GBP4",75
"MND1","GGH",76
"MND1","GIMAP4",77
"MND1","GIMAP7",78
"MND1","GINS1",79
"MND1","GINS2",80
"MND1","GVINP1",81
"MND1","HBB",82
"MND1","HBG1",83
"MND1","HELLS",84
"MND1","HIST4H4",85
"MND1","HJURP",86
"MND1","HMMR",87
"MND1","HSP90AB1",88
"MND1","ID2",89
"MND1","IFNGR1",90
"MND1","IGH",91
"MND1","IGLC1",92
"MND1","IGLL1",93
"MND1","IL18R1",94
"MND1","IL27RA",95
"MND1","IQGAP3",96
"MND1","IRAK3",97
"MND1","ISG20",98
"MND1","ITGB2-AS1",99
"MND1","KIAA0101",100
"MND1","KIF11",101
"MND1","KIF14",102
"MND1","KIF15",103
"MND1","KIF18A",104
"MND1","KIF18B",105
"MND1","KIF20A",106
"MND1","KIF23",107
"MND1","KIF2C",108
"MND1","KIF4A",109
"MND1","KNL1",110
"MND1","LILRB2",111
"MND1","LOC100996643",112
"MND1","LOC728175",113
"MND1","LYZ",114
"MND1","MAD2L1",115
"MND1","MCM10",116
"MND1","MCM4",117
"MND1","MCM5",118
"MND1","MCM7",119
"MND1","MDK",120
"MND1","MELK",121
"MND1","MIR6845",122
"MND1","MIR8071-1",123
"MND1","MKI67",124
"MND1","MND1",125
"MND1","MPV17L",126
"MND1","MS4A1",127
"MND1","MS4A4A",128
"MND1","MTHFD2",129
"MND1","MTSS1",130
"MND1","NCAPG",131
"MND1","NCAPH",132
"MND1","NEAT1",133
"MND1","NEDD9",134
"MND1","NEK2",135
"MND1","NME1",136
"MND1","NPCDR1",137
"MND1","NUF2",138
"MND1","NUSAP1",139
"MND1","OIP5",140
"MND1","P2RY14",141
"MND1","PAICS",142
"MND1","PBK",143
"MND1","PCNA",144
"MND1","PDE4B",145
"MND1","PHF19",146
"MND1","PIK3IP1",147
"MND1","PLK4",148
"MND1","POLE2",149
"MND1","POLQ",150
"MND1","PPBP",151
"MND1","PPIF",152
"MND1","PPP1R16B",153
"MND1","PRDM1",154
"MND1","PRR11",155
"MND1","PSPH",156
"MND1","PTP4A1",157
"MND1","PTTG1",158
"MND1","RAD51",159
"MND1","RAD51AP1",160
"MND1","RASSF4",161
"MND1","RBM14",162
"MND1","RCC1",163
"MND1","RFC3",164
"MND1","RMI2",165
"MND1","RNASET2",166
"MND1","RRM2",167
"MND1","S100A8",168
"MND1","SCML4",169
"MND1","SELENOI",170
"MND1","SERPINA1",171
"MND1","SERPINB9",172
"MND1","SESN1",173
"MND1","SHCBP1",174
"MND1","SKP2",175
"MND1","SLC22A23",176
"MND1","SMAP2",177
"MND1","SMC2",178
"MND1","SNORA21",179
"MND1","STIL",180
"MND1","SUV39H2",181
"MND1","TARSL2",182
"MND1","TCF19",183
"MND1","TENM4",184
"MND1","TIMELESS",185
"MND1","TIPIN",186
"MND1","TK1",187
"MND1","TMEM97",188
"MND1","TNFRSF21",189
"MND1","TOP2A",190
"MND1","TPX2",191
"MND1","TRIP13",192
"MND1","TTK",193
"MND1","TXNIP",194
"MND1","TYMS",195
"MND1","UBE2C",196
"MND1","UBE2T",197
"MND1","WDHD1",198
"MND1","WDR76",199
"MND1","ZNF367",200
"MND1","ZWINT",201
"MNDA","ANLN",1
"MNDA","ATAD2",2
"MNDA","AURKB",3
"MNDA","BCAT1",4
"MNDA","BIRC5",5
"MNDA","BRCA1",6
"MNDA","BRIP1",7
"MNDA","BUB1",8
"MNDA","BUB1B",9
"MNDA","BYSL",10
"MNDA","C5orf24",11
"MNDA","CCDC86",12
"MNDA","CCNA2",13
"MNDA","CCNB1",14
"MNDA","CCNB2",15
"MNDA","CD53",16
"MNDA","CDC20",17
"MNDA","CDC45",18
"MNDA","CDCA5",19
"MNDA","CDK1",20
"MNDA","CDT1",21
"MNDA","CELF2",22
"MNDA","CENPA",23
"MNDA","CENPH",24
"MNDA","CENPK",25
"MNDA","CENPN",26
"MNDA","CENPU",27
"MNDA","CENPV",28
"MNDA","CENPW",29
"MNDA","CEP55",30
"MNDA","CHEK1",31
"MNDA","CKAP2",32
"MNDA","CKAP2L",33
"MNDA","CRNDE",34
"MNDA","DHFR",35
"MNDA","DLGAP5",36
"MNDA","DSCC1",37
"MNDA","ECT2",38
"MNDA","F13A1",39
"MNDA","FANCI",40
"MNDA","FEN1",41
"MNDA","FGD2",42
"MNDA","FGL2",43
"MNDA","FOXM1",44
"MNDA","GGH",45
"MNDA","GINS1",46
"MNDA","HMMR",47
"MNDA","IFNGR1",48
"MNDA","IGH",49
"MNDA","IGLC1",50
"MNDA","IQGAP3",51
"MNDA","IRAK3",52
"MNDA","ISG20",53
"MNDA","ITGAM",54
"MNDA","ITPKB",55
"MNDA","KIAA0101",56
"MNDA","KIF14",57
"MNDA","KIF15",58
"MNDA","KIF18A",59
"MNDA","KIF18B",60
"MNDA","KIF20A",61
"MNDA","KIF2C",62
"MNDA","LEF1",63
"MNDA","LGALS3",64
"MNDA","LILRA1",65
"MNDA","LOC100996643",66
"MNDA","LYZ",67
"MNDA","MAD2L1",68
"MNDA","MCM10",69
"MNDA","MCM4",70
"MNDA","MELK",71
"MNDA","MIR8071-1",72
"MNDA","MNDA",73
"MNDA","MS4A1",74
"MNDA","MTHFD2",75
"MNDA","MTSS1",76
"MNDA","MYRIP",77
"MNDA","NCAPG",78
"MNDA","NEDD9",79
"MNDA","NME1",80
"MNDA","OIP5",81
"MNDA","PAICS",82
"MNDA","PCNA",83
"MNDA","PHF19",84
"MNDA","PLK4",85
"MNDA","POLE2",86
"MNDA","POLQ",87
"MNDA","POU4F1",88
"MNDA","PPBP",89
"MNDA","PRDM1",90
"MNDA","PRPS2",91
"MNDA","PTTG1",92
"MNDA","RAB31",93
"MNDA","RAD51",94
"MNDA","RAD51AP1",95
"MNDA","RAG1",96
"MNDA","RASSF4",97
"MNDA","RCC1",98
"MNDA","RRM2",99
"MNDA","S100A8",100
"MNDA","SELENOI",101
"MNDA","SERPINB9",102
"MNDA","SMAP2",103
"MNDA","SMC2",104
"MNDA","SQLE",105
"MNDA","STIL",106
"MNDA","TIPIN",107
"MNDA","TMEM97",108
"MNDA","TPX2",109
"MNDA","TRIP13",110
"MNDA","TTK",111
"MNDA","TXNIP",112
"MNDA","UBE2T",113
"MNDA","WASF1",114
"MNDA","WDHD1",115
"MNDA","ZBTB16",116
"MNDA","ZWINT",117
"MPV17L","ANP32E",1
"MPV17L","APITD1-CORT",2
"MPV17L","ASF1B",3
"MPV17L","ASPM",4
"MPV17L","AURKA",5
"MPV17L","AURKB",6
"MPV17L","BCAT1",7
"MPV17L","BRCA1",8
"MPV17L","BTG1",9
"MPV17L","BUB1B",10
"MPV17L","BYSL",11
"MPV17L","C4orf46",12
"MPV17L","CCDC34",13
"MPV17L","CCNB1",14
"MPV17L","CCNE2",15
"MPV17L","CDC20",16
"MPV17L","CDC6",17
"MPV17L","CDCA2",18
"MPV17L","CDCA3",19
"MPV17L","CDK1",20
"MPV17L","CDKN3",21
"MPV17L","CENPE",22
"MPV17L","CENPF",23
"MPV17L","CENPH",24
"MPV17L","CENPN",25
"MPV17L","CENPW",26
"MPV17L","CKAP2",27
"MPV17L","CKAP2L",28
"MPV17L","CKS1B",29
"MPV17L","DDIT4",30
"MPV17L","DEPDC1",31
"MPV17L","DEPDC1B",32
"MPV17L","DHFR",33
"MPV17L","DTL",34
"MPV17L","FAM72C",35
"MPV17L","FH",36
"MPV17L","GINS2",37
"MPV17L","HBB",38
"MPV17L","HBG1",39
"MPV17L","HIST4H4",40
"MPV17L","HJURP",41
"MPV17L","HMMR",42
"MPV17L","IGLL1",43
"MPV17L","IQGAP3",44
"MPV17L","KIF11",45
"MPV17L","KIF14",46
"MPV17L","KIF15",47
"MPV17L","KIF18A",48
"MPV17L","KIF20A",49
"MPV17L","KIF23",50
"MPV17L","KIF4A",51
"MPV17L","KNL1",52
"MPV17L","MCM10",53
"MPV17L","MCM5",54
"MPV17L","MCM7",55
"MPV17L","MDK",56
"MPV17L","MIR8071-1",57
"MPV17L","MKI67",58
"MPV17L","MND1",59
"MPV17L","MPV17L",60
"MPV17L","NCAPH",61
"MPV17L","NEK2",62
"MPV17L","NUF2",63
"MPV17L","NUSAP1",64
"MPV17L","OIP5",65
"MPV17L","PBK",66
"MPV17L","PLK4",67
"MPV17L","POLQ",68
"MPV17L","PPP1R16B",69
"MPV17L","PRR11",70
"MPV17L","RAD51",71
"MPV17L","RFC3",72
"MPV17L","RMI2",73
"MPV17L","S100A8",74
"MPV17L","SELENOI",75
"MPV17L","SHCBP1",76
"MPV17L","SKP2",77
"MPV17L","SMC2",78
"MPV17L","SNX29P2",79
"MPV17L","SUV39H2",80
"MPV17L","TBXA2R",81
"MPV17L","TIMELESS",82
"MPV17L","TK1",83
"MPV17L","TMEM97",84
"MPV17L","TOP2A",85
"MPV17L","TRIP13",86
"MPV17L","TXNIP",87
"MPV17L","WDHD1",88
"MPV17L","WDR76",89
"MPV17L","ZNF367",90
"MS4A1","ANLN",1
"MS4A1","ANP32E",2
"MS4A1","APITD1-CORT",3
"MS4A1","ASF1B",4
"MS4A1","ATAD2",5
"MS4A1","AURKA",6
"MS4A1","AURKB",7
"MS4A1","B3GNT2",8
"MS4A1","BCAT1",9
"MS4A1","BIRC5",10
"MS4A1","BMF",11
"MS4A1","BRCA1",12
"MS4A1","BRIP1",13
"MS4A1","BTG1",14
"MS4A1","BUB1",15
"MS4A1","BUB1B",16
"MS4A1","BYSL",17
"MS4A1","C4orf46",18
"MS4A1","CCDC34",19
"MS4A1","CCDC86",20
"MS4A1","CCNA2",21
"MS4A1","CCNB1",22
"MS4A1","CCNB2",23
"MS4A1","CCNE2",24
"MS4A1","CCR1",25
"MS4A1","CD53",26
"MS4A1","CDC20",27
"MS4A1","CDC45",28
"MS4A1","CDC6",29
"MS4A1","CDCA2",30
"MS4A1","CDCA3",31
"MS4A1","CDCA5",32
"MS4A1","CDK1",33
"MS4A1","CDKN3",34
"MS4A1","CDT1",35
"MS4A1","CELF2",36
"MS4A1","CENPA",37
"MS4A1","CENPE",38
"MS4A1","CENPF",39
"MS4A1","CENPH",40
"MS4A1","CENPK",41
"MS4A1","CENPN",42
"MS4A1","CENPU",43
"MS4A1","CENPV",44
"MS4A1","CENPW",45
"MS4A1","CEP55",46
"MS4A1","CHEK1",47
"MS4A1","CKAP2",48
"MS4A1","CKAP2L",49
"MS4A1","CKS1B",50
"MS4A1","CLEC2B",51
"MS4A1","CPM",52
"MS4A1","CRNDE",53
"MS4A1","DDIT4",54
"MS4A1","DENND3",55
"MS4A1","DEPDC1",56
"MS4A1","DEPDC1B",57
"MS4A1","DFNA5",58
"MS4A1","DHFR",59
"MS4A1","DLGAP5",60
"MS4A1","DPEP1",61
"MS4A1","DSCC1",62
"MS4A1","E2F7",63
"MS4A1","E2F8",64
"MS4A1","ECT2",65
"MS4A1","EGR1",66
"MS4A1","EMP1",67
"MS4A1","F13A1",68
"MS4A1","FAM72C",69
"MS4A1","FANCI",70
"MS4A1","FEN1",71
"MS4A1","FGD2",72
"MS4A1","FH",73
"MS4A1","FOXM1",74
"MS4A1","FUS",75
"MS4A1","GBP4",76
"MS4A1","GGH",77
"MS4A1","GIMAP4",78
"MS4A1","GINS1",79
"MS4A1","GSN",80
"MS4A1","HELLS",81
"MS4A1","HIST4H4",82
"MS4A1","HJURP",83
"MS4A1","HMMR",84
"MS4A1","HRK",85
"MS4A1","ID2",86
"MS4A1","IFNGR1",87
"MS4A1","IGH",88
"MS4A1","IGLC1",89
"MS4A1","IL1B",90
"MS4A1","IL6ST",91
"MS4A1","IQGAP3",92
"MS4A1","IRAK3",93
"MS4A1","ISG20",94
"MS4A1","ITGAM",95
"MS4A1","ITPKB",96
"MS4A1","KIAA0101",97
"MS4A1","KIF11",98
"MS4A1","KIF14",99
"MS4A1","KIF15",100
"MS4A1","KIF18A",101
"MS4A1","KIF18B",102
"MS4A1","KIF20A",103
"MS4A1","KIF23",104
"MS4A1","KIF26A",105
"MS4A1","KIF2C",106
"MS4A1","KIF4A",107
"MS4A1","KLF9",108
"MS4A1","KNL1",109
"MS4A1","LGALS3",110
"MS4A1","LILRB2",111
"MS4A1","LOC100996643",112
"MS4A1","LOC285097",113
"MS4A1","LYZ",114
"MS4A1","MAD2L1",115
"MS4A1","MCM10",116
"MS4A1","MCM4",117
"MS4A1","MCM7",118
"MS4A1","MELK",119
"MS4A1","METTL7A",120
"MS4A1","MIR4683",121
"MS4A1","MIR6845",122
"MS4A1","MIR8071-1",123
"MS4A1","MKI67",124
"MS4A1","MNDA",125
"MS4A1","MS4A1",126
"MS4A1","MS4A4A",127
"MS4A1","MS4A7",128
"MS4A1","MSH6",129
"MS4A1","MTHFD2",130
"MS4A1","MTSS1",131
"MS4A1","NCAPG",132
"MS4A1","NCAPH",133
"MS4A1","NEAT1",134
"MS4A1","NEK2",135
"MS4A1","NME1",136
"MS4A1","NPCDR1",137
"MS4A1","NUF2",138
"MS4A1","NUSAP1",139
"MS4A1","OIP5",140
"MS4A1","P2RY14",141
"MS4A1","PAICS",142
"MS4A1","PBK",143
"MS4A1","PDE4B",144
"MS4A1","PHF19",145
"MS4A1","PIK3IP1",146
"MS4A1","PLK4",147
"MS4A1","POLE2",148
"MS4A1","POLQ",149
"MS4A1","POU4F1",150
"MS4A1","PPIF",151
"MS4A1","PRPS2",152
"MS4A1","PRR11",153
"MS4A1","PTTG1",154
"MS4A1","RAD51",155
"MS4A1","RASSF4",156
"MS4A1","RBMS3",157
"MS4A1","RCC1",158
"MS4A1","RFC3",159
"MS4A1","RHOBTB3",160
"MS4A1","RNASET2",161
"MS4A1","RPS6KA2",162
"MS4A1","RRM2",163
"MS4A1","S100A8",164
"MS4A1","SCML4",165
"MS4A1","SELENOI",166
"MS4A1","SERPINB9",167
"MS4A1","SHCBP1",168
"MS4A1","SIK1",169
"MS4A1","SKP2",170
"MS4A1","SLC22A23",171
"MS4A1","SMAP2",172
"MS4A1","SMC2",173
"MS4A1","SMIM3",174
"MS4A1","SOS1",175
"MS4A1","SQLE",176
"MS4A1","STIL",177
"MS4A1","SUV39H2",178
"MS4A1","TARSL2",179
"MS4A1","TBXA2R",180
"MS4A1","TCF19",181
"MS4A1","TIMELESS",182
"MS4A1","TIPIN",183
"MS4A1","TMEM2",184
"MS4A1","TMEM97",185
"MS4A1","TNFSF8",186
"MS4A1","TPX2",187
"MS4A1","TRIP13",188
"MS4A1","TTK",189
"MS4A1","TXNIP",190
"MS4A1","UBE2C",191
"MS4A1","UBE2T",192
"MS4A1","WDHD1",193
"MS4A1","WDR76",194
"MS4A1","ZBTB16",195
"MS4A1","ZFP36L2",196
"MS4A1","ZNF367",197
"MS4A1","ZWINT",198
"MS4A4A","ANLN",1
"MS4A4A","ANP32E",2
"MS4A4A","APITD1-CORT",3
"MS4A4A","ASF1B",4
"MS4A4A","ATAD2",5
"MS4A4A","AURKA",6
"MS4A4A","AURKB",7
"MS4A4A","B3GNT2",8
"MS4A4A","BIRC5",9
"MS4A4A","BMF",10
"MS4A4A","BRIP1",11
"MS4A4A","BTG1",12
"MS4A4A","BUB1",13
"MS4A4A","CCDC34",14
"MS4A4A","CCDC86",15
"MS4A4A","CCNA2",16
"MS4A4A","CCNB2",17
"MS4A4A","CCNE2",18
"MS4A4A","CCR1",19
"MS4A4A","CD53",20
"MS4A4A","CDC45",21
"MS4A4A","CDC6",22
"MS4A4A","CDCA2",23
"MS4A4A","CDCA3",24
"MS4A4A","CDCA5",25
"MS4A4A","CDKN3",26
"MS4A4A","CELF2",27
"MS4A4A","CENPA",28
"MS4A4A","CENPE",29
"MS4A4A","CENPH",30
"MS4A4A","CENPK",31
"MS4A4A","CENPU",32
"MS4A4A","CENPV",33
"MS4A4A","CEP55",34
"MS4A4A","CHEK1",35
"MS4A4A","CKAP2",36
"MS4A4A","CLEC2B",37
"MS4A4A","CPM",38
"MS4A4A","DENND3",39
"MS4A4A","DEPDC1",40
"MS4A4A","DLGAP5",41
"MS4A4A","DPEP1",42
"MS4A4A","DSCC1",43
"MS4A4A","E2F7",44
"MS4A4A","ECT2",45
"MS4A4A","EMP1",46
"MS4A4A","F13A1",47
"MS4A4A","FAM72C",48
"MS4A4A","FANCI",49
"MS4A4A","FEN1",50
"MS4A4A","FGD2",51
"MS4A4A","FOXM1",52
"MS4A4A","GBP4",53
"MS4A4A","GIMAP4",54
"MS4A4A","GINS1",55
"MS4A4A","HELLS",56
"MS4A4A","HJURP",57
"MS4A4A","HRK",58
"MS4A4A","ID2",59
"MS4A4A","IFNGR1",60
"MS4A4A","IL1B",61
"MS4A4A","IL6ST",62
"MS4A4A","IRAK3",63
"MS4A4A","ISG20",64
"MS4A4A","ITGAM",65
"MS4A4A","KIAA0101",66
"MS4A4A","KIF18A",67
"MS4A4A","KIF18B",68
"MS4A4A","KIF23",69
"MS4A4A","KIF26A",70
"MS4A4A","KIF2C",71
"MS4A4A","LILRB2",72
"MS4A4A","LOC100505650",73
"MS4A4A","MAD2L1",74
"MS4A4A","MCM4",75
"MS4A4A","MELK",76
"MS4A4A","METTL7A",77
"MS4A4A","MIR6845",78
"MS4A4A","MIR8071-1",79
"MS4A4A","MS4A1",80
"MS4A4A","MS4A4A",81
"MS4A4A","MSH6",82
"MS4A4A","MTSS1",83
"MS4A4A","NCAPG",84
"MS4A4A","NCAPH",85
"MS4A4A","NPCDR1",86
"MS4A4A","OIP5",87
"MS4A4A","P2RY14",88
"MS4A4A","PBK",89
"MS4A4A","PDE4B",90
"MS4A4A","PHF19",91
"MS4A4A","PIK3IP1",92
"MS4A4A","POLE2",93
"MS4A4A","PPIF",94
"MS4A4A","PTP4A1",95
"MS4A4A","PTTG1",96
"MS4A4A","RASSF4",97
"MS4A4A","RHOBTB3",98
"MS4A4A","RNASET2",99
"MS4A4A","S100A11",100
"MS4A4A","SCML4",101
"MS4A4A","SERPINB9",102
"MS4A4A","SKP2",103
"MS4A4A","SMAP2",104
"MS4A4A","SQLE",105
"MS4A4A","STAB1",106
"MS4A4A","STIL",107
"MS4A4A","SUV39H2",108
"MS4A4A","TARSL2",109
"MS4A4A","TBXA2R",110
"MS4A4A","TIPIN",111
"MS4A4A","TMEM2",112
"MS4A4A","TPX2",113
"MS4A4A","TRIP13",114
"MS4A4A","TTK",115
"MS4A4A","TXNIP",116
"MS4A4A","UBE2C",117
"MS4A4A","UBE2T",118
"MS4A4A","ZBTB16",119
"MS4A7","ANP32E",1
"MS4A7","APITD1-CORT",2
"MS4A7","ASF1B",3
"MS4A7","AURKA",4
"MS4A7","BCAT1",5
"MS4A7","BTG1",6
"MS4A7","CCDC34",7
"MS4A7","CCDC86",8
"MS4A7","CCNE2",9
"MS4A7","CCR1",10
"MS4A7","CD53",11
"MS4A7","CDC6",12
"MS4A7","CDCA2",13
"MS4A7","CDCA3",14
"MS4A7","CDKN3",15
"MS4A7","CENPE",16
"MS4A7","CENPV",17
"MS4A7","CEP55",18
"MS4A7","CKAP2L",19
"MS4A7","DENND3",20
"MS4A7","DEPDC1",21
"MS4A7","DEPDC1B",22
"MS4A7","DHX9",23
"MS4A7","E2F7",24
"MS4A7","ECT2",25
"MS4A7","F13A1",26
"MS4A7","FAM72C",27
"MS4A7","FCER1G",28
"MS4A7","FCGR3B",29
"MS4A7","FGD2",30
"MS4A7","FH",31
"MS4A7","FOXM1",32
"MS4A7","GBP4",33
"MS4A7","GIMAP4",34
"MS4A7","GSN",35
"MS4A7","GVINP1",36
"MS4A7","HJURP",37
"MS4A7","IFNGR1",38
"MS4A7","IGH",39
"MS4A7","IL18R1",40
"MS4A7","IL18RAP",41
"MS4A7","IL1B",42
"MS4A7","IL6ST",43
"MS4A7","IRAK3",44
"MS4A7","ISG20",45
"MS4A7","ITGAM",46
"MS4A7","KIF23",47
"MS4A7","LILRA1",48
"MS4A7","LILRB2",49
"MS4A7","LOC100996643",50
"MS4A7","MIR6845",51
"MS4A7","MIR8071-1",52
"MS4A7","MS4A1",53
"MS4A7","MS4A7",54
"MS4A7","MTHFD2",55
"MS4A7","MTSS1",56
"MS4A7","NCAPH",57
"MS4A7","PBK",58
"MS4A7","PDE4B",59
"MS4A7","PIK3IP1",60
"MS4A7","PRPS2",61
"MS4A7","RBMS3",62
"MS4A7","RNASET2",63
"MS4A7","S100A8",64
"MS4A7","SCML4",65
"MS4A7","SERPINA1",66
"MS4A7","SERPINB9",67
"MS4A7","SKP2",68
"MS4A7","SMAP2",69
"MS4A7","STIL",70
"MS4A7","SUV39H2",71
"MS4A7","TCF19",72
"MS4A7","TMEM2",73
"MS4A7","TXNIP",74
"MS4A7","ZBTB16",75
"MSH6","ABHD17B",1
"MSH6","AKAP12",2
"MSH6","B3GNT2",3
"MSH6","BCL10",4
"MSH6","BMF",5
"MSH6","DPEP1",6
"MSH6","FCER1G",7
"MSH6","GSN",8
"MSH6","HRK",9
"MSH6","ID3",10
"MSH6","IL1B",11
"MSH6","IL27RA",12
"MSH6","IL6ST",13
"MSH6","IRAK3",14
"MSH6","ISG20",15
"MSH6","ITGB2-AS1",16
"MSH6","KCNK12",17
"MSH6","KIF26A",18
"MSH6","LILRA1",19
"MSH6","LOC100130872",20
"MSH6","MDK",21
"MSH6","MDM2",22
"MSH6","METTL7A",23
"MSH6","MIR4683",24
"MSH6","MIR8071-1",25
"MSH6","MS4A1",26
"MSH6","MSH6",27
"MSH6","MTSS1",28
"MSH6","MYRIP",29
"MSH6","NPCDR1",30
"MSH6","POU4F1",31
"MSH6","PTP4A1",32
"MSH6","RMI2",33
"MSH6","RPS6KA2",34
"MSH6","S100A11",35
"MSH6","SEMA4D",36
"MSH6","SERPINB9",37
"MSH6","SIK1",38
"MSH6","SLA",39
"MSH6","SMAP2",40
"MSH6","SNX10",41
"MSH6","SNX29P2",42
"MSH6","SOS1",43
"MSH6","TENM4",44
"MSH6","TMEM2",45
"MSH6","TNFSF8",46
"MSH6","UBE2C",47
"MSH6","WASF1",48
"MTHFD2","ANLN",1
"MTHFD2","ANP32E",2
"MTHFD2","APITD1-CORT",3
"MTHFD2","ASF1B",4
"MTHFD2","ASPM",5
"MTHFD2","ATAD2",6
"MTHFD2","AURKA",7
"MTHFD2","AURKB",8
"MTHFD2","B3GNT2",9
"MTHFD2","BCAT1",10
"MTHFD2","BCL2L11",11
"MTHFD2","BIRC5",12
"MTHFD2","BMF",13
"MTHFD2","BRCA1",14
"MTHFD2","BRIP1",15
"MTHFD2","BTG1",16
"MTHFD2","BUB1",17
"MTHFD2","BUB1B",18
"MTHFD2","BYSL",19
"MTHFD2","C4orf46",20
"MTHFD2","CCDC34",21
"MTHFD2","CCDC86",22
"MTHFD2","CCNA2",23
"MTHFD2","CCNB1",24
"MTHFD2","CCNB2",25
"MTHFD2","CCNE2",26
"MTHFD2","CD53",27
"MTHFD2","CDC20",28
"MTHFD2","CDC42EP3",29
"MTHFD2","CDC45",30
"MTHFD2","CDC6",31
"MTHFD2","CDCA2",32
"MTHFD2","CDCA3",33
"MTHFD2","CDCA5",34
"MTHFD2","CDK1",35
"MTHFD2","CDK6",36
"MTHFD2","CDKN3",37
"MTHFD2","CDT1",38
"MTHFD2","CELF2",39
"MTHFD2","CENPA",40
"MTHFD2","CENPE",41
"MTHFD2","CENPF",42
"MTHFD2","CENPH",43
"MTHFD2","CENPK",44
"MTHFD2","CENPN",45
"MTHFD2","CENPU",46
"MTHFD2","CENPV",47
"MTHFD2","CENPW",48
"MTHFD2","CEP55",49
"MTHFD2","CHEK1",50
"MTHFD2","CKAP2",51
"MTHFD2","CKAP2L",52
"MTHFD2","CKS1B",53
"MTHFD2","DEFA1",54
"MTHFD2","DEPDC1",55
"MTHFD2","DEPDC1B",56
"MTHFD2","DHFR",57
"MTHFD2","DLGAP5",58
"MTHFD2","DSCC1",59
"MTHFD2","E2F7",60
"MTHFD2","E2F8",61
"MTHFD2","ECT2",62
"MTHFD2","F13A1",63
"MTHFD2","FABP5",64
"MTHFD2","FAM72C",65
"MTHFD2","FANCI",66
"MTHFD2","FCGR3B",67
"MTHFD2","FEN1",68
"MTHFD2","FGD2",69
"MTHFD2","FGL2",70
"MTHFD2","FH",71
"MTHFD2","FOXM1",72
"MTHFD2","GBP4",73
"MTHFD2","GGH",74
"MTHFD2","GIMAP4",75
"MTHFD2","GIMAP7",76
"MTHFD2","GINS1",77
"MTHFD2","GINS2",78
"MTHFD2","GSN",79
"MTHFD2","GVINP1",80
"MTHFD2","HBB",81
"MTHFD2","HBG1",82
"MTHFD2","HELLS",83
"MTHFD2","HIST4H4",84
"MTHFD2","HJURP",85
"MTHFD2","HMMR",86
"MTHFD2","ID2",87
"MTHFD2","IFNGR1",88
"MTHFD2","IGH",89
"MTHFD2","IGLC1",90
"MTHFD2","IL6ST",91
"MTHFD2","IQGAP3",92
"MTHFD2","IRAK3",93
"MTHFD2","ISG20",94
"MTHFD2","ITGAM",95
"MTHFD2","ITPKB",96
"MTHFD2","KIAA0101",97
"MTHFD2","KIF11",98
"MTHFD2","KIF14",99
"MTHFD2","KIF15",100
"MTHFD2","KIF18A",101
"MTHFD2","KIF18B",102
"MTHFD2","KIF20A",103
"MTHFD2","KIF23",104
"MTHFD2","KIF2C",105
"MTHFD2","KIF4A",106
"MTHFD2","KNL1",107
"MTHFD2","LGALS3",108
"MTHFD2","LILRB2",109
"MTHFD2","LOC100996643",110
"MTHFD2","LYZ",111
"MTHFD2","MAD2L1",112
"MTHFD2","MCM10",113
"MTHFD2","MCM4",114
"MTHFD2","MCM5",115
"MTHFD2","MCM7",116
"MTHFD2","MELK",117
"MTHFD2","MIR4683",118
"MTHFD2","MIR6845",119
"MTHFD2","MIR8071-1",120
"MTHFD2","MKI67",121
"MTHFD2","MND1",122
"MTHFD2","MNDA",123
"MTHFD2","MS4A1",124
"MTHFD2","MTHFD2",125
"MTHFD2","MTSS1",126
"MTHFD2","NCAPG",127
"MTHFD2","NCAPH",128
"MTHFD2","NEAT1",129
"MTHFD2","NEDD9",130
"MTHFD2","NEK2",131
"MTHFD2","NME1",132
"MTHFD2","NPCDR1",133
"MTHFD2","NUF2",134
"MTHFD2","NUSAP1",135
"MTHFD2","OIP5",136
"MTHFD2","PAICS",137
"MTHFD2","PBK",138
"MTHFD2","PCNA",139
"MTHFD2","PHF19",140
"MTHFD2","PIK3IP1",141
"MTHFD2","PLK4",142
"MTHFD2","POLE2",143
"MTHFD2","POLQ",144
"MTHFD2","PPBP",145
"MTHFD2","PPIF",146
"MTHFD2","PRDM1",147
"MTHFD2","PRPS2",148
"MTHFD2","PRR11",149
"MTHFD2","PTP4A1",150
"MTHFD2","PTTG1",151
"MTHFD2","RAD51",152
"MTHFD2","RAD51AP1",153
"MTHFD2","RBM14",154
"MTHFD2","RBMS3",155
"MTHFD2","RCC1",156
"MTHFD2","RFC3",157
"MTHFD2","RNASET2",158
"MTHFD2","RPS6KA2",159
"MTHFD2","RRM2",160
"MTHFD2","S100A8",161
"MTHFD2","SELENOI",162
"MTHFD2","SERPINA1",163
"MTHFD2","SERPINB9",164
"MTHFD2","SHCBP1",165
"MTHFD2","SKP2",166
"MTHFD2","SMAP2",167
"MTHFD2","SMC2",168
"MTHFD2","SOS1",169
"MTHFD2","SQLE",170
"MTHFD2","STIL",171
"MTHFD2","SUV39H2",172
"MTHFD2","TBXA2R",173
"MTHFD2","TCF19",174
"MTHFD2","TIMELESS",175
"MTHFD2","TIPIN",176
"MTHFD2","TK1",177
"MTHFD2","TMEM97",178
"MTHFD2","TPX2",179
"MTHFD2","TRIP13",180
"MTHFD2","TTK",181
"MTHFD2","TXNIP",182
"MTHFD2","TYMS",183
"MTHFD2","UBE2C",184
"MTHFD2","UBE2T",185
"MTHFD2","WDHD1",186
"MTHFD2","WDR76",187
"MTHFD2","ZFP36L2",188
"MTHFD2","ZNF367",189
"MTHFD2","ZWINT",190
"MTSS1","AKAP12",1
"MTSS1","ANLN",2
"MTSS1","ANP32E",3
"MTSS1","APITD1-CORT",4
"MTSS1","ASF1B",5
"MTSS1","ATAD2",6
"MTSS1","AURKA",7
"MTSS1","AURKB",8
"MTSS1","B3GNT2",9
"MTSS1","BCAT1",10
"MTSS1","BCL10",11
"MTSS1","BIRC5",12
"MTSS1","BMF",13
"MTSS1","BRCA1",14
"MTSS1","BRIP1",15
"MTSS1","BTG1",16
"MTSS1","BUB1",17
"MTSS1","BUB1B",18
"MTSS1","BYSL",19
"MTSS1","C4orf46",20
"MTSS1","CCDC34",21
"MTSS1","CCDC86",22
"MTSS1","CCNA2",23
"MTSS1","CCNB1",24
"MTSS1","CCNB2",25
"MTSS1","CCNE2",26
"MTSS1","CCR1",27
"MTSS1","CD53",28
"MTSS1","CDC42EP3",29
"MTSS1","CDC45",30
"MTSS1","CDC6",31
"MTSS1","CDCA2",32
"MTSS1","CDCA3",33
"MTSS1","CDCA5",34
"MTSS1","CDK1",35
"MTSS1","CDKN3",36
"MTSS1","CDT1",37
"MTSS1","CENPA",38
"MTSS1","CENPE",39
"MTSS1","CENPF",40
"MTSS1","CENPH",41
"MTSS1","CENPK",42
"MTSS1","CENPN",43
"MTSS1","CENPU",44
"MTSS1","CENPV",45
"MTSS1","CEP55",46
"MTSS1","CHEK1",47
"MTSS1","CKAP2",48
"MTSS1","CKAP2L",49
"MTSS1","CLEC2B",50
"MTSS1","CLN8",51
"MTSS1","CRNDE",52
"MTSS1","DENND3",53
"MTSS1","DEPDC1",54
"MTSS1","DEPDC1B",55
"MTSS1","DFNA5",56
"MTSS1","DHFR",57
"MTSS1","DLGAP5",58
"MTSS1","DPEP1",59
"MTSS1","DSCC1",60
"MTSS1","E2F7",61
"MTSS1","E2F8",62
"MTSS1","ECT2",63
"MTSS1","EMP1",64
"MTSS1","F13A1",65
"MTSS1","FABP5",66
"MTSS1","FAM72C",67
"MTSS1","FANCI",68
"MTSS1","FEN1",69
"MTSS1","FGD2",70
"MTSS1","FH",71
"MTSS1","FOXM1",72
"MTSS1","GBP4",73
"MTSS1","GGH",74
"MTSS1","GIMAP4",75
"MTSS1","GIMAP7",76
"MTSS1","GINS1",77
"MTSS1","GSN",78
"MTSS1","GVINP1",79
"MTSS1","HELLS",80
"MTSS1","HIST4H4",81
"MTSS1","HJURP",82
"MTSS1","HMMR",83
"MTSS1","HRK",84
"MTSS1","ID2",85
"MTSS1","IFNGR1",86
"MTSS1","IGH",87
"MTSS1","IGLC1",88
"MTSS1","IL18R1",89
"MTSS1","IL1B",90
"MTSS1","IL6ST",91
"MTSS1","IQGAP3",92
"MTSS1","IRAK3",93
"MTSS1","ISG20",94
"MTSS1","ITGAM",95
"MTSS1","KIAA0101",96
"MTSS1","KIF14",97
"MTSS1","KIF15",98
"MTSS1","KIF18A",99
"MTSS1","KIF18B",100
"MTSS1","KIF20A",101
"MTSS1","KIF23",102
"MTSS1","KIF2C",103
"MTSS1","KLF9",104
"MTSS1","LGALS3",105
"MTSS1","LILRB2",106
"MTSS1","LOC100996643",107
"MTSS1","LYZ",108
"MTSS1","MAD2L1",109
"MTSS1","MCM10",110
"MTSS1","MCM4",111
"MTSS1","MCM7",112
"MTSS1","MELK",113
"MTSS1","METTL7A",114
"MTSS1","MIR4683",115
"MTSS1","MIR6845",116
"MTSS1","MIR8071-1",117
"MTSS1","MND1",118
"MTSS1","MNDA",119
"MTSS1","MS4A1",120
"MTSS1","MS4A4A",121
"MTSS1","MSH6",122
"MTSS1","MTHFD2",123
"MTSS1","MTSS1",124
"MTSS1","NCAPG",125
"MTSS1","NCAPH",126
"MTSS1","NEAT1",127
"MTSS1","NEDD9",128
"MTSS1","NEK2",129
"MTSS1","NME1",130
"MTSS1","NPCDR1",131
"MTSS1","OIP5",132
"MTSS1","P2RY14",133
"MTSS1","PAICS",134
"MTSS1","PBK",135
"MTSS1","PDE4B",136
"MTSS1","PHF19",137
"MTSS1","PIK3IP1",138
"MTSS1","PLK4",139
"MTSS1","POLE2",140
"MTSS1","POLQ",141
"MTSS1","POU4F1",142
"MTSS1","PPIF",143
"MTSS1","PRDM1",144
"MTSS1","PRPS2",145
"MTSS1","PRR11",146
"MTSS1","PTTG1",147
"MTSS1","RAB31",148
"MTSS1","RAD51",149
"MTSS1","RAD51AP1",150
"MTSS1","RASSF4",151
"MTSS1","RBMS3",152
"MTSS1","RCC1",153
"MTSS1","RNASET2",154
"MTSS1","RPS6KA2",155
"MTSS1","RRM2",156
"MTSS1","S100A11",157
"MTSS1","SCML4",158
"MTSS1","SELENOI",159
"MTSS1","SERPINB9",160
"MTSS1","SIK1",161
"MTSS1","SKP2",162
"MTSS1","SMAP2",163
"MTSS1","SMC2",164
"MTSS1","SMIM3",165
"MTSS1","SOS1",166
"MTSS1","SQLE",167
"MTSS1","STAB1",168
"MTSS1","STIL",169
"MTSS1","SUV39H2",170
"MTSS1","TARSL2",171
"MTSS1","TBXA2R",172
"MTSS1","TCF19",173
"MTSS1","TIMELESS",174
"MTSS1","TIPIN",175
"MTSS1","TMEM2",176
"MTSS1","TMEM97",177
"MTSS1","TPX2",178
"MTSS1","TRIP13",179
"MTSS1","TTK",180
"MTSS1","TXNIP",181
"MTSS1","UBE2C",182
"MTSS1","UBE2T",183
"MTSS1","WDHD1",184
"MTSS1","ZBTB16",185
"MTSS1","ZFP36L2",186
"MTSS1","ZWINT",187
"MYRIP","ABHD17B",1
"MYRIP","BIRC3",2
"MYRIP","EMP1",3
"MYRIP","FGL2",4
"MYRIP","FGR",5
"MYRIP","ID3",6
"MYRIP","IL18RAP",7
"MYRIP","IL1B",8
"MYRIP","IL6ST",9
"MYRIP","ITGB2-AS1",10
"MYRIP","KCNK12",11
"MYRIP","KLF9",12
"MYRIP","LOC100130872",13
"MYRIP","LOC100996643",14
"MYRIP","LOC728175",15
"MYRIP","MDM2",16
"MYRIP","METTL7A",17
"MYRIP","MNDA",18
"MYRIP","MYRIP",19
"MYRIP","PPBP",20
"MYRIP","PTP4A1",21
"MYRIP","RAG1",22
"MYRIP","RCC1",23
"MYRIP","S100A11",24
"MYRIP","SELENOI",25
"MYRIP","SERPINA1",26
"MYRIP","SLA",27
"MYRIP","SNX10",28
"MYRIP","SOS1",29
"MYRIP","TMEM2",30
"MYRIP","TNFSF8",31
"MYRIP","TYMS",32
"NCAPG","ANLN",1
"NCAPG","ANP32E",2
"NCAPG","APITD1-CORT",3
"NCAPG","ARPP21",4
"NCAPG","ASF1B",5
"NCAPG","ASPM",6
"NCAPG","ATAD2",7
"NCAPG","AURKA",8
"NCAPG","AURKB",9
"NCAPG","B3GNT2",10
"NCAPG","BCAT1",11
"NCAPG","BCL2L11",12
"NCAPG","BIRC5",13
"NCAPG","BMF",14
"NCAPG","BRCA1",15
"NCAPG","BRIP1",16
"NCAPG","BTG1",17
"NCAPG","BUB1",18
"NCAPG","BUB1B",19
"NCAPG","BYSL",20
"NCAPG","C4orf46",21
"NCAPG","CCDC34",22
"NCAPG","CCDC86",23
"NCAPG","CCNA2",24
"NCAPG","CCNB1",25
"NCAPG","CCNB2",26
"NCAPG","CCNE2",27
"NCAPG","CCNL1",28
"NCAPG","CCR1",29
"NCAPG","CD53",30
"NCAPG","CDC20",31
"NCAPG","CDC42EP3",32
"NCAPG","CDC45",33
"NCAPG","CDC6",34
"NCAPG","CDCA2",35
"NCAPG","CDCA3",36
"NCAPG","CDCA5",37
"NCAPG","CDK1",38
"NCAPG","CDK6",39
"NCAPG","CDKN3",40
"NCAPG","CDT1",41
"NCAPG","CELF2",42
"NCAPG","CENPA",43
"NCAPG","CENPE",44
"NCAPG","CENPF",45
"NCAPG","CENPH",46
"NCAPG","CENPK",47
"NCAPG","CENPN",48
"NCAPG","CENPU",49
"NCAPG","CENPV",50
"NCAPG","CENPW",51
"NCAPG","CEP55",52
"NCAPG","CHEK1",53
"NCAPG","CKAP2",54
"NCAPG","CKAP2L",55
"NCAPG","CKS1B",56
"NCAPG","CLEC2B",57
"NCAPG","CPM",58
"NCAPG","CRNDE",59
"NCAPG","DEFA1",60
"NCAPG","DENND3",61
"NCAPG","DEPDC1",62
"NCAPG","DEPDC1B",63
"NCAPG","DFNA5",64
"NCAPG","DHFR",65
"NCAPG","DHX9",66
"NCAPG","DLGAP5",67
"NCAPG","DPEP1",68
"NCAPG","DSCC1",69
"NCAPG","DTL",70
"NCAPG","E2F7",71
"NCAPG","E2F8",72
"NCAPG","ECT2",73
"NCAPG","EGR1",74
"NCAPG","EMP1",75
"NCAPG","FAM72C",76
"NCAPG","FANCI",77
"NCAPG","FCER1G",78
"NCAPG","FCGR3B",79
"NCAPG","FEN1",80
"NCAPG","FGD2",81
"NCAPG","FGR",82
"NCAPG","FH",83
"NCAPG","FOXM1",84
"NCAPG","FUS",85
"NCAPG","GBP4",86
"NCAPG","GGH",87
"NCAPG","GIMAP4",88
"NCAPG","GIMAP7",89
"NCAPG","GINS1",90
"NCAPG","GINS2",91
"NCAPG","GSN",92
"NCAPG","HBB",93
"NCAPG","HBG1",94
"NCAPG","HELLS",95
"NCAPG","HIST4H4",96
"NCAPG","HJURP",97
"NCAPG","HMMR",98
"NCAPG","HRK",99
"NCAPG","ID2",100
"NCAPG","IFNGR1",101
"NCAPG","IGH",102
"NCAPG","IGLC1",103
"NCAPG","IL1B",104
"NCAPG","IL6ST",105
"NCAPG","IQGAP3",106
"NCAPG","IRAK3",107
"NCAPG","ISG20",108
"NCAPG","ITGAM",109
"NCAPG","KIAA0101",110
"NCAPG","KIF11",111
"NCAPG","KIF14",112
"NCAPG","KIF15",113
"NCAPG","KIF18A",114
"NCAPG","KIF18B",115
"NCAPG","KIF20A",116
"NCAPG","KIF23",117
"NCAPG","KIF2C",118
"NCAPG","KIF4A",119
"NCAPG","KNL1",120
"NCAPG","LILRB2",121
"NCAPG","LOC100996643",122
"NCAPG","LY96",123
"NCAPG","LYZ",124
"NCAPG","MAD2L1",125
"NCAPG","MCM10",126
"NCAPG","MCM4",127
"NCAPG","MCM5",128
"NCAPG","MCM7",129
"NCAPG","MDK",130
"NCAPG","MELK",131
"NCAPG","METTL7A",132
"NCAPG","MIR4683",133
"NCAPG","MIR6845",134
"NCAPG","MIR8071-1",135
"NCAPG","MKI67",136
"NCAPG","MND1",137
"NCAPG","MS4A1",138
"NCAPG","MS4A4A",139
"NCAPG","MS4A7",140
"NCAPG","MTHFD2",141
"NCAPG","MTSS1",142
"NCAPG","NCAPG",143
"NCAPG","NCAPH",144
"NCAPG","NEAT1",145
"NCAPG","NEDD9",146
"NCAPG","NEK2",147
"NCAPG","NME1",148
"NCAPG","NPCDR1",149
"NCAPG","NUF2",150
"NCAPG","NUSAP1",151
"NCAPG","OIP5",152
"NCAPG","P2RY14",153
"NCAPG","PAICS",154
"NCAPG","PBK",155
"NCAPG","PCNA",156
"NCAPG","PDE4B",157
"NCAPG","PHF19",158
"NCAPG","PIK3IP1",159
"NCAPG","PLK4",160
"NCAPG","POLE2",161
"NCAPG","POLQ",162
"NCAPG","POU4F1",163
"NCAPG","PPIF",164
"NCAPG","PPP1R16B",165
"NCAPG","PRR11",166
"NCAPG","PSPH",167
"NCAPG","PTP4A1",168
"NCAPG","PTTG1",169
"NCAPG","RAD51",170
"NCAPG","RAD51AP1",171
"NCAPG","RBM14",172
"NCAPG","RBMS3",173
"NCAPG","RCC1",174
"NCAPG","RFC3",175
"NCAPG","RHOBTB3",176
"NCAPG","RMI2",177
"NCAPG","RNASET2",178
"NCAPG","RRM2",179
"NCAPG","S100A8",180
"NCAPG","SCML4",181
"NCAPG","SELENOI",182
"NCAPG","SERPINA1",183
"NCAPG","SERPINB9",184
"NCAPG","SESN1",185
"NCAPG","SHCBP1",186
"NCAPG","SIK1",187
"NCAPG","SKP2",188
"NCAPG","SLC22A23",189
"NCAPG","SMAP2",190
"NCAPG","SMC2",191
"NCAPG","SNORA21",192
"NCAPG","SOS1",193
"NCAPG","SQLE",194
"NCAPG","STIL",195
"NCAPG","SUV39H2",196
"NCAPG","TARSL2",197
"NCAPG","TBXA2R",198
"NCAPG","TCF19",199
"NCAPG","TIMELESS",200
"NCAPG","TIPIN",201
"NCAPG","TK1",202
"NCAPG","TMEM97",203
"NCAPG","TNFRSF21",204
"NCAPG","TOP2A",205
"NCAPG","TPX2",206
"NCAPG","TRIP13",207
"NCAPG","TTK",208
"NCAPG","TXNIP",209
"NCAPG","TYMS",210
"NCAPG","UBE2C",211
"NCAPG","UBE2T",212
"NCAPG","WDHD1",213
"NCAPG","WDR76",214
"NCAPG","ZFP36L2",215
"NCAPG","ZNF367",216
"NCAPG","ZWINT",217
"NCAPH","ANLN",1
"NCAPH","ANP32E",2
"NCAPH","APITD1-CORT",3
"NCAPH","ARPP21",4
"NCAPH","ASF1B",5
"NCAPH","ASPM",6
"NCAPH","ATAD2",7
"NCAPH","AURKA",8
"NCAPH","AURKB",9
"NCAPH","B3GNT2",10
"NCAPH","BCAT1",11
"NCAPH","BCL2L11",12
"NCAPH","BIRC5",13
"NCAPH","BMF",14
"NCAPH","BRCA1",15
"NCAPH","BRIP1",16
"NCAPH","BTG1",17
"NCAPH","BUB1",18
"NCAPH","BUB1B",19
"NCAPH","BYSL",20
"NCAPH","C4orf46",21
"NCAPH","CCDC34",22
"NCAPH","CCDC86",23
"NCAPH","CCNA2",24
"NCAPH","CCNB1",25
"NCAPH","CCNB2",26
"NCAPH","CCNE2",27
"NCAPH","CCNL1",28
"NCAPH","CCR1",29
"NCAPH","CD53",30
"NCAPH","CDC20",31
"NCAPH","CDC42EP3",32
"NCAPH","CDC45",33
"NCAPH","CDC6",34
"NCAPH","CDCA2",35
"NCAPH","CDCA3",36
"NCAPH","CDCA5",37
"NCAPH","CDK1",38
"NCAPH","CDK6",39
"NCAPH","CDKN3",40
"NCAPH","CDT1",41
"NCAPH","CELF2",42
"NCAPH","CENPA",43
"NCAPH","CENPE",44
"NCAPH","CENPF",45
"NCAPH","CENPH",46
"NCAPH","CENPK",47
"NCAPH","CENPN",48
"NCAPH","CENPU",49
"NCAPH","CENPV",50
"NCAPH","CENPW",51
"NCAPH","CEP55",52
"NCAPH","CHEK1",53
"NCAPH","CKAP2",54
"NCAPH","CKAP2L",55
"NCAPH","CKS1B",56
"NCAPH","CLEC2B",57
"NCAPH","CPM",58
"NCAPH","CRNDE",59
"NCAPH","DEFA1",60
"NCAPH","DENND3",61
"NCAPH","DEPDC1",62
"NCAPH","DEPDC1B",63
"NCAPH","DFNA5",64
"NCAPH","DHFR",65
"NCAPH","DHX9",66
"NCAPH","DLGAP5",67
"NCAPH","DPEP1",68
"NCAPH","DSCC1",69
"NCAPH","DTL",70
"NCAPH","E2F7",71
"NCAPH","E2F8",72
"NCAPH","ECT2",73
"NCAPH","EGR1",74
"NCAPH","EMP1",75
"NCAPH","FAM72C",76
"NCAPH","FANCI",77
"NCAPH","FCER1G",78
"NCAPH","FCGR3B",79
"NCAPH","FEN1",80
"NCAPH","FGD2",81
"NCAPH","FGR",82
"NCAPH","FH",83
"NCAPH","FOXM1",84
"NCAPH","FUS",85
"NCAPH","GBP4",86
"NCAPH","GGH",87
"NCAPH","GIMAP4",88
"NCAPH","GIMAP7",89
"NCAPH","GINS1",90
"NCAPH","GINS2",91
"NCAPH","GSN",92
"NCAPH","HBB",93
"NCAPH","HBG1",94
"NCAPH","HELLS",95
"NCAPH","HIST4H4",96
"NCAPH","HJURP",97
"NCAPH","HMMR",98
"NCAPH","HRK",99
"NCAPH","ID2",100
"NCAPH","IFNGR1",101
"NCAPH","IGH",102
"NCAPH","IGLC1",103
"NCAPH","IL1B",104
"NCAPH","IL6ST",105
"NCAPH","IQGAP3",106
"NCAPH","IRAK3",107
"NCAPH","ISG20",108
"NCAPH","ITGAM",109
"NCAPH","KIAA0101",110
"NCAPH","KIF11",111
"NCAPH","KIF14",112
"NCAPH","KIF15",113
"NCAPH","KIF18A",114
"NCAPH","KIF18B",115
"NCAPH","KIF20A",116
"NCAPH","KIF23",117
"NCAPH","KIF2C",118
"NCAPH","KIF4A",119
"NCAPH","KNL1",120
"NCAPH","LILRB2",121
"NCAPH","LOC100996643",122
"NCAPH","LY96",123
"NCAPH","LYZ",124
"NCAPH","MAD2L1",125
"NCAPH","MCM10",126
"NCAPH","MCM4",127
"NCAPH","MCM5",128
"NCAPH","MCM7",129
"NCAPH","MDK",130
"NCAPH","MELK",131
"NCAPH","METTL7A",132
"NCAPH","MIR4683",133
"NCAPH","MIR6845",134
"NCAPH","MIR8071-1",135
"NCAPH","MKI67",136
"NCAPH","MND1",137
"NCAPH","MS4A1",138
"NCAPH","MS4A4A",139
"NCAPH","MS4A7",140
"NCAPH","MTHFD2",141
"NCAPH","MTSS1",142
"NCAPH","NCAPG",143
"NCAPH","NCAPH",144
"NCAPH","NEAT1",145
"NCAPH","NEDD9",146
"NCAPH","NEK2",147
"NCAPH","NME1",148
"NCAPH","NPCDR1",149
"NCAPH","NUF2",150
"NCAPH","NUSAP1",151
"NCAPH","OIP5",152
"NCAPH","P2RY14",153
"NCAPH","PAICS",154
"NCAPH","PBK",155
"NCAPH","PCNA",156
"NCAPH","PDE4B",157
"NCAPH","PHF19",158
"NCAPH","PIK3IP1",159
"NCAPH","PLK4",160
"NCAPH","POLE2",161
"NCAPH","POLQ",162
"NCAPH","POU4F1",163
"NCAPH","PPIF",164
"NCAPH","PPP1R16B",165
"NCAPH","PRR11",166
"NCAPH","PSPH",167
"NCAPH","PTP4A1",168
"NCAPH","PTTG1",169
"NCAPH","RAD51",170
"NCAPH","RAD51AP1",171
"NCAPH","RBM14",172
"NCAPH","RBMS3",173
"NCAPH","RCC1",174
"NCAPH","RFC3",175
"NCAPH","RHOBTB3",176
"NCAPH","RMI2",177
"NCAPH","RNASET2",178
"NCAPH","RRM2",179
"NCAPH","S100A8",180
"NCAPH","SCML4",181
"NCAPH","SELENOI",182
"NCAPH","SERPINA1",183
"NCAPH","SERPINB9",184
"NCAPH","SESN1",185
"NCAPH","SHCBP1",186
"NCAPH","SIK1",187
"NCAPH","SKP2",188
"NCAPH","SLC22A23",189
"NCAPH","SMAP2",190
"NCAPH","SMC2",191
"NCAPH","SNORA21",192
"NCAPH","SOS1",193
"NCAPH","SQLE",194
"NCAPH","STIL",195
"NCAPH","SUV39H2",196
"NCAPH","TARSL2",197
"NCAPH","TBXA2R",198
"NCAPH","TCF19",199
"NCAPH","TIMELESS",200
"NCAPH","TIPIN",201
"NCAPH","TK1",202
"NCAPH","TMEM97",203
"NCAPH","TNFRSF21",204
"NCAPH","TOP2A",205
"NCAPH","TPX2",206
"NCAPH","TRIP13",207
"NCAPH","TTK",208
"NCAPH","TXNIP",209
"NCAPH","TYMS",210
"NCAPH","UBE2C",211
"NCAPH","UBE2T",212
"NCAPH","WDHD1",213
"NCAPH","WDR76",214
"NCAPH","ZFP36L2",215
"NCAPH","ZNF367",216
"NCAPH","ZWINT",217
"NEAT1","ANLN",1
"NEAT1","ANP32E",2
"NEAT1","APITD1-CORT",3
"NEAT1","ARPP21",4
"NEAT1","ASF1B",5
"NEAT1","ASPM",6
"NEAT1","ATAD2",7
"NEAT1","AURKA",8
"NEAT1","AURKB",9
"NEAT1","BCAT1",10
"NEAT1","BCL2L11",11
"NEAT1","BIRC5",12
"NEAT1","BMF",13
"NEAT1","BRCA1",14
"NEAT1","BRIP1",15
"NEAT1","BTG1",16
"NEAT1","BUB1",17
"NEAT1","BUB1B",18
"NEAT1","BYSL",19
"NEAT1","C4orf46",20
"NEAT1","CCDC34",21
"NEAT1","CCDC86",22
"NEAT1","CCNA2",23
"NEAT1","CCNB1",24
"NEAT1","CCNB2",25
"NEAT1","CCNE2",26
"NEAT1","CCR1",27
"NEAT1","CD53",28
"NEAT1","CDC20",29
"NEAT1","CDC42EP3",30
"NEAT1","CDC45",31
"NEAT1","CDC6",32
"NEAT1","CDCA2",33
"NEAT1","CDCA3",34
"NEAT1","CDCA5",35
"NEAT1","CDK1",36
"NEAT1","CDK6",37
"NEAT1","CDKN3",38
"NEAT1","CDT1",39
"NEAT1","CELF2",40
"NEAT1","CENPA",41
"NEAT1","CENPE",42
"NEAT1","CENPF",43
"NEAT1","CENPH",44
"NEAT1","CENPK",45
"NEAT1","CENPN",46
"NEAT1","CENPU",47
"NEAT1","CENPV",48
"NEAT1","CENPW",49
"NEAT1","CEP55",50
"NEAT1","CHEK1",51
"NEAT1","CKAP2",52
"NEAT1","CKAP2L",53
"NEAT1","CKS1B",54
"NEAT1","CRNDE",55
"NEAT1","DENND3",56
"NEAT1","DEPDC1",57
"NEAT1","DEPDC1B",58
"NEAT1","DFNA5",59
"NEAT1","DHFR",60
"NEAT1","DHX9",61
"NEAT1","DLGAP5",62
"NEAT1","DPEP1",63
"NEAT1","DSCC1",64
"NEAT1","DTL",65
"NEAT1","E2F7",66
"NEAT1","E2F8",67
"NEAT1","ECT2",68
"NEAT1","FABP5",69
"NEAT1","FAM72C",70
"NEAT1","FANCI",71
"NEAT1","FCGR3B",72
"NEAT1","FEN1",73
"NEAT1","FGR",74
"NEAT1","FH",75
"NEAT1","FOXM1",76
"NEAT1","FUS",77
"NEAT1","GBP4",78
"NEAT1","GGH",79
"NEAT1","GIMAP4",80
"NEAT1","GIMAP7",81
"NEAT1","GINS1",82
"NEAT1","GINS2",83
"NEAT1","GSN",84
"NEAT1","GVINP1",85
"NEAT1","HBB",86
"NEAT1","HELLS",87
"NEAT1","HIST4H4",88
"NEAT1","HJURP",89
"NEAT1","HMMR",90
"NEAT1","HSP90AB1",91
"NEAT1","ID2",92
"NEAT1","IFNGR1",93
"NEAT1","IGH",94
"NEAT1","IGLC1",95
"NEAT1","IL18R1",96
"NEAT1","IL1B",97
"NEAT1","IL6ST",98
"NEAT1","IQGAP3",99
"NEAT1","IRAK3",100
"NEAT1","ISG20",101
"NEAT1","ITGAM",102
"NEAT1","KIAA0101",103
"NEAT1","KIF11",104
"NEAT1","KIF14",105
"NEAT1","KIF15",106
"NEAT1","KIF18A",107
"NEAT1","KIF18B",108
"NEAT1","KIF20A",109
"NEAT1","KIF23",110
"NEAT1","KIF26A",111
"NEAT1","KIF2C",112
"NEAT1","KIF4A",113
"NEAT1","KNL1",114
"NEAT1","LILRB2",115
"NEAT1","LOC100996643",116
"NEAT1","LOC285097",117
"NEAT1","LY96",118
"NEAT1","LYZ",119
"NEAT1","MAD2L1",120
"NEAT1","MCM10",121
"NEAT1","MCM4",122
"NEAT1","MCM5",123
"NEAT1","MCM7",124
"NEAT1","MELK",125
"NEAT1","MIR4683",126
"NEAT1","MIR6845",127
"NEAT1","MIR8071-1",128
"NEAT1","MKI67",129
"NEAT1","MND1",130
"NEAT1","MPV17L",131
"NEAT1","MS4A1",132
"NEAT1","MS4A4A",133
"NEAT1","MTHFD2",134
"NEAT1","MTSS1",135
"NEAT1","NCAPG",136
"NEAT1","NCAPH",137
"NEAT1","NEAT1",138
"NEAT1","NEDD9",139
"NEAT1","NEK2",140
"NEAT1","NME1",141
"NEAT1","NPCDR1",142
"NEAT1","NUF2",143
"NEAT1","NUSAP1",144
"NEAT1","OIP5",145
"NEAT1","P2RY14",146
"NEAT1","PAICS",147
"NEAT1","PBK",148
"NEAT1","PCNA",149
"NEAT1","PDE4B",150
"NEAT1","PHF19",151
"NEAT1","PIK3IP1",152
"NEAT1","PLK4",153
"NEAT1","POLE2",154
"NEAT1","POLQ",155
"NEAT1","PPIF",156
"NEAT1","PPP1R16B",157
"NEAT1","PRR11",158
"NEAT1","PSPH",159
"NEAT1","PTP4A1",160
"NEAT1","PTTG1",161
"NEAT1","RAD51",162
"NEAT1","RAD51AP1",163
"NEAT1","RBM14",164
"NEAT1","RCC1",165
"NEAT1","RFC3",166
"NEAT1","RHOBTB3",167
"NEAT1","RMI2",168
"NEAT1","RNASET2",169
"NEAT1","RPS6KA2",170
"NEAT1","RRM2",171
"NEAT1","S100A8",172
"NEAT1","SCML4",173
"NEAT1","SELENOI",174
"NEAT1","SERPINA1",175
"NEAT1","SERPINB9",176
"NEAT1","SESN1",177
"NEAT1","SHCBP1",178
"NEAT1","SKP2",179
"NEAT1","SLC22A23",180
"NEAT1","SMAP2",181
"NEAT1","SMC2",182
"NEAT1","SNORA21",183
"NEAT1","SNX29P2",184
"NEAT1","SOS1",185
"NEAT1","SQLE",186
"NEAT1","STIL",187
"NEAT1","SUV39H2",188
"NEAT1","TARSL2",189
"NEAT1","TBXA2R",190
"NEAT1","TCF19",191
"NEAT1","TIMELESS",192
"NEAT1","TIPIN",193
"NEAT1","TK1",194
"NEAT1","TMEM2",195
"NEAT1","TMEM97",196
"NEAT1","TOP2A",197
"NEAT1","TPX2",198
"NEAT1","TRIP13",199
"NEAT1","TTK",200
"NEAT1","TXNIP",201
"NEAT1","TYMS",202
"NEAT1","UBE2C",203
"NEAT1","UBE2T",204
"NEAT1","WDHD1",205
"NEAT1","WDR76",206
"NEAT1","ZNF367",207
"NEAT1","ZWINT",208
"NEDD9","ANLN",1
"NEDD9","ANP32E",2
"NEDD9","APITD1-CORT",3
"NEDD9","ASF1B",4
"NEDD9","ASPM",5
"NEDD9","ATAD2",6
"NEDD9","AURKA",7
"NEDD9","AURKB",8
"NEDD9","BCAT1",9
"NEDD9","BIRC5",10
"NEDD9","BRIP1",11
"NEDD9","BTG1",12
"NEDD9","BUB1",13
"NEDD9","BUB1B",14
"NEDD9","BYSL",15
"NEDD9","C4orf46",16
"NEDD9","CCDC34",17
"NEDD9","CCDC86",18
"NEDD9","CCNA2",19
"NEDD9","CCNB1",20
"NEDD9","CCNB2",21
"NEDD9","CCNE2",22
"NEDD9","CCR1",23
"NEDD9","CD53",24
"NEDD9","CDC20",25
"NEDD9","CDC42EP3",26
"NEDD9","CDC45",27
"NEDD9","CDC6",28
"NEDD9","CDCA2",29
"NEDD9","CDCA3",30
"NEDD9","CDCA5",31
"NEDD9","CDK1",32
"NEDD9","CDKN3",33
"NEDD9","CDT1",34
"NEDD9","CELF2",35
"NEDD9","CENPA",36
"NEDD9","CENPE",37
"NEDD9","CENPF",38
"NEDD9","CENPH",39
"NEDD9","CENPN",40
"NEDD9","CENPU",41
"NEDD9","CENPV",42
"NEDD9","CEP55",43
"NEDD9","CHEK1",44
"NEDD9","CKAP2",45
"NEDD9","CKAP2L",46
"NEDD9","CKS1B",47
"NEDD9","CRNDE",48
"NEDD9","DEPDC1",49
"NEDD9","DEPDC1B",50
"NEDD9","DHFR",51
"NEDD9","DLGAP5",52
"NEDD9","DSCC1",53
"NEDD9","DTL",54
"NEDD9","E2F7",55
"NEDD9","E2F8",56
"NEDD9","F13A1",57
"NEDD9","FABP5",58
"NEDD9","FAM72C",59
"NEDD9","FANCI",60
"NEDD9","FEN1",61
"NEDD9","FH",62
"NEDD9","FOXM1",63
"NEDD9","GGH",64
"NEDD9","GIMAP4",65
"NEDD9","GIMAP7",66
"NEDD9","GINS1",67
"NEDD9","GINS2",68
"NEDD9","GSN",69
"NEDD9","GVINP1",70
"NEDD9","HELLS",71
"NEDD9","HJURP",72
"NEDD9","HMMR",73
"NEDD9","HSP90AB1",74
"NEDD9","IFNGR1",75
"NEDD9","IL18R1",76
"NEDD9","IQGAP3",77
"NEDD9","IRAK3",78
"NEDD9","ITGAM",79
"NEDD9","KIAA0101",80
"NEDD9","KIF11",81
"NEDD9","KIF14",82
"NEDD9","KIF15",83
"NEDD9","KIF18A",84
"NEDD9","KIF18B",85
"NEDD9","KIF20A",86
"NEDD9","KIF23",87
"NEDD9","KIF2C",88
"NEDD9","KIF4A",89
"NEDD9","KNL1",90
"NEDD9","LGALS3",91
"NEDD9","LILRB2",92
"NEDD9","LOC100996643",93
"NEDD9","LOC728175",94
"NEDD9","MAD2L1",95
"NEDD9","MCM10",96
"NEDD9","MCM4",97
"NEDD9","MCM7",98
"NEDD9","MELK",99
"NEDD9","MIR4683",100
"NEDD9","MIR6845",101
"NEDD9","MKI67",102
"NEDD9","MNDA",103
"NEDD9","MS4A4A",104
"NEDD9","MTHFD2",105
"NEDD9","MTSS1",106
"NEDD9","NCAPG",107
"NEDD9","NCAPH",108
"NEDD9","NEAT1",109
"NEDD9","NEDD9",110
"NEDD9","NEK2",111
"NEDD9","NME1",112
"NEDD9","NUF2",113
"NEDD9","NUSAP1",114
"NEDD9","OIP5",115
"NEDD9","P2RY14",116
"NEDD9","PAICS",117
"NEDD9","PBK",118
"NEDD9","PCNA",119
"NEDD9","PDE4B",120
"NEDD9","PHF19",121
"NEDD9","PLK4",122
"NEDD9","POLE2",123
"NEDD9","POLQ",124
"NEDD9","PPIF",125
"NEDD9","PRR11",126
"NEDD9","PSPH",127
"NEDD9","PTTG1",128
"NEDD9","RAB31",129
"NEDD9","RAD51",130
"NEDD9","RAD51AP1",131
"NEDD9","RASSF4",132
"NEDD9","RBM14",133
"NEDD9","RCC1",134
"NEDD9","RFC3",135
"NEDD9","RNASET2",136
"NEDD9","RPS6KA2",137
"NEDD9","RRM2",138
"NEDD9","SCML4",139
"NEDD9","SELENOI",140
"NEDD9","SERPINB9",141
"NEDD9","SKP2",142
"NEDD9","SMAP2",143
"NEDD9","SMC2",144
"NEDD9","SQLE",145
"NEDD9","STAB1",146
"NEDD9","STIL",147
"NEDD9","SUV39H2",148
"NEDD9","TBXA2R",149
"NEDD9","TCF19",150
"NEDD9","TIPIN",151
"NEDD9","TMEM2",152
"NEDD9","TNFRSF21",153
"NEDD9","TPX2",154
"NEDD9","TRIP13",155
"NEDD9","TTK",156
"NEDD9","TYMS",157
"NEDD9","UBE2T",158
"NEDD9","WDR76",159
"NEDD9","WFS1",160
"NEDD9","ZBTB16",161
"NEDD9","ZNF367",162
"NEDD9","ZWINT",163
"NEK2","ANLN",1
"NEK2","ANP32E",2
"NEK2","APITD1-CORT",3
"NEK2","ARPP21",4
"NEK2","ASF1B",5
"NEK2","ASPM",6
"NEK2","ATAD2",7
"NEK2","AURKA",8
"NEK2","AURKB",9
"NEK2","B3GNT2",10
"NEK2","BCAT1",11
"NEK2","BCL2L11",12
"NEK2","BIRC5",13
"NEK2","BMF",14
"NEK2","BRCA1",15
"NEK2","BRIP1",16
"NEK2","BTG1",17
"NEK2","BUB1",18
"NEK2","BUB1B",19
"NEK2","BYSL",20
"NEK2","C4orf46",21
"NEK2","CCDC34",22
"NEK2","CCDC86",23
"NEK2","CCNA2",24
"NEK2","CCNB1",25
"NEK2","CCNB2",26
"NEK2","CCNE2",27
"NEK2","CCNL1",28
"NEK2","CCR1",29
"NEK2","CD53",30
"NEK2","CDC20",31
"NEK2","CDC42EP3",32
"NEK2","CDC45",33
"NEK2","CDC6",34
"NEK2","CDCA2",35
"NEK2","CDCA3",36
"NEK2","CDCA5",37
"NEK2","CDK1",38
"NEK2","CDK6",39
"NEK2","CDKN3",40
"NEK2","CDT1",41
"NEK2","CELF2",42
"NEK2","CENPA",43
"NEK2","CENPE",44
"NEK2","CENPF",45
"NEK2","CENPH",46
"NEK2","CENPK",47
"NEK2","CENPN",48
"NEK2","CENPU",49
"NEK2","CENPV",50
"NEK2","CENPW",51
"NEK2","CEP55",52
"NEK2","CHEK1",53
"NEK2","CKAP2",54
"NEK2","CKAP2L",55
"NEK2","CKS1B",56
"NEK2","CLEC2B",57
"NEK2","CPM",58
"NEK2","CRNDE",59
"NEK2","DEFA1",60
"NEK2","DENND3",61
"NEK2","DEPDC1",62
"NEK2","DEPDC1B",63
"NEK2","DFNA5",64
"NEK2","DHFR",65
"NEK2","DHX9",66
"NEK2","DLGAP5",67
"NEK2","DPEP1",68
"NEK2","DSCC1",69
"NEK2","DTL",70
"NEK2","E2F7",71
"NEK2","E2F8",72
"NEK2","ECT2",73
"NEK2","EGR1",74
"NEK2","EMP1",75
"NEK2","FAM72C",76
"NEK2","FANCI",77
"NEK2","FCER1G",78
"NEK2","FCGR3B",79
"NEK2","FEN1",80
"NEK2","FGD2",81
"NEK2","FGR",82
"NEK2","FH",83
"NEK2","FOXM1",84
"NEK2","FUS",85
"NEK2","GBP4",86
"NEK2","GGH",87
"NEK2","GIMAP4",88
"NEK2","GIMAP7",89
"NEK2","GINS1",90
"NEK2","GINS2",91
"NEK2","GSN",92
"NEK2","HBB",93
"NEK2","HBG1",94
"NEK2","HELLS",95
"NEK2","HIST4H4",96
"NEK2","HJURP",97
"NEK2","HMMR",98
"NEK2","HRK",99
"NEK2","ID2",100
"NEK2","IFNGR1",101
"NEK2","IGH",102
"NEK2","IGLC1",103
"NEK2","IL1B",104
"NEK2","IL6ST",105
"NEK2","IQGAP3",106
"NEK2","IRAK3",107
"NEK2","ISG20",108
"NEK2","ITGAM",109
"NEK2","KIAA0101",110
"NEK2","KIF11",111
"NEK2","KIF14",112
"NEK2","KIF15",113
"NEK2","KIF18A",114
"NEK2","KIF18B",115
"NEK2","KIF20A",116
"NEK2","KIF23",117
"NEK2","KIF2C",118
"NEK2","KIF4A",119
"NEK2","KNL1",120
"NEK2","LILRB2",121
"NEK2","LOC100996643",122
"NEK2","LY96",123
"NEK2","LYZ",124
"NEK2","MAD2L1",125
"NEK2","MCM10",126
"NEK2","MCM4",127
"NEK2","MCM5",128
"NEK2","MCM7",129
"NEK2","MDK",130
"NEK2","MELK",131
"NEK2","METTL7A",132
"NEK2","MIR4683",133
"NEK2","MIR6845",134
"NEK2","MIR8071-1",135
"NEK2","MKI67",136
"NEK2","MND1",137
"NEK2","MS4A1",138
"NEK2","MS4A4A",139
"NEK2","MS4A7",140
"NEK2","MTHFD2",141
"NEK2","MTSS1",142
"NEK2","NCAPG",143
"NEK2","NCAPH",144
"NEK2","NEAT1",145
"NEK2","NEDD9",146
"NEK2","NEK2",147
"NEK2","NME1",148
"NEK2","NPCDR1",149
"NEK2","NUF2",150
"NEK2","NUSAP1",151
"NEK2","OIP5",152
"NEK2","P2RY14",153
"NEK2","PAICS",154
"NEK2","PBK",155
"NEK2","PCNA",156
"NEK2","PDE4B",157
"NEK2","PHF19",158
"NEK2","PIK3IP1",159
"NEK2","PLK4",160
"NEK2","POLE2",161
"NEK2","POLQ",162
"NEK2","POU4F1",163
"NEK2","PPIF",164
"NEK2","PPP1R16B",165
"NEK2","PRR11",166
"NEK2","PSPH",167
"NEK2","PTP4A1",168
"NEK2","PTTG1",169
"NEK2","RAD51",170
"NEK2","RAD51AP1",171
"NEK2","RBM14",172
"NEK2","RBMS3",173
"NEK2","RCC1",174
"NEK2","RFC3",175
"NEK2","RHOBTB3",176
"NEK2","RMI2",177
"NEK2","RNASET2",178
"NEK2","RRM2",179
"NEK2","S100A8",180
"NEK2","SCML4",181
"NEK2","SELENOI",182
"NEK2","SERPINA1",183
"NEK2","SERPINB9",184
"NEK2","SESN1",185
"NEK2","SHCBP1",186
"NEK2","SIK1",187
"NEK2","SKP2",188
"NEK2","SLC22A23",189
"NEK2","SMAP2",190
"NEK2","SMC2",191
"NEK2","SNORA21",192
"NEK2","SOS1",193
"NEK2","SQLE",194
"NEK2","STIL",195
"NEK2","SUV39H2",196
"NEK2","TARSL2",197
"NEK2","TBXA2R",198
"NEK2","TCF19",199
"NEK2","TIMELESS",200
"NEK2","TIPIN",201
"NEK2","TK1",202
"NEK2","TMEM97",203
"NEK2","TNFRSF21",204
"NEK2","TOP2A",205
"NEK2","TPX2",206
"NEK2","TRIP13",207
"NEK2","TTK",208
"NEK2","TXNIP",209
"NEK2","TYMS",210
"NEK2","UBE2C",211
"NEK2","UBE2T",212
"NEK2","WDHD1",213
"NEK2","WDR76",214
"NEK2","ZFP36L2",215
"NEK2","ZNF367",216
"NEK2","ZWINT",217
"NME1","ANLN",1
"NME1","ANP32E",2
"NME1","APITD1-CORT",3
"NME1","ASF1B",4
"NME1","ASPM",5
"NME1","ATAD2",6
"NME1","AURKA",7
"NME1","AURKB",8
"NME1","B3GNT2",9
"NME1","BCAT1",10
"NME1","BCL2L11",11
"NME1","BIRC5",12
"NME1","BMF",13
"NME1","BRCA1",14
"NME1","BRIP1",15
"NME1","BTG1",16
"NME1","BUB1",17
"NME1","BUB1B",18
"NME1","BYSL",19
"NME1","C4orf46",20
"NME1","C5orf24",21
"NME1","CCDC34",22
"NME1","CCDC86",23
"NME1","CCNA2",24
"NME1","CCNB1",25
"NME1","CCNB2",26
"NME1","CCNE2",27
"NME1","CD53",28
"NME1","CDC20",29
"NME1","CDC42EP3",30
"NME1","CDC45",31
"NME1","CDC6",32
"NME1","CDCA2",33
"NME1","CDCA3",34
"NME1","CDCA5",35
"NME1","CDK1",36
"NME1","CDKN3",37
"NME1","CDT1",38
"NME1","CELF2",39
"NME1","CENPA",40
"NME1","CENPE",41
"NME1","CENPF",42
"NME1","CENPH",43
"NME1","CENPK",44
"NME1","CENPN",45
"NME1","CENPU",46
"NME1","CENPV",47
"NME1","CENPW",48
"NME1","CEP55",49
"NME1","CHEK1",50
"NME1","CKAP2",51
"NME1","CKAP2L",52
"NME1","CKS1B",53
"NME1","CRNDE",54
"NME1","DEFA1",55
"NME1","DEPDC1",56
"NME1","DEPDC1B",57
"NME1","DFNA5",58
"NME1","DHFR",59
"NME1","DLGAP5",60
"NME1","DPEP1",61
"NME1","DSCC1",62
"NME1","DTL",63
"NME1","E2F7",64
"NME1","E2F8",65
"NME1","ECT2",66
"NME1","F13A1",67
"NME1","FABP5",68
"NME1","FAM72C",69
"NME1","FANCI",70
"NME1","FCGR3B",71
"NME1","FEN1",72
"NME1","FGD2",73
"NME1","FGR",74
"NME1","FH",75
"NME1","FOXM1",76
"NME1","GBP4",77
"NME1","GGH",78
"NME1","GIMAP4",79
"NME1","GIMAP7",80
"NME1","GINS1",81
"NME1","GINS2",82
"NME1","GSN",83
"NME1","GVINP1",84
"NME1","HBB",85
"NME1","HBG1",86
"NME1","HELLS",87
"NME1","HIST4H4",88
"NME1","HJURP",89
"NME1","HMMR",90
"NME1","HRK",91
"NME1","ID2",92
"NME1","IFNGR1",93
"NME1","IGH",94
"NME1","IGLC1",95
"NME1","IGLL1",96
"NME1","IQGAP3",97
"NME1","IRAK3",98
"NME1","ISG20",99
"NME1","ITGAM",100
"NME1","ITGB2-AS1",101
"NME1","KIAA0101",102
"NME1","KIF11",103
"NME1","KIF14",104
"NME1","KIF15",105
"NME1","KIF18A",106
"NME1","KIF18B",107
"NME1","KIF20A",108
"NME1","KIF23",109
"NME1","KIF2C",110
"NME1","KIF4A",111
"NME1","KNL1",112
"NME1","LILRB2",113
"NME1","LOC100996643",114
"NME1","LOC728175",115
"NME1","LY96",116
"NME1","LYZ",117
"NME1","MAD2L1",118
"NME1","MCM10",119
"NME1","MCM4",120
"NME1","MCM5",121
"NME1","MCM7",122
"NME1","MDK",123
"NME1","MELK",124
"NME1","MIR4683",125
"NME1","MIR6845",126
"NME1","MIR8071-1",127
"NME1","MKI67",128
"NME1","MND1",129
"NME1","MPV17L",130
"NME1","MS4A1",131
"NME1","MS4A4A",132
"NME1","MS4A7",133
"NME1","MTHFD2",134
"NME1","MTSS1",135
"NME1","NCAPG",136
"NME1","NCAPH",137
"NME1","NEAT1",138
"NME1","NEDD9",139
"NME1","NEK2",140
"NME1","NME1",141
"NME1","NPCDR1",142
"NME1","NUF2",143
"NME1","NUSAP1",144
"NME1","OIP5",145
"NME1","P2RY14",146
"NME1","PAICS",147
"NME1","PBK",148
"NME1","PCNA",149
"NME1","PDE4B",150
"NME1","PHF19",151
"NME1","PIK3IP1",152
"NME1","PLK4",153
"NME1","POLE2",154
"NME1","POLQ",155
"NME1","PPIF",156
"NME1","PRDM1",157
"NME1","PRR11",158
"NME1","PSPH",159
"NME1","PTP4A1",160
"NME1","PTTG1",161
"NME1","RAD51",162
"NME1","RAD51AP1",163
"NME1","RBM14",164
"NME1","RCC1",165
"NME1","RFC3",166
"NME1","RHOBTB3",167
"NME1","RNASET2",168
"NME1","RRM2",169
"NME1","S100A8",170
"NME1","SELENOI",171
"NME1","SERPINA1",172
"NME1","SERPINB9",173
"NME1","SHCBP1",174
"NME1","SKP2",175
"NME1","SLC22A23",176
"NME1","SMAP2",177
"NME1","SMC2",178
"NME1","SNORA21",179
"NME1","SNX29P2",180
"NME1","SOS1",181
"NME1","SQLE",182
"NME1","STIL",183
"NME1","SUV39H2",184
"NME1","TARSL2",185
"NME1","TBXA2R",186
"NME1","TCF19",187
"NME1","TIMELESS",188
"NME1","TIPIN",189
"NME1","TK1",190
"NME1","TMEM97",191
"NME1","TOP2A",192
"NME1","TPX2",193
"NME1","TRIP13",194
"NME1","TTK",195
"NME1","TXNIP",196
"NME1","TYMS",197
"NME1","UBE2C",198
"NME1","UBE2T",199
"NME1","WDHD1",200
"NME1","WDR76",201
"NME1","ZFP36L2",202
"NME1","ZNF367",203
"NME1","ZWINT",204
"NPCDR1","ABHD17B",1
"NPCDR1","ANLN",2
"NPCDR1","ANP32E",3
"NPCDR1","APITD1-CORT",4
"NPCDR1","ASF1B",5
"NPCDR1","ATAD2",6
"NPCDR1","AURKA",7
"NPCDR1","AURKB",8
"NPCDR1","BCL2L11",9
"NPCDR1","BIRC5",10
"NPCDR1","BMF",11
"NPCDR1","BRCA1",12
"NPCDR1","BRIP1",13
"NPCDR1","BTG1",14
"NPCDR1","BUB1",15
"NPCDR1","BUB1B",16
"NPCDR1","BYSL",17
"NPCDR1","C4orf46",18
"NPCDR1","CCDC34",19
"NPCDR1","CCDC86",20
"NPCDR1","CCNA2",21
"NPCDR1","CCNB1",22
"NPCDR1","CCNB2",23
"NPCDR1","CCNE2",24
"NPCDR1","CCNL1",25
"NPCDR1","CD53",26
"NPCDR1","CDC20",27
"NPCDR1","CDC42EP3",28
"NPCDR1","CDC45",29
"NPCDR1","CDC6",30
"NPCDR1","CDCA2",31
"NPCDR1","CDCA3",32
"NPCDR1","CDCA5",33
"NPCDR1","CDK1",34
"NPCDR1","CDKN3",35
"NPCDR1","CDT1",36
"NPCDR1","CENPA",37
"NPCDR1","CENPE",38
"NPCDR1","CENPF",39
"NPCDR1","CENPH",40
"NPCDR1","CENPK",41
"NPCDR1","CENPN",42
"NPCDR1","CENPU",43
"NPCDR1","CENPW",44
"NPCDR1","CEP55",45
"NPCDR1","CHEK1",46
"NPCDR1","CKAP2",47
"NPCDR1","CKAP2L",48
"NPCDR1","CKS1B",49
"NPCDR1","DEFA1",50
"NPCDR1","DEPDC1",51
"NPCDR1","DHFR",52
"NPCDR1","DLGAP5",53
"NPCDR1","DPEP1",54
"NPCDR1","DSCC1",55
"NPCDR1","DTL",56
"NPCDR1","E2F7",57
"NPCDR1","E2F8",58
"NPCDR1","ECT2",59
"NPCDR1","FAM72C",60
"NPCDR1","FANCI",61
"NPCDR1","FEN1",62
"NPCDR1","FH",63
"NPCDR1","FOXM1",64
"NPCDR1","GGH",65
"NPCDR1","GIMAP4",66
"NPCDR1","GIMAP7",67
"NPCDR1","GINS1",68
"NPCDR1","GINS2",69
"NPCDR1","HELLS",70
"NPCDR1","HIST4H4",71
"NPCDR1","HJURP",72
"NPCDR1","HMMR",73
"NPCDR1","HRK",74
"NPCDR1","ID2",75
"NPCDR1","IQGAP3",76
"NPCDR1","ISG20",77
"NPCDR1","KIAA0101",78
"NPCDR1","KIF14",79
"NPCDR1","KIF15",80
"NPCDR1","KIF18A",81
"NPCDR1","KIF18B",82
"NPCDR1","KIF20A",83
"NPCDR1","KIF23",84
"NPCDR1","KIF2C",85
"NPCDR1","KIF4A",86
"NPCDR1","KNL1",87
"NPCDR1","LOC100996643",88
"NPCDR1","LYZ",89
"NPCDR1","MAD2L1",90
"NPCDR1","MCM10",91
"NPCDR1","MCM4",92
"NPCDR1","MCM5",93
"NPCDR1","MCM7",94
"NPCDR1","MELK",95
"NPCDR1","MKI67",96
"NPCDR1","MND1",97
"NPCDR1","MSH6",98
"NPCDR1","MTHFD2",99
"NPCDR1","NCAPG",100
"NPCDR1","NCAPH",101
"NPCDR1","NEAT1",102
"NPCDR1","NEDD9",103
"NPCDR1","NEK2",104
"NPCDR1","NME1",105
"NPCDR1","NPCDR1",106
"NPCDR1","NUF2",107
"NPCDR1","NUSAP1",108
"NPCDR1","OIP5",109
"NPCDR1","PAICS",110
"NPCDR1","PBK",111
"NPCDR1","PCNA",112
"NPCDR1","PFKFB2",113
"NPCDR1","PHF19",114
"NPCDR1","PLK4",115
"NPCDR1","POLE2",116
"NPCDR1","POLQ",117
"NPCDR1","POU4F1",118
"NPCDR1","PRR11",119
"NPCDR1","PTTG1",120
"NPCDR1","RAD51",121
"NPCDR1","RAD51AP1",122
"NPCDR1","RFC3",123
"NPCDR1","RRM2",124
"NPCDR1","S100A11",125
"NPCDR1","S100A8",126
"NPCDR1","SHCBP1",127
"NPCDR1","SKP2",128
"NPCDR1","SMAP2",129
"NPCDR1","SMC2",130
"NPCDR1","SQLE",131
"NPCDR1","STIL",132
"NPCDR1","SUV39H2",133
"NPCDR1","TCF19",134
"NPCDR1","TIMELESS",135
"NPCDR1","TIPIN",136
"NPCDR1","TK1",137
"NPCDR1","TMEM97",138
"NPCDR1","TPX2",139
"NPCDR1","TRIB1",140
"NPCDR1","TRIP13",141
"NPCDR1","TTK",142
"NPCDR1","TXNIP",143
"NPCDR1","UBE2T",144
"NPCDR1","WDHD1",145
"NPCDR1","ZNF367",146
"NPCDR1","ZWINT",147
"NUF2","ANLN",1
"NUF2","ANP32E",2
"NUF2","APITD1-CORT",3
"NUF2","ASF1B",4
"NUF2","ASPM",5
"NUF2","ATAD2",6
"NUF2","AURKA",7
"NUF2","AURKB",8
"NUF2","BCAT1",9
"NUF2","BCL2L11",10
"NUF2","BIRC5",11
"NUF2","BMF",12
"NUF2","BRCA1",13
"NUF2","BRIP1",14
"NUF2","BTG1",15
"NUF2","BUB1",16
"NUF2","BUB1B",17
"NUF2","BYSL",18
"NUF2","C4orf46",19
"NUF2","CCDC34",20
"NUF2","CCDC86",21
"NUF2","CCNA2",22
"NUF2","CCNB1",23
"NUF2","CCNB2",24
"NUF2","CCNE2",25
"NUF2","CD53",26
"NUF2","CDC20",27
"NUF2","CDC42EP3",28
"NUF2","CDC45",29
"NUF2","CDC6",30
"NUF2","CDCA2",31
"NUF2","CDCA3",32
"NUF2","CDCA5",33
"NUF2","CDK1",34
"NUF2","CDK6",35
"NUF2","CDKN3",36
"NUF2","CDT1",37
"NUF2","CELF2",38
"NUF2","CENPA",39
"NUF2","CENPE",40
"NUF2","CENPF",41
"NUF2","CENPH",42
"NUF2","CENPK",43
"NUF2","CENPN",44
"NUF2","CENPU",45
"NUF2","CENPV",46
"NUF2","CENPW",47
"NUF2","CEP55",48
"NUF2","CHEK1",49
"NUF2","CKAP2",50
"NUF2","CKAP2L",51
"NUF2","CKS1B",52
"NUF2","CLEC2B",53
"NUF2","CRNDE",54
"NUF2","DDIT4",55
"NUF2","DENND3",56
"NUF2","DEPDC1",57
"NUF2","DEPDC1B",58
"NUF2","DFNA5",59
"NUF2","DHFR",60
"NUF2","DHX9",61
"NUF2","DLGAP5",62
"NUF2","DPEP1",63
"NUF2","DSCC1",64
"NUF2","DTL",65
"NUF2","E2F7",66
"NUF2","E2F8",67
"NUF2","ECT2",68
"NUF2","EGR1",69
"NUF2","FABP5",70
"NUF2","FAM72C",71
"NUF2","FANCI",72
"NUF2","FCER1G",73
"NUF2","FCGR3B",74
"NUF2","FEN1",75
"NUF2","FGR",76
"NUF2","FH",77
"NUF2","FOXM1",78
"NUF2","FUS",79
"NUF2","GBP4",80
"NUF2","GGH",81
"NUF2","GIMAP4",82
"NUF2","GIMAP7",83
"NUF2","GINS1",84
"NUF2","GINS2",85
"NUF2","GSN",86
"NUF2","GVINP1",87
"NUF2","HBB",88
"NUF2","HELLS",89
"NUF2","HIST4H4",90
"NUF2","HJURP",91
"NUF2","HMMR",92
"NUF2","HSP90AB1",93
"NUF2","ID2",94
"NUF2","IFNGR1",95
"NUF2","IGH",96
"NUF2","IGLC1",97
"NUF2","IL18R1",98
"NUF2","IL1B",99
"NUF2","IL6ST",100
"NUF2","IQGAP3",101
"NUF2","IRAK3",102
"NUF2","ISG20",103
"NUF2","ITGAM",104
"NUF2","KIAA0101",105
"NUF2","KIF11",106
"NUF2","KIF14",107
"NUF2","KIF15",108
"NUF2","KIF18A",109
"NUF2","KIF18B",110
"NUF2","KIF20A",111
"NUF2","KIF23",112
"NUF2","KIF2C",113
"NUF2","KIF4A",114
"NUF2","KNL1",115
"NUF2","LILRB2",116
"NUF2","LOC100996643",117
"NUF2","LYZ",118
"NUF2","MAD2L1",119
"NUF2","MCM10",120
"NUF2","MCM4",121
"NUF2","MCM5",122
"NUF2","MCM7",123
"NUF2","MDK",124
"NUF2","MELK",125
"NUF2","MIR6845",126
"NUF2","MIR8071-1",127
"NUF2","MKI67",128
"NUF2","MND1",129
"NUF2","MPV17L",130
"NUF2","MS4A1",131
"NUF2","MS4A4A",132
"NUF2","MS4A7",133
"NUF2","MTHFD2",134
"NUF2","MTSS1",135
"NUF2","NCAPG",136
"NUF2","NCAPH",137
"NUF2","NEAT1",138
"NUF2","NEDD9",139
"NUF2","NEK2",140
"NUF2","NME1",141
"NUF2","NPCDR1",142
"NUF2","NUF2",143
"NUF2","NUSAP1",144
"NUF2","OIP5",145
"NUF2","P2RY14",146
"NUF2","PAICS",147
"NUF2","PBK",148
"NUF2","PCNA",149
"NUF2","PDE4B",150
"NUF2","PHF19",151
"NUF2","PIK3IP1",152
"NUF2","PLK4",153
"NUF2","POLE2",154
"NUF2","POLQ",155
"NUF2","PPIF",156
"NUF2","PPP1R16B",157
"NUF2","PRR11",158
"NUF2","PSPH",159
"NUF2","PTP4A1",160
"NUF2","PTTG1",161
"NUF2","RAD51",162
"NUF2","RAD51AP1",163
"NUF2","RBM14",164
"NUF2","RFC3",165
"NUF2","RHOBTB3",166
"NUF2","RMI2",167
"NUF2","RNASET2",168
"NUF2","RRM2",169
"NUF2","S100A8",170
"NUF2","SCML4",171
"NUF2","SELENOI",172
"NUF2","SERPINA1",173
"NUF2","SERPINB9",174
"NUF2","SESN1",175
"NUF2","SHCBP1",176
"NUF2","SKP2",177
"NUF2","SLC22A23",178
"NUF2","SMAP2",179
"NUF2","SMC2",180
"NUF2","SNORA21",181
"NUF2","SNORD3B-1",182
"NUF2","SNX29P2",183
"NUF2","SOS1",184
"NUF2","SQLE",185
"NUF2","STIL",186
"NUF2","SUV39H2",187
"NUF2","TARSL2",188
"NUF2","TBXA2R",189
"NUF2","TCF19",190
"NUF2","TIMELESS",191
"NUF2","TIPIN",192
"NUF2","TK1",193
"NUF2","TMEM2",194
"NUF2","TMEM97",195
"NUF2","TNFRSF21",196
"NUF2","TOP2A",197
"NUF2","TPX2",198
"NUF2","TRIP13",199
"NUF2","TTK",200
"NUF2","TXNIP",201
"NUF2","TYMS",202
"NUF2","UBE2C",203
"NUF2","UBE2T",204
"NUF2","WDHD1",205
"NUF2","WDR76",206
"NUF2","ZNF367",207
"NUF2","ZWINT",208
"NUSAP1","ANLN",1
"NUSAP1","ANP32E",2
"NUSAP1","APITD1-CORT",3
"NUSAP1","ARPP21",4
"NUSAP1","ASF1B",5
"NUSAP1","ASPM",6
"NUSAP1","ATAD2",7
"NUSAP1","AURKA",8
"NUSAP1","AURKB",9
"NUSAP1","BCAT1",10
"NUSAP1","BCL2L11",11
"NUSAP1","BIRC5",12
"NUSAP1","BMF",13
"NUSAP1","BRCA1",14
"NUSAP1","BRIP1",15
"NUSAP1","BTG1",16
"NUSAP1","BUB1",17
"NUSAP1","BUB1B",18
"NUSAP1","BYSL",19
"NUSAP1","C4orf46",20
"NUSAP1","CCDC34",21
"NUSAP1","CCDC86",22
"NUSAP1","CCNA2",23
"NUSAP1","CCNB1",24
"NUSAP1","CCNB2",25
"NUSAP1","CCNE2",26
"NUSAP1","CCR1",27
"NUSAP1","CD53",28
"NUSAP1","CDC20",29
"NUSAP1","CDC42EP3",30
"NUSAP1","CDC45",31
"NUSAP1","CDC6",32
"NUSAP1","CDCA2",33
"NUSAP1","CDCA3",34
"NUSAP1","CDCA5",35
"NUSAP1","CDK1",36
"NUSAP1","CDK6",37
"NUSAP1","CDKN3",38
"NUSAP1","CDT1",39
"NUSAP1","CELF2",40
"NUSAP1","CENPA",41
"NUSAP1","CENPE",42
"NUSAP1","CENPF",43
"NUSAP1","CENPH",44
"NUSAP1","CENPK",45
"NUSAP1","CENPN",46
"NUSAP1","CENPU",47
"NUSAP1","CENPV",48
"NUSAP1","CENPW",49
"NUSAP1","CEP55",50
"NUSAP1","CHEK1",51
"NUSAP1","CKAP2",52
"NUSAP1","CKAP2L",53
"NUSAP1","CKS1B",54
"NUSAP1","CLEC2B",55
"NUSAP1","CRNDE",56
"NUSAP1","DENND3",57
"NUSAP1","DEPDC1",58
"NUSAP1","DEPDC1B",59
"NUSAP1","DFNA5",60
"NUSAP1","DHFR",61
"NUSAP1","DHX9",62
"NUSAP1","DLGAP5",63
"NUSAP1","DPEP1",64
"NUSAP1","DSCC1",65
"NUSAP1","DTL",66
"NUSAP1","E2F7",67
"NUSAP1","E2F8",68
"NUSAP1","ECT2",69
"NUSAP1","EMP1",70
"NUSAP1","FABP5",71
"NUSAP1","FAM72C",72
"NUSAP1","FANCI",73
"NUSAP1","FCER1G",74
"NUSAP1","FCGR3B",75
"NUSAP1","FEN1",76
"NUSAP1","FGR",77
"NUSAP1","FH",78
"NUSAP1","FOXM1",79
"NUSAP1","FUS",80
"NUSAP1","GBP4",81
"NUSAP1","GGH",82
"NUSAP1","GIMAP4",83
"NUSAP1","GIMAP7",84
"NUSAP1","GINS1",85
"NUSAP1","GINS2",86
"NUSAP1","GSN",87
"NUSAP1","GVINP1",88
"NUSAP1","HBB",89
"NUSAP1","HELLS",90
"NUSAP1","HIST4H4",91
"NUSAP1","HJURP",92
"NUSAP1","HMMR",93
"NUSAP1","ID2",94
"NUSAP1","IFNGR1",95
"NUSAP1","IGH",96
"NUSAP1","IL18R1",97
"NUSAP1","IL1B",98
"NUSAP1","IL6ST",99
"NUSAP1","IQGAP3",100
"NUSAP1","IRAK3",101
"NUSAP1","ISG20",102
"NUSAP1","ITGAM",103
"NUSAP1","KIAA0101",104
"NUSAP1","KIF11",105
"NUSAP1","KIF14",106
"NUSAP1","KIF15",107
"NUSAP1","KIF18A",108
"NUSAP1","KIF18B",109
"NUSAP1","KIF20A",110
"NUSAP1","KIF23",111
"NUSAP1","KIF2C",112
"NUSAP1","KIF4A",113
"NUSAP1","KNL1",114
"NUSAP1","LILRB2",115
"NUSAP1","LOC100996643",116
"NUSAP1","LY96",117
"NUSAP1","LYZ",118
"NUSAP1","MAD2L1",119
"NUSAP1","MCM10",120
"NUSAP1","MCM4",121
"NUSAP1","MCM5",122
"NUSAP1","MCM7",123
"NUSAP1","MELK",124
"NUSAP1","METTL7A",125
"NUSAP1","MIR4683",126
"NUSAP1","MIR6845",127
"NUSAP1","MIR8071-1",128
"NUSAP1","MKI67",129
"NUSAP1","MND1",130
"NUSAP1","MS4A1",131
"NUSAP1","MS4A4A",132
"NUSAP1","MS4A7",133
"NUSAP1","MTHFD2",134
"NUSAP1","MTSS1",135
"NUSAP1","NCAPG",136
"NUSAP1","NCAPH",137
"NUSAP1","NEAT1",138
"NUSAP1","NEDD9",139
"NUSAP1","NEK2",140
"NUSAP1","NME1",141
"NUSAP1","NPCDR1",142
"NUSAP1","NUF2",143
"NUSAP1","NUSAP1",144
"NUSAP1","OIP5",145
"NUSAP1","P2RY14",146
"NUSAP1","PAICS",147
"NUSAP1","PBK",148
"NUSAP1","PCNA",149
"NUSAP1","PDE4B",150
"NUSAP1","PHF19",151
"NUSAP1","PIK3IP1",152
"NUSAP1","PLK4",153
"NUSAP1","POLE2",154
"NUSAP1","POLQ",155
"NUSAP1","PPIF",156
"NUSAP1","PPP1R16B",157
"NUSAP1","PRR11",158
"NUSAP1","PSPH",159
"NUSAP1","PTP4A1",160
"NUSAP1","PTTG1",161
"NUSAP1","RAD51",162
"NUSAP1","RAD51AP1",163
"NUSAP1","RBM14",164
"NUSAP1","RBMS3",165
"NUSAP1","RCC1",166
"NUSAP1","RFC3",167
"NUSAP1","RHOBTB3",168
"NUSAP1","RMI2",169
"NUSAP1","RNASET2",170
"NUSAP1","RRM2",171
"NUSAP1","S100A8",172
"NUSAP1","SCML4",173
"NUSAP1","SELENOI",174
"NUSAP1","SERPINA1",175
"NUSAP1","SERPINB9",176
"NUSAP1","SESN1",177
"NUSAP1","SHCBP1",178
"NUSAP1","SKP2",179
"NUSAP1","SLC22A23",180
"NUSAP1","SMAP2",181
"NUSAP1","SMC2",182
"NUSAP1","SNORA21",183
"NUSAP1","SNORD3B-1",184
"NUSAP1","SNX29P2",185
"NUSAP1","SOS1",186
"NUSAP1","SQLE",187
"NUSAP1","STIL",188
"NUSAP1","SUV39H2",189
"NUSAP1","TARSL2",190
"NUSAP1","TBXA2R",191
"NUSAP1","TCF19",192
"NUSAP1","TIMELESS",193
"NUSAP1","TIPIN",194
"NUSAP1","TK1",195
"NUSAP1","TMEM2",196
"NUSAP1","TMEM97",197
"NUSAP1","TNFRSF21",198
"NUSAP1","TOP2A",199
"NUSAP1","TPX2",200
"NUSAP1","TRIP13",201
"NUSAP1","TTK",202
"NUSAP1","TXNIP",203
"NUSAP1","TYMS",204
"NUSAP1","UBE2C",205
"NUSAP1","UBE2T",206
"NUSAP1","WDHD1",207
"NUSAP1","WDR76",208
"NUSAP1","ZNF367",209
"NUSAP1","ZWINT",210
"OIP5","ANLN",1
"OIP5","ANP32E",2
"OIP5","APITD1-CORT",3
"OIP5","ARPP21",4
"OIP5","ASF1B",5
"OIP5","ASPM",6
"OIP5","ATAD2",7
"OIP5","AURKA",8
"OIP5","AURKB",9
"OIP5","B3GNT2",10
"OIP5","BCAT1",11
"OIP5","BCL2L11",12
"OIP5","BIRC5",13
"OIP5","BMF",14
"OIP5","BRCA1",15
"OIP5","BRIP1",16
"OIP5","BTG1",17
"OIP5","BUB1",18
"OIP5","BUB1B",19
"OIP5","BYSL",20
"OIP5","C4orf46",21
"OIP5","CCDC34",22
"OIP5","CCDC86",23
"OIP5","CCNA2",24
"OIP5","CCNB1",25
"OIP5","CCNB2",26
"OIP5","CCNE2",27
"OIP5","CCNL1",28
"OIP5","CCR1",29
"OIP5","CD53",30
"OIP5","CDC20",31
"OIP5","CDC42EP3",32
"OIP5","CDC45",33
"OIP5","CDC6",34
"OIP5","CDCA2",35
"OIP5","CDCA3",36
"OIP5","CDCA5",37
"OIP5","CDK1",38
"OIP5","CDK6",39
"OIP5","CDKN3",40
"OIP5","CDT1",41
"OIP5","CELF2",42
"OIP5","CENPA",43
"OIP5","CENPE",44
"OIP5","CENPF",45
"OIP5","CENPH",46
"OIP5","CENPK",47
"OIP5","CENPN",48
"OIP5","CENPU",49
"OIP5","CENPV",50
"OIP5","CENPW",51
"OIP5","CEP55",52
"OIP5","CHEK1",53
"OIP5","CKAP2",54
"OIP5","CKAP2L",55
"OIP5","CKS1B",56
"OIP5","CLEC2B",57
"OIP5","CPM",58
"OIP5","CRNDE",59
"OIP5","DEFA1",60
"OIP5","DENND3",61
"OIP5","DEPDC1",62
"OIP5","DEPDC1B",63
"OIP5","DFNA5",64
"OIP5","DHFR",65
"OIP5","DHX9",66
"OIP5","DLGAP5",67
"OIP5","DPEP1",68
"OIP5","DSCC1",69
"OIP5","DTL",70
"OIP5","E2F7",71
"OIP5","E2F8",72
"OIP5","ECT2",73
"OIP5","EGR1",74
"OIP5","EMP1",75
"OIP5","FAM72C",76
"OIP5","FANCI",77
"OIP5","FCER1G",78
"OIP5","FCGR3B",79
"OIP5","FEN1",80
"OIP5","FGD2",81
"OIP5","FGR",82
"OIP5","FH",83
"OIP5","FOXM1",84
"OIP5","FUS",85
"OIP5","GBP4",86
"OIP5","GGH",87
"OIP5","GIMAP4",88
"OIP5","GIMAP7",89
"OIP5","GINS1",90
"OIP5","GINS2",91
"OIP5","GSN",92
"OIP5","HBB",93
"OIP5","HBG1",94
"OIP5","HELLS",95
"OIP5","HIST4H4",96
"OIP5","HJURP",97
"OIP5","HMMR",98
"OIP5","HRK",99
"OIP5","ID2",100
"OIP5","IFNGR1",101
"OIP5","IGH",102
"OIP5","IGLC1",103
"OIP5","IL1B",104
"OIP5","IL6ST",105
"OIP5","IQGAP3",106
"OIP5","IRAK3",107
"OIP5","ISG20",108
"OIP5","ITGAM",109
"OIP5","KIAA0101",110
"OIP5","KIF11",111
"OIP5","KIF14",112
"OIP5","KIF15",113
"OIP5","KIF18A",114
"OIP5","KIF18B",115
"OIP5","KIF20A",116
"OIP5","KIF23",117
"OIP5","KIF2C",118
"OIP5","KIF4A",119
"OIP5","KNL1",120
"OIP5","LILRB2",121
"OIP5","LOC100996643",122
"OIP5","LY96",123
"OIP5","LYZ",124
"OIP5","MAD2L1",125
"OIP5","MCM10",126
"OIP5","MCM4",127
"OIP5","MCM5",128
"OIP5","MCM7",129
"OIP5","MDK",130
"OIP5","MELK",131
"OIP5","METTL7A",132
"OIP5","MIR4683",133
"OIP5","MIR6845",134
"OIP5","MIR8071-1",135
"OIP5","MKI67",136
"OIP5","MND1",137
"OIP5","MS4A1",138
"OIP5","MS4A4A",139
"OIP5","MS4A7",140
"OIP5","MTHFD2",141
"OIP5","MTSS1",142
"OIP5","NCAPG",143
"OIP5","NCAPH",144
"OIP5","NEAT1",145
"OIP5","NEDD9",146
"OIP5","NEK2",147
"OIP5","NME1",148
"OIP5","NPCDR1",149
"OIP5","NUF2",150
"OIP5","NUSAP1",151
"OIP5","OIP5",152
"OIP5","P2RY14",153
"OIP5","PAICS",154
"OIP5","PBK",155
"OIP5","PCNA",156
"OIP5","PDE4B",157
"OIP5","PHF19",158
"OIP5","PIK3IP1",159
"OIP5","PLK4",160
"OIP5","POLE2",161
"OIP5","POLQ",162
"OIP5","POU4F1",163
"OIP5","PPIF",164
"OIP5","PPP1R16B",165
"OIP5","PRR11",166
"OIP5","PSPH",167
"OIP5","PTP4A1",168
"OIP5","PTTG1",169
"OIP5","RAD51",170
"OIP5","RAD51AP1",171
"OIP5","RBM14",172
"OIP5","RBMS3",173
"OIP5","RCC1",174
"OIP5","RFC3",175
"OIP5","RHOBTB3",176
"OIP5","RMI2",177
"OIP5","RNASET2",178
"OIP5","RRM2",179
"OIP5","S100A8",180
"OIP5","SCML4",181
"OIP5","SELENOI",182
"OIP5","SERPINA1",183
"OIP5","SERPINB9",184
"OIP5","SESN1",185
"OIP5","SHCBP1",186
"OIP5","SIK1",187
"OIP5","SKP2",188
"OIP5","SLC22A23",189
"OIP5","SMAP2",190
"OIP5","SMC2",191
"OIP5","SNORA21",192
"OIP5","SOS1",193
"OIP5","SQLE",194
"OIP5","STIL",195
"OIP5","SUV39H2",196
"OIP5","TARSL2",197
"OIP5","TBXA2R",198
"OIP5","TCF19",199
"OIP5","TIMELESS",200
"OIP5","TIPIN",201
"OIP5","TK1",202
"OIP5","TMEM97",203
"OIP5","TNFRSF21",204
"OIP5","TOP2A",205
"OIP5","TPX2",206
"OIP5","TRIP13",207
"OIP5","TTK",208
"OIP5","TXNIP",209
"OIP5","TYMS",210
"OIP5","UBE2C",211
"OIP5","UBE2T",212
"OIP5","WDHD1",213
"OIP5","WDR76",214
"OIP5","ZFP36L2",215
"OIP5","ZNF367",216
"OIP5","ZWINT",217
"P2RX5","ASPM",1
"P2RX5","C4orf46",2
"P2RX5","CDC20",3
"P2RX5","CRNDE",4
"P2RX5","DFNA5",5
"P2RX5","FGL2",6
"P2RX5","HELLS",7
"P2RX5","IQGAP3",8
"P2RX5","KIF11",9
"P2RX5","KIF4A",10
"P2RX5","NUSAP1",11
"P2RX5","P2RX5",12
"P2RX5","RBMS3",13
"P2RX5","RMI2",14
"P2RX5","WDR76",15
"P2RY14","AKAP12",1
"P2RY14","ANP32E",2
"P2RY14","APITD1-CORT",3
"P2RY14","ARPP21",4
"P2RY14","ASF1B",5
"P2RY14","ATAD2",6
"P2RY14","AURKA",7
"P2RY14","B3GNT2",8
"P2RY14","BCL2L11",9
"P2RY14","BIRC5",10
"P2RY14","BMF",11
"P2RY14","BTG1",12
"P2RY14","BTNL9",13
"P2RY14","BUB1",14
"P2RY14","C5orf24",15
"P2RY14","CCDC34",16
"P2RY14","CCNA2",17
"P2RY14","CCNE2",18
"P2RY14","CCR1",19
"P2RY14","CD53",20
"P2RY14","CDC6",21
"P2RY14","CDCA2",22
"P2RY14","CDCA3",23
"P2RY14","CDCA5",24
"P2RY14","CDKN3",25
"P2RY14","CENPE",26
"P2RY14","CENPK",27
"P2RY14","CENPU",28
"P2RY14","CENPV",29
"P2RY14","CEP55",30
"P2RY14","DDIT4",31
"P2RY14","DENND3",32
"P2RY14","DEPDC1",33
"P2RY14","DEPDC1B",34
"P2RY14","DPEP1",35
"P2RY14","DSCC1",36
"P2RY14","E2F7",37
"P2RY14","ECT2",38
"P2RY14","EMP1",39
"P2RY14","FAM72C",40
"P2RY14","FEN1",41
"P2RY14","FH",42
"P2RY14","FOXM1",43
"P2RY14","GBP4",44
"P2RY14","GIMAP4",45
"P2RY14","GINS1",46
"P2RY14","GSN",47
"P2RY14","HBG1",48
"P2RY14","HELLS",49
"P2RY14","HJURP",50
"P2RY14","HRK",51
"P2RY14","ID3",52
"P2RY14","IFNGR1",53
"P2RY14","IL1B",54
"P2RY14","IL6ST",55
"P2RY14","IRAK3",56
"P2RY14","ISG20",57
"P2RY14","ITGAM",58
"P2RY14","ITGB2-AS1",59
"P2RY14","KCNK12",60
"P2RY14","KIAA0101",61
"P2RY14","KIF18B",62
"P2RY14","KIF23",63
"P2RY14","KIF26A",64
"P2RY14","KIF2C",65
"P2RY14","LILRB2",66
"P2RY14","LOC100130872",67
"P2RY14","LOC100505650",68
"P2RY14","MCM4",69
"P2RY14","MDM2",70
"P2RY14","MELK",71
"P2RY14","METTL7A",72
"P2RY14","MIR4683",73
"P2RY14","MIR6845",74
"P2RY14","MS4A1",75
"P2RY14","MS4A4A",76
"P2RY14","MSH6",77
"P2RY14","MTSS1",78
"P2RY14","MYRIP",79
"P2RY14","NCAPH",80
"P2RY14","NUF2",81
"P2RY14","NUSAP1",82
"P2RY14","P2RY14",83
"P2RY14","PBK",84
"P2RY14","PDE4B",85
"P2RY14","PHF19",86
"P2RY14","POLE2",87
"P2RY14","RAG1",88
"P2RY14","RBMS3",89
"P2RY14","RNASET2",90
"P2RY14","RPS6KA2",91
"P2RY14","S100A11",92
"P2RY14","SCML4",93
"P2RY14","SEMA4D",94
"P2RY14","SERPINB9",95
"P2RY14","SIK1",96
"P2RY14","SKP2",97
"P2RY14","SLA",98
"P2RY14","SMAP2",99
"P2RY14","SMIM3",100
"P2RY14","SNORD3B-1",101
"P2RY14","SOS1",102
"P2RY14","STIL",103
"P2RY14","SUV39H2",104
"P2RY14","TARSL2",105
"P2RY14","TBXA2R",106
"P2RY14","TIPIN",107
"P2RY14","TMEM2",108
"P2RY14","TNFSF8",109
"P2RY14","TPX2",110
"P2RY14","UBE2C",111
"P2RY14","UBE2T",112
"PAICS","ANLN",1
"PAICS","ANP32E",2
"PAICS","APITD1-CORT",3
"PAICS","ASF1B",4
"PAICS","ASPM",5
"PAICS","ATAD2",6
"PAICS","AURKA",7
"PAICS","AURKB",8
"PAICS","BCAT1",9
"PAICS","BIRC5",10
"PAICS","BMF",11
"PAICS","BRCA1",12
"PAICS","BRIP1",13
"PAICS","BTG1",14
"PAICS","BUB1",15
"PAICS","BUB1B",16
"PAICS","BYSL",17
"PAICS","C4orf46",18
"PAICS","CCDC34",19
"PAICS","CCDC86",20
"PAICS","CCNA2",21
"PAICS","CCNB1",22
"PAICS","CCNB2",23
"PAICS","CCNE2",24
"PAICS","CD53",25
"PAICS","CDC20",26
"PAICS","CDC42EP3",27
"PAICS","CDC45",28
"PAICS","CDC6",29
"PAICS","CDCA2",30
"PAICS","CDCA3",31
"PAICS","CDCA5",32
"PAICS","CDK1",33
"PAICS","CDKN3",34
"PAICS","CDT1",35
"PAICS","CELF2",36
"PAICS","CENPA",37
"PAICS","CENPE",38
"PAICS","CENPF",39
"PAICS","CENPH",40
"PAICS","CENPK",41
"PAICS","CENPN",42
"PAICS","CENPU",43
"PAICS","CENPV",44
"PAICS","CENPW",45
"PAICS","CEP55",46
"PAICS","CHEK1",47
"PAICS","CKAP2",48
"PAICS","CKAP2L",49
"PAICS","CKS1B",50
"PAICS","CLEC2B",51
"PAICS","CPM",52
"PAICS","CRNDE",53
"PAICS","DENND3",54
"PAICS","DEPDC1",55
"PAICS","DEPDC1B",56
"PAICS","DHFR",57
"PAICS","DHX9",58
"PAICS","DLGAP5",59
"PAICS","DPEP1",60
"PAICS","DSCC1",61
"PAICS","DTL",62
"PAICS","E2F7",63
"PAICS","ECT2",64
"PAICS","F13A1",65
"PAICS","FABP5",66
"PAICS","FAM72C",67
"PAICS","FANCI",68
"PAICS","FEN1",69
"PAICS","FGD2",70
"PAICS","FH",71
"PAICS","FOXM1",72
"PAICS","GBP4",73
"PAICS","GGH",74
"PAICS","GIMAP4",75
"PAICS","GINS1",76
"PAICS","GINS2",77
"PAICS","GSN",78
"PAICS","GVINP1",79
"PAICS","HELLS",80
"PAICS","HIST4H4",81
"PAICS","HJURP",82
"PAICS","HMMR",83
"PAICS","HSP90AB1",84
"PAICS","ID2",85
"PAICS","IFNGR1",86
"PAICS","IGLC1",87
"PAICS","IL6ST",88
"PAICS","IQGAP3",89
"PAICS","IRAK3",90
"PAICS","ISG20",91
"PAICS","ITGAM",92
"PAICS","KIAA0101",93
"PAICS","KIF11",94
"PAICS","KIF14",95
"PAICS","KIF15",96
"PAICS","KIF18A",97
"PAICS","KIF18B",98
"PAICS","KIF20A",99
"PAICS","KIF23",100
"PAICS","KIF2C",101
"PAICS","KIF4A",102
"PAICS","KLF9",103
"PAICS","KNL1",104
"PAICS","LGALS3",105
"PAICS","LILRB2",106
"PAICS","LOC100996643",107
"PAICS","LYZ",108
"PAICS","MAD2L1",109
"PAICS","MCM10",110
"PAICS","MCM4",111
"PAICS","MCM5",112
"PAICS","MCM7",113
"PAICS","MELK",114
"PAICS","METTL7A",115
"PAICS","MIR4683",116
"PAICS","MIR6845",117
"PAICS","MIR8071-1",118
"PAICS","MKI67",119
"PAICS","MND1",120
"PAICS","MNDA",121
"PAICS","MS4A1",122
"PAICS","MS4A4A",123
"PAICS","MTHFD2",124
"PAICS","MTSS1",125
"PAICS","NCAPG",126
"PAICS","NCAPH",127
"PAICS","NEAT1",128
"PAICS","NEDD9",129
"PAICS","NEK2",130
"PAICS","NME1",131
"PAICS","NPCDR1",132
"PAICS","NUF2",133
"PAICS","NUSAP1",134
"PAICS","OIP5",135
"PAICS","P2RY14",136
"PAICS","PAICS",137
"PAICS","PBK",138
"PAICS","PCNA",139
"PAICS","PDE4B",140
"PAICS","PHF19",141
"PAICS","PIK3IP1",142
"PAICS","PLK4",143
"PAICS","POLE2",144
"PAICS","POLQ",145
"PAICS","POU4F1",146
"PAICS","PPIF",147
"PAICS","PRDM1",148
"PAICS","PRR11",149
"PAICS","PTTG1",150
"PAICS","RAB31",151
"PAICS","RAD51",152
"PAICS","RAD51AP1",153
"PAICS","RBM14",154
"PAICS","RCC1",155
"PAICS","RFC3",156
"PAICS","RNASET2",157
"PAICS","RRM2",158
"PAICS","S100A8",159
"PAICS","SCML4",160
"PAICS","SELENOI",161
"PAICS","SERPINB9",162
"PAICS","SESN1",163
"PAICS","SHCBP1",164
"PAICS","SKP2",165
"PAICS","SMAP2",166
"PAICS","SMC2",167
"PAICS","SOS1",168
"PAICS","SQLE",169
"PAICS","STAB1",170
"PAICS","STIL",171
"PAICS","SUV39H2",172
"PAICS","TARSL2",173
"PAICS","TBXA2R",174
"PAICS","TCF19",175
"PAICS","TIMELESS",176
"PAICS","TIPIN",177
"PAICS","TK1",178
"PAICS","TMEM2",179
"PAICS","TMEM97",180
"PAICS","TNFRSF21",181
"PAICS","TPX2",182
"PAICS","TRIP13",183
"PAICS","TTK",184
"PAICS","TXNIP",185
"PAICS","TYMS",186
"PAICS","UBE2C",187
"PAICS","UBE2T",188
"PAICS","WDHD1",189
"PAICS","WDR76",190
"PAICS","ZBTB16",191
"PAICS","ZNF367",192
"PAICS","ZWINT",193
"PBK","ANLN",1
"PBK","ANP32E",2
"PBK","APITD1-CORT",3
"PBK","ARPP21",4
"PBK","ASF1B",5
"PBK","ASPM",6
"PBK","ATAD2",7
"PBK","AURKA",8
"PBK","AURKB",9
"PBK","B3GNT2",10
"PBK","BCAT1",11
"PBK","BCL2L11",12
"PBK","BIRC5",13
"PBK","BMF",14
"PBK","BRCA1",15
"PBK","BRIP1",16
"PBK","BTG1",17
"PBK","BUB1",18
"PBK","BUB1B",19
"PBK","BYSL",20
"PBK","C4orf46",21
"PBK","CCDC34",22
"PBK","CCDC86",23
"PBK","CCNA2",24
"PBK","CCNB1",25
"PBK","CCNB2",26
"PBK","CCNE2",27
"PBK","CCNL1",28
"PBK","CCR1",29
"PBK","CD53",30
"PBK","CDC20",31
"PBK","CDC42EP3",32
"PBK","CDC45",33
"PBK","CDC6",34
"PBK","CDCA2",35
"PBK","CDCA3",36
"PBK","CDCA5",37
"PBK","CDK1",38
"PBK","CDK6",39
"PBK","CDKN3",40
"PBK","CDT1",41
"PBK","CELF2",42
"PBK","CENPA",43
"PBK","CENPE",44
"PBK","CENPF",45
"PBK","CENPH",46
"PBK","CENPK",47
"PBK","CENPN",48
"PBK","CENPU",49
"PBK","CENPV",50
"PBK","CENPW",51
"PBK","CEP55",52
"PBK","CHEK1",53
"PBK","CKAP2",54
"PBK","CKAP2L",55
"PBK","CKS1B",56
"PBK","CLEC2B",57
"PBK","CPM",58
"PBK","CRNDE",59
"PBK","DEFA1",60
"PBK","DENND3",61
"PBK","DEPDC1",62
"PBK","DEPDC1B",63
"PBK","DFNA5",64
"PBK","DHFR",65
"PBK","DHX9",66
"PBK","DLGAP5",67
"PBK","DPEP1",68
"PBK","DSCC1",69
"PBK","DTL",70
"PBK","E2F7",71
"PBK","E2F8",72
"PBK","ECT2",73
"PBK","EGR1",74
"PBK","EMP1",75
"PBK","FAM72C",76
"PBK","FANCI",77
"PBK","FCER1G",78
"PBK","FCGR3B",79
"PBK","FEN1",80
"PBK","FGD2",81
"PBK","FGR",82
"PBK","FH",83
"PBK","FOXM1",84
"PBK","FUS",85
"PBK","GBP4",86
"PBK","GGH",87
"PBK","GIMAP4",88
"PBK","GIMAP7",89
"PBK","GINS1",90
"PBK","GINS2",91
"PBK","GSN",92
"PBK","HBB",93
"PBK","HBG1",94
"PBK","HELLS",95
"PBK","HIST4H4",96
"PBK","HJURP",97
"PBK","HMMR",98
"PBK","HRK",99
"PBK","ID2",100
"PBK","IFNGR1",101
"PBK","IGH",102
"PBK","IGLC1",103
"PBK","IL1B",104
"PBK","IL6ST",105
"PBK","IQGAP3",106
"PBK","IRAK3",107
"PBK","ISG20",108
"PBK","ITGAM",109
"PBK","KIAA0101",110
"PBK","KIF11",111
"PBK","KIF14",112
"PBK","KIF15",113
"PBK","KIF18A",114
"PBK","KIF18B",115
"PBK","KIF20A",116
"PBK","KIF23",117
"PBK","KIF2C",118
"PBK","KIF4A",119
"PBK","KNL1",120
"PBK","LILRB2",121
"PBK","LOC100996643",122
"PBK","LY96",123
"PBK","LYZ",124
"PBK","MAD2L1",125
"PBK","MCM10",126
"PBK","MCM4",127
"PBK","MCM5",128
"PBK","MCM7",129
"PBK","MDK",130
"PBK","MELK",131
"PBK","METTL7A",132
"PBK","MIR4683",133
"PBK","MIR6845",134
"PBK","MIR8071-1",135
"PBK","MKI67",136
"PBK","MND1",137
"PBK","MS4A1",138
"PBK","MS4A4A",139
"PBK","MS4A7",140
"PBK","MTHFD2",141
"PBK","MTSS1",142
"PBK","NCAPG",143
"PBK","NCAPH",144
"PBK","NEAT1",145
"PBK","NEDD9",146
"PBK","NEK2",147
"PBK","NME1",148
"PBK","NPCDR1",149
"PBK","NUF2",150
"PBK","NUSAP1",151
"PBK","OIP5",152
"PBK","P2RY14",153
"PBK","PAICS",154
"PBK","PBK",155
"PBK","PCNA",156
"PBK","PDE4B",157
"PBK","PHF19",158
"PBK","PIK3IP1",159
"PBK","PLK4",160
"PBK","POLE2",161
"PBK","POLQ",162
"PBK","POU4F1",163
"PBK","PPIF",164
"PBK","PPP1R16B",165
"PBK","PRR11",166
"PBK","PSPH",167
"PBK","PTP4A1",168
"PBK","PTTG1",169
"PBK","RAD51",170
"PBK","RAD51AP1",171
"PBK","RBM14",172
"PBK","RBMS3",173
"PBK","RCC1",174
"PBK","RFC3",175
"PBK","RHOBTB3",176
"PBK","RMI2",177
"PBK","RNASET2",178
"PBK","RRM2",179
"PBK","S100A8",180
"PBK","SCML4",181
"PBK","SELENOI",182
"PBK","SERPINA1",183
"PBK","SERPINB9",184
"PBK","SESN1",185
"PBK","SHCBP1",186
"PBK","SIK1",187
"PBK","SKP2",188
"PBK","SLC22A23",189
"PBK","SMAP2",190
"PBK","SMC2",191
"PBK","SNORA21",192
"PBK","SOS1",193
"PBK","SQLE",194
"PBK","STIL",195
"PBK","SUV39H2",196
"PBK","TARSL2",197
"PBK","TBXA2R",198
"PBK","TCF19",199
"PBK","TIMELESS",200
"PBK","TIPIN",201
"PBK","TK1",202
"PBK","TMEM97",203
"PBK","TNFRSF21",204
"PBK","TOP2A",205
"PBK","TPX2",206
"PBK","TRIP13",207
"PBK","TTK",208
"PBK","TXNIP",209
"PBK","TYMS",210
"PBK","UBE2C",211
"PBK","UBE2T",212
"PBK","WDHD1",213
"PBK","WDR76",214
"PBK","ZFP36L2",215
"PBK","ZNF367",216
"PBK","ZWINT",217
"PCNA","ANLN",1
"PCNA","ANP32E",2
"PCNA","APITD1-CORT",3
"PCNA","ASF1B",4
"PCNA","ASPM",5
"PCNA","ATAD2",6
"PCNA","AURKA",7
"PCNA","AURKB",8
"PCNA","BCAT1",9
"PCNA","BCL2L11",10
"PCNA","BIRC5",11
"PCNA","BMF",12
"PCNA","BRCA1",13
"PCNA","BRIP1",14
"PCNA","BTG1",15
"PCNA","BUB1",16
"PCNA","BUB1B",17
"PCNA","BYSL",18
"PCNA","C4orf46",19
"PCNA","CCDC34",20
"PCNA","CCDC86",21
"PCNA","CCNA2",22
"PCNA","CCNB1",23
"PCNA","CCNB2",24
"PCNA","CCNE2",25
"PCNA","CCNL1",26
"PCNA","CD53",27
"PCNA","CDC20",28
"PCNA","CDC42EP3",29
"PCNA","CDC45",30
"PCNA","CDC6",31
"PCNA","CDCA2",32
"PCNA","CDCA3",33
"PCNA","CDCA5",34
"PCNA","CDK1",35
"PCNA","CDKN3",36
"PCNA","CDT1",37
"PCNA","CELF2",38
"PCNA","CENPA",39
"PCNA","CENPE",40
"PCNA","CENPF",41
"PCNA","CENPH",42
"PCNA","CENPK",43
"PCNA","CENPN",44
"PCNA","CENPU",45
"PCNA","CENPV",46
"PCNA","CENPW",47
"PCNA","CEP55",48
"PCNA","CHEK1",49
"PCNA","CKAP2",50
"PCNA","CKAP2L",51
"PCNA","CKS1B",52
"PCNA","CLEC2B",53
"PCNA","CPM",54
"PCNA","CRNDE",55
"PCNA","DEPDC1",56
"PCNA","DEPDC1B",57
"PCNA","DHFR",58
"PCNA","DHX9",59
"PCNA","DLGAP5",60
"PCNA","DSCC1",61
"PCNA","DTL",62
"PCNA","E2F7",63
"PCNA","E2F8",64
"PCNA","ECT2",65
"PCNA","FABP5",66
"PCNA","FAM72C",67
"PCNA","FANCI",68
"PCNA","FCER1G",69
"PCNA","FCGR3B",70
"PCNA","FEN1",71
"PCNA","FGL2",72
"PCNA","FGR",73
"PCNA","FH",74
"PCNA","FOXM1",75
"PCNA","FUS",76
"PCNA","GBP4",77
"PCNA","GGH",78
"PCNA","GIMAP4",79
"PCNA","GIMAP7",80
"PCNA","GINS1",81
"PCNA","GINS2",82
"PCNA","GVINP1",83
"PCNA","HBB",84
"PCNA","HBG1",85
"PCNA","HELLS",86
"PCNA","HIST4H4",87
"PCNA","HJURP",88
"PCNA","HMMR",89
"PCNA","HSP90AB1",90
"PCNA","ID2",91
"PCNA","IQGAP3",92
"PCNA","IRAK3",93
"PCNA","ISG20",94
"PCNA","ITPKB",95
"PCNA","KIAA0101",96
"PCNA","KIF11",97
"PCNA","KIF14",98
"PCNA","KIF15",99
"PCNA","KIF18A",100
"PCNA","KIF18B",101
"PCNA","KIF20A",102
"PCNA","KIF23",103
"PCNA","KIF2C",104
"PCNA","KIF4A",105
"PCNA","KLF9",106
"PCNA","KNL1",107
"PCNA","LGALS3",108
"PCNA","LILRB2",109
"PCNA","LOC100996643",110
"PCNA","LYZ",111
"PCNA","MAD2L1",112
"PCNA","MCM10",113
"PCNA","MCM4",114
"PCNA","MCM5",115
"PCNA","MCM7",116
"PCNA","MDK",117
"PCNA","MELK",118
"PCNA","MIR6845",119
"PCNA","MIR8071-1",120
"PCNA","MKI67",121
"PCNA","MND1",122
"PCNA","MNDA",123
"PCNA","MTHFD2",124
"PCNA","NCAPG",125
"PCNA","NCAPH",126
"PCNA","NEAT1",127
"PCNA","NEDD9",128
"PCNA","NEK2",129
"PCNA","NME1",130
"PCNA","NPCDR1",131
"PCNA","NUF2",132
"PCNA","NUSAP1",133
"PCNA","OIP5",134
"PCNA","P2RY14",135
"PCNA","PAICS",136
"PCNA","PBK",137
"PCNA","PCNA",138
"PCNA","PDE4B",139
"PCNA","PHF19",140
"PCNA","PIK3IP1",141
"PCNA","PLK4",142
"PCNA","POLE2",143
"PCNA","POLQ",144
"PCNA","PPBP",145
"PCNA","PPIF",146
"PCNA","PPP1R16B",147
"PCNA","PRDM1",148
"PCNA","PRR11",149
"PCNA","PTP4A1",150
"PCNA","PTTG1",151
"PCNA","RAD51",152
"PCNA","RAD51AP1",153
"PCNA","RBM14",154
"PCNA","RCC1",155
"PCNA","RFC3",156
"PCNA","RMI2",157
"PCNA","RNASET2",158
"PCNA","RRM2",159
"PCNA","S100A8",160
"PCNA","SCML4",161
"PCNA","SELENOI",162
"PCNA","SERPINA1",163
"PCNA","SESN1",164
"PCNA","SHCBP1",165
"PCNA","SIK1",166
"PCNA","SKP2",167
"PCNA","SMAP2",168
"PCNA","SMC2",169
"PCNA","SNORA21",170
"PCNA","SOS1",171
"PCNA","SQLE",172
"PCNA","STIL",173
"PCNA","SUV39H2",174
"PCNA","TARSL2",175
"PCNA","TBXA2R",176
"PCNA","TCF19",177
"PCNA","TIMELESS",178
"PCNA","TIPIN",179
"PCNA","TK1",180
"PCNA","TMEM97",181
"PCNA","TNFRSF21",182
"PCNA","TOP2A",183
"PCNA","TPX2",184
"PCNA","TRIP13",185
"PCNA","TTK",186
"PCNA","TXNIP",187
"PCNA","TYMS",188
"PCNA","UBE2C",189
"PCNA","UBE2T",190
"PCNA","WDHD1",191
"PCNA","WDR76",192
"PCNA","ZNF367",193
"PCNA","ZWINT",194
"PDE4B","AKAP12",1
"PDE4B","ANLN",2
"PDE4B","ANP32E",3
"PDE4B","APITD1-CORT",4
"PDE4B","ASF1B",5
"PDE4B","ASPM",6
"PDE4B","ATAD2",7
"PDE4B","AURKA",8
"PDE4B","AURKB",9
"PDE4B","BIRC5",10
"PDE4B","BRIP1",11
"PDE4B","BTG1",12
"PDE4B","BUB1",13
"PDE4B","BUB1B",14
"PDE4B","C4orf46",15
"PDE4B","CCDC34",16
"PDE4B","CCDC86",17
"PDE4B","CCNA2",18
"PDE4B","CCNB1",19
"PDE4B","CCNB2",20
"PDE4B","CCNE2",21
"PDE4B","CCR1",22
"PDE4B","CD53",23
"PDE4B","CDC42EP3",24
"PDE4B","CDC45",25
"PDE4B","CDC6",26
"PDE4B","CDCA2",27
"PDE4B","CDCA3",28
"PDE4B","CDCA5",29
"PDE4B","CDK1",30
"PDE4B","CDKN3",31
"PDE4B","CDT1",32
"PDE4B","CENPA",33
"PDE4B","CENPE",34
"PDE4B","CENPF",35
"PDE4B","CENPH",36
"PDE4B","CENPK",37
"PDE4B","CENPN",38
"PDE4B","CENPU",39
"PDE4B","CENPV",40
"PDE4B","CEP55",41
"PDE4B","CHEK1",42
"PDE4B","CKAP2",43
"PDE4B","CLEC2B",44
"PDE4B","CRNDE",45
"PDE4B","DENND3",46
"PDE4B","DEPDC1",47
"PDE4B","DEPDC1B",48
"PDE4B","DFNA5",49
"PDE4B","DLGAP5",50
"PDE4B","DPEP1",51
"PDE4B","DSCC1",52
"PDE4B","DTL",53
"PDE4B","E2F7",54
"PDE4B","E2F8",55
"PDE4B","ECT2",56
"PDE4B","F13A1",57
"PDE4B","FAM72C",58
"PDE4B","FANCI",59
"PDE4B","FEN1",60
"PDE4B","FGD2",61
"PDE4B","FH",62
"PDE4B","FOXM1",63
"PDE4B","GBP4",64
"PDE4B","GGH",65
"PDE4B","GIMAP4",66
"PDE4B","GIMAP7",67
"PDE4B","GINS1",68
"PDE4B","GSN",69
"PDE4B","GVINP1",70
"PDE4B","HELLS",71
"PDE4B","HJURP",72
"PDE4B","HMMR",73
"PDE4B","HRK",74
"PDE4B","ID2",75
"PDE4B","IFNGR1",76
"PDE4B","IGH",77
"PDE4B","IL18R1",78
"PDE4B","IL18RAP",79
"PDE4B","IL1B",80
"PDE4B","IL6ST",81
"PDE4B","IQGAP3",82
"PDE4B","IRAK3",83
"PDE4B","ISG20",84
"PDE4B","ITGAM",85
"PDE4B","KIAA0101",86
"PDE4B","KIF11",87
"PDE4B","KIF14",88
"PDE4B","KIF15",89
"PDE4B","KIF18A",90
"PDE4B","KIF18B",91
"PDE4B","KIF20A",92
"PDE4B","KIF23",93
"PDE4B","KIF2C",94
"PDE4B","KNL1",95
"PDE4B","LILRB2",96
"PDE4B","LOC100505650",97
"PDE4B","MAD2L1",98
"PDE4B","MCM10",99
"PDE4B","MCM4",100
"PDE4B","MCM7",101
"PDE4B","MELK",102
"PDE4B","METTL7A",103
"PDE4B","MIR4683",104
"PDE4B","MIR6845",105
"PDE4B","MIR8071-1",106
"PDE4B","MKI67",107
"PDE4B","MND1",108
"PDE4B","MS4A1",109
"PDE4B","MS4A4A",110
"PDE4B","MS4A7",111
"PDE4B","MTSS1",112
"PDE4B","NCAPG",113
"PDE4B","NCAPH",114
"PDE4B","NEAT1",115
"PDE4B","NEDD9",116
"PDE4B","NEK2",117
"PDE4B","NME1",118
"PDE4B","NUF2",119
"PDE4B","NUSAP1",120
"PDE4B","OIP5",121
"PDE4B","P2RY14",122
"PDE4B","PAICS",123
"PDE4B","PBK",124
"PDE4B","PDE4B",125
"PDE4B","PHF19",126
"PDE4B","PIK3IP1",127
"PDE4B","PLK4",128
"PDE4B","POLE2",129
"PDE4B","POLQ",130
"PDE4B","PRR11",131
"PDE4B","PTTG1",132
"PDE4B","RASSF4",133
"PDE4B","RBM14",134
"PDE4B","RFC3",135
"PDE4B","RNASET2",136
"PDE4B","SCML4",137
"PDE4B","SERPINB9",138
"PDE4B","SESN1",139
"PDE4B","SKP2",140
"PDE4B","SMAP2",141
"PDE4B","SMC2",142
"PDE4B","SNORA21",143
"PDE4B","SOS1",144
"PDE4B","SQLE",145
"PDE4B","STAB1",146
"PDE4B","STIL",147
"PDE4B","SUV39H2",148
"PDE4B","TARSL2",149
"PDE4B","TBXA2R",150
"PDE4B","TIPIN",151
"PDE4B","TMEM2",152
"PDE4B","TMEM97",153
"PDE4B","TPX2",154
"PDE4B","TRIP13",155
"PDE4B","TTK",156
"PDE4B","UBE2C",157
"PDE4B","UBE2T",158
"PDE4B","WDHD1",159
"PDE4B","ZBTB16",160
"PDE4B","ZWINT",161
"PFKFB2","BIRC3",1
"PFKFB2","IL18RAP",2
"PFKFB2","IL6ST",3
"PFKFB2","LILRA1",4
"PFKFB2","LOC100996643",5
"PFKFB2","LOC728175",6
"PFKFB2","MYRIP",7
"PFKFB2","PFKFB2",8
"PFKFB2","SNX10",9
"PFKFB2","TMEM2",10
"PHF19","ANLN",1
"PHF19","ANP32E",2
"PHF19","APITD1-CORT",3
"PHF19","ARPP21",4
"PHF19","ASF1B",5
"PHF19","ASPM",6
"PHF19","ATAD2",7
"PHF19","AURKA",8
"PHF19","AURKB",9
"PHF19","B3GNT2",10
"PHF19","BCAT1",11
"PHF19","BCL2L11",12
"PHF19","BIRC5",13
"PHF19","BMF",14
"PHF19","BRCA1",15
"PHF19","BRIP1",16
"PHF19","BTG1",17
"PHF19","BUB1",18
"PHF19","BUB1B",19
"PHF19","BYSL",20
"PHF19","C4orf46",21
"PHF19","CCDC34",22
"PHF19","CCDC86",23
"PHF19","CCNA2",24
"PHF19","CCNB1",25
"PHF19","CCNB2",26
"PHF19","CCNE2",27
"PHF19","CCNL1",28
"PHF19","CCR1",29
"PHF19","CD53",30
"PHF19","CDC20",31
"PHF19","CDC42EP3",32
"PHF19","CDC45",33
"PHF19","CDC6",34
"PHF19","CDCA2",35
"PHF19","CDCA3",36
"PHF19","CDCA5",37
"PHF19","CDK1",38
"PHF19","CDK6",39
"PHF19","CDKN3",40
"PHF19","CDT1",41
"PHF19","CELF2",42
"PHF19","CENPA",43
"PHF19","CENPE",44
"PHF19","CENPF",45
"PHF19","CENPH",46
"PHF19","CENPK",47
"PHF19","CENPN",48
"PHF19","CENPU",49
"PHF19","CENPV",50
"PHF19","CENPW",51
"PHF19","CEP55",52
"PHF19","CHEK1",53
"PHF19","CKAP2",54
"PHF19","CKAP2L",55
"PHF19","CKS1B",56
"PHF19","CLEC2B",57
"PHF19","CPM",58
"PHF19","CRNDE",59
"PHF19","DEFA1",60
"PHF19","DENND3",61
"PHF19","DEPDC1",62
"PHF19","DEPDC1B",63
"PHF19","DFNA5",64
"PHF19","DHFR",65
"PHF19","DHX9",66
"PHF19","DLGAP5",67
"PHF19","DPEP1",68
"PHF19","DSCC1",69
"PHF19","DTL",70
"PHF19","E2F7",71
"PHF19","E2F8",72
"PHF19","ECT2",73
"PHF19","EGR1",74
"PHF19","EMP1",75
"PHF19","FAM72C",76
"PHF19","FANCI",77
"PHF19","FCER1G",78
"PHF19","FCGR3B",79
"PHF19","FEN1",80
"PHF19","FGD2",81
"PHF19","FGR",82
"PHF19","FH",83
"PHF19","FOXM1",84
"PHF19","FUS",85
"PHF19","GBP4",86
"PHF19","GGH",87
"PHF19","GIMAP4",88
"PHF19","GIMAP7",89
"PHF19","GINS1",90
"PHF19","GINS2",91
"PHF19","GSN",92
"PHF19","HBB",93
"PHF19","HBG1",94
"PHF19","HELLS",95
"PHF19","HIST4H4",96
"PHF19","HJURP",97
"PHF19","HMMR",98
"PHF19","HRK",99
"PHF19","ID2",100
"PHF19","IFNGR1",101
"PHF19","IGH",102
"PHF19","IGLC1",103
"PHF19","IL1B",104
"PHF19","IL6ST",105
"PHF19","IQGAP3",106
"PHF19","IRAK3",107
"PHF19","ISG20",108
"PHF19","ITGAM",109
"PHF19","KIAA0101",110
"PHF19","KIF11",111
"PHF19","KIF14",112
"PHF19","KIF15",113
"PHF19","KIF18A",114
"PHF19","KIF18B",115
"PHF19","KIF20A",116
"PHF19","KIF23",117
"PHF19","KIF2C",118
"PHF19","KIF4A",119
"PHF19","KNL1",120
"PHF19","LILRB2",121
"PHF19","LOC100996643",122
"PHF19","LY96",123
"PHF19","LYZ",124
"PHF19","MAD2L1",125
"PHF19","MCM10",126
"PHF19","MCM4",127
"PHF19","MCM5",128
"PHF19","MCM7",129
"PHF19","MDK",130
"PHF19","MELK",131
"PHF19","METTL7A",132
"PHF19","MIR4683",133
"PHF19","MIR6845",134
"PHF19","MIR8071-1",135
"PHF19","MKI67",136
"PHF19","MND1",137
"PHF19","MS4A1",138
"PHF19","MS4A4A",139
"PHF19","MS4A7",140
"PHF19","MTHFD2",141
"PHF19","MTSS1",142
"PHF19","NCAPG",143
"PHF19","NCAPH",144
"PHF19","NEAT1",145
"PHF19","NEDD9",146
"PHF19","NEK2",147
"PHF19","NME1",148
"PHF19","NPCDR1",149
"PHF19","NUF2",150
"PHF19","NUSAP1",151
"PHF19","OIP5",152
"PHF19","P2RY14",153
"PHF19","PAICS",154
"PHF19","PBK",155
"PHF19","PCNA",156
"PHF19","PDE4B",157
"PHF19","PHF19",158
"PHF19","PIK3IP1",159
"PHF19","PLK4",160
"PHF19","POLE2",161
"PHF19","POLQ",162
"PHF19","POU4F1",163
"PHF19","PPIF",164
"PHF19","PPP1R16B",165
"PHF19","PRR11",166
"PHF19","PSPH",167
"PHF19","PTP4A1",168
"PHF19","PTTG1",169
"PHF19","RAD51",170
"PHF19","RAD51AP1",171
"PHF19","RBM14",172
"PHF19","RBMS3",173
"PHF19","RCC1",174
"PHF19","RFC3",175
"PHF19","RHOBTB3",176
"PHF19","RMI2",177
"PHF19","RNASET2",178
"PHF19","RRM2",179
"PHF19","S100A8",180
"PHF19","SCML4",181
"PHF19","SELENOI",182
"PHF19","SERPINA1",183
"PHF19","SERPINB9",184
"PHF19","SESN1",185
"PHF19","SHCBP1",186
"PHF19","SIK1",187
"PHF19","SKP2",188
"PHF19","SLC22A23",189
"PHF19","SMAP2",190
"PHF19","SMC2",191
"PHF19","SNORA21",192
"PHF19","SOS1",193
"PHF19","SQLE",194
"PHF19","STIL",195
"PHF19","SUV39H2",196
"PHF19","TARSL2",197
"PHF19","TBXA2R",198
"PHF19","TCF19",199
"PHF19","TIMELESS",200
"PHF19","TIPIN",201
"PHF19","TK1",202
"PHF19","TMEM97",203
"PHF19","TNFRSF21",204
"PHF19","TOP2A",205
"PHF19","TPX2",206
"PHF19","TRIP13",207
"PHF19","TTK",208
"PHF19","TXNIP",209
"PHF19","TYMS",210
"PHF19","UBE2C",211
"PHF19","UBE2T",212
"PHF19","WDHD1",213
"PHF19","WDR76",214
"PHF19","ZFP36L2",215
"PHF19","ZNF367",216
"PHF19","ZWINT",217
"PIK3IP1","ANLN",1
"PIK3IP1","ANP32E",2
"PIK3IP1","APITD1-CORT",3
"PIK3IP1","ASF1B",4
"PIK3IP1","ASPM",5
"PIK3IP1","ATAD2",6
"PIK3IP1","AURKA",7
"PIK3IP1","AURKB",8
"PIK3IP1","BCAT1",9
"PIK3IP1","BIRC5",10
"PIK3IP1","BMF",11
"PIK3IP1","BRCA1",12
"PIK3IP1","BRIP1",13
"PIK3IP1","BTG1",14
"PIK3IP1","BUB1",15
"PIK3IP1","BUB1B",16
"PIK3IP1","BYSL",17
"PIK3IP1","C4orf46",18
"PIK3IP1","CCDC34",19
"PIK3IP1","CCDC86",20
"PIK3IP1","CCNA2",21
"PIK3IP1","CCNB1",22
"PIK3IP1","CCNB2",23
"PIK3IP1","CCNE2",24
"PIK3IP1","CCR1",25
"PIK3IP1","CD53",26
"PIK3IP1","CDC20",27
"PIK3IP1","CDC45",28
"PIK3IP1","CDC6",29
"PIK3IP1","CDCA2",30
"PIK3IP1","CDCA3",31
"PIK3IP1","CDCA5",32
"PIK3IP1","CDK1",33
"PIK3IP1","CDKN3",34
"PIK3IP1","CDT1",35
"PIK3IP1","CENPA",36
"PIK3IP1","CENPE",37
"PIK3IP1","CENPF",38
"PIK3IP1","CENPH",39
"PIK3IP1","CENPK",40
"PIK3IP1","CENPN",41
"PIK3IP1","CENPU",42
"PIK3IP1","CENPW",43
"PIK3IP1","CEP55",44
"PIK3IP1","CHEK1",45
"PIK3IP1","CKAP2",46
"PIK3IP1","CKAP2L",47
"PIK3IP1","CKS1B",48
"PIK3IP1","CLEC2B",49
"PIK3IP1","DDIT4",50
"PIK3IP1","DENND3",51
"PIK3IP1","DEPDC1",52
"PIK3IP1","DEPDC1B",53
"PIK3IP1","DHFR",54
"PIK3IP1","DLGAP5",55
"PIK3IP1","DPEP1",56
"PIK3IP1","DSCC1",57
"PIK3IP1","DTL",58
"PIK3IP1","E2F7",59
"PIK3IP1","E2F8",60
"PIK3IP1","ECT2",61
"PIK3IP1","FABP5",62
"PIK3IP1","FAM72C",63
"PIK3IP1","FANCI",64
"PIK3IP1","FEN1",65
"PIK3IP1","FGD2",66
"PIK3IP1","FOXM1",67
"PIK3IP1","GBP4",68
"PIK3IP1","GGH",69
"PIK3IP1","GIMAP4",70
"PIK3IP1","GINS1",71
"PIK3IP1","GINS2",72
"PIK3IP1","GVINP1",73
"PIK3IP1","HELLS",74
"PIK3IP1","HIST4H4",75
"PIK3IP1","HJURP",76
"PIK3IP1","HMMR",77
"PIK3IP1","ID2",78
"PIK3IP1","IFNGR1",79
"PIK3IP1","IL6ST",80
"PIK3IP1","IQGAP3",81
"PIK3IP1","ISG20",82
"PIK3IP1","ITGAM",83
"PIK3IP1","KIAA0101",84
"PIK3IP1","KIF11",85
"PIK3IP1","KIF14",86
"PIK3IP1","KIF15",87
"PIK3IP1","KIF18A",88
"PIK3IP1","KIF18B",89
"PIK3IP1","KIF20A",90
"PIK3IP1","KIF23",91
"PIK3IP1","KIF2C",92
"PIK3IP1","KNL1",93
"PIK3IP1","LILRB2",94
"PIK3IP1","LOC100996643",95
"PIK3IP1","LY96",96
"PIK3IP1","MAD2L1",97
"PIK3IP1","MCM10",98
"PIK3IP1","MCM4",99
"PIK3IP1","MCM7",100
"PIK3IP1","MELK",101
"PIK3IP1","METTL7A",102
"PIK3IP1","MIR6845",103
"PIK3IP1","MKI67",104
"PIK3IP1","MND1",105
"PIK3IP1","MTHFD2",106
"PIK3IP1","MTSS1",107
"PIK3IP1","NCAPG",108
"PIK3IP1","NCAPH",109
"PIK3IP1","NEK2",110
"PIK3IP1","NME1",111
"PIK3IP1","NPCDR1",112
"PIK3IP1","NUF2",113
"PIK3IP1","NUSAP1",114
"PIK3IP1","OIP5",115
"PIK3IP1","P2RY14",116
"PIK3IP1","PAICS",117
"PIK3IP1","PBK",118
"PIK3IP1","PCNA",119
"PIK3IP1","PHF19",120
"PIK3IP1","PIK3IP1",121
"PIK3IP1","PLK4",122
"PIK3IP1","POLE2",123
"PIK3IP1","POLQ",124
"PIK3IP1","PPBP",125
"PIK3IP1","PPIF",126
"PIK3IP1","PRPS2",127
"PIK3IP1","PRR11",128
"PIK3IP1","PTTG1",129
"PIK3IP1","RAD51",130
"PIK3IP1","RAD51AP1",131
"PIK3IP1","RASSF4",132
"PIK3IP1","RMI2",133
"PIK3IP1","RNASET2",134
"PIK3IP1","RRM2",135
"PIK3IP1","SELENOI",136
"PIK3IP1","SERPINB9",137
"PIK3IP1","SKP2",138
"PIK3IP1","SMAP2",139
"PIK3IP1","SMC2",140
"PIK3IP1","SMIM3",141
"PIK3IP1","SQLE",142
"PIK3IP1","STIL",143
"PIK3IP1","SUV39H2",144
"PIK3IP1","TBXA2R",145
"PIK3IP1","TCF19",146
"PIK3IP1","TIMELESS",147
"PIK3IP1","TIPIN",148
"PIK3IP1","TK1",149
"PIK3IP1","TMEM97",150
"PIK3IP1","TNFRSF21",151
"PIK3IP1","TPX2",152
"PIK3IP1","TRIP13",153
"PIK3IP1","TTK",154
"PIK3IP1","TXNIP",155
"PIK3IP1","UBE2T",156
"PIK3IP1","WDHD1",157
"PIK3IP1","WDR76",158
"PIK3IP1","ZBTB16",159
"PIK3IP1","ZFP36L2",160
"PIK3IP1","ZNF367",161
"PIK3IP1","ZWINT",162
"PLK4","ANLN",1
"PLK4","ANP32E",2
"PLK4","APITD1-CORT",3
"PLK4","ASF1B",4
"PLK4","ASPM",5
"PLK4","ATAD2",6
"PLK4","AURKA",7
"PLK4","AURKB",8
"PLK4","BCAT1",9
"PLK4","BCL2L11",10
"PLK4","BIRC5",11
"PLK4","BMF",12
"PLK4","BRCA1",13
"PLK4","BRIP1",14
"PLK4","BTG1",15
"PLK4","BUB1",16
"PLK4","BUB1B",17
"PLK4","BYSL",18
"PLK4","C4orf46",19
"PLK4","CCDC34",20
"PLK4","CCDC86",21
"PLK4","CCNA2",22
"PLK4","CCNB1",23
"PLK4","CCNB2",24
"PLK4","CCNE2",25
"PLK4","CCNL1",26
"PLK4","CD53",27
"PLK4","CDC20",28
"PLK4","CDC42EP3",29
"PLK4","CDC45",30
"PLK4","CDC6",31
"PLK4","CDCA2",32
"PLK4","CDCA3",33
"PLK4","CDCA5",34
"PLK4","CDK1",35
"PLK4","CDKN3",36
"PLK4","CDT1",37
"PLK4","CELF2",38
"PLK4","CENPA",39
"PLK4","CENPE",40
"PLK4","CENPF",41
"PLK4","CENPH",42
"PLK4","CENPK",43
"PLK4","CENPN",44
"PLK4","CENPU",45
"PLK4","CENPV",46
"PLK4","CENPW",47
"PLK4","CEP55",48
"PLK4","CHEK1",49
"PLK4","CKAP2",50
"PLK4","CKAP2L",51
"PLK4","CKS1B",52
"PLK4","CLEC2B",53
"PLK4","CPM",54
"PLK4","CRNDE",55
"PLK4","DEFA1",56
"PLK4","DENND3",57
"PLK4","DEPDC1",58
"PLK4","DEPDC1B",59
"PLK4","DFNA5",60
"PLK4","DHFR",61
"PLK4","DHX9",62
"PLK4","DLGAP5",63
"PLK4","DPEP1",64
"PLK4","DSCC1",65
"PLK4","DTL",66
"PLK4","E2F7",67
"PLK4","E2F8",68
"PLK4","ECT2",69
"PLK4","EGR1",70
"PLK4","FABP5",71
"PLK4","FAM72C",72
"PLK4","FANCI",73
"PLK4","FCER1G",74
"PLK4","FCGR3B",75
"PLK4","FEN1",76
"PLK4","FGD2",77
"PLK4","FGR",78
"PLK4","FH",79
"PLK4","FOXM1",80
"PLK4","FUS",81
"PLK4","GBP4",82
"PLK4","GGH",83
"PLK4","GIMAP4",84
"PLK4","GIMAP7",85
"PLK4","GINS1",86
"PLK4","GINS2",87
"PLK4","GVINP1",88
"PLK4","HBB",89
"PLK4","HBG1",90
"PLK4","HELLS",91
"PLK4","HIST4H4",92
"PLK4","HJURP",93
"PLK4","HMMR",94
"PLK4","ID2",95
"PLK4","IFNGR1",96
"PLK4","IGH",97
"PLK4","IGLC1",98
"PLK4","IL18R1",99
"PLK4","IL1B",100
"PLK4","IQGAP3",101
"PLK4","IRAK3",102
"PLK4","ISG20",103
"PLK4","KIAA0101",104
"PLK4","KIF11",105
"PLK4","KIF14",106
"PLK4","KIF15",107
"PLK4","KIF18A",108
"PLK4","KIF18B",109
"PLK4","KIF20A",110
"PLK4","KIF23",111
"PLK4","KIF2C",112
"PLK4","KIF4A",113
"PLK4","KNL1",114
"PLK4","LILRB2",115
"PLK4","LOC100996643",116
"PLK4","LOC728175",117
"PLK4","LYZ",118
"PLK4","MAD2L1",119
"PLK4","MCM10",120
"PLK4","MCM4",121
"PLK4","MCM5",122
"PLK4","MCM7",123
"PLK4","MDK",124
"PLK4","MELK",125
"PLK4","METTL7A",126
"PLK4","MIR6845",127
"PLK4","MIR8071-1",128
"PLK4","MKI67",129
"PLK4","MND1",130
"PLK4","MS4A1",131
"PLK4","MS4A4A",132
"PLK4","MS4A7",133
"PLK4","MTHFD2",134
"PLK4","MTSS1",135
"PLK4","NCAPG",136
"PLK4","NCAPH",137
"PLK4","NEAT1",138
"PLK4","NEDD9",139
"PLK4","NEK2",140
"PLK4","NME1",141
"PLK4","NPCDR1",142
"PLK4","NUF2",143
"PLK4","NUSAP1",144
"PLK4","OIP5",145
"PLK4","P2RY14",146
"PLK4","PAICS",147
"PLK4","PBK",148
"PLK4","PCNA",149
"PLK4","PDE4B",150
"PLK4","PHF19",151
"PLK4","PIK3IP1",152
"PLK4","PLK4",153
"PLK4","POLE2",154
"PLK4","POLQ",155
"PLK4","PPIF",156
"PLK4","PPP1R16B",157
"PLK4","PRR11",158
"PLK4","PSPH",159
"PLK4","PTP4A1",160
"PLK4","PTTG1",161
"PLK4","RAD51",162
"PLK4","RAD51AP1",163
"PLK4","RBM14",164
"PLK4","RCC1",165
"PLK4","RFC3",166
"PLK4","RMI2",167
"PLK4","RNASET2",168
"PLK4","RRM2",169
"PLK4","S100A8",170
"PLK4","SCML4",171
"PLK4","SELENOI",172
"PLK4","SERPINA1",173
"PLK4","SERPINB9",174
"PLK4","SESN1",175
"PLK4","SHCBP1",176
"PLK4","SIK1",177
"PLK4","SKP2",178
"PLK4","SLC22A23",179
"PLK4","SMAP2",180
"PLK4","SMC2",181
"PLK4","SNORA21",182
"PLK4","SNORD3B-1",183
"PLK4","SNX29P2",184
"PLK4","SOS1",185
"PLK4","SQLE",186
"PLK4","STIL",187
"PLK4","SUV39H2",188
"PLK4","TARSL2",189
"PLK4","TBXA2R",190
"PLK4","TCF19",191
"PLK4","TENM4",192
"PLK4","TIMELESS",193
"PLK4","TIPIN",194
"PLK4","TK1",195
"PLK4","TMEM97",196
"PLK4","TNFRSF21",197
"PLK4","TOP2A",198
"PLK4","TPX2",199
"PLK4","TRIP13",200
"PLK4","TTK",201
"PLK4","TXNIP",202
"PLK4","TYMS",203
"PLK4","UBE2C",204
"PLK4","UBE2T",205
"PLK4","WDHD1",206
"PLK4","WDR76",207
"PLK4","ZNF367",208
"PLK4","ZWINT",209
"POLE2","ANLN",1
"POLE2","ANP32E",2
"POLE2","APITD1-CORT",3
"POLE2","ASF1B",4
"POLE2","ASPM",5
"POLE2","ATAD2",6
"POLE2","AURKA",7
"POLE2","AURKB",8
"POLE2","B3GNT2",9
"POLE2","BCAT1",10
"POLE2","BCL2L11",11
"POLE2","BIRC5",12
"POLE2","BMF",13
"POLE2","BRCA1",14
"POLE2","BRIP1",15
"POLE2","BTG1",16
"POLE2","BUB1",17
"POLE2","BUB1B",18
"POLE2","BYSL",19
"POLE2","C4orf46",20
"POLE2","CCDC34",21
"POLE2","CCDC86",22
"POLE2","CCNA2",23
"POLE2","CCNB1",24
"POLE2","CCNB2",25
"POLE2","CCNE2",26
"POLE2","CD53",27
"POLE2","CDC20",28
"POLE2","CDC42EP3",29
"POLE2","CDC45",30
"POLE2","CDC6",31
"POLE2","CDCA2",32
"POLE2","CDCA3",33
"POLE2","CDCA5",34
"POLE2","CDK1",35
"POLE2","CDKN3",36
"POLE2","CDT1",37
"POLE2","CELF2",38
"POLE2","CENPA",39
"POLE2","CENPE",40
"POLE2","CENPF",41
"POLE2","CENPH",42
"POLE2","CENPK",43
"POLE2","CENPN",44
"POLE2","CENPU",45
"POLE2","CENPV",46
"POLE2","CENPW",47
"POLE2","CEP55",48
"POLE2","CHEK1",49
"POLE2","CKAP2",50
"POLE2","CKAP2L",51
"POLE2","CKS1B",52
"POLE2","CLEC2B",53
"POLE2","CRNDE",54
"POLE2","DENND3",55
"POLE2","DEPDC1",56
"POLE2","DEPDC1B",57
"POLE2","DFNA5",58
"POLE2","DHFR",59
"POLE2","DHX9",60
"POLE2","DLGAP5",61
"POLE2","DPEP1",62
"POLE2","DSCC1",63
"POLE2","DTL",64
"POLE2","E2F7",65
"POLE2","E2F8",66
"POLE2","ECT2",67
"POLE2","EGR1",68
"POLE2","EMP1",69
"POLE2","FAM72C",70
"POLE2","FANCI",71
"POLE2","FEN1",72
"POLE2","FGR",73
"POLE2","FH",74
"POLE2","FOXM1",75
"POLE2","FUS",76
"POLE2","GBP4",77
"POLE2","GGH",78
"POLE2","GIMAP4",79
"POLE2","GIMAP7",80
"POLE2","GINS1",81
"POLE2","GINS2",82
"POLE2","GSN",83
"POLE2","HBB",84
"POLE2","HBG1",85
"POLE2","HELLS",86
"POLE2","HIST4H4",87
"POLE2","HJURP",88
"POLE2","HMMR",89
"POLE2","HRK",90
"POLE2","ID2",91
"POLE2","IFNGR1",92
"POLE2","IGH",93
"POLE2","IGLC1",94
"POLE2","IL1B",95
"POLE2","IQGAP3",96
"POLE2","IRAK3",97
"POLE2","ISG20",98
"POLE2","ITGAM",99
"POLE2","KIAA0101",100
"POLE2","KIF11",101
"POLE2","KIF14",102
"POLE2","KIF15",103
"POLE2","KIF18A",104
"POLE2","KIF18B",105
"POLE2","KIF20A",106
"POLE2","KIF23",107
"POLE2","KIF2C",108
"POLE2","KIF4A",109
"POLE2","KNL1",110
"POLE2","LILRB2",111
"POLE2","LOC100996643",112
"POLE2","LYZ",113
"POLE2","MAD2L1",114
"POLE2","MCM10",115
"POLE2","MCM4",116
"POLE2","MCM5",117
"POLE2","MCM7",118
"POLE2","MDK",119
"POLE2","MELK",120
"POLE2","MIR4683",121
"POLE2","MIR6845",122
"POLE2","MIR8071-1",123
"POLE2","MKI67",124
"POLE2","MND1",125
"POLE2","MS4A1",126
"POLE2","MS4A4A",127
"POLE2","MS4A7",128
"POLE2","MTHFD2",129
"POLE2","MTSS1",130
"POLE2","NCAPG",131
"POLE2","NCAPH",132
"POLE2","NEAT1",133
"POLE2","NEDD9",134
"POLE2","NEK2",135
"POLE2","NME1",136
"POLE2","NPCDR1",137
"POLE2","NUF2",138
"POLE2","NUSAP1",139
"POLE2","OIP5",140
"POLE2","P2RX5",141
"POLE2","P2RY14",142
"POLE2","PAICS",143
"POLE2","PBK",144
"POLE2","PCNA",145
"POLE2","PDE4B",146
"POLE2","PHF19",147
"POLE2","PIK3IP1",148
"POLE2","PLK4",149
"POLE2","POLE2",150
"POLE2","POLQ",151
"POLE2","PPIF",152
"POLE2","PPP1R16B",153
"POLE2","PRR11",154
"POLE2","PSPH",155
"POLE2","PTTG1",156
"POLE2","RAD51",157
"POLE2","RAD51AP1",158
"POLE2","RBM14",159
"POLE2","RCC1",160
"POLE2","RFC3",161
"POLE2","RHOBTB3",162
"POLE2","RMI2",163
"POLE2","RNASET2",164
"POLE2","RRM2",165
"POLE2","S100A8",166
"POLE2","SCML4",167
"POLE2","SELENOI",168
"POLE2","SERPINA1",169
"POLE2","SERPINB9",170
"POLE2","SESN1",171
"POLE2","SHCBP1",172
"POLE2","SKP2",173
"POLE2","SLC22A23",174
"POLE2","SMAP2",175
"POLE2","SMC2",176
"POLE2","SOS1",177
"POLE2","SQLE",178
"POLE2","STIL",179
"POLE2","SUV39H2",180
"POLE2","TARSL2",181
"POLE2","TBXA2R",182
"POLE2","TCF19",183
"POLE2","TIMELESS",184
"POLE2","TIPIN",185
"POLE2","TK1",186
"POLE2","TMEM97",187
"POLE2","TOP2A",188
"POLE2","TPX2",189
"POLE2","TRIP13",190
"POLE2","TTK",191
"POLE2","TXNIP",192
"POLE2","TYMS",193
"POLE2","UBE2C",194
"POLE2","UBE2T",195
"POLE2","WDHD1",196
"POLE2","WDR76",197
"POLE2","ZFP36L2",198
"POLE2","ZNF367",199
"POLE2","ZWINT",200
"POLQ","ANLN",1
"POLQ","ANP32E",2
"POLQ","APITD1-CORT",3
"POLQ","ASF1B",4
"POLQ","ASPM",5
"POLQ","ATAD2",6
"POLQ","AURKA",7
"POLQ","AURKB",8
"POLQ","B3GNT2",9
"POLQ","BCAT1",10
"POLQ","BCL2L11",11
"POLQ","BIRC5",12
"POLQ","BMF",13
"POLQ","BRCA1",14
"POLQ","BRIP1",15
"POLQ","BTG1",16
"POLQ","BUB1",17
"POLQ","BUB1B",18
"POLQ","BYSL",19
"POLQ","C4orf46",20
"POLQ","CCDC34",21
"POLQ","CCDC86",22
"POLQ","CCNA2",23
"POLQ","CCNB1",24
"POLQ","CCNB2",25
"POLQ","CCNE2",26
"POLQ","CD53",27
"POLQ","CDC20",28
"POLQ","CDC42EP3",29
"POLQ","CDC45",30
"POLQ","CDC6",31
"POLQ","CDCA2",32
"POLQ","CDCA3",33
"POLQ","CDCA5",34
"POLQ","CDK1",35
"POLQ","CDKN3",36
"POLQ","CDT1",37
"POLQ","CELF2",38
"POLQ","CENPA",39
"POLQ","CENPE",40
"POLQ","CENPF",41
"POLQ","CENPH",42
"POLQ","CENPK",43
"POLQ","CENPN",44
"POLQ","CENPU",45
"POLQ","CENPV",46
"POLQ","CENPW",47
"POLQ","CEP55",48
"POLQ","CHEK1",49
"POLQ","CKAP2",50
"POLQ","CKAP2L",51
"POLQ","CKS1B",52
"POLQ","CLEC2B",53
"POLQ","CRNDE",54
"POLQ","DENND3",55
"POLQ","DEPDC1",56
"POLQ","DEPDC1B",57
"POLQ","DFNA5",58
"POLQ","DHFR",59
"POLQ","DHX9",60
"POLQ","DLGAP5",61
"POLQ","DPEP1",62
"POLQ","DSCC1",63
"POLQ","DTL",64
"POLQ","E2F7",65
"POLQ","E2F8",66
"POLQ","ECT2",67
"POLQ","EGR1",68
"POLQ","EMP1",69
"POLQ","FAM72C",70
"POLQ","FANCI",71
"POLQ","FEN1",72
"POLQ","FGR",73
"POLQ","FH",74
"POLQ","FOXM1",75
"POLQ","FUS",76
"POLQ","GBP4",77
"POLQ","GGH",78
"POLQ","GIMAP4",79
"POLQ","GIMAP7",80
"POLQ","GINS1",81
"POLQ","GINS2",82
"POLQ","GSN",83
"POLQ","HBB",84
"POLQ","HBG1",85
"POLQ","HELLS",86
"POLQ","HIST4H4",87
"POLQ","HJURP",88
"POLQ","HMMR",89
"POLQ","HRK",90
"POLQ","ID2",91
"POLQ","IFNGR1",92
"POLQ","IGH",93
"POLQ","IGLC1",94
"POLQ","IL1B",95
"POLQ","IQGAP3",96
"POLQ","IRAK3",97
"POLQ","ISG20",98
"POLQ","ITGAM",99
"POLQ","KIAA0101",100
"POLQ","KIF11",101
"POLQ","KIF14",102
"POLQ","KIF15",103
"POLQ","KIF18A",104
"POLQ","KIF18B",105
"POLQ","KIF20A",106
"POLQ","KIF23",107
"POLQ","KIF2C",108
"POLQ","KIF4A",109
"POLQ","KNL1",110
"POLQ","LILRB2",111
"POLQ","LOC100996643",112
"POLQ","LYZ",113
"POLQ","MAD2L1",114
"POLQ","MCM10",115
"POLQ","MCM4",116
"POLQ","MCM5",117
"POLQ","MCM7",118
"POLQ","MDK",119
"POLQ","MELK",120
"POLQ","MIR4683",121
"POLQ","MIR6845",122
"POLQ","MIR8071-1",123
"POLQ","MKI67",124
"POLQ","MND1",125
"POLQ","MS4A1",126
"POLQ","MS4A4A",127
"POLQ","MS4A7",128
"POLQ","MTHFD2",129
"POLQ","MTSS1",130
"POLQ","NCAPG",131
"POLQ","NCAPH",132
"POLQ","NEAT1",133
"POLQ","NEDD9",134
"POLQ","NEK2",135
"POLQ","NME1",136
"POLQ","NPCDR1",137
"POLQ","NUF2",138
"POLQ","NUSAP1",139
"POLQ","OIP5",140
"POLQ","P2RX5",141
"POLQ","P2RY14",142
"POLQ","PAICS",143
"POLQ","PBK",144
"POLQ","PCNA",145
"POLQ","PDE4B",146
"POLQ","PHF19",147
"POLQ","PIK3IP1",148
"POLQ","PLK4",149
"POLQ","POLE2",150
"POLQ","POLQ",151
"POLQ","PPIF",152
"POLQ","PPP1R16B",153
"POLQ","PRR11",154
"POLQ","PSPH",155
"POLQ","PTTG1",156
"POLQ","RAD51",157
"POLQ","RAD51AP1",158
"POLQ","RBM14",159
"POLQ","RCC1",160
"POLQ","RFC3",161
"POLQ","RHOBTB3",162
"POLQ","RMI2",163
"POLQ","RNASET2",164
"POLQ","RRM2",165
"POLQ","S100A8",166
"POLQ","SCML4",167
"POLQ","SELENOI",168
"POLQ","SERPINA1",169
"POLQ","SERPINB9",170
"POLQ","SESN1",171
"POLQ","SHCBP1",172
"POLQ","SKP2",173
"POLQ","SLC22A23",174
"POLQ","SMAP2",175
"POLQ","SMC2",176
"POLQ","SOS1",177
"POLQ","SQLE",178
"POLQ","STIL",179
"POLQ","SUV39H2",180
"POLQ","TARSL2",181
"POLQ","TBXA2R",182
"POLQ","TCF19",183
"POLQ","TIMELESS",184
"POLQ","TIPIN",185
"POLQ","TK1",186
"POLQ","TMEM97",187
"POLQ","TOP2A",188
"POLQ","TPX2",189
"POLQ","TRIP13",190
"POLQ","TTK",191
"POLQ","TXNIP",192
"POLQ","TYMS",193
"POLQ","UBE2C",194
"POLQ","UBE2T",195
"POLQ","WDHD1",196
"POLQ","WDR76",197
"POLQ","ZFP36L2",198
"POLQ","ZNF367",199
"POLQ","ZWINT",200
"POU4F1","AKAP12",1
"POU4F1","ARRDC3",2
"POU4F1","ATAD2",3
"POU4F1","AURKB",4
"POU4F1","BCL2L11",5
"POU4F1","BIRC5",6
"POU4F1","BMF",7
"POU4F1","BRIP1",8
"POU4F1","BUB1",9
"POU4F1","BUB1B",10
"POU4F1","CCNA2",11
"POU4F1","CCNB1",12
"POU4F1","CCNB2",13
"POU4F1","CD53",14
"POU4F1","CDC45",15
"POU4F1","CDCA5",16
"POU4F1","CDK1",17
"POU4F1","CDT1",18
"POU4F1","CENPA",19
"POU4F1","CENPH",20
"POU4F1","CENPK",21
"POU4F1","CENPN",22
"POU4F1","CENPU",23
"POU4F1","CENPV",24
"POU4F1","CHEK1",25
"POU4F1","CPM",26
"POU4F1","DHFR",27
"POU4F1","DLGAP5",28
"POU4F1","DPEP1",29
"POU4F1","DSCC1",30
"POU4F1","ECT2",31
"POU4F1","F13A1",32
"POU4F1","FANCI",33
"POU4F1","FEN1",34
"POU4F1","FOXM1",35
"POU4F1","GGH",36
"POU4F1","GINS1",37
"POU4F1","HMMR",38
"POU4F1","HRK",39
"POU4F1","ID2",40
"POU4F1","IGLL1",41
"POU4F1","IL27RA",42
"POU4F1","IRAK3",43
"POU4F1","ISG20",44
"POU4F1","ITGB2-AS1",45
"POU4F1","KIAA0101",46
"POU4F1","KIF14",47
"POU4F1","KIF15",48
"POU4F1","KIF18A",49
"POU4F1","KIF18B",50
"POU4F1","KIF20A",51
"POU4F1","KIF26A",52
"POU4F1","KIF2C",53
"POU4F1","LOC285097",54
"POU4F1","LY96",55
"POU4F1","MAD2L1",56
"POU4F1","MCM10",57
"POU4F1","MCM4",58
"POU4F1","MELK",59
"POU4F1","MIR4683",60
"POU4F1","MIR8071-1",61
"POU4F1","MPV17L",62
"POU4F1","MSH6",63
"POU4F1","NCAPG",64
"POU4F1","NPCDR1",65
"POU4F1","OIP5",66
"POU4F1","PHF19",67
"POU4F1","PLK4",68
"POU4F1","POLE2",69
"POU4F1","POLQ",70
"POU4F1","POU4F1",71
"POU4F1","PPIF",72
"POU4F1","PTTG1",73
"POU4F1","RAD51",74
"POU4F1","RAG2",75
"POU4F1","S100A11",76
"POU4F1","SIK1",77
"POU4F1","SLA",78
"POU4F1","SMC2",79
"POU4F1","SNX10",80
"POU4F1","SNX29P2",81
"POU4F1","STIL",82
"POU4F1","TARSL2",83
"POU4F1","TIPIN",84
"POU4F1","TMEM97",85
"POU4F1","TNFSF8",86
"POU4F1","TPX2",87
"POU4F1","TRIP13",88
"POU4F1","TTK",89
"POU4F1","UBE2T",90
"POU4F1","WDHD1",91
"POU4F1","WFS1",92
"POU4F1","ZWINT",93
"PPBP","ANLN",1
"PPBP","ANP32E",2
"PPBP","BCAT1",3
"PPBP","BRCA1",4
"PPBP","BRIP1",5
"PPBP","BUB1B",6
"PPBP","BYSL",7
"PPBP","C4orf46",8
"PPBP","C5orf24",9
"PPBP","CCNB1",10
"PPBP","CCNB2",11
"PPBP","CCR1",12
"PPBP","CDC42EP3",13
"PPBP","CDC45",14
"PPBP","CDT1",15
"PPBP","CELF2",16
"PPBP","CENPA",17
"PPBP","CENPF",18
"PPBP","CENPN",19
"PPBP","CENPU",20
"PPBP","CENPW",21
"PPBP","CEP55",22
"PPBP","CHEK1",23
"PPBP","DEPDC1B",24
"PPBP","DHFR",25
"PPBP","DHX9",26
"PPBP","DLGAP5",27
"PPBP","DTL",28
"PPBP","E2F7",29
"PPBP","E2F8",30
"PPBP","F13A1",31
"PPBP","FABP5",32
"PPBP","FANCI",33
"PPBP","FCGR3B",34
"PPBP","FGD2",35
"PPBP","FGL2",36
"PPBP","FGR",37
"PPBP","FH",38
"PPBP","GGH",39
"PPBP","GIMAP4",40
"PPBP","GIMAP7",41
"PPBP","GINS2",42
"PPBP","GVINP1",43
"PPBP","HBG1",44
"PPBP","HELLS",45
"PPBP","HSP90AB1",46
"PPBP","ID3",47
"PPBP","IGLL1",48
"PPBP","IQGAP3",49
"PPBP","ITGB2-AS1",50
"PPBP","KIF11",51
"PPBP","KIF15",52
"PPBP","KNL1",53
"PPBP","LGALS3",54
"PPBP","LILRA1",55
"PPBP","LOC100130872",56
"PPBP","LOC100996643",57
"PPBP","LYZ",58
"PPBP","MAD2L1",59
"PPBP","MCM10",60
"PPBP","MCM7",61
"PPBP","MNDA",62
"PPBP","MTHFD2",63
"PPBP","NCAPG",64
"PPBP","NEAT1",65
"PPBP","NEDD9",66
"PPBP","NEK2",67
"PPBP","NME1",68
"PPBP","NUSAP1",69
"PPBP","PAICS",70
"PPBP","PCNA",71
"PPBP","PIK3IP1",72
"PPBP","PLK4",73
"PPBP","PPBP",74
"PPBP","PRDM1",75
"PPBP","PTP4A1",76
"PPBP","PTTG1",77
"PPBP","RAB31",78
"PPBP","RAD51",79
"PPBP","RAD51AP1",80
"PPBP","RAG1",81
"PPBP","RFC3",82
"PPBP","RNASET2",83
"PPBP","RRM2",84
"PPBP","S100A8",85
"PPBP","SEMA4D",86
"PPBP","SMC2",87
"PPBP","SQLE",88
"PPBP","TCF19",89
"PPBP","TIMELESS",90
"PPBP","TK1",91
"PPBP","TNFRSF21",92
"PPBP","TTK",93
"PPBP","WASF1",94
"PPBP","ZNF367",95
"PPBP","ZWINT",96
"PPIF","ANLN",1
"PPIF","ANP32E",2
"PPIF","APITD1-CORT",3
"PPIF","ARPP21",4
"PPIF","ASF1B",5
"PPIF","ASPM",6
"PPIF","ATAD2",7
"PPIF","AURKA",8
"PPIF","AURKB",9
"PPIF","B3GNT2",10
"PPIF","BCAT1",11
"PPIF","BCL2L11",12
"PPIF","BIRC5",13
"PPIF","BMF",14
"PPIF","BRCA1",15
"PPIF","BRIP1",16
"PPIF","BTG1",17
"PPIF","BUB1",18
"PPIF","BUB1B",19
"PPIF","C4orf46",20
"PPIF","CCDC34",21
"PPIF","CCDC86",22
"PPIF","CCNA2",23
"PPIF","CCNB1",24
"PPIF","CCNB2",25
"PPIF","CCNE2",26
"PPIF","CCNL1",27
"PPIF","CD53",28
"PPIF","CDC20",29
"PPIF","CDC45",30
"PPIF","CDC6",31
"PPIF","CDCA2",32
"PPIF","CDCA3",33
"PPIF","CDCA5",34
"PPIF","CDK1",35
"PPIF","CDK6",36
"PPIF","CDKN3",37
"PPIF","CDT1",38
"PPIF","CELF2",39
"PPIF","CENPA",40
"PPIF","CENPE",41
"PPIF","CENPF",42
"PPIF","CENPH",43
"PPIF","CENPK",44
"PPIF","CENPN",45
"PPIF","CENPU",46
"PPIF","CENPV",47
"PPIF","CENPW",48
"PPIF","CEP55",49
"PPIF","CHEK1",50
"PPIF","CKAP2",51
"PPIF","CKAP2L",52
"PPIF","CKS1B",53
"PPIF","CPM",54
"PPIF","DDIT4",55
"PPIF","DENND3",56
"PPIF","DEPDC1",57
"PPIF","DEPDC1B",58
"PPIF","DFNA5",59
"PPIF","DHFR",60
"PPIF","DLGAP5",61
"PPIF","DPEP1",62
"PPIF","DSCC1",63
"PPIF","DTL",64
"PPIF","E2F7",65
"PPIF","E2F8",66
"PPIF","ECT2",67
"PPIF","EMP1",68
"PPIF","FAM72C",69
"PPIF","FANCI",70
"PPIF","FEN1",71
"PPIF","FH",72
"PPIF","FOXM1",73
"PPIF","FUS",74
"PPIF","GBP4",75
"PPIF","GGH",76
"PPIF","GIMAP4",77
"PPIF","GIMAP7",78
"PPIF","GINS1",79
"PPIF","GINS2",80
"PPIF","GSN",81
"PPIF","HELLS",82
"PPIF","HIST4H4",83
"PPIF","HJURP",84
"PPIF","HMMR",85
"PPIF","HRK",86
"PPIF","ID2",87
"PPIF","IFNGR1",88
"PPIF","IL1B",89
"PPIF","IQGAP3",90
"PPIF","IRAK3",91
"PPIF","ISG20",92
"PPIF","KIAA0101",93
"PPIF","KIF11",94
"PPIF","KIF14",95
"PPIF","KIF15",96
"PPIF","KIF18A",97
"PPIF","KIF18B",98
"PPIF","KIF20A",99
"PPIF","KIF23",100
"PPIF","KIF26A",101
"PPIF","KIF2C",102
"PPIF","KIF4A",103
"PPIF","KNL1",104
"PPIF","LILRB2",105
"PPIF","LOC100996643",106
"PPIF","LOC285097",107
"PPIF","LYZ",108
"PPIF","MAD2L1",109
"PPIF","MCM10",110
"PPIF","MCM4",111
"PPIF","MCM5",112
"PPIF","MCM7",113
"PPIF","MELK",114
"PPIF","MIR4683",115
"PPIF","MIR6845",116
"PPIF","MIR8071-1",117
"PPIF","MKI67",118
"PPIF","MND1",119
"PPIF","MS4A1",120
"PPIF","MTHFD2",121
"PPIF","MTSS1",122
"PPIF","NCAPG",123
"PPIF","NCAPH",124
"PPIF","NEAT1",125
"PPIF","NEK2",126
"PPIF","NME1",127
"PPIF","NPCDR1",128
"PPIF","NUF2",129
"PPIF","NUSAP1",130
"PPIF","OIP5",131
"PPIF","P2RY14",132
"PPIF","PBK",133
"PPIF","PCNA",134
"PPIF","PDE4B",135
"PPIF","PHF19",136
"PPIF","PLK4",137
"PPIF","POLE2",138
"PPIF","POLQ",139
"PPIF","POU4F1",140
"PPIF","PPIF",141
"PPIF","PRR11",142
"PPIF","PTTG1",143
"PPIF","RAD51",144
"PPIF","RBMS3",145
"PPIF","RFC3",146
"PPIF","RHOBTB3",147
"PPIF","RNASET2",148
"PPIF","RPS6KA2",149
"PPIF","RRM2",150
"PPIF","S100A8",151
"PPIF","SERPINB9",152
"PPIF","SHCBP1",153
"PPIF","SIK1",154
"PPIF","SKP2",155
"PPIF","SLC22A23",156
"PPIF","SMAP2",157
"PPIF","SMC2",158
"PPIF","SNORD3B-1",159
"PPIF","SNTB2",160
"PPIF","SOS1",161
"PPIF","SQLE",162
"PPIF","STIL",163
"PPIF","SUV39H2",164
"PPIF","TARSL2",165
"PPIF","TCF19",166
"PPIF","TIMELESS",167
"PPIF","TIPIN",168
"PPIF","TK1",169
"PPIF","TMEM97",170
"PPIF","TPX2",171
"PPIF","TRIP13",172
"PPIF","TTK",173
"PPIF","TXNIP",174
"PPIF","UBE2C",175
"PPIF","UBE2T",176
"PPIF","WDHD1",177
"PPIF","WDR76",178
"PPIF","ZNF367",179
"PPIF","ZWINT",180
"PPP1R16B","ANLN",1
"PPP1R16B","ANP32E",2
"PPP1R16B","APITD1-CORT",3
"PPP1R16B","ASF1B",4
"PPP1R16B","ASPM",5
"PPP1R16B","ATAD2",6
"PPP1R16B","AURKA",7
"PPP1R16B","AURKB",8
"PPP1R16B","BCAT1",9
"PPP1R16B","BIRC3",10
"PPP1R16B","BIRC5",11
"PPP1R16B","BRCA1",12
"PPP1R16B","BRIP1",13
"PPP1R16B","BTG1",14
"PPP1R16B","BUB1",15
"PPP1R16B","BUB1B",16
"PPP1R16B","BYSL",17
"PPP1R16B","C4orf46",18
"PPP1R16B","C5orf24",19
"PPP1R16B","CCDC34",20
"PPP1R16B","CCDC86",21
"PPP1R16B","CCNA2",22
"PPP1R16B","CCNB1",23
"PPP1R16B","CCNB2",24
"PPP1R16B","CCNE2",25
"PPP1R16B","CD53",26
"PPP1R16B","CDC20",27
"PPP1R16B","CDC45",28
"PPP1R16B","CDC6",29
"PPP1R16B","CDCA2",30
"PPP1R16B","CDCA3",31
"PPP1R16B","CDCA5",32
"PPP1R16B","CDK1",33
"PPP1R16B","CDKN3",34
"PPP1R16B","CDT1",35
"PPP1R16B","CELF2",36
"PPP1R16B","CENPA",37
"PPP1R16B","CENPE",38
"PPP1R16B","CENPF",39
"PPP1R16B","CENPH",40
"PPP1R16B","CENPN",41
"PPP1R16B","CENPV",42
"PPP1R16B","CENPW",43
"PPP1R16B","CEP55",44
"PPP1R16B","CHEK1",45
"PPP1R16B","CKAP2",46
"PPP1R16B","CKAP2L",47
"PPP1R16B","CRNDE",48
"PPP1R16B","DEFA1",49
"PPP1R16B","DEPDC1",50
"PPP1R16B","DEPDC1B",51
"PPP1R16B","DFNA5",52
"PPP1R16B","DHFR",53
"PPP1R16B","DHX9",54
"PPP1R16B","DLGAP5",55
"PPP1R16B","DSCC1",56
"PPP1R16B","DTL",57
"PPP1R16B","E2F8",58
"PPP1R16B","FABP5",59
"PPP1R16B","FAM72C",60
"PPP1R16B","FANCI",61
"PPP1R16B","FCER1G",62
"PPP1R16B","FEN1",63
"PPP1R16B","FGR",64
"PPP1R16B","FH",65
"PPP1R16B","GGH",66
"PPP1R16B","GIMAP7",67
"PPP1R16B","GINS1",68
"PPP1R16B","GINS2",69
"PPP1R16B","GVINP1",70
"PPP1R16B","HBB",71
"PPP1R16B","HBG1",72
"PPP1R16B","HELLS",73
"PPP1R16B","HJURP",74
"PPP1R16B","HMMR",75
"PPP1R16B","HSP90AB1",76
"PPP1R16B","IGH",77
"PPP1R16B","IGLC1",78
"PPP1R16B","IGLL1",79
"PPP1R16B","IL18R1",80
"PPP1R16B","IL18RAP",81
"PPP1R16B","IQGAP3",82
"PPP1R16B","ITGB2-AS1",83
"PPP1R16B","KIAA0101",84
"PPP1R16B","KIF11",85
"PPP1R16B","KIF14",86
"PPP1R16B","KIF15",87
"PPP1R16B","KIF18A",88
"PPP1R16B","KIF18B",89
"PPP1R16B","KIF20A",90
"PPP1R16B","KIF23",91
"PPP1R16B","KIF2C",92
"PPP1R16B","KIF4A",93
"PPP1R16B","KNL1",94
"PPP1R16B","LEF1",95
"PPP1R16B","LGALS3",96
"PPP1R16B","LILRA1",97
"PPP1R16B","LOC100130872",98
"PPP1R16B","LOC100505650",99
"PPP1R16B","LOC100996643",100
"PPP1R16B","LYZ",101
"PPP1R16B","MAD2L1",102
"PPP1R16B","MCM10",103
"PPP1R16B","MCM4",104
"PPP1R16B","MCM5",105
"PPP1R16B","MELK",106
"PPP1R16B","MIR6845",107
"PPP1R16B","MKI67",108
"PPP1R16B","MND1",109
"PPP1R16B","MPV17L",110
"PPP1R16B","MS4A7",111
"PPP1R16B","MTHFD2",112
"PPP1R16B","MYRIP",113
"PPP1R16B","NCAPG",114
"PPP1R16B","NCAPH",115
"PPP1R16B","NEAT1",116
"PPP1R16B","NEDD9",117
"PPP1R16B","NEK2",118
"PPP1R16B","NME1",119
"PPP1R16B","NUF2",120
"PPP1R16B","NUSAP1",121
"PPP1R16B","OIP5",122
"PPP1R16B","PAICS",123
"PPP1R16B","PBK",124
"PPP1R16B","PCNA",125
"PPP1R16B","PHF19",126
"PPP1R16B","PLK4",127
"PPP1R16B","POLE2",128
"PPP1R16B","POLQ",129
"PPP1R16B","PPP1R16B",130
"PPP1R16B","PRDM1",131
"PPP1R16B","PRPS2",132
"PPP1R16B","PRR11",133
"PPP1R16B","PSPH",134
"PPP1R16B","PTP4A1",135
"PPP1R16B","PTTG1",136
"PPP1R16B","RAB31",137
"PPP1R16B","RAD51",138
"PPP1R16B","RAD51AP1",139
"PPP1R16B","RBM14",140
"PPP1R16B","RCC1",141
"PPP1R16B","RFC3",142
"PPP1R16B","RMI2",143
"PPP1R16B","RNASET2",144
"PPP1R16B","RRM2",145
"PPP1R16B","S100A8",146
"PPP1R16B","SELENOI",147
"PPP1R16B","SEMA4D",148
"PPP1R16B","SERPINA1",149
"PPP1R16B","SHCBP1",150
"PPP1R16B","SKP2",151
"PPP1R16B","SMC2",152
"PPP1R16B","SNX29P2",153
"PPP1R16B","SUV39H2",154
"PPP1R16B","TCF19",155
"PPP1R16B","TIMELESS",156
"PPP1R16B","TIPIN",157
"PPP1R16B","TK1",158
"PPP1R16B","TMEM97",159
"PPP1R16B","TOP2A",160
"PPP1R16B","TPX2",161
"PPP1R16B","TRIP13",162
"PPP1R16B","TTK",163
"PPP1R16B","TYMS",164
"PPP1R16B","UBE2T",165
"PPP1R16B","WDHD1",166
"PPP1R16B","WDR76",167
"PPP1R16B","ZBTB16",168
"PPP1R16B","ZWINT",169
"PRDM1","ANLN",1
"PRDM1","ANP32E",2
"PRDM1","ASPM",3
"PRDM1","BRCA1",4
"PRDM1","BRIP1",5
"PRDM1","BUB1B",6
"PRDM1","BYSL",7
"PRDM1","C4orf46",8
"PRDM1","CCDC86",9
"PRDM1","CCNB1",10
"PRDM1","CCNB2",11
"PRDM1","CDC20",12
"PRDM1","CDC42EP3",13
"PRDM1","CDC45",14
"PRDM1","CDK1",15
"PRDM1","CDT1",16
"PRDM1","CENPA",17
"PRDM1","CENPF",18
"PRDM1","CENPK",19
"PRDM1","CENPN",20
"PRDM1","CENPW",21
"PRDM1","CEP55",22
"PRDM1","CHEK1",23
"PRDM1","CKAP2L",24
"PRDM1","CKS1B",25
"PRDM1","CRNDE",26
"PRDM1","DEPDC1B",27
"PRDM1","DHFR",28
"PRDM1","DHX9",29
"PRDM1","DLGAP5",30
"PRDM1","DTL",31
"PRDM1","E2F7",32
"PRDM1","E2F8",33
"PRDM1","ECT2",34
"PRDM1","EPPK1",35
"PRDM1","F13A1",36
"PRDM1","FABP5",37
"PRDM1","FANCI",38
"PRDM1","FCER1G",39
"PRDM1","FCGR3B",40
"PRDM1","FGL2",41
"PRDM1","FGR",42
"PRDM1","FH",43
"PRDM1","FOXM1",44
"PRDM1","GBP4",45
"PRDM1","GGH",46
"PRDM1","GIMAP4",47
"PRDM1","GIMAP7",48
"PRDM1","GINS2",49
"PRDM1","GVINP1",50
"PRDM1","HBB",51
"PRDM1","HBG1",52
"PRDM1","HELLS",53
"PRDM1","HIST4H4",54
"PRDM1","HMMR",55
"PRDM1","HSP90AB1",56
"PRDM1","ID2",57
"PRDM1","ID3",58
"PRDM1","IFNGR1",59
"PRDM1","IGH",60
"PRDM1","IL18R1",61
"PRDM1","IL27RA",62
"PRDM1","IQGAP3",63
"PRDM1","ITGAM",64
"PRDM1","ITGB2-AS1",65
"PRDM1","KIF11",66
"PRDM1","KIF14",67
"PRDM1","KIF15",68
"PRDM1","KIF18B",69
"PRDM1","KIF20A",70
"PRDM1","KIF2C",71
"PRDM1","KIF4A",72
"PRDM1","KNL1",73
"PRDM1","LEF1",74
"PRDM1","LGALS3",75
"PRDM1","LILRA1",76
"PRDM1","LOC100996643",77
"PRDM1","LY96",78
"PRDM1","LYZ",79
"PRDM1","MAD2L1",80
"PRDM1","MCM10",81
"PRDM1","MCM5",82
"PRDM1","MCM7",83
"PRDM1","MKI67",84
"PRDM1","MND1",85
"PRDM1","MNDA",86
"PRDM1","MTHFD2",87
"PRDM1","MTSS1",88
"PRDM1","NCAPG",89
"PRDM1","NEAT1",90
"PRDM1","NEDD9",91
"PRDM1","NEK2",92
"PRDM1","NME1",93
"PRDM1","NUF2",94
"PRDM1","NUSAP1",95
"PRDM1","PAICS",96
"PRDM1","PCNA",97
"PRDM1","PFKFB2",98
"PRDM1","PIK3IP1",99
"PRDM1","PLK4",100
"PRDM1","POLQ",101
"PRDM1","PPBP",102
"PRDM1","PPP1R16B",103
"PRDM1","PRDM1",104
"PRDM1","PRPS2",105
"PRDM1","PRR11",106
"PRDM1","PTP4A1",107
"PRDM1","PTTG1",108
"PRDM1","RAB31",109
"PRDM1","RAD51",110
"PRDM1","RAD51AP1",111
"PRDM1","RASSF4",112
"PRDM1","RBM14",113
"PRDM1","RCC1",114
"PRDM1","RFC3",115
"PRDM1","RMI2",116
"PRDM1","RRM2",117
"PRDM1","SELENOI",118
"PRDM1","SERPINA1",119
"PRDM1","SERPINB9",120
"PRDM1","SESN1",121
"PRDM1","SHCBP1",122
"PRDM1","SMC2",123
"PRDM1","SNORA21",124
"PRDM1","STAB1",125
"PRDM1","STIL",126
"PRDM1","TBXA2R",127
"PRDM1","TCF19",128
"PRDM1","TIMELESS",129
"PRDM1","TK1",130
"PRDM1","TMEM97",131
"PRDM1","TOP2A",132
"PRDM1","TTK",133
"PRDM1","TXNIP",134
"PRDM1","TYMS",135
"PRDM1","UBE2T",136
"PRDM1","WASF1",137
"PRDM1","WDHD1",138
"PRDM1","WDR76",139
"PRDM1","ZNF367",140
"PRDM1","ZWINT",141
"PRPS2","ANP32E",1
"PRPS2","APITD1-CORT",2
"PRPS2","ASF1B",3
"PRPS2","ATAD2",4
"PRPS2","AURKA",5
"PRPS2","BCAT1",6
"PRPS2","BIRC5",7
"PRPS2","BTG1",8
"PRPS2","BTNL9",9
"PRPS2","BUB1",10
"PRPS2","BYSL",11
"PRPS2","CCDC34",12
"PRPS2","CCDC86",13
"PRPS2","CCNA2",14
"PRPS2","CCNE2",15
"PRPS2","CCR1",16
"PRPS2","CD53",17
"PRPS2","CDC42EP3",18
"PRPS2","CDC6",19
"PRPS2","CDCA2",20
"PRPS2","CDCA3",21
"PRPS2","CDCA5",22
"PRPS2","CDKN3",23
"PRPS2","CENPE",24
"PRPS2","CENPK",25
"PRPS2","CENPU",26
"PRPS2","CENPV",27
"PRPS2","CEP55",28
"PRPS2","CKAP2",29
"PRPS2","DEPDC1",30
"PRPS2","DSCC1",31
"PRPS2","E2F7",32
"PRPS2","ECT2",33
"PRPS2","F13A1",34
"PRPS2","FAM72C",35
"PRPS2","FEN1",36
"PRPS2","FGD2",37
"PRPS2","FH",38
"PRPS2","FOXM1",39
"PRPS2","GBP4",40
"PRPS2","GIMAP4",41
"PRPS2","GINS1",42
"PRPS2","GSN",43
"PRPS2","HJURP",44
"PRPS2","IFNGR1",45
"PRPS2","IGH",46
"PRPS2","IGLC1",47
"PRPS2","IL18R1",48
"PRPS2","IL6ST",49
"PRPS2","IRAK3",50
"PRPS2","ISG20",51
"PRPS2","ITGAM",52
"PRPS2","KIAA0101",53
"PRPS2","KIF23",54
"PRPS2","LGALS3",55
"PRPS2","LILRA1",56
"PRPS2","LILRB2",57
"PRPS2","LOC100996643",58
"PRPS2","LOC285097",59
"PRPS2","MCM4",60
"PRPS2","MELK",61
"PRPS2","METTL7A",62
"PRPS2","MIR4683",63
"PRPS2","MIR6845",64
"PRPS2","MIR8071-1",65
"PRPS2","MKI67",66
"PRPS2","MNDA",67
"PRPS2","MS4A1",68
"PRPS2","MS4A4A",69
"PRPS2","MS4A7",70
"PRPS2","MTHFD2",71
"PRPS2","MTSS1",72
"PRPS2","NCAPH",73
"PRPS2","NEAT1",74
"PRPS2","NEDD9",75
"PRPS2","NME1",76
"PRPS2","NUSAP1",77
"PRPS2","PAICS",78
"PRPS2","PBK",79
"PRPS2","PDE4B",80
"PRPS2","PHF19",81
"PRPS2","POLE2",82
"PRPS2","PPBP",83
"PRPS2","PRDM1",84
"PRPS2","PRPS2",85
"PRPS2","PSPH",86
"PRPS2","RAB31",87
"PRPS2","RAD51AP1",88
"PRPS2","RASSF4",89
"PRPS2","RBMS3",90
"PRPS2","RCC1",91
"PRPS2","RNASET2",92
"PRPS2","RPS6KA2",93
"PRPS2","SCML4",94
"PRPS2","SERPINB9",95
"PRPS2","SKP2",96
"PRPS2","SMAP2",97
"PRPS2","SOS1",98
"PRPS2","SQLE",99
"PRPS2","STIL",100
"PRPS2","SUV39H2",101
"PRPS2","TIPIN",102
"PRPS2","TMEM2",103
"PRPS2","TPX2",104
"PRPS2","TRIB1",105
"PRPS2","TXNIP",106
"PRPS2","ZBTB16",107
"PRR11","ANLN",1
"PRR11","ANP32E",2
"PRR11","APITD1-CORT",3
"PRR11","ARPP21",4
"PRR11","ASF1B",5
"PRR11","ASPM",6
"PRR11","ATAD2",7
"PRR11","AURKA",8
"PRR11","AURKB",9
"PRR11","B3GNT2",10
"PRR11","BCAT1",11
"PRR11","BCL2L11",12
"PRR11","BIRC5",13
"PRR11","BMF",14
"PRR11","BRCA1",15
"PRR11","BRIP1",16
"PRR11","BTG1",17
"PRR11","BUB1",18
"PRR11","BUB1B",19
"PRR11","BYSL",20
"PRR11","C4orf46",21
"PRR11","CCDC34",22
"PRR11","CCDC86",23
"PRR11","CCNA2",24
"PRR11","CCNB1",25
"PRR11","CCNB2",26
"PRR11","CCNE2",27
"PRR11","CCNL1",28
"PRR11","CCR1",29
"PRR11","CD53",30
"PRR11","CDC20",31
"PRR11","CDC42EP3",32
"PRR11","CDC45",33
"PRR11","CDC6",34
"PRR11","CDCA2",35
"PRR11","CDCA3",36
"PRR11","CDCA5",37
"PRR11","CDK1",38
"PRR11","CDK6",39
"PRR11","CDKN3",40
"PRR11","CDT1",41
"PRR11","CELF2",42
"PRR11","CENPA",43
"PRR11","CENPE",44
"PRR11","CENPF",45
"PRR11","CENPH",46
"PRR11","CENPK",47
"PRR11","CENPN",48
"PRR11","CENPU",49
"PRR11","CENPV",50
"PRR11","CENPW",51
"PRR11","CEP55",52
"PRR11","CHEK1",53
"PRR11","CKAP2",54
"PRR11","CKAP2L",55
"PRR11","CKS1B",56
"PRR11","CLEC2B",57
"PRR11","CPM",58
"PRR11","CRNDE",59
"PRR11","DEFA1",60
"PRR11","DENND3",61
"PRR11","DEPDC1",62
"PRR11","DEPDC1B",63
"PRR11","DFNA5",64
"PRR11","DHFR",65
"PRR11","DHX9",66
"PRR11","DLGAP5",67
"PRR11","DPEP1",68
"PRR11","DSCC1",69
"PRR11","DTL",70
"PRR11","E2F7",71
"PRR11","E2F8",72
"PRR11","ECT2",73
"PRR11","EGR1",74
"PRR11","EMP1",75
"PRR11","FAM72C",76
"PRR11","FANCI",77
"PRR11","FCER1G",78
"PRR11","FCGR3B",79
"PRR11","FEN1",80
"PRR11","FGD2",81
"PRR11","FGR",82
"PRR11","FH",83
"PRR11","FOXM1",84
"PRR11","FUS",85
"PRR11","GBP4",86
"PRR11","GGH",87
"PRR11","GIMAP4",88
"PRR11","GIMAP7",89
"PRR11","GINS1",90
"PRR11","GINS2",91
"PRR11","GSN",92
"PRR11","HBB",93
"PRR11","HBG1",94
"PRR11","HELLS",95
"PRR11","HIST4H4",96
"PRR11","HJURP",97
"PRR11","HMMR",98
"PRR11","HRK",99
"PRR11","ID2",100
"PRR11","IFNGR1",101
"PRR11","IGH",102
"PRR11","IGLC1",103
"PRR11","IL1B",104
"PRR11","IL6ST",105
"PRR11","IQGAP3",106
"PRR11","IRAK3",107
"PRR11","ISG20",108
"PRR11","ITGAM",109
"PRR11","KIAA0101",110
"PRR11","KIF11",111
"PRR11","KIF14",112
"PRR11","KIF15",113
"PRR11","KIF18A",114
"PRR11","KIF18B",115
"PRR11","KIF20A",116
"PRR11","KIF23",117
"PRR11","KIF2C",118
"PRR11","KIF4A",119
"PRR11","KNL1",120
"PRR11","LILRB2",121
"PRR11","LOC100996643",122
"PRR11","LY96",123
"PRR11","LYZ",124
"PRR11","MAD2L1",125
"PRR11","MCM10",126
"PRR11","MCM4",127
"PRR11","MCM5",128
"PRR11","MCM7",129
"PRR11","MDK",130
"PRR11","MELK",131
"PRR11","METTL7A",132
"PRR11","MIR4683",133
"PRR11","MIR6845",134
"PRR11","MIR8071-1",135
"PRR11","MKI67",136
"PRR11","MND1",137
"PRR11","MS4A1",138
"PRR11","MS4A4A",139
"PRR11","MS4A7",140
"PRR11","MTHFD2",141
"PRR11","MTSS1",142
"PRR11","NCAPG",143
"PRR11","NCAPH",144
"PRR11","NEAT1",145
"PRR11","NEDD9",146
"PRR11","NEK2",147
"PRR11","NME1",148
"PRR11","NPCDR1",149
"PRR11","NUF2",150
"PRR11","NUSAP1",151
"PRR11","OIP5",152
"PRR11","P2RY14",153
"PRR11","PAICS",154
"PRR11","PBK",155
"PRR11","PCNA",156
"PRR11","PDE4B",157
"PRR11","PHF19",158
"PRR11","PIK3IP1",159
"PRR11","PLK4",160
"PRR11","POLE2",161
"PRR11","POLQ",162
"PRR11","POU4F1",163
"PRR11","PPIF",164
"PRR11","PPP1R16B",165
"PRR11","PRR11",166
"PRR11","PSPH",167
"PRR11","PTP4A1",168
"PRR11","PTTG1",169
"PRR11","RAD51",170
"PRR11","RAD51AP1",171
"PRR11","RBM14",172
"PRR11","RBMS3",173
"PRR11","RCC1",174
"PRR11","RFC3",175
"PRR11","RHOBTB3",176
"PRR11","RMI2",177
"PRR11","RNASET2",178
"PRR11","RRM2",179
"PRR11","S100A8",180
"PRR11","SCML4",181
"PRR11","SELENOI",182
"PRR11","SERPINA1",183
"PRR11","SERPINB9",184
"PRR11","SESN1",185
"PRR11","SHCBP1",186
"PRR11","SIK1",187
"PRR11","SKP2",188
"PRR11","SLC22A23",189
"PRR11","SMAP2",190
"PRR11","SMC2",191
"PRR11","SNORA21",192
"PRR11","SOS1",193
"PRR11","SQLE",194
"PRR11","STIL",195
"PRR11","SUV39H2",196
"PRR11","TARSL2",197
"PRR11","TBXA2R",198
"PRR11","TCF19",199
"PRR11","TIMELESS",200
"PRR11","TIPIN",201
"PRR11","TK1",202
"PRR11","TMEM97",203
"PRR11","TNFRSF21",204
"PRR11","TOP2A",205
"PRR11","TPX2",206
"PRR11","TRIP13",207
"PRR11","TTK",208
"PRR11","TXNIP",209
"PRR11","TYMS",210
"PRR11","UBE2C",211
"PRR11","UBE2T",212
"PRR11","WDHD1",213
"PRR11","WDR76",214
"PRR11","ZFP36L2",215
"PRR11","ZNF367",216
"PRR11","ZWINT",217
"PSPH","ANLN",1
"PSPH","ANP32E",2
"PSPH","APITD1-CORT",3
"PSPH","ASF1B",4
"PSPH","ASPM",5
"PSPH","ATAD2",6
"PSPH","AURKA",7
"PSPH","AURKB",8
"PSPH","BCAT1",9
"PSPH","BIRC5",10
"PSPH","BRCA1",11
"PSPH","BRIP1",12
"PSPH","BTG1",13
"PSPH","BUB1",14
"PSPH","BUB1B",15
"PSPH","BYSL",16
"PSPH","C4orf46",17
"PSPH","C5orf24",18
"PSPH","CCDC34",19
"PSPH","CCDC86",20
"PSPH","CCNA2",21
"PSPH","CCNB1",22
"PSPH","CCNB2",23
"PSPH","CCNE2",24
"PSPH","CD53",25
"PSPH","CDC20",26
"PSPH","CDC45",27
"PSPH","CDC6",28
"PSPH","CDCA2",29
"PSPH","CDCA3",30
"PSPH","CDCA5",31
"PSPH","CDK1",32
"PSPH","CDKN3",33
"PSPH","CDT1",34
"PSPH","CELF2",35
"PSPH","CENPA",36
"PSPH","CENPE",37
"PSPH","CENPF",38
"PSPH","CENPH",39
"PSPH","CENPK",40
"PSPH","CENPN",41
"PSPH","CENPU",42
"PSPH","CENPW",43
"PSPH","CEP55",44
"PSPH","CHEK1",45
"PSPH","CKAP2",46
"PSPH","CKAP2L",47
"PSPH","CKS1B",48
"PSPH","CRNDE",49
"PSPH","DEPDC1",50
"PSPH","DEPDC1B",51
"PSPH","DHFR",52
"PSPH","DHX9",53
"PSPH","DLGAP5",54
"PSPH","DSCC1",55
"PSPH","DTL",56
"PSPH","ECT2",57
"PSPH","FABP5",58
"PSPH","FAM72C",59
"PSPH","FANCI",60
"PSPH","FEN1",61
"PSPH","FGR",62
"PSPH","FH",63
"PSPH","FOXM1",64
"PSPH","GGH",65
"PSPH","GINS1",66
"PSPH","GINS2",67
"PSPH","GVINP1",68
"PSPH","HBB",69
"PSPH","HBG1",70
"PSPH","HELLS",71
"PSPH","HJURP",72
"PSPH","HMMR",73
"PSPH","HSP90AB1",74
"PSPH","ID2",75
"PSPH","IL18R1",76
"PSPH","IL18RAP",77
"PSPH","IQGAP3",78
"PSPH","ISG20",79
"PSPH","ITPKB",80
"PSPH","KIAA0101",81
"PSPH","KIF11",82
"PSPH","KIF14",83
"PSPH","KIF15",84
"PSPH","KIF18A",85
"PSPH","KIF18B",86
"PSPH","KIF20A",87
"PSPH","KIF23",88
"PSPH","KIF2C",89
"PSPH","KIF4A",90
"PSPH","LEF1",91
"PSPH","LGALS3",92
"PSPH","LILRA1",93
"PSPH","LOC100130872",94
"PSPH","LOC100996643",95
"PSPH","LYZ",96
"PSPH","MAD2L1",97
"PSPH","MCM10",98
"PSPH","MCM4",99
"PSPH","MCM5",100
"PSPH","MELK",101
"PSPH","MIR6845",102
"PSPH","MKI67",103
"PSPH","MND1",104
"PSPH","MNDA",105
"PSPH","MPV17L",106
"PSPH","MTHFD2",107
"PSPH","MYRIP",108
"PSPH","NCAPG",109
"PSPH","NCAPH",110
"PSPH","NEAT1",111
"PSPH","NEDD9",112
"PSPH","NEK2",113
"PSPH","NME1",114
"PSPH","NUF2",115
"PSPH","NUSAP1",116
"PSPH","OIP5",117
"PSPH","PAICS",118
"PSPH","PBK",119
"PSPH","PCNA",120
"PSPH","PHF19",121
"PSPH","PLK4",122
"PSPH","POLE2",123
"PSPH","POLQ",124
"PSPH","PPIF",125
"PSPH","PPP1R16B",126
"PSPH","PRDM1",127
"PSPH","PRR11",128
"PSPH","PSPH",129
"PSPH","PTP4A1",130
"PSPH","PTTG1",131
"PSPH","RAB31",132
"PSPH","RAD51",133
"PSPH","RAD51AP1",134
"PSPH","RBM14",135
"PSPH","RBMS3",136
"PSPH","RCC1",137
"PSPH","RFC3",138
"PSPH","RMI2",139
"PSPH","RRM2",140
"PSPH","S100A8",141
"PSPH","SELENOI",142
"PSPH","SESN1",143
"PSPH","SHCBP1",144
"PSPH","SKP2",145
"PSPH","SMAP2",146
"PSPH","SMC2",147
"PSPH","SNX29P2",148
"PSPH","STIL",149
"PSPH","SUV39H2",150
"PSPH","TCF19",151
"PSPH","TIMELESS",152
"PSPH","TIPIN",153
"PSPH","TK1",154
"PSPH","TMEM97",155
"PSPH","TOP2A",156
"PSPH","TPX2",157
"PSPH","TRIP13",158
"PSPH","TTK",159
"PSPH","TXNIP",160
"PSPH","TYMS",161
"PSPH","UBE2C",162
"PSPH","UBE2T",163
"PSPH","WDHD1",164
"PSPH","WDR76",165
"PSPH","ZNF367",166
"PSPH","ZWINT",167
"PTP4A1","ANLN",1
"PTP4A1","ANP32E",2
"PTP4A1","APITD1-CORT",3
"PTP4A1","ASF1B",4
"PTP4A1","ASPM",5
"PTP4A1","ATAD2",6
"PTP4A1","AURKA",7
"PTP4A1","AURKB",8
"PTP4A1","BCL10",9
"PTP4A1","BIRC3",10
"PTP4A1","BIRC5",11
"PTP4A1","BRCA1",12
"PTP4A1","BRIP1",13
"PTP4A1","BTG1",14
"PTP4A1","BUB1",15
"PTP4A1","BUB1B",16
"PTP4A1","BYSL",17
"PTP4A1","C4orf46",18
"PTP4A1","C5orf24",19
"PTP4A1","CCDC34",20
"PTP4A1","CCNA2",21
"PTP4A1","CCNB1",22
"PTP4A1","CCNB2",23
"PTP4A1","CCNE2",24
"PTP4A1","CDC20",25
"PTP4A1","CDC42EP3",26
"PTP4A1","CDC45",27
"PTP4A1","CDC6",28
"PTP4A1","CDCA2",29
"PTP4A1","CDCA3",30
"PTP4A1","CDCA5",31
"PTP4A1","CDK1",32
"PTP4A1","CDKN3",33
"PTP4A1","CDT1",34
"PTP4A1","CELF2",35
"PTP4A1","CENPA",36
"PTP4A1","CENPE",37
"PTP4A1","CENPF",38
"PTP4A1","CENPH",39
"PTP4A1","CENPN",40
"PTP4A1","CENPW",41
"PTP4A1","CEP55",42
"PTP4A1","CHEK1",43
"PTP4A1","CKAP2",44
"PTP4A1","CKAP2L",45
"PTP4A1","CKS1B",46
"PTP4A1","CRNDE",47
"PTP4A1","DEFA1",48
"PTP4A1","DEPDC1",49
"PTP4A1","DEPDC1B",50
"PTP4A1","DHFR",51
"PTP4A1","DHX9",52
"PTP4A1","DLGAP5",53
"PTP4A1","DSCC1",54
"PTP4A1","DTL",55
"PTP4A1","E2F7",56
"PTP4A1","E2F8",57
"PTP4A1","FABP5",58
"PTP4A1","FAM72C",59
"PTP4A1","FANCI",60
"PTP4A1","FCER1G",61
"PTP4A1","FCGR3B",62
"PTP4A1","FEN1",63
"PTP4A1","FGL2",64
"PTP4A1","FGR",65
"PTP4A1","FH",66
"PTP4A1","GGH",67
"PTP4A1","GIMAP7",68
"PTP4A1","GINS1",69
"PTP4A1","GINS2",70
"PTP4A1","GVINP1",71
"PTP4A1","HBB",72
"PTP4A1","HBG1",73
"PTP4A1","HELLS",74
"PTP4A1","HJURP",75
"PTP4A1","HMMR",76
"PTP4A1","HRK",77
"PTP4A1","HSP90AB1",78
"PTP4A1","ID3",79
"PTP4A1","IGH",80
"PTP4A1","IL18R1",81
"PTP4A1","IL18RAP",82
"PTP4A1","IQGAP3",83
"PTP4A1","ITGB2-AS1",84
"PTP4A1","KIAA0101",85
"PTP4A1","KIF11",86
"PTP4A1","KIF14",87
"PTP4A1","KIF15",88
"PTP4A1","KIF18A",89
"PTP4A1","KIF18B",90
"PTP4A1","KIF20A",91
"PTP4A1","KIF23",92
"PTP4A1","KIF2C",93
"PTP4A1","KIF4A",94
"PTP4A1","KNL1",95
"PTP4A1","LGALS3",96
"PTP4A1","LILRA1",97
"PTP4A1","LOC100130872",98
"PTP4A1","LOC100996643",99
"PTP4A1","LOC728175",100
"PTP4A1","LYZ",101
"PTP4A1","MAD2L1",102
"PTP4A1","MCM10",103
"PTP4A1","MCM4",104
"PTP4A1","MCM5",105
"PTP4A1","MELK",106
"PTP4A1","MIR6845",107
"PTP4A1","MKI67",108
"PTP4A1","MND1",109
"PTP4A1","MPV17L",110
"PTP4A1","MS4A7",111
"PTP4A1","MTHFD2",112
"PTP4A1","MYRIP",113
"PTP4A1","NCAPG",114
"PTP4A1","NCAPH",115
"PTP4A1","NEAT1",116
"PTP4A1","NEDD9",117
"PTP4A1","NEK2",118
"PTP4A1","NME1",119
"PTP4A1","NUF2",120
"PTP4A1","NUSAP1",121
"PTP4A1","OIP5",122
"PTP4A1","PAICS",123
"PTP4A1","PBK",124
"PTP4A1","PCNA",125
"PTP4A1","PHF19",126
"PTP4A1","PLK4",127
"PTP4A1","POLE2",128
"PTP4A1","POLQ",129
"PTP4A1","PPBP",130
"PTP4A1","PPIF",131
"PTP4A1","PPP1R16B",132
"PTP4A1","PRDM1",133
"PTP4A1","PRR11",134
"PTP4A1","PSPH",135
"PTP4A1","PTP4A1",136
"PTP4A1","PTTG1",137
"PTP4A1","RAB31",138
"PTP4A1","RAD51",139
"PTP4A1","RAD51AP1",140
"PTP4A1","RBM14",141
"PTP4A1","RCC1",142
"PTP4A1","RFC3",143
"PTP4A1","RMI2",144
"PTP4A1","RRM2",145
"PTP4A1","S100A8",146
"PTP4A1","SELENOI",147
"PTP4A1","SERPINA1",148
"PTP4A1","SHCBP1",149
"PTP4A1","SKP2",150
"PTP4A1","SMC2",151
"PTP4A1","SNX10",152
"PTP4A1","SNX29P2",153
"PTP4A1","SUV39H2",154
"PTP4A1","TCF19",155
"PTP4A1","TENM4",156
"PTP4A1","TIMELESS",157
"PTP4A1","TIPIN",158
"PTP4A1","TK1",159
"PTP4A1","TMEM97",160
"PTP4A1","TOP2A",161
"PTP4A1","TPX2",162
"PTP4A1","TRIP13",163
"PTP4A1","TTK",164
"PTP4A1","TYMS",165
"PTP4A1","UBE2C",166
"PTP4A1","UBE2T",167
"PTP4A1","WDHD1",168
"PTP4A1","WDR76",169
"PTP4A1","ZNF367",170
"PTP4A1","ZWINT",171
"PTTG1","ANLN",1
"PTTG1","ANP32E",2
"PTTG1","APITD1-CORT",3
"PTTG1","ARPP21",4
"PTTG1","ASF1B",5
"PTTG1","ASPM",6
"PTTG1","ATAD2",7
"PTTG1","AURKA",8
"PTTG1","AURKB",9
"PTTG1","BCAT1",10
"PTTG1","BCL2L11",11
"PTTG1","BIRC5",12
"PTTG1","BMF",13
"PTTG1","BRCA1",14
"PTTG1","BRIP1",15
"PTTG1","BTG1",16
"PTTG1","BUB1",17
"PTTG1","BUB1B",18
"PTTG1","BYSL",19
"PTTG1","C4orf46",20
"PTTG1","C5orf24",21
"PTTG1","CCDC34",22
"PTTG1","CCDC86",23
"PTTG1","CCNA2",24
"PTTG1","CCNB1",25
"PTTG1","CCNB2",26
"PTTG1","CCNE2",27
"PTTG1","CCR1",28
"PTTG1","CD53",29
"PTTG1","CDC20",30
"PTTG1","CDC42EP3",31
"PTTG1","CDC45",32
"PTTG1","CDC6",33
"PTTG1","CDCA2",34
"PTTG1","CDCA3",35
"PTTG1","CDCA5",36
"PTTG1","CDK1",37
"PTTG1","CDKN3",38
"PTTG1","CDT1",39
"PTTG1","CELF2",40
"PTTG1","CENPA",41
"PTTG1","CENPE",42
"PTTG1","CENPF",43
"PTTG1","CENPH",44
"PTTG1","CENPK",45
"PTTG1","CENPN",46
"PTTG1","CENPU",47
"PTTG1","CENPV",48
"PTTG1","CENPW",49
"PTTG1","CEP55",50
"PTTG1","CHEK1",51
"PTTG1","CKAP2",52
"PTTG1","CKAP2L",53
"PTTG1","CKS1B",54
"PTTG1","CLEC2B",55
"PTTG1","CRNDE",56
"PTTG1","DEFA1",57
"PTTG1","DENND3",58
"PTTG1","DEPDC1",59
"PTTG1","DEPDC1B",60
"PTTG1","DFNA5",61
"PTTG1","DHFR",62
"PTTG1","DLGAP5",63
"PTTG1","DPEP1",64
"PTTG1","DSCC1",65
"PTTG1","DTL",66
"PTTG1","E2F7",67
"PTTG1","E2F8",68
"PTTG1","ECT2",69
"PTTG1","ELL2",70
"PTTG1","FABP5",71
"PTTG1","FAM72C",72
"PTTG1","FANCI",73
"PTTG1","FEN1",74
"PTTG1","FGR",75
"PTTG1","FH",76
"PTTG1","FOXM1",77
"PTTG1","FUS",78
"PTTG1","GBP4",79
"PTTG1","GGH",80
"PTTG1","GIMAP4",81
"PTTG1","GIMAP7",82
"PTTG1","GINS1",83
"PTTG1","GINS2",84
"PTTG1","GVINP1",85
"PTTG1","HBB",86
"PTTG1","HBG1",87
"PTTG1","HELLS",88
"PTTG1","HIST4H4",89
"PTTG1","HJURP",90
"PTTG1","HMMR",91
"PTTG1","HRK",92
"PTTG1","HSP90AB1",93
"PTTG1","ID2",94
"PTTG1","IFNGR1",95
"PTTG1","IGH",96
"PTTG1","IGLC1",97
"PTTG1","IL18R1",98
"PTTG1","IQGAP3",99
"PTTG1","IRAK3",100
"PTTG1","ISG20",101
"PTTG1","ITGAM",102
"PTTG1","KIAA0101",103
"PTTG1","KIF11",104
"PTTG1","KIF14",105
"PTTG1","KIF15",106
"PTTG1","KIF18A",107
"PTTG1","KIF18B",108
"PTTG1","KIF20A",109
"PTTG1","KIF23",110
"PTTG1","KIF2C",111
"PTTG1","KIF4A",112
"PTTG1","KNL1",113
"PTTG1","LILRB2",114
"PTTG1","LOC100996643",115
"PTTG1","LOC285097",116
"PTTG1","LOC728175",117
"PTTG1","LYZ",118
"PTTG1","MAD2L1",119
"PTTG1","MCM10",120
"PTTG1","MCM4",121
"PTTG1","MCM5",122
"PTTG1","MCM7",123
"PTTG1","MELK",124
"PTTG1","MIR6845",125
"PTTG1","MIR8071-1",126
"PTTG1","MKI67",127
"PTTG1","MND1",128
"PTTG1","MPV17L",129
"PTTG1","MS4A1",130
"PTTG1","MS4A4A",131
"PTTG1","MTHFD2",132
"PTTG1","MTSS1",133
"PTTG1","NCAPG",134
"PTTG1","NCAPH",135
"PTTG1","NEAT1",136
"PTTG1","NEDD9",137
"PTTG1","NEK2",138
"PTTG1","NME1",139
"PTTG1","NPCDR1",140
"PTTG1","NUF2",141
"PTTG1","NUSAP1",142
"PTTG1","OIP5",143
"PTTG1","PAICS",144
"PTTG1","PBK",145
"PTTG1","PCNA",146
"PTTG1","PDE4B",147
"PTTG1","PHF19",148
"PTTG1","PIK3IP1",149
"PTTG1","PLK4",150
"PTTG1","POLE2",151
"PTTG1","POLQ",152
"PTTG1","POU4F1",153
"PTTG1","PPIF",154
"PTTG1","PPP1R16B",155
"PTTG1","PRR11",156
"PTTG1","PSPH",157
"PTTG1","PTP4A1",158
"PTTG1","PTTG1",159
"PTTG1","RAD51",160
"PTTG1","RAD51AP1",161
"PTTG1","RBM14",162
"PTTG1","RCC1",163
"PTTG1","RFC3",164
"PTTG1","RHOBTB3",165
"PTTG1","RNASET2",166
"PTTG1","RPS6KA2",167
"PTTG1","RRM2",168
"PTTG1","S100A8",169
"PTTG1","SELENOI",170
"PTTG1","SERPINA1",171
"PTTG1","SERPINB9",172
"PTTG1","SHCBP1",173
"PTTG1","SKP2",174
"PTTG1","SLC22A23",175
"PTTG1","SMAP2",176
"PTTG1","SMC2",177
"PTTG1","SNORA21",178
"PTTG1","SOS1",179
"PTTG1","SQLE",180
"PTTG1","STIL",181
"PTTG1","SUV39H2",182
"PTTG1","TARSL2",183
"PTTG1","TCF19",184
"PTTG1","TIMELESS",185
"PTTG1","TIPIN",186
"PTTG1","TK1",187
"PTTG1","TMEM2",188
"PTTG1","TMEM97",189
"PTTG1","TOP2A",190
"PTTG1","TPX2",191
"PTTG1","TRIP13",192
"PTTG1","TTK",193
"PTTG1","TXNIP",194
"PTTG1","TYMS",195
"PTTG1","UBE2C",196
"PTTG1","UBE2T",197
"PTTG1","WDHD1",198
"PTTG1","WDR76",199
"PTTG1","ZNF367",200
"PTTG1","ZWINT",201
"RAB31","ABHD17B",1
"RAB31","ANLN",2
"RAB31","ANP32E",3
"RAB31","BCAT1",4
"RAB31","BIRC3",5
"RAB31","BRCA1",6
"RAB31","BRIP1",7
"RAB31","BUB1B",8
"RAB31","BYSL",9
"RAB31","C4orf46",10
"RAB31","C5orf24",11
"RAB31","CCDC86",12
"RAB31","CCR1",13
"RAB31","CD53",14
"RAB31","CDC20",15
"RAB31","CDC42EP3",16
"RAB31","CELF2",17
"RAB31","CENPK",18
"RAB31","CENPN",19
"RAB31","CENPV",20
"RAB31","CEP55",21
"RAB31","CHEK1",22
"RAB31","CRNDE",23
"RAB31","DHX9",24
"RAB31","DTL",25
"RAB31","E2F7",26
"RAB31","E2F8",27
"RAB31","ECT2",28
"RAB31","FABP5",29
"RAB31","FANCI",30
"RAB31","FGL2",31
"RAB31","FGR",32
"RAB31","FH",33
"RAB31","GGH",34
"RAB31","GINS2",35
"RAB31","GVINP1",36
"RAB31","HBG1",37
"RAB31","HELLS",38
"RAB31","HSP90AB1",39
"RAB31","IFNGR1",40
"RAB31","IGH",41
"RAB31","IGLC1",42
"RAB31","IL18RAP",43
"RAB31","IRAK3",44
"RAB31","ITGAM",45
"RAB31","KIF11",46
"RAB31","KIF15",47
"RAB31","KIF4A",48
"RAB31","KLF9",49
"RAB31","LEF1",50
"RAB31","LGALS3",51
"RAB31","LILRA1",52
"RAB31","LILRB2",53
"RAB31","LOC100130872",54
"RAB31","LOC100996643",55
"RAB31","LYZ",56
"RAB31","MCM10",57
"RAB31","MIR6845",58
"RAB31","MIR8071-1",59
"RAB31","MKI67",60
"RAB31","MNDA",61
"RAB31","MPV17L",62
"RAB31","MTHFD2",63
"RAB31","MTSS1",64
"RAB31","NEAT1",65
"RAB31","NEDD9",66
"RAB31","NME1",67
"RAB31","NUSAP1",68
"RAB31","PAICS",69
"RAB31","PDE4B",70
"RAB31","PLK4",71
"RAB31","PPBP",72
"RAB31","PPP1R16B",73
"RAB31","PRDM1",74
"RAB31","PRPS2",75
"RAB31","PRR11",76
"RAB31","PSPH",77
"RAB31","RAB31",78
"RAB31","RCC1",79
"RAB31","RFC3",80
"RAB31","RMI2",81
"RAB31","RNASET2",82
"RAB31","RPS6KA2",83
"RAB31","S100A8",84
"RAB31","SELENOI",85
"RAB31","SEMA4D",86
"RAB31","SERPINB9",87
"RAB31","SMAP2",88
"RAB31","SMC2",89
"RAB31","SNORA21",90
"RAB31","STAB1",91
"RAB31","TMEM2",92
"RAB31","TTK",93
"RAB31","TYMS",94
"RAB31","WASF1",95
"RAB31","WDR76",96
"RAB31","ZBTB16",97
"RAB31","ZWINT",98
"RAD51","ANLN",1
"RAD51","ANP32E",2
"RAD51","APITD1-CORT",3
"RAD51","ASF1B",4
"RAD51","ASPM",5
"RAD51","ATAD2",6
"RAD51","AURKA",7
"RAD51","AURKB",8
"RAD51","BCAT1",9
"RAD51","BCL2L11",10
"RAD51","BIRC5",11
"RAD51","BMF",12
"RAD51","BRCA1",13
"RAD51","BRIP1",14
"RAD51","BTG1",15
"RAD51","BUB1",16
"RAD51","BUB1B",17
"RAD51","BYSL",18
"RAD51","C4orf46",19
"RAD51","CCDC34",20
"RAD51","CCDC86",21
"RAD51","CCNA2",22
"RAD51","CCNB1",23
"RAD51","CCNB2",24
"RAD51","CCNE2",25
"RAD51","CD53",26
"RAD51","CDC20",27
"RAD51","CDC42EP3",28
"RAD51","CDC45",29
"RAD51","CDC6",30
"RAD51","CDCA2",31
"RAD51","CDCA3",32
"RAD51","CDCA5",33
"RAD51","CDK1",34
"RAD51","CDKN3",35
"RAD51","CDT1",36
"RAD51","CELF2",37
"RAD51","CENPA",38
"RAD51","CENPE",39
"RAD51","CENPF",40
"RAD51","CENPH",41
"RAD51","CENPK",42
"RAD51","CENPN",43
"RAD51","CENPU",44
"RAD51","CENPV",45
"RAD51","CENPW",46
"RAD51","CEP55",47
"RAD51","CHEK1",48
"RAD51","CKAP2",49
"RAD51","CKAP2L",50
"RAD51","CKS1B",51
"RAD51","CLEC2B",52
"RAD51","CRNDE",53
"RAD51","DEFA1",54
"RAD51","DENND3",55
"RAD51","DEPDC1",56
"RAD51","DEPDC1B",57
"RAD51","DFNA5",58
"RAD51","DHFR",59
"RAD51","DHX9",60
"RAD51","DLGAP5",61
"RAD51","DPEP1",62
"RAD51","DSCC1",63
"RAD51","DTL",64
"RAD51","E2F7",65
"RAD51","E2F8",66
"RAD51","ECT2",67
"RAD51","F13A1",68
"RAD51","FABP5",69
"RAD51","FAM72C",70
"RAD51","FANCI",71
"RAD51","FCER1G",72
"RAD51","FCGR3B",73
"RAD51","FEN1",74
"RAD51","FGR",75
"RAD51","FH",76
"RAD51","FOXM1",77
"RAD51","FUS",78
"RAD51","GBP4",79
"RAD51","GGH",80
"RAD51","GIMAP4",81
"RAD51","GIMAP7",82
"RAD51","GINS1",83
"RAD51","GINS2",84
"RAD51","GVINP1",85
"RAD51","HBB",86
"RAD51","HBG1",87
"RAD51","HELLS",88
"RAD51","HIST4H4",89
"RAD51","HJURP",90
"RAD51","HMMR",91
"RAD51","HSP90AB1",92
"RAD51","ID2",93
"RAD51","IFNGR1",94
"RAD51","IQGAP3",95
"RAD51","IRAK3",96
"RAD51","ISG20",97
"RAD51","KIAA0101",98
"RAD51","KIF11",99
"RAD51","KIF14",100
"RAD51","KIF15",101
"RAD51","KIF18A",102
"RAD51","KIF18B",103
"RAD51","KIF20A",104
"RAD51","KIF23",105
"RAD51","KIF2C",106
"RAD51","KIF4A",107
"RAD51","KLF9",108
"RAD51","KNL1",109
"RAD51","LILRB2",110
"RAD51","LOC100996643",111
"RAD51","LYZ",112
"RAD51","MAD2L1",113
"RAD51","MCM10",114
"RAD51","MCM4",115
"RAD51","MCM5",116
"RAD51","MCM7",117
"RAD51","MDK",118
"RAD51","MELK",119
"RAD51","METTL7A",120
"RAD51","MIR6845",121
"RAD51","MIR8071-1",122
"RAD51","MKI67",123
"RAD51","MND1",124
"RAD51","MS4A1",125
"RAD51","MTHFD2",126
"RAD51","MTSS1",127
"RAD51","NCAPG",128
"RAD51","NCAPH",129
"RAD51","NEAT1",130
"RAD51","NEDD9",131
"RAD51","NEK2",132
"RAD51","NME1",133
"RAD51","NPCDR1",134
"RAD51","NUF2",135
"RAD51","NUSAP1",136
"RAD51","OIP5",137
"RAD51","P2RY14",138
"RAD51","PAICS",139
"RAD51","PBK",140
"RAD51","PCNA",141
"RAD51","PDE4B",142
"RAD51","PHF19",143
"RAD51","PIK3IP1",144
"RAD51","PLK4",145
"RAD51","POLE2",146
"RAD51","POLQ",147
"RAD51","PPBP",148
"RAD51","PPIF",149
"RAD51","PPP1R16B",150
"RAD51","PRDM1",151
"RAD51","PRR11",152
"RAD51","PTP4A1",153
"RAD51","PTTG1",154
"RAD51","RAD51",155
"RAD51","RAD51AP1",156
"RAD51","RBM14",157
"RAD51","RFC3",158
"RAD51","RMI2",159
"RAD51","RNASET2",160
"RAD51","RRM2",161
"RAD51","S100A8",162
"RAD51","SCML4",163
"RAD51","SELENOI",164
"RAD51","SERPINB9",165
"RAD51","SESN1",166
"RAD51","SHCBP1",167
"RAD51","SIK1",168
"RAD51","SKP2",169
"RAD51","SMAP2",170
"RAD51","SMC2",171
"RAD51","SNORA21",172
"RAD51","SOS1",173
"RAD51","SQLE",174
"RAD51","STIL",175
"RAD51","SUV39H2",176
"RAD51","TARSL2",177
"RAD51","TBXA2R",178
"RAD51","TCF19",179
"RAD51","TENM4",180
"RAD51","TIMELESS",181
"RAD51","TIPIN",182
"RAD51","TK1",183
"RAD51","TMEM97",184
"RAD51","TNFRSF21",185
"RAD51","TOP2A",186
"RAD51","TPX2",187
"RAD51","TRIP13",188
"RAD51","TTK",189
"RAD51","TXNIP",190
"RAD51","TYMS",191
"RAD51","UBE2C",192
"RAD51","UBE2T",193
"RAD51","WDHD1",194
"RAD51","WDR76",195
"RAD51","ZNF367",196
"RAD51","ZWINT",197
"RAD51AP1","ANLN",1
"RAD51AP1","ANP32E",2
"RAD51AP1","APITD1-CORT",3
"RAD51AP1","ASF1B",4
"RAD51AP1","ASPM",5
"RAD51AP1","ATAD2",6
"RAD51AP1","AURKA",7
"RAD51AP1","AURKB",8
"RAD51AP1","BCAT1",9
"RAD51AP1","BCL2L11",10
"RAD51AP1","BIRC5",11
"RAD51AP1","BMF",12
"RAD51AP1","BRCA1",13
"RAD51AP1","BRIP1",14
"RAD51AP1","BTG1",15
"RAD51AP1","BUB1",16
"RAD51AP1","BUB1B",17
"RAD51AP1","BYSL",18
"RAD51AP1","C4orf46",19
"RAD51AP1","CCDC34",20
"RAD51AP1","CCDC86",21
"RAD51AP1","CCNA2",22
"RAD51AP1","CCNB1",23
"RAD51AP1","CCNB2",24
"RAD51AP1","CCNE2",25
"RAD51AP1","CCR1",26
"RAD51AP1","CD53",27
"RAD51AP1","CDC20",28
"RAD51AP1","CDC42EP3",29
"RAD51AP1","CDC45",30
"RAD51AP1","CDC6",31
"RAD51AP1","CDCA2",32
"RAD51AP1","CDCA3",33
"RAD51AP1","CDCA5",34
"RAD51AP1","CDK1",35
"RAD51AP1","CDKN3",36
"RAD51AP1","CDT1",37
"RAD51AP1","CELF2",38
"RAD51AP1","CENPA",39
"RAD51AP1","CENPE",40
"RAD51AP1","CENPF",41
"RAD51AP1","CENPH",42
"RAD51AP1","CENPK",43
"RAD51AP1","CENPN",44
"RAD51AP1","CENPU",45
"RAD51AP1","CENPV",46
"RAD51AP1","CENPW",47
"RAD51AP1","CEP55",48
"RAD51AP1","CHEK1",49
"RAD51AP1","CKAP2",50
"RAD51AP1","CKAP2L",51
"RAD51AP1","CKS1B",52
"RAD51AP1","CRNDE",53
"RAD51AP1","DEPDC1",54
"RAD51AP1","DEPDC1B",55
"RAD51AP1","DHFR",56
"RAD51AP1","DHX9",57
"RAD51AP1","DLGAP5",58
"RAD51AP1","DPEP1",59
"RAD51AP1","DSCC1",60
"RAD51AP1","DTL",61
"RAD51AP1","E2F7",62
"RAD51AP1","E2F8",63
"RAD51AP1","ECT2",64
"RAD51AP1","FABP5",65
"RAD51AP1","FAM72C",66
"RAD51AP1","FANCI",67
"RAD51AP1","FCGR3B",68
"RAD51AP1","FEN1",69
"RAD51AP1","FGD2",70
"RAD51AP1","FGL2",71
"RAD51AP1","FGR",72
"RAD51AP1","FH",73
"RAD51AP1","FOXM1",74
"RAD51AP1","GBP4",75
"RAD51AP1","GGH",76
"RAD51AP1","GIMAP4",77
"RAD51AP1","GIMAP7",78
"RAD51AP1","GINS1",79
"RAD51AP1","GINS2",80
"RAD51AP1","GSN",81
"RAD51AP1","GVINP1",82
"RAD51AP1","HBG1",83
"RAD51AP1","HELLS",84
"RAD51AP1","HIST4H4",85
"RAD51AP1","HJURP",86
"RAD51AP1","HMMR",87
"RAD51AP1","ID2",88
"RAD51AP1","IFNGR1",89
"RAD51AP1","IL6ST",90
"RAD51AP1","IQGAP3",91
"RAD51AP1","IRAK3",92
"RAD51AP1","ISG20",93
"RAD51AP1","ITGAM",94
"RAD51AP1","ITPKB",95
"RAD51AP1","KIAA0101",96
"RAD51AP1","KIF11",97
"RAD51AP1","KIF14",98
"RAD51AP1","KIF15",99
"RAD51AP1","KIF18A",100
"RAD51AP1","KIF18B",101
"RAD51AP1","KIF20A",102
"RAD51AP1","KIF23",103
"RAD51AP1","KIF2C",104
"RAD51AP1","KIF4A",105
"RAD51AP1","KNL1",106
"RAD51AP1","LGALS3",107
"RAD51AP1","LILRB2",108
"RAD51AP1","LOC100996643",109
"RAD51AP1","LY96",110
"RAD51AP1","LYZ",111
"RAD51AP1","MAD2L1",112
"RAD51AP1","MCM10",113
"RAD51AP1","MCM4",114
"RAD51AP1","MCM5",115
"RAD51AP1","MCM7",116
"RAD51AP1","MELK",117
"RAD51AP1","MIR4683",118
"RAD51AP1","MIR6845",119
"RAD51AP1","MIR8071-1",120
"RAD51AP1","MKI67",121
"RAD51AP1","MND1",122
"RAD51AP1","MNDA",123
"RAD51AP1","MS4A1",124
"RAD51AP1","MS4A4A",125
"RAD51AP1","MTHFD2",126
"RAD51AP1","MTSS1",127
"RAD51AP1","NCAPG",128
"RAD51AP1","NCAPH",129
"RAD51AP1","NEAT1",130
"RAD51AP1","NEK2",131
"RAD51AP1","NME1",132
"RAD51AP1","NPCDR1",133
"RAD51AP1","NUF2",134
"RAD51AP1","NUSAP1",135
"RAD51AP1","OIP5",136
"RAD51AP1","P2RY14",137
"RAD51AP1","PAICS",138
"RAD51AP1","PBK",139
"RAD51AP1","PCNA",140
"RAD51AP1","PDE4B",141
"RAD51AP1","PHF19",142
"RAD51AP1","PIK3IP1",143
"RAD51AP1","PLK4",144
"RAD51AP1","POLE2",145
"RAD51AP1","POLQ",146
"RAD51AP1","PPBP",147
"RAD51AP1","PPIF",148
"RAD51AP1","PRDM1",149
"RAD51AP1","PRR11",150
"RAD51AP1","PTP4A1",151
"RAD51AP1","PTTG1",152
"RAD51AP1","RAD51",153
"RAD51AP1","RAD51AP1",154
"RAD51AP1","RBM14",155
"RAD51AP1","RCC1",156
"RAD51AP1","RFC3",157
"RAD51AP1","RMI2",158
"RAD51AP1","RNASET2",159
"RAD51AP1","RRM2",160
"RAD51AP1","S100A8",161
"RAD51AP1","SELENOI",162
"RAD51AP1","SERPINA1",163
"RAD51AP1","SERPINB9",164
"RAD51AP1","SESN1",165
"RAD51AP1","SHCBP1",166
"RAD51AP1","SKP2",167
"RAD51AP1","SMAP2",168
"RAD51AP1","SMC2",169
"RAD51AP1","SNORA21",170
"RAD51AP1","SOS1",171
"RAD51AP1","SQLE",172
"RAD51AP1","STIL",173
"RAD51AP1","SUV39H2",174
"RAD51AP1","TARSL2",175
"RAD51AP1","TBXA2R",176
"RAD51AP1","TCF19",177
"RAD51AP1","TIMELESS",178
"RAD51AP1","TIPIN",179
"RAD51AP1","TK1",180
"RAD51AP1","TMEM97",181
"RAD51AP1","TOP2A",182
"RAD51AP1","TPX2",183
"RAD51AP1","TRIP13",184
"RAD51AP1","TTK",185
"RAD51AP1","TXNIP",186
"RAD51AP1","TYMS",187
"RAD51AP1","UBE2C",188
"RAD51AP1","UBE2T",189
"RAD51AP1","WDHD1",190
"RAD51AP1","WDR76",191
"RAD51AP1","ZBTB16",192
"RAD51AP1","ZFP36L2",193
"RAD51AP1","ZNF367",194
"RAD51AP1","ZWINT",195
"RAG1","ABHD17B",1
"RAG1","AKAP12",2
"RAG1","ARPP21",3
"RAG1","BCL2L11",4
"RAG1","BRCA1",5
"RAG1","BTNL9",6
"RAG1","BYSL",7
"RAG1","C5orf24",8
"RAG1","DHX9",9
"RAG1","EMP1",10
"RAG1","FABP5",11
"RAG1","FGD2",12
"RAG1","FGL2",13
"RAG1","FGR",14
"RAG1","HBG1",15
"RAG1","HSP90AB1",16
"RAG1","ID3",17
"RAG1","IGLL1",18
"RAG1","IL18RAP",19
"RAG1","IL1B",20
"RAG1","ITGB2-AS1",21
"RAG1","ITPKB",22
"RAG1","KCNK12",23
"RAG1","KIF26A",24
"RAG1","LGALS3",25
"RAG1","LILRA1",26
"RAG1","LOC100130872",27
"RAG1","LOC100996643",28
"RAG1","LOC285097",29
"RAG1","MDM2",30
"RAG1","MIR4683",31
"RAG1","MNDA",32
"RAG1","MYRIP",33
"RAG1","PAICS",34
"RAG1","PPP1R16B",35
"RAG1","PSPH",36
"RAG1","PTP4A1",37
"RAG1","RAB31",38
"RAG1","RAG1",39
"RAG1","RAG2",40
"RAG1","RBMS3",41
"RAG1","SEMA4D",42
"RAG1","SMIM3",43
"RAG1","SNTB2",44
"RAG1","SNX10",45
"RAG1","TNFRSF21",46
"RAG1","TNFSF8",47
"RAG1","WASF1",48
"RAG1","WFS1",49
"RAG2","AKAP12",1
"RAG2","BCAT1",2
"RAG2","C5orf24",3
"RAG2","CCR1",4
"RAG2","CELF2",5
"RAG2","FUS",6
"RAG2","IGLL1",7
"RAG2","IL27RA",8
"RAG2","ITGB2-AS1",9
"RAG2","LOC100130872",10
"RAG2","LY96",11
"RAG2","MPV17L",12
"RAG2","PSPH",13
"RAG2","RAG1",14
"RAG2","RAG2",15
"RAG2","SEMA4D",16
"RAG2","SLA",17
"RAG2","SNX29P2",18
"RAG2","TNFSF8",19
"RAG2","ZBTB16",20
"RASSF4","BCL10",1
"RASSF4","BRIP1",2
"RASSF4","CDT1",3
"RASSF4","CENPU",4
"RASSF4","CHEK1",5
"RASSF4","CLEC2B",6
"RASSF4","CRNDE",7
"RASSF4","ECT2",8
"RASSF4","ELL2",9
"RASSF4","F13A1",10
"RASSF4","FANCI",11
"RASSF4","GBP4",12
"RASSF4","HRK",13
"RASSF4","ID2",14
"RASSF4","IFNGR1",15
"RASSF4","IRAK3",16
"RASSF4","ISG20",17
"RASSF4","LGALS3",18
"RASSF4","LILRB2",19
"RASSF4","MIR8071-1",20
"RASSF4","MNDA",21
"RASSF4","MS4A1",22
"RASSF4","MTSS1",23
"RASSF4","NME1",24
"RASSF4","PDE4B",25
"RASSF4","POU4F1",26
"RASSF4","PRPS2",27
"RASSF4","PTTG1",28
"RASSF4","RASSF4",29
"RASSF4","SERPINB9",30
"RASSF4","SMAP2",31
"RASSF4","SQLE",32
"RASSF4","TARSL2",33
"RASSF4","TBXA2R",34
"RASSF4","TMEM2",35
"RASSF4","TNFRSF21",36
"RASSF4","TTK",37
"RBM14","ANLN",1
"RBM14","ANP32E",2
"RBM14","APITD1-CORT",3
"RBM14","ASF1B",4
"RBM14","ASPM",5
"RBM14","ATAD2",6
"RBM14","AURKA",7
"RBM14","AURKB",8
"RBM14","BCL2L11",9
"RBM14","BIRC5",10
"RBM14","BRIP1",11
"RBM14","BTG1",12
"RBM14","BUB1",13
"RBM14","BUB1B",14
"RBM14","C4orf46",15
"RBM14","CCDC34",16
"RBM14","CCDC86",17
"RBM14","CCNA2",18
"RBM14","CCNB1",19
"RBM14","CCNB2",20
"RBM14","CCNE2",21
"RBM14","CD53",22
"RBM14","CDC20",23
"RBM14","CDC42EP3",24
"RBM14","CDC45",25
"RBM14","CDC6",26
"RBM14","CDCA2",27
"RBM14","CDCA3",28
"RBM14","CDCA5",29
"RBM14","CDK1",30
"RBM14","CDKN3",31
"RBM14","CDT1",32
"RBM14","CELF2",33
"RBM14","CENPA",34
"RBM14","CENPE",35
"RBM14","CENPF",36
"RBM14","CENPH",37
"RBM14","CENPN",38
"RBM14","CENPU",39
"RBM14","CENPV",40
"RBM14","CENPW",41
"RBM14","CEP55",42
"RBM14","CHEK1",43
"RBM14","CKAP2",44
"RBM14","CKAP2L",45
"RBM14","CKS1B",46
"RBM14","CRNDE",47
"RBM14","DEFA1",48
"RBM14","DEPDC1",49
"RBM14","DEPDC1B",50
"RBM14","DFNA5",51
"RBM14","DHFR",52
"RBM14","DHX9",53
"RBM14","DLGAP5",54
"RBM14","DSCC1",55
"RBM14","DTL",56
"RBM14","E2F7",57
"RBM14","E2F8",58
"RBM14","ECT2",59
"RBM14","FABP5",60
"RBM14","FAM72C",61
"RBM14","FANCI",62
"RBM14","FCER1G",63
"RBM14","FCGR3B",64
"RBM14","FEN1",65
"RBM14","FGR",66
"RBM14","FH",67
"RBM14","FOXM1",68
"RBM14","GBP4",69
"RBM14","GGH",70
"RBM14","GIMAP4",71
"RBM14","GIMAP7",72
"RBM14","GINS1",73
"RBM14","GINS2",74
"RBM14","HBB",75
"RBM14","HBG1",76
"RBM14","HELLS",77
"RBM14","HJURP",78
"RBM14","HMMR",79
"RBM14","HSP90AB1",80
"RBM14","ID2",81
"RBM14","IQGAP3",82
"RBM14","KIAA0101",83
"RBM14","KIF11",84
"RBM14","KIF14",85
"RBM14","KIF15",86
"RBM14","KIF18A",87
"RBM14","KIF18B",88
"RBM14","KIF20A",89
"RBM14","KIF23",90
"RBM14","KIF2C",91
"RBM14","KIF4A",92
"RBM14","KNL1",93
"RBM14","LGALS3",94
"RBM14","LILRB2",95
"RBM14","LYZ",96
"RBM14","MAD2L1",97
"RBM14","MCM10",98
"RBM14","MCM4",99
"RBM14","MCM5",100
"RBM14","MDK",101
"RBM14","MELK",102
"RBM14","MKI67",103
"RBM14","MND1",104
"RBM14","MTHFD2",105
"RBM14","NCAPG",106
"RBM14","NCAPH",107
"RBM14","NEAT1",108
"RBM14","NEDD9",109
"RBM14","NEK2",110
"RBM14","NME1",111
"RBM14","NUF2",112
"RBM14","NUSAP1",113
"RBM14","OIP5",114
"RBM14","PAICS",115
"RBM14","PBK",116
"RBM14","PHF19",117
"RBM14","PLK4",118
"RBM14","POLE2",119
"RBM14","POLQ",120
"RBM14","PPIF",121
"RBM14","PPP1R16B",122
"RBM14","PRR11",123
"RBM14","PTP4A1",124
"RBM14","PTTG1",125
"RBM14","RAB31",126
"RBM14","RAD51",127
"RBM14","RBM14",128
"RBM14","RFC3",129
"RBM14","RMI2",130
"RBM14","RNASET2",131
"RBM14","RRM2",132
"RBM14","S100A8",133
"RBM14","SELENOI",134
"RBM14","SHCBP1",135
"RBM14","SKP2",136
"RBM14","SMAP2",137
"RBM14","SMC2",138
"RBM14","SOS1",139
"RBM14","STAB1",140
"RBM14","STIL",141
"RBM14","SUV39H2",142
"RBM14","TCF19",143
"RBM14","TIMELESS",144
"RBM14","TIPIN",145
"RBM14","TK1",146
"RBM14","TMEM97",147
"RBM14","TNFRSF21",148
"RBM14","TOP2A",149
"RBM14","TPX2",150
"RBM14","TRIP13",151
"RBM14","TTK",152
"RBM14","TXNIP",153
"RBM14","TYMS",154
"RBM14","UBE2C",155
"RBM14","UBE2T",156
"RBM14","WDHD1",157
"RBM14","WDR76",158
"RBM14","ZNF367",159
"RBM14","ZWINT",160
"RBMS3","AKAP12",1
"RBMS3","ANP32E",2
"RBMS3","APITD1-CORT",3
"RBMS3","ASF1B",4
"RBMS3","ATAD2",5
"RBMS3","AURKA",6
"RBMS3","BCL2L11",7
"RBMS3","BIRC5",8
"RBMS3","BMF",9
"RBMS3","BTG1",10
"RBMS3","BTNL9",11
"RBMS3","BUB1",12
"RBMS3","CCDC34",13
"RBMS3","CCNA2",14
"RBMS3","CCNE2",15
"RBMS3","CD53",16
"RBMS3","CDC6",17
"RBMS3","CDCA2",18
"RBMS3","CDCA3",19
"RBMS3","CDCA5",20
"RBMS3","CDKN3",21
"RBMS3","CENPE",22
"RBMS3","CENPK",23
"RBMS3","CENPV",24
"RBMS3","CEP55",25
"RBMS3","CKAP2",26
"RBMS3","DDIT4",27
"RBMS3","DENND3",28
"RBMS3","DEPDC1",29
"RBMS3","DPEP1",30
"RBMS3","DSCC1",31
"RBMS3","E2F7",32
"RBMS3","ECT2",33
"RBMS3","FAM72C",34
"RBMS3","FEN1",35
"RBMS3","FGL2",36
"RBMS3","FOXM1",37
"RBMS3","GBP4",38
"RBMS3","GINS1",39
"RBMS3","GSN",40
"RBMS3","HJURP",41
"RBMS3","ID3",42
"RBMS3","IFNGR1",43
"RBMS3","IGLL1",44
"RBMS3","IL1B",45
"RBMS3","IL6ST",46
"RBMS3","IRAK3",47
"RBMS3","ISG20",48
"RBMS3","ITGB2-AS1",49
"RBMS3","KIAA0101",50
"RBMS3","KIF23",51
"RBMS3","KIF26A",52
"RBMS3","LILRB2",53
"RBMS3","LOC100130872",54
"RBMS3","LOC285097",55
"RBMS3","MCM4",56
"RBMS3","MELK",57
"RBMS3","METTL7A",58
"RBMS3","MIR4683",59
"RBMS3","MIR6845",60
"RBMS3","MS4A1",61
"RBMS3","MTHFD2",62
"RBMS3","NCAPH",63
"RBMS3","P2RY14",64
"RBMS3","PBK",65
"RBMS3","PHF19",66
"RBMS3","POLE2",67
"RBMS3","PRPS2",68
"RBMS3","RAG1",69
"RBMS3","RAG2",70
"RBMS3","RBMS3",71
"RBMS3","RCC1",72
"RBMS3","RNASET2",73
"RBMS3","RPS6KA2",74
"RBMS3","S100A11",75
"RBMS3","SERPINB9",76
"RBMS3","SIK1",77
"RBMS3","SKP2",78
"RBMS3","SMAP2",79
"RBMS3","SMIM3",80
"RBMS3","SNORD3B-1",81
"RBMS3","SNTB2",82
"RBMS3","SOS1",83
"RBMS3","STIL",84
"RBMS3","SUV39H2",85
"RBMS3","TCF19",86
"RBMS3","TIPIN",87
"RBMS3","TMEM100",88
"RBMS3","TMEM2",89
"RBMS3","TNFSF8",90
"RBMS3","TPX2",91
"RCC1","ANLN",1
"RCC1","ANP32E",2
"RCC1","APITD1-CORT",3
"RCC1","ASF1B",4
"RCC1","ATAD2",5
"RCC1","AURKA",6
"RCC1","AURKB",7
"RCC1","BIRC5",8
"RCC1","BMF",9
"RCC1","BRCA1",10
"RCC1","BRIP1",11
"RCC1","BTG1",12
"RCC1","BTNL9",13
"RCC1","BUB1",14
"RCC1","BUB1B",15
"RCC1","BYSL",16
"RCC1","C4orf46",17
"RCC1","CCDC34",18
"RCC1","CCDC86",19
"RCC1","CCNA2",20
"RCC1","CCNB1",21
"RCC1","CCNB2",22
"RCC1","CCNE2",23
"RCC1","CD53",24
"RCC1","CDC20",25
"RCC1","CDC45",26
"RCC1","CDC6",27
"RCC1","CDCA2",28
"RCC1","CDCA3",29
"RCC1","CDCA5",30
"RCC1","CDK1",31
"RCC1","CDKN3",32
"RCC1","CDT1",33
"RCC1","CELF2",34
"RCC1","CENPA",35
"RCC1","CENPE",36
"RCC1","CENPF",37
"RCC1","CENPH",38
"RCC1","CENPK",39
"RCC1","CENPN",40
"RCC1","CENPU",41
"RCC1","CENPV",42
"RCC1","CENPW",43
"RCC1","CEP55",44
"RCC1","CHEK1",45
"RCC1","CKAP2",46
"RCC1","CKAP2L",47
"RCC1","DEPDC1",48
"RCC1","DEPDC1B",49
"RCC1","DHFR",50
"RCC1","DHX9",51
"RCC1","DLGAP5",52
"RCC1","DSCC1",53
"RCC1","DTL",54
"RCC1","E2F7",55
"RCC1","E2F8",56
"RCC1","ECT2",57
"RCC1","FABP5",58
"RCC1","FAM72C",59
"RCC1","FANCI",60
"RCC1","FEN1",61
"RCC1","FGD2",62
"RCC1","FH",63
"RCC1","FOXM1",64
"RCC1","GBP4",65
"RCC1","GGH",66
"RCC1","GINS1",67
"RCC1","GINS2",68
"RCC1","GVINP1",69
"RCC1","HELLS",70
"RCC1","HJURP",71
"RCC1","HMMR",72
"RCC1","ID2",73
"RCC1","IFNGR1",74
"RCC1","IGH",75
"RCC1","IGLC1",76
"RCC1","IL18R1",77
"RCC1","IL18RAP",78
"RCC1","IQGAP3",79
"RCC1","IRAK3",80
"RCC1","ISG20",81
"RCC1","KIAA0101",82
"RCC1","KIF11",83
"RCC1","KIF14",84
"RCC1","KIF15",85
"RCC1","KIF18A",86
"RCC1","KIF18B",87
"RCC1","KIF20A",88
"RCC1","KIF23",89
"RCC1","KIF2C",90
"RCC1","LEF1",91
"RCC1","LGALS3",92
"RCC1","LILRB2",93
"RCC1","LOC100996643",94
"RCC1","LYZ",95
"RCC1","MAD2L1",96
"RCC1","MCM10",97
"RCC1","MCM4",98
"RCC1","MELK",99
"RCC1","METTL7A",100
"RCC1","MIR4683",101
"RCC1","MIR6845",102
"RCC1","MKI67",103
"RCC1","MND1",104
"RCC1","MTHFD2",105
"RCC1","NCAPG",106
"RCC1","NCAPH",107
"RCC1","NEAT1",108
"RCC1","NEK2",109
"RCC1","NUSAP1",110
"RCC1","OIP5",111
"RCC1","PAICS",112
"RCC1","PBK",113
"RCC1","PCNA",114
"RCC1","PHF19",115
"RCC1","PIK3IP1",116
"RCC1","PLK4",117
"RCC1","POLE2",118
"RCC1","POLQ",119
"RCC1","PPIF",120
"RCC1","PPP1R16B",121
"RCC1","PRDM1",122
"RCC1","PRPS2",123
"RCC1","PRR11",124
"RCC1","PSPH",125
"RCC1","PTP4A1",126
"RCC1","PTTG1",127
"RCC1","RAB31",128
"RCC1","RAD51",129
"RCC1","RAD51AP1",130
"RCC1","RBMS3",131
"RCC1","RCC1",132
"RCC1","RMI2",133
"RCC1","RNASET2",134
"RCC1","RPS6KA2",135
"RCC1","RRM2",136
"RCC1","S100A8",137
"RCC1","SELENOI",138
"RCC1","SERPINA1",139
"RCC1","SESN1",140
"RCC1","SKP2",141
"RCC1","SMAP2",142
"RCC1","SMC2",143
"RCC1","SNX10",144
"RCC1","STIL",145
"RCC1","SUV39H2",146
"RCC1","TCF19",147
"RCC1","TIPIN",148
"RCC1","TK1",149
"RCC1","TMEM2",150
"RCC1","TMEM97",151
"RCC1","TOP2A",152
"RCC1","TPX2",153
"RCC1","TRIP13",154
"RCC1","TTK",155
"RCC1","TXNIP",156
"RCC1","TYMS",157
"RCC1","UBE2C",158
"RCC1","UBE2T",159
"RCC1","WDHD1",160
"RCC1","WDR76",161
"RCC1","ZBTB16",162
"RCC1","ZWINT",163
"RFC3","ANLN",1
"RFC3","ANP32E",2
"RFC3","APITD1-CORT",3
"RFC3","ARPP21",4
"RFC3","ASF1B",5
"RFC3","ASPM",6
"RFC3","ATAD2",7
"RFC3","AURKA",8
"RFC3","AURKB",9
"RFC3","BCAT1",10
"RFC3","BCL2L11",11
"RFC3","BIRC5",12
"RFC3","BMF",13
"RFC3","BRCA1",14
"RFC3","BRIP1",15
"RFC3","BTG1",16
"RFC3","BUB1",17
"RFC3","BUB1B",18
"RFC3","BYSL",19
"RFC3","C4orf46",20
"RFC3","CCDC34",21
"RFC3","CCDC86",22
"RFC3","CCNA2",23
"RFC3","CCNB1",24
"RFC3","CCNB2",25
"RFC3","CCNE2",26
"RFC3","CD53",27
"RFC3","CDC20",28
"RFC3","CDC42EP3",29
"RFC3","CDC45",30
"RFC3","CDC6",31
"RFC3","CDCA2",32
"RFC3","CDCA3",33
"RFC3","CDCA5",34
"RFC3","CDK1",35
"RFC3","CDK6",36
"RFC3","CDKN3",37
"RFC3","CDT1",38
"RFC3","CELF2",39
"RFC3","CENPA",40
"RFC3","CENPE",41
"RFC3","CENPF",42
"RFC3","CENPH",43
"RFC3","CENPK",44
"RFC3","CENPN",45
"RFC3","CENPU",46
"RFC3","CENPV",47
"RFC3","CENPW",48
"RFC3","CEP55",49
"RFC3","CHEK1",50
"RFC3","CKAP2",51
"RFC3","CKAP2L",52
"RFC3","CKS1B",53
"RFC3","CRNDE",54
"RFC3","DDIT4",55
"RFC3","DENND3",56
"RFC3","DEPDC1",57
"RFC3","DEPDC1B",58
"RFC3","DFNA5",59
"RFC3","DHFR",60
"RFC3","DHX9",61
"RFC3","DLGAP5",62
"RFC3","DSCC1",63
"RFC3","DTL",64
"RFC3","E2F7",65
"RFC3","E2F8",66
"RFC3","ECT2",67
"RFC3","EGR1",68
"RFC3","F13A1",69
"RFC3","FABP5",70
"RFC3","FAM72C",71
"RFC3","FANCI",72
"RFC3","FCER1G",73
"RFC3","FCGR3B",74
"RFC3","FEN1",75
"RFC3","FGR",76
"RFC3","FH",77
"RFC3","FOXM1",78
"RFC3","GBP4",79
"RFC3","GGH",80
"RFC3","GIMAP4",81
"RFC3","GIMAP7",82
"RFC3","GINS1",83
"RFC3","GINS2",84
"RFC3","GSN",85
"RFC3","GVINP1",86
"RFC3","HBB",87
"RFC3","HBG1",88
"RFC3","HELLS",89
"RFC3","HIST4H4",90
"RFC3","HJURP",91
"RFC3","HMMR",92
"RFC3","HSP90AB1",93
"RFC3","IFNGR1",94
"RFC3","IGH",95
"RFC3","IGLL1",96
"RFC3","IL18R1",97
"RFC3","IL1B",98
"RFC3","IQGAP3",99
"RFC3","IRAK3",100
"RFC3","ISG20",101
"RFC3","ITGAM",102
"RFC3","ITGB2-AS1",103
"RFC3","KIAA0101",104
"RFC3","KIF11",105
"RFC3","KIF14",106
"RFC3","KIF15",107
"RFC3","KIF18A",108
"RFC3","KIF18B",109
"RFC3","KIF20A",110
"RFC3","KIF23",111
"RFC3","KIF2C",112
"RFC3","KIF4A",113
"RFC3","KNL1",114
"RFC3","LILRB2",115
"RFC3","LOC100996643",116
"RFC3","LY96",117
"RFC3","LYZ",118
"RFC3","MAD2L1",119
"RFC3","MCM10",120
"RFC3","MCM4",121
"RFC3","MCM5",122
"RFC3","MCM7",123
"RFC3","MDK",124
"RFC3","MELK",125
"RFC3","MIR4683",126
"RFC3","MIR6845",127
"RFC3","MIR8071-1",128
"RFC3","MKI67",129
"RFC3","MND1",130
"RFC3","MPV17L",131
"RFC3","MS4A1",132
"RFC3","MS4A4A",133
"RFC3","MS4A7",134
"RFC3","MTHFD2",135
"RFC3","MTSS1",136
"RFC3","NCAPG",137
"RFC3","NCAPH",138
"RFC3","NEAT1",139
"RFC3","NEDD9",140
"RFC3","NEK2",141
"RFC3","NME1",142
"RFC3","NUF2",143
"RFC3","NUSAP1",144
"RFC3","OIP5",145
"RFC3","P2RY14",146
"RFC3","PAICS",147
"RFC3","PBK",148
"RFC3","PCNA",149
"RFC3","PDE4B",150
"RFC3","PHF19",151
"RFC3","PIK3IP1",152
"RFC3","PLK4",153
"RFC3","POLE2",154
"RFC3","POLQ",155
"RFC3","PPIF",156
"RFC3","PPP1R16B",157
"RFC3","PRDM1",158
"RFC3","PRR11",159
"RFC3","PSPH",160
"RFC3","PTP4A1",161
"RFC3","PTTG1",162
"RFC3","RAD51",163
"RFC3","RAD51AP1",164
"RFC3","RBM14",165
"RFC3","RFC3",166
"RFC3","RHOBTB3",167
"RFC3","RMI2",168
"RFC3","RNASET2",169
"RFC3","RRM2",170
"RFC3","S100A8",171
"RFC3","SCML4",172
"RFC3","SELENOI",173
"RFC3","SERPINA1",174
"RFC3","SERPINB9",175
"RFC3","SHCBP1",176
"RFC3","SKP2",177
"RFC3","SLC22A23",178
"RFC3","SMAP2",179
"RFC3","SMC2",180
"RFC3","SNORA21",181
"RFC3","SNORD3B-1",182
"RFC3","SNX29P2",183
"RFC3","SOS1",184
"RFC3","SQLE",185
"RFC3","STIL",186
"RFC3","SUV39H2",187
"RFC3","TBXA2R",188
"RFC3","TCF19",189
"RFC3","TIMELESS",190
"RFC3","TIPIN",191
"RFC3","TK1",192
"RFC3","TMEM97",193
"RFC3","TNFRSF21",194
"RFC3","TOP2A",195
"RFC3","TPX2",196
"RFC3","TRIP13",197
"RFC3","TTK",198
"RFC3","TXNIP",199
"RFC3","TYMS",200
"RFC3","UBE2C",201
"RFC3","UBE2T",202
"RFC3","WDHD1",203
"RFC3","WDR76",204
"RFC3","ZNF367",205
"RFC3","ZWINT",206
"RHOBTB3","ANP32E",1
"RHOBTB3","APITD1-CORT",2
"RHOBTB3","ASF1B",3
"RHOBTB3","AURKA",4
"RHOBTB3","AURKB",5
"RHOBTB3","B3GNT2",6
"RHOBTB3","BCAT1",7
"RHOBTB3","BTG1",8
"RHOBTB3","CCDC34",9
"RHOBTB3","CCNE2",10
"RHOBTB3","CCR1",11
"RHOBTB3","CDC6",12
"RHOBTB3","CDCA2",13
"RHOBTB3","CDCA3",14
"RHOBTB3","CDK6",15
"RHOBTB3","CDKN3",16
"RHOBTB3","CENPE",17
"RHOBTB3","CENPF",18
"RHOBTB3","CENPU",19
"RHOBTB3","CKAP2",20
"RHOBTB3","DEPDC1",21
"RHOBTB3","DEPDC1B",22
"RHOBTB3","ELL2",23
"RHOBTB3","EMP1",24
"RHOBTB3","F13A1",25
"RHOBTB3","FAM72C",26
"RHOBTB3","FH",27
"RHOBTB3","FUS",28
"RHOBTB3","GIMAP4",29
"RHOBTB3","GIMAP7",30
"RHOBTB3","HIST4H4",31
"RHOBTB3","HJURP",32
"RHOBTB3","HRK",33
"RHOBTB3","IGLL1",34
"RHOBTB3","IRAK3",35
"RHOBTB3","ITGAM",36
"RHOBTB3","KIF18A",37
"RHOBTB3","KIF23",38
"RHOBTB3","MIR8071-1",39
"RHOBTB3","MS4A1",40
"RHOBTB3","MS4A4A",41
"RHOBTB3","MTSS1",42
"RHOBTB3","NCAPH",43
"RHOBTB3","NEAT1",44
"RHOBTB3","NEK2",45
"RHOBTB3","NME1",46
"RHOBTB3","OIP5",47
"RHOBTB3","P2RY14",48
"RHOBTB3","PBK",49
"RHOBTB3","PDE4B",50
"RHOBTB3","PTTG1",51
"RHOBTB3","RASSF4",52
"RHOBTB3","RFC3",53
"RHOBTB3","RHOBTB3",54
"RHOBTB3","SERPINB9",55
"RHOBTB3","SKP2",56
"RHOBTB3","SQLE",57
"RHOBTB3","SUV39H2",58
"RHOBTB3","TARSL2",59
"RHOBTB3","TBXA2R",60
"RHOBTB3","TNFRSF21",61
"RHOBTB3","TRIP13",62
"RHOBTB3","TXNIP",63
"RMI2","ABHD17B",1
"RMI2","ANLN",2
"RMI2","ANP32E",3
"RMI2","APITD1-CORT",4
"RMI2","ASF1B",5
"RMI2","ASPM",6
"RMI2","ATAD2",7
"RMI2","AURKA",8
"RMI2","AURKB",9
"RMI2","BCL2L11",10
"RMI2","BIRC5",11
"RMI2","BRCA1",12
"RMI2","BRIP1",13
"RMI2","BTG1",14
"RMI2","BUB1",15
"RMI2","BUB1B",16
"RMI2","BYSL",17
"RMI2","C4orf46",18
"RMI2","CCDC34",19
"RMI2","CCNA2",20
"RMI2","CCNB1",21
"RMI2","CCNB2",22
"RMI2","CCNE2",23
"RMI2","CCR1",24
"RMI2","CD53",25
"RMI2","CDC20",26
"RMI2","CDC45",27
"RMI2","CDC6",28
"RMI2","CDCA2",29
"RMI2","CDCA3",30
"RMI2","CDCA5",31
"RMI2","CDK1",32
"RMI2","CDKN3",33
"RMI2","CDT1",34
"RMI2","CELF2",35
"RMI2","CENPA",36
"RMI2","CENPE",37
"RMI2","CENPF",38
"RMI2","CENPH",39
"RMI2","CENPK",40
"RMI2","CENPN",41
"RMI2","CENPU",42
"RMI2","CENPV",43
"RMI2","CENPW",44
"RMI2","CEP55",45
"RMI2","CHEK1",46
"RMI2","CKAP2L",47
"RMI2","CKS1B",48
"RMI2","CLEC2B",49
"RMI2","CRNDE",50
"RMI2","DEPDC1",51
"RMI2","DEPDC1B",52
"RMI2","DFNA5",53
"RMI2","DHFR",54
"RMI2","DHX9",55
"RMI2","DLGAP5",56
"RMI2","DSCC1",57
"RMI2","DTL",58
"RMI2","E2F7",59
"RMI2","E2F8",60
"RMI2","FABP5",61
"RMI2","FAM72C",62
"RMI2","FANCI",63
"RMI2","FEN1",64
"RMI2","FH",65
"RMI2","FOXM1",66
"RMI2","GBP4",67
"RMI2","GIMAP4",68
"RMI2","GINS1",69
"RMI2","GINS2",70
"RMI2","HELLS",71
"RMI2","HJURP",72
"RMI2","HMMR",73
"RMI2","HSP90AB1",74
"RMI2","IL18R1",75
"RMI2","IL18RAP",76
"RMI2","IQGAP3",77
"RMI2","IRAK3",78
"RMI2","KIAA0101",79
"RMI2","KIF11",80
"RMI2","KIF14",81
"RMI2","KIF15",82
"RMI2","KIF18A",83
"RMI2","KIF18B",84
"RMI2","KIF20A",85
"RMI2","KIF23",86
"RMI2","KIF2C",87
"RMI2","KIF4A",88
"RMI2","KNL1",89
"RMI2","LGALS3",90
"RMI2","LILRA1",91
"RMI2","LILRB2",92
"RMI2","MAD2L1",93
"RMI2","MCM10",94
"RMI2","MCM4",95
"RMI2","MCM5",96
"RMI2","MCM7",97
"RMI2","MDK",98
"RMI2","MELK",99
"RMI2","MIR6845",100
"RMI2","MKI67",101
"RMI2","MPV17L",102
"RMI2","NCAPG",103
"RMI2","NCAPH",104
"RMI2","NEDD9",105
"RMI2","NEK2",106
"RMI2","NUF2",107
"RMI2","NUSAP1",108
"RMI2","OIP5",109
"RMI2","P2RX5",110
"RMI2","PBK",111
"RMI2","PCNA",112
"RMI2","PHF19",113
"RMI2","PLK4",114
"RMI2","POLE2",115
"RMI2","POLQ",116
"RMI2","PPP1R16B",117
"RMI2","PRR11",118
"RMI2","PSPH",119
"RMI2","PTP4A1",120
"RMI2","RAB31",121
"RMI2","RAD51",122
"RMI2","RAD51AP1",123
"RMI2","RBM14",124
"RMI2","RFC3",125
"RMI2","RMI2",126
"RMI2","RNASET2",127
"RMI2","RRM2",128
"RMI2","SESN1",129
"RMI2","SHCBP1",130
"RMI2","SKP2",131
"RMI2","SMAP2",132
"RMI2","SMC2",133
"RMI2","SNX29P2",134
"RMI2","SQLE",135
"RMI2","STIL",136
"RMI2","SUV39H2",137
"RMI2","TCF19",138
"RMI2","TENM4",139
"RMI2","TIMELESS",140
"RMI2","TIPIN",141
"RMI2","TK1",142
"RMI2","TNFRSF21",143
"RMI2","TOP2A",144
"RMI2","TPX2",145
"RMI2","TRIP13",146
"RMI2","TTK",147
"RMI2","TYMS",148
"RMI2","UBE2T",149
"RMI2","WDR76",150
"RMI2","ZBTB16",151
"RMI2","ZNF367",152
"RMI2","ZWINT",153
"RNASET2","AKAP12",1
"RNASET2","ANLN",2
"RNASET2","ANP32E",3
"RNASET2","APITD1-CORT",4
"RNASET2","ASF1B",5
"RNASET2","ASPM",6
"RNASET2","ATAD2",7
"RNASET2","AURKA",8
"RNASET2","AURKB",9
"RNASET2","BCAT1",10
"RNASET2","BCL2L11",11
"RNASET2","BIRC5",12
"RNASET2","BMF",13
"RNASET2","BRCA1",14
"RNASET2","BRIP1",15
"RNASET2","BTG1",16
"RNASET2","BTNL9",17
"RNASET2","BUB1",18
"RNASET2","BUB1B",19
"RNASET2","BYSL",20
"RNASET2","C4orf46",21
"RNASET2","CCDC34",22
"RNASET2","CCDC86",23
"RNASET2","CCNA2",24
"RNASET2","CCNB1",25
"RNASET2","CCNB2",26
"RNASET2","CCNE2",27
"RNASET2","CCR1",28
"RNASET2","CD53",29
"RNASET2","CDC20",30
"RNASET2","CDC45",31
"RNASET2","CDC6",32
"RNASET2","CDCA2",33
"RNASET2","CDCA3",34
"RNASET2","CDCA5",35
"RNASET2","CDK1",36
"RNASET2","CDKN3",37
"RNASET2","CDT1",38
"RNASET2","CELF2",39
"RNASET2","CENPA",40
"RNASET2","CENPE",41
"RNASET2","CENPF",42
"RNASET2","CENPH",43
"RNASET2","CENPK",44
"RNASET2","CENPN",45
"RNASET2","CENPU",46
"RNASET2","CENPV",47
"RNASET2","CENPW",48
"RNASET2","CEP55",49
"RNASET2","CHEK1",50
"RNASET2","CKAP2",51
"RNASET2","CKAP2L",52
"RNASET2","CKS1B",53
"RNASET2","CLEC2B",54
"RNASET2","CRNDE",55
"RNASET2","DDIT4",56
"RNASET2","DENND3",57
"RNASET2","DEPDC1",58
"RNASET2","DEPDC1B",59
"RNASET2","DFNA5",60
"RNASET2","DHFR",61
"RNASET2","DHX9",62
"RNASET2","DLGAP5",63
"RNASET2","DPEP1",64
"RNASET2","DSCC1",65
"RNASET2","DTL",66
"RNASET2","E2F7",67
"RNASET2","E2F8",68
"RNASET2","ECT2",69
"RNASET2","EMP1",70
"RNASET2","F13A1",71
"RNASET2","FABP5",72
"RNASET2","FAM72C",73
"RNASET2","FANCI",74
"RNASET2","FEN1",75
"RNASET2","FH",76
"RNASET2","FOXM1",77
"RNASET2","GBP4",78
"RNASET2","GGH",79
"RNASET2","GIMAP4",80
"RNASET2","GIMAP7",81
"RNASET2","GINS1",82
"RNASET2","GINS2",83
"RNASET2","GSN",84
"RNASET2","HELLS",85
"RNASET2","HJURP",86
"RNASET2","HMMR",87
"RNASET2","HSP90AB1",88
"RNASET2","IFNGR1",89
"RNASET2","IL18R1",90
"RNASET2","IL18RAP",91
"RNASET2","IL1B",92
"RNASET2","IL6ST",93
"RNASET2","IQGAP3",94
"RNASET2","IRAK3",95
"RNASET2","ISG20",96
"RNASET2","ITGAM",97
"RNASET2","KIAA0101",98
"RNASET2","KIF11",99
"RNASET2","KIF14",100
"RNASET2","KIF15",101
"RNASET2","KIF18A",102
"RNASET2","KIF18B",103
"RNASET2","KIF20A",104
"RNASET2","KIF23",105
"RNASET2","KIF26A",106
"RNASET2","KIF2C",107
"RNASET2","KIF4A",108
"RNASET2","KLF9",109
"RNASET2","KNL1",110
"RNASET2","LGALS3",111
"RNASET2","LILRB2",112
"RNASET2","MAD2L1",113
"RNASET2","MCM10",114
"RNASET2","MCM4",115
"RNASET2","MCM7",116
"RNASET2","MELK",117
"RNASET2","METTL7A",118
"RNASET2","MIR4683",119
"RNASET2","MIR6845",120
"RNASET2","MKI67",121
"RNASET2","MS4A1",122
"RNASET2","MS4A4A",123
"RNASET2","MSH6",124
"RNASET2","MTHFD2",125
"RNASET2","MTSS1",126
"RNASET2","NCAPG",127
"RNASET2","NCAPH",128
"RNASET2","NEAT1",129
"RNASET2","NEDD9",130
"RNASET2","NEK2",131
"RNASET2","NME1",132
"RNASET2","NUF2",133
"RNASET2","NUSAP1",134
"RNASET2","OIP5",135
"RNASET2","P2RX5",136
"RNASET2","P2RY14",137
"RNASET2","PAICS",138
"RNASET2","PBK",139
"RNASET2","PCNA",140
"RNASET2","PDE4B",141
"RNASET2","PHF19",142
"RNASET2","PIK3IP1",143
"RNASET2","PLK4",144
"RNASET2","POLE2",145
"RNASET2","POLQ",146
"RNASET2","PPIF",147
"RNASET2","PRPS2",148
"RNASET2","PRR11",149
"RNASET2","PTTG1",150
"RNASET2","RAD51",151
"RNASET2","RBM14",152
"RNASET2","RBMS3",153
"RNASET2","RCC1",154
"RNASET2","RFC3",155
"RNASET2","RHOBTB3",156
"RNASET2","RMI2",157
"RNASET2","RNASET2",158
"RNASET2","RPS6KA2",159
"RNASET2","RRM2",160
"RNASET2","S100A11",161
"RNASET2","S100A8",162
"RNASET2","SCML4",163
"RNASET2","SERPINB9",164
"RNASET2","SIK1",165
"RNASET2","SKP2",166
"RNASET2","SMAP2",167
"RNASET2","SMC2",168
"RNASET2","SMIM3",169
"RNASET2","SOS1",170
"RNASET2","SQLE",171
"RNASET2","STIL",172
"RNASET2","SUV39H2",173
"RNASET2","TARSL2",174
"RNASET2","TBXA2R",175
"RNASET2","TCF19",176
"RNASET2","TIMELESS",177
"RNASET2","TIPIN",178
"RNASET2","TMEM2",179
"RNASET2","TMEM97",180
"RNASET2","TNFRSF21",181
"RNASET2","TNFSF8",182
"RNASET2","TOP2A",183
"RNASET2","TPX2",184
"RNASET2","TRIP13",185
"RNASET2","TTK",186
"RNASET2","TXNIP",187
"RNASET2","TYMS",188
"RNASET2","UBE2C",189
"RNASET2","UBE2T",190
"RNASET2","WDHD1",191
"RNASET2","WDR76",192
"RNASET2","ZBTB16",193
"RNASET2","ZNF367",194
"RNASET2","ZWINT",195
"RPS6KA2","AKAP12",1
"RPS6KA2","BMF",2
"RPS6KA2","BTNL9",3
"RPS6KA2","DDIT4",4
"RPS6KA2","DPEP1",5
"RPS6KA2","FCER1G",6
"RPS6KA2","GSN",7
"RPS6KA2","ID3",8
"RPS6KA2","IFNGR1",9
"RPS6KA2","KCNK12",10
"RPS6KA2","LOC100996643",11
"RPS6KA2","LOC285097",12
"RPS6KA2","MDK",13
"RPS6KA2","MIR4683",14
"RPS6KA2","MSH6",15
"RPS6KA2","MTHFD2",16
"RPS6KA2","MTSS1",17
"RPS6KA2","NPCDR1",18
"RPS6KA2","PFKFB2",19
"RPS6KA2","PRPS2",20
"RPS6KA2","RBMS3",21
"RPS6KA2","RCC1",22
"RPS6KA2","RPS6KA2",23
"RPS6KA2","S100A11",24
"RPS6KA2","SERPINB9",25
"RPS6KA2","TNFRSF21",26
"RRM2","ANLN",1
"RRM2","ANP32E",2
"RRM2","APITD1-CORT",3
"RRM2","ASF1B",4
"RRM2","ASPM",5
"RRM2","ATAD2",6
"RRM2","AURKA",7
"RRM2","AURKB",8
"RRM2","BCAT1",9
"RRM2","BCL2L11",10
"RRM2","BIRC5",11
"RRM2","BMF",12
"RRM2","BRCA1",13
"RRM2","BRIP1",14
"RRM2","BTG1",15
"RRM2","BUB1",16
"RRM2","BUB1B",17
"RRM2","BYSL",18
"RRM2","C4orf46",19
"RRM2","CCDC34",20
"RRM2","CCDC86",21
"RRM2","CCNA2",22
"RRM2","CCNB1",23
"RRM2","CCNB2",24
"RRM2","CCNE2",25
"RRM2","CCR1",26
"RRM2","CD53",27
"RRM2","CDC20",28
"RRM2","CDC45",29
"RRM2","CDC6",30
"RRM2","CDCA2",31
"RRM2","CDCA3",32
"RRM2","CDCA5",33
"RRM2","CDK1",34
"RRM2","CDKN3",35
"RRM2","CDT1",36
"RRM2","CELF2",37
"RRM2","CENPA",38
"RRM2","CENPE",39
"RRM2","CENPF",40
"RRM2","CENPH",41
"RRM2","CENPK",42
"RRM2","CENPN",43
"RRM2","CENPU",44
"RRM2","CENPV",45
"RRM2","CENPW",46
"RRM2","CEP55",47
"RRM2","CHEK1",48
"RRM2","CKAP2",49
"RRM2","CKAP2L",50
"RRM2","CKS1B",51
"RRM2","CLEC2B",52
"RRM2","CRNDE",53
"RRM2","DENND3",54
"RRM2","DEPDC1",55
"RRM2","DEPDC1B",56
"RRM2","DFNA5",57
"RRM2","DHFR",58
"RRM2","DHX9",59
"RRM2","DLGAP5",60
"RRM2","DPEP1",61
"RRM2","DSCC1",62
"RRM2","DTL",63
"RRM2","E2F7",64
"RRM2","E2F8",65
"RRM2","ECT2",66
"RRM2","EGR1",67
"RRM2","FABP5",68
"RRM2","FAM72C",69
"RRM2","FANCI",70
"RRM2","FCER1G",71
"RRM2","FCGR3B",72
"RRM2","FEN1",73
"RRM2","FGD2",74
"RRM2","FGR",75
"RRM2","FH",76
"RRM2","FOXM1",77
"RRM2","FUS",78
"RRM2","GBP4",79
"RRM2","GGH",80
"RRM2","GIMAP4",81
"RRM2","GIMAP7",82
"RRM2","GINS1",83
"RRM2","GINS2",84
"RRM2","GVINP1",85
"RRM2","HELLS",86
"RRM2","HIST4H4",87
"RRM2","HJURP",88
"RRM2","HMMR",89
"RRM2","HSP90AB1",90
"RRM2","ID2",91
"RRM2","IFNGR1",92
"RRM2","IL18R1",93
"RRM2","IQGAP3",94
"RRM2","IRAK3",95
"RRM2","ISG20",96
"RRM2","ITPKB",97
"RRM2","KIAA0101",98
"RRM2","KIF11",99
"RRM2","KIF14",100
"RRM2","KIF15",101
"RRM2","KIF18A",102
"RRM2","KIF18B",103
"RRM2","KIF20A",104
"RRM2","KIF23",105
"RRM2","KIF2C",106
"RRM2","KIF4A",107
"RRM2","KNL1",108
"RRM2","LILRB2",109
"RRM2","LOC100996643",110
"RRM2","LOC728175",111
"RRM2","LY96",112
"RRM2","LYZ",113
"RRM2","MAD2L1",114
"RRM2","MCM10",115
"RRM2","MCM4",116
"RRM2","MCM5",117
"RRM2","MCM7",118
"RRM2","MELK",119
"RRM2","METTL7A",120
"RRM2","MIR6845",121
"RRM2","MKI67",122
"RRM2","MND1",123
"RRM2","MS4A1",124
"RRM2","MS4A7",125
"RRM2","MTHFD2",126
"RRM2","MTSS1",127
"RRM2","NCAPG",128
"RRM2","NCAPH",129
"RRM2","NEAT1",130
"RRM2","NEDD9",131
"RRM2","NEK2",132
"RRM2","NME1",133
"RRM2","NPCDR1",134
"RRM2","NUF2",135
"RRM2","NUSAP1",136
"RRM2","OIP5",137
"RRM2","P2RY14",138
"RRM2","PAICS",139
"RRM2","PBK",140
"RRM2","PCNA",141
"RRM2","PDE4B",142
"RRM2","PHF19",143
"RRM2","PIK3IP1",144
"RRM2","PLK4",145
"RRM2","POLE2",146
"RRM2","POLQ",147
"RRM2","PPBP",148
"RRM2","PPIF",149
"RRM2","PPP1R16B",150
"RRM2","PRDM1",151
"RRM2","PRR11",152
"RRM2","PSPH",153
"RRM2","PTP4A1",154
"RRM2","PTTG1",155
"RRM2","RAD51",156
"RRM2","RAD51AP1",157
"RRM2","RBM14",158
"RRM2","RCC1",159
"RRM2","RFC3",160
"RRM2","RMI2",161
"RRM2","RNASET2",162
"RRM2","RRM2",163
"RRM2","S100A8",164
"RRM2","SCML4",165
"RRM2","SELENOI",166
"RRM2","SERPINA1",167
"RRM2","SERPINB9",168
"RRM2","SESN1",169
"RRM2","SHCBP1",170
"RRM2","SKP2",171
"RRM2","SMAP2",172
"RRM2","SMC2",173
"RRM2","SOS1",174
"RRM2","SQLE",175
"RRM2","STIL",176
"RRM2","SUV39H2",177
"RRM2","TARSL2",178
"RRM2","TCF19",179
"RRM2","TIMELESS",180
"RRM2","TIPIN",181
"RRM2","TK1",182
"RRM2","TMEM97",183
"RRM2","TOP2A",184
"RRM2","TPX2",185
"RRM2","TRIP13",186
"RRM2","TTK",187
"RRM2","TXNIP",188
"RRM2","TYMS",189
"RRM2","UBE2C",190
"RRM2","UBE2T",191
"RRM2","WDHD1",192
"RRM2","WDR76",193
"RRM2","ZNF367",194
"RRM2","ZWINT",195
"S100A11","AKAP12",1
"S100A11","BIRC3",2
"S100A11","BTNL9",3
"S100A11","DPEP1",4
"S100A11","FCER1G",5
"S100A11","HRK",6
"S100A11","ID3",7
"S100A11","IL1B",8
"S100A11","IL27RA",9
"S100A11","ISG20",10
"S100A11","ITGB2-AS1",11
"S100A11","KIF26A",12
"S100A11","LILRA1",13
"S100A11","LOC100130872",14
"S100A11","MDM2",15
"S100A11","METTL7A",16
"S100A11","MSH6",17
"S100A11","NPCDR1",18
"S100A11","POU4F1",19
"S100A11","S100A11",20
"S100A11","SEMA4D",21
"S100A11","SERPINA1",22
"S100A11","SIK1",23
"S100A11","SLA",24
"S100A11","SNX10",25
"S100A11","SOS1",26
"S100A11","TMEM2",27
"S100A11","TNFSF8",28
"S100A11","TUBA4A",29
"S100A11","UBE2C",30
"S100A11","WASF1",31
"S100A11","ZFP36L2",32
"S100A8","ANLN",1
"S100A8","ANP32E",2
"S100A8","APITD1-CORT",3
"S100A8","ASF1B",4
"S100A8","ASPM",5
"S100A8","ATAD2",6
"S100A8","AURKA",7
"S100A8","AURKB",8
"S100A8","BCAT1",9
"S100A8","BIRC5",10
"S100A8","BRCA1",11
"S100A8","BRIP1",12
"S100A8","BTG1",13
"S100A8","BUB1",14
"S100A8","BUB1B",15
"S100A8","BYSL",16
"S100A8","C4orf46",17
"S100A8","C5orf24",18
"S100A8","CCDC34",19
"S100A8","CCDC86",20
"S100A8","CCNA2",21
"S100A8","CCNB1",22
"S100A8","CCNB2",23
"S100A8","CCNE2",24
"S100A8","CD53",25
"S100A8","CDC20",26
"S100A8","CDC42EP3",27
"S100A8","CDC45",28
"S100A8","CDC6",29
"S100A8","CDCA2",30
"S100A8","CDCA3",31
"S100A8","CDCA5",32
"S100A8","CDK1",33
"S100A8","CDKN3",34
"S100A8","CDT1",35
"S100A8","CELF2",36
"S100A8","CENPA",37
"S100A8","CENPE",38
"S100A8","CENPF",39
"S100A8","CENPH",40
"S100A8","CENPK",41
"S100A8","CENPN",42
"S100A8","CENPU",43
"S100A8","CENPV",44
"S100A8","CENPW",45
"S100A8","CEP55",46
"S100A8","CHEK1",47
"S100A8","CKAP2",48
"S100A8","CKAP2L",49
"S100A8","CKS1B",50
"S100A8","DEFA1",51
"S100A8","DEPDC1",52
"S100A8","DEPDC1B",53
"S100A8","DFNA5",54
"S100A8","DHFR",55
"S100A8","DHX9",56
"S100A8","DLGAP5",57
"S100A8","DSCC1",58
"S100A8","DTL",59
"S100A8","E2F7",60
"S100A8","E2F8",61
"S100A8","ECT2",62
"S100A8","F13A1",63
"S100A8","FABP5",64
"S100A8","FAM72C",65
"S100A8","FANCI",66
"S100A8","FCER1G",67
"S100A8","FCGR3B",68
"S100A8","FEN1",69
"S100A8","FGR",70
"S100A8","FH",71
"S100A8","FOXM1",72
"S100A8","FUS",73
"S100A8","GBP4",74
"S100A8","GGH",75
"S100A8","GIMAP4",76
"S100A8","GIMAP7",77
"S100A8","GINS1",78
"S100A8","GINS2",79
"S100A8","GSN",80
"S100A8","HBB",81
"S100A8","HBG1",82
"S100A8","HELLS",83
"S100A8","HIST4H4",84
"S100A8","HJURP",85
"S100A8","HMMR",86
"S100A8","HSP90AB1",87
"S100A8","IGH",88
"S100A8","IGLC1",89
"S100A8","IQGAP3",90
"S100A8","IRAK3",91
"S100A8","KIAA0101",92
"S100A8","KIF11",93
"S100A8","KIF14",94
"S100A8","KIF15",95
"S100A8","KIF18A",96
"S100A8","KIF18B",97
"S100A8","KIF20A",98
"S100A8","KIF23",99
"S100A8","KIF2C",100
"S100A8","KIF4A",101
"S100A8","KNL1",102
"S100A8","LGALS3",103
"S100A8","LILRB2",104
"S100A8","LOC100130872",105
"S100A8","LOC100996643",106
"S100A8","LYZ",107
"S100A8","MAD2L1",108
"S100A8","MCM10",109
"S100A8","MCM4",110
"S100A8","MCM5",111
"S100A8","MCM7",112
"S100A8","MELK",113
"S100A8","MIR6845",114
"S100A8","MIR8071-1",115
"S100A8","MKI67",116
"S100A8","MND1",117
"S100A8","MPV17L",118
"S100A8","MS4A7",119
"S100A8","MTHFD2",120
"S100A8","NCAPG",121
"S100A8","NCAPH",122
"S100A8","NEAT1",123
"S100A8","NEDD9",124
"S100A8","NEK2",125
"S100A8","NME1",126
"S100A8","NUF2",127
"S100A8","NUSAP1",128
"S100A8","OIP5",129
"S100A8","PAICS",130
"S100A8","PBK",131
"S100A8","PDE4B",132
"S100A8","PHF19",133
"S100A8","PLK4",134
"S100A8","POLE2",135
"S100A8","POLQ",136
"S100A8","PPIF",137
"S100A8","PPP1R16B",138
"S100A8","PRR11",139
"S100A8","PTTG1",140
"S100A8","RAD51",141
"S100A8","RAD51AP1",142
"S100A8","RBM14",143
"S100A8","RFC3",144
"S100A8","RMI2",145
"S100A8","RNASET2",146
"S100A8","S100A8",147
"S100A8","SCML4",148
"S100A8","SERPINB9",149
"S100A8","SHCBP1",150
"S100A8","SKP2",151
"S100A8","SMAP2",152
"S100A8","SMC2",153
"S100A8","SNORD3B-1",154
"S100A8","SNX29P2",155
"S100A8","SQLE",156
"S100A8","STIL",157
"S100A8","SUV39H2",158
"S100A8","TBXA2R",159
"S100A8","TCF19",160
"S100A8","TIMELESS",161
"S100A8","TIPIN",162
"S100A8","TK1",163
"S100A8","TMEM97",164
"S100A8","TNFRSF21",165
"S100A8","TOP2A",166
"S100A8","TPX2",167
"S100A8","TRIP13",168
"S100A8","TTK",169
"S100A8","TXNIP",170
"S100A8","UBE2C",171
"S100A8","UBE2T",172
"S100A8","WDHD1",173
"S100A8","WDR76",174
"S100A8","ZNF367",175
"S100A8","ZWINT",176
"SCML4","ANLN",1
"SCML4","ANP32E",2
"SCML4","APITD1-CORT",3
"SCML4","ASF1B",4
"SCML4","ATAD2",5
"SCML4","AURKA",6
"SCML4","AURKB",7
"SCML4","BIRC5",8
"SCML4","BRIP1",9
"SCML4","BTG1",10
"SCML4","BUB1",11
"SCML4","BUB1B",12
"SCML4","C4orf46",13
"SCML4","CCDC34",14
"SCML4","CCDC86",15
"SCML4","CCNA2",16
"SCML4","CCNB1",17
"SCML4","CCNB2",18
"SCML4","CCNE2",19
"SCML4","CD53",20
"SCML4","CDC20",21
"SCML4","CDC45",22
"SCML4","CDC6",23
"SCML4","CDCA2",24
"SCML4","CDCA3",25
"SCML4","CDCA5",26
"SCML4","CDK1",27
"SCML4","CDKN3",28
"SCML4","CDT1",29
"SCML4","CELF2",30
"SCML4","CENPA",31
"SCML4","CENPE",32
"SCML4","CENPF",33
"SCML4","CENPH",34
"SCML4","CENPK",35
"SCML4","CENPN",36
"SCML4","CENPU",37
"SCML4","CENPV",38
"SCML4","CEP55",39
"SCML4","CHEK1",40
"SCML4","CKAP2",41
"SCML4","CKAP2L",42
"SCML4","CLEC2B",43
"SCML4","CPM",44
"SCML4","CRNDE",45
"SCML4","DENND3",46
"SCML4","DEPDC1",47
"SCML4","DEPDC1B",48
"SCML4","DLGAP5",49
"SCML4","DPEP1",50
"SCML4","DSCC1",51
"SCML4","E2F7",52
"SCML4","ECT2",53
"SCML4","EGR1",54
"SCML4","F13A1",55
"SCML4","FAM72C",56
"SCML4","FANCI",57
"SCML4","FCGR3B",58
"SCML4","FEN1",59
"SCML4","FGD2",60
"SCML4","FOXM1",61
"SCML4","GBP4",62
"SCML4","GGH",63
"SCML4","GINS1",64
"SCML4","GSN",65
"SCML4","HELLS",66
"SCML4","HJURP",67
"SCML4","HMMR",68
"SCML4","HRK",69
"SCML4","ID2",70
"SCML4","IFNGR1",71
"SCML4","IL1B",72
"SCML4","IL6ST",73
"SCML4","IQGAP3",74
"SCML4","IRAK3",75
"SCML4","ISG20",76
"SCML4","ITGAM",77
"SCML4","ITPKB",78
"SCML4","KIAA0101",79
"SCML4","KIF14",80
"SCML4","KIF15",81
"SCML4","KIF18A",82
"SCML4","KIF18B",83
"SCML4","KIF20A",84
"SCML4","KIF23",85
"SCML4","KIF26A",86
"SCML4","KIF2C",87
"SCML4","KNL1",88
"SCML4","LILRB2",89
"SCML4","LOC100505650",90
"SCML4","MAD2L1",91
"SCML4","MCM10",92
"SCML4","MCM4",93
"SCML4","MCM7",94
"SCML4","MELK",95
"SCML4","METTL7A",96
"SCML4","MIR6845",97
"SCML4","MIR8071-1",98
"SCML4","MNDA",99
"SCML4","MS4A1",100
"SCML4","MS4A4A",101
"SCML4","MTSS1",102
"SCML4","NCAPG",103
"SCML4","NCAPH",104
"SCML4","NEK2",105
"SCML4","NUF2",106
"SCML4","OIP5",107
"SCML4","P2RY14",108
"SCML4","PBK",109
"SCML4","PDE4B",110
"SCML4","PHF19",111
"SCML4","PLK4",112
"SCML4","POLE2",113
"SCML4","POLQ",114
"SCML4","POU4F1",115
"SCML4","PPIF",116
"SCML4","PRR11",117
"SCML4","PTTG1",118
"SCML4","RAD51",119
"SCML4","RASSF4",120
"SCML4","RNASET2",121
"SCML4","RRM2",122
"SCML4","SCML4",123
"SCML4","SERPINB9",124
"SCML4","SHCBP1",125
"SCML4","SIK1",126
"SCML4","SKP2",127
"SCML4","SMAP2",128
"SCML4","SMC2",129
"SCML4","SOS1",130
"SCML4","SQLE",131
"SCML4","STIL",132
"SCML4","SUV39H2",133
"SCML4","TARSL2",134
"SCML4","TBXA2R",135
"SCML4","TIPIN",136
"SCML4","TMEM2",137
"SCML4","TMEM97",138
"SCML4","TNFRSF21",139
"SCML4","TPX2",140
"SCML4","TRIP13",141
"SCML4","TTK",142
"SCML4","TXNIP",143
"SCML4","UBE2C",144
"SCML4","UBE2T",145
"SCML4","WDHD1",146
"SCML4","ZWINT",147
"SELENOI","ANLN",1
"SELENOI","ANP32E",2
"SELENOI","APITD1-CORT",3
"SELENOI","ASF1B",4
"SELENOI","ASPM",5
"SELENOI","ATAD2",6
"SELENOI","AURKA",7
"SELENOI","AURKB",8
"SELENOI","BCAT1",9
"SELENOI","BIRC3",10
"SELENOI","BIRC5",11
"SELENOI","BMF",12
"SELENOI","BRCA1",13
"SELENOI","BRIP1",14
"SELENOI","BTG1",15
"SELENOI","BUB1",16
"SELENOI","BUB1B",17
"SELENOI","BYSL",18
"SELENOI","C4orf46",19
"SELENOI","C5orf24",20
"SELENOI","CCDC34",21
"SELENOI","CCDC86",22
"SELENOI","CCNA2",23
"SELENOI","CCNB1",24
"SELENOI","CCNB2",25
"SELENOI","CCNE2",26
"SELENOI","CD53",27
"SELENOI","CDC20",28
"SELENOI","CDC42EP3",29
"SELENOI","CDC45",30
"SELENOI","CDC6",31
"SELENOI","CDCA2",32
"SELENOI","CDCA3",33
"SELENOI","CDCA5",34
"SELENOI","CDK1",35
"SELENOI","CDKN3",36
"SELENOI","CDT1",37
"SELENOI","CELF2",38
"SELENOI","CENPA",39
"SELENOI","CENPE",40
"SELENOI","CENPF",41
"SELENOI","CENPH",42
"SELENOI","CENPK",43
"SELENOI","CENPN",44
"SELENOI","CENPU",45
"SELENOI","CENPW",46
"SELENOI","CEP55",47
"SELENOI","CHEK1",48
"SELENOI","CKAP2",49
"SELENOI","CKAP2L",50
"SELENOI","CKS1B",51
"SELENOI","DEFA1",52
"SELENOI","DEPDC1",53
"SELENOI","DEPDC1B",54
"SELENOI","DHFR",55
"SELENOI","DHX9",56
"SELENOI","DLGAP5",57
"SELENOI","DSCC1",58
"SELENOI","DTL",59
"SELENOI","E2F7",60
"SELENOI","E2F8",61
"SELENOI","ECT2",62
"SELENOI","FABP5",63
"SELENOI","FAM72C",64
"SELENOI","FANCI",65
"SELENOI","FCER1G",66
"SELENOI","FCGR3B",67
"SELENOI","FEN1",68
"SELENOI","FGD2",69
"SELENOI","FGL2",70
"SELENOI","FGR",71
"SELENOI","FH",72
"SELENOI","FOXM1",73
"SELENOI","GGH",74
"SELENOI","GIMAP4",75
"SELENOI","GIMAP7",76
"SELENOI","GINS1",77
"SELENOI","GINS2",78
"SELENOI","GVINP1",79
"SELENOI","HBB",80
"SELENOI","HBG1",81
"SELENOI","HELLS",82
"SELENOI","HIST4H4",83
"SELENOI","HJURP",84
"SELENOI","HMMR",85
"SELENOI","IFNGR1",86
"SELENOI","IGH",87
"SELENOI","IGLC1",88
"SELENOI","IL27RA",89
"SELENOI","IQGAP3",90
"SELENOI","ISG20",91
"SELENOI","ITGB2-AS1",92
"SELENOI","KIAA0101",93
"SELENOI","KIF11",94
"SELENOI","KIF14",95
"SELENOI","KIF15",96
"SELENOI","KIF18A",97
"SELENOI","KIF18B",98
"SELENOI","KIF20A",99
"SELENOI","KIF23",100
"SELENOI","KIF2C",101
"SELENOI","KIF4A",102
"SELENOI","KNL1",103
"SELENOI","LGALS3",104
"SELENOI","LOC100130872",105
"SELENOI","LOC100996643",106
"SELENOI","LOC728175",107
"SELENOI","LY96",108
"SELENOI","LYZ",109
"SELENOI","MAD2L1",110
"SELENOI","MCM10",111
"SELENOI","MCM4",112
"SELENOI","MCM7",113
"SELENOI","MELK",114
"SELENOI","MIR6845",115
"SELENOI","MIR8071-1",116
"SELENOI","MKI67",117
"SELENOI","MND1",118
"SELENOI","MNDA",119
"SELENOI","MPV17L",120
"SELENOI","MS4A1",121
"SELENOI","MS4A7",122
"SELENOI","MTHFD2",123
"SELENOI","MTSS1",124
"SELENOI","NCAPG",125
"SELENOI","NCAPH",126
"SELENOI","NEAT1",127
"SELENOI","NEDD9",128
"SELENOI","NEK2",129
"SELENOI","NME1",130
"SELENOI","NUF2",131
"SELENOI","NUSAP1",132
"SELENOI","OIP5",133
"SELENOI","PAICS",134
"SELENOI","PBK",135
"SELENOI","PCNA",136
"SELENOI","PFKFB2",137
"SELENOI","PHF19",138
"SELENOI","PIK3IP1",139
"SELENOI","PLK4",140
"SELENOI","POLE2",141
"SELENOI","POLQ",142
"SELENOI","PPBP",143
"SELENOI","PPIF",144
"SELENOI","PPP1R16B",145
"SELENOI","PRDM1",146
"SELENOI","PRPS2",147
"SELENOI","PRR11",148
"SELENOI","PSPH",149
"SELENOI","PTP4A1",150
"SELENOI","PTTG1",151
"SELENOI","RAB31",152
"SELENOI","RAD51",153
"SELENOI","RAD51AP1",154
"SELENOI","RCC1",155
"SELENOI","RFC3",156
"SELENOI","RNASET2",157
"SELENOI","RRM2",158
"SELENOI","S100A8",159
"SELENOI","SELENOI",160
"SELENOI","SERPINA1",161
"SELENOI","SERPINB9",162
"SELENOI","SESN1",163
"SELENOI","SHCBP1",164
"SELENOI","SKP2",165
"SELENOI","SMAP2",166
"SELENOI","SMC2",167
"SELENOI","SNX10",168
"SELENOI","SNX29P2",169
"SELENOI","SQLE",170
"SELENOI","STIL",171
"SELENOI","SUV39H2",172
"SELENOI","TCF19",173
"SELENOI","TIMELESS",174
"SELENOI","TIPIN",175
"SELENOI","TK1",176
"SELENOI","TMEM97",177
"SELENOI","TOP2A",178
"SELENOI","TPX2",179
"SELENOI","TRIB1",180
"SELENOI","TRIP13",181
"SELENOI","TTK",182
"SELENOI","TXNIP",183
"SELENOI","TYMS",184
"SELENOI","UBE2C",185
"SELENOI","UBE2T",186
"SELENOI","WDHD1",187
"SELENOI","WDR76",188
"SELENOI","ZBTB16",189
"SELENOI","ZFP36L2",190
"SELENOI","ZNF367",191
"SELENOI","ZWINT",192
"SEMA4D","ABHD17B",1
"SEMA4D","ASPM",2
"SEMA4D","B3GNT2",3
"SEMA4D","BIRC3",4
"SEMA4D","C5orf24",5
"SEMA4D","CDC20",6
"SEMA4D","CDK6",7
"SEMA4D","DHX9",8
"SEMA4D","EMP1",9
"SEMA4D","FABP5",10
"SEMA4D","FGR",11
"SEMA4D","HBB",12
"SEMA4D","HBG1",13
"SEMA4D","HRK",14
"SEMA4D","HSP90AB1",15
"SEMA4D","ID3",16
"SEMA4D","IGLL1",17
"SEMA4D","ITGB2-AS1",18
"SEMA4D","KIF11",19
"SEMA4D","KIF4A",20
"SEMA4D","LGALS3",21
"SEMA4D","LILRA1",22
"SEMA4D","LOC100130872",23
"SEMA4D","MDK",24
"SEMA4D","MDM2",25
"SEMA4D","MKI67",26
"SEMA4D","MSH6",27
"SEMA4D","NEAT1",28
"SEMA4D","NME1",29
"SEMA4D","NUF2",30
"SEMA4D","NUSAP1",31
"SEMA4D","PAICS",32
"SEMA4D","PPBP",33
"SEMA4D","PPP1R16B",34
"SEMA4D","PSPH",35
"SEMA4D","PTP4A1",36
"SEMA4D","RAG1",37
"SEMA4D","RAG2",38
"SEMA4D","RBM14",39
"SEMA4D","RFC3",40
"SEMA4D","S100A8",41
"SEMA4D","SELENOI",42
"SEMA4D","SEMA4D",43
"SEMA4D","SLA",44
"SEMA4D","SNTB2",45
"SEMA4D","TNFSF8",46
"SEMA4D","TYMS",47
"SEMA4D","WASF1",48
"SERPINA1","ANP32E",1
"SERPINA1","APITD1-CORT",2
"SERPINA1","ASF1B",3
"SERPINA1","ASPM",4
"SERPINA1","ATAD2",5
"SERPINA1","AURKA",6
"SERPINA1","AURKB",7
"SERPINA1","BIRC5",8
"SERPINA1","BTG1",9
"SERPINA1","BUB1",10
"SERPINA1","C4orf46",11
"SERPINA1","CCDC34",12
"SERPINA1","CCDC86",13
"SERPINA1","CCNA2",14
"SERPINA1","CCNB1",15
"SERPINA1","CCNE2",16
"SERPINA1","CDC6",17
"SERPINA1","CDCA2",18
"SERPINA1","CDCA3",19
"SERPINA1","CDCA5",20
"SERPINA1","CDKN3",21
"SERPINA1","CENPE",22
"SERPINA1","CENPF",23
"SERPINA1","CENPH",24
"SERPINA1","CENPV",25
"SERPINA1","CKAP2",26
"SERPINA1","CKAP2L",27
"SERPINA1","DEPDC1",28
"SERPINA1","DEPDC1B",29
"SERPINA1","DHX9",30
"SERPINA1","DSCC1",31
"SERPINA1","E2F7",32
"SERPINA1","ECT2",33
"SERPINA1","FAM72C",34
"SERPINA1","FCER1G",35
"SERPINA1","FCGR3B",36
"SERPINA1","FEN1",37
"SERPINA1","FGD2",38
"SERPINA1","FGL2",39
"SERPINA1","FGR",40
"SERPINA1","FH",41
"SERPINA1","GBP4",42
"SERPINA1","GGH",43
"SERPINA1","GINS1",44
"SERPINA1","GVINP1",45
"SERPINA1","HELLS",46
"SERPINA1","HJURP",47
"SERPINA1","IGH",48
"SERPINA1","IQGAP3",49
"SERPINA1","KIAA0101",50
"SERPINA1","KIF11",51
"SERPINA1","KIF18A",52
"SERPINA1","KIF23",53
"SERPINA1","KIF4A",54
"SERPINA1","LGALS3",55
"SERPINA1","LILRA1",56
"SERPINA1","LOC100996643",57
"SERPINA1","LYZ",58
"SERPINA1","MCM4",59
"SERPINA1","MCM7",60
"SERPINA1","MELK",61
"SERPINA1","MIR8071-1",62
"SERPINA1","MNDA",63
"SERPINA1","MS4A7",64
"SERPINA1","MTHFD2",65
"SERPINA1","NCAPH",66
"SERPINA1","NEAT1",67
"SERPINA1","NEK2",68
"SERPINA1","NUF2",69
"SERPINA1","NUSAP1",70
"SERPINA1","OIP5",71
"SERPINA1","PBK",72
"SERPINA1","PHF19",73
"SERPINA1","POLE2",74
"SERPINA1","PPBP",75
"SERPINA1","PPIF",76
"SERPINA1","PRPS2",77
"SERPINA1","RFC3",78
"SERPINA1","S100A8",79
"SERPINA1","SELENOI",80
"SERPINA1","SERPINA1",81
"SERPINA1","SKP2",82
"SERPINA1","SMAP2",83
"SERPINA1","SUV39H2",84
"SERPINA1","TIPIN",85
"SERPINA1","TMEM97",86
"SERPINA1","TPX2",87
"SERPINA1","TRIP13",88
"SERPINA1","TXNIP",89
"SERPINA1","UBE2C",90
"SERPINA1","WDHD1",91
"SERPINA1","WDR76",92
"SERPINB9","AKAP12",1
"SERPINB9","ANLN",2
"SERPINB9","ANP32E",3
"SERPINB9","APITD1-CORT",4
"SERPINB9","ASF1B",5
"SERPINB9","ATAD2",6
"SERPINB9","AURKA",7
"SERPINB9","AURKB",8
"SERPINB9","BCAT1",9
"SERPINB9","BCL10",10
"SERPINB9","BCL2L11",11
"SERPINB9","BIRC5",12
"SERPINB9","BMF",13
"SERPINB9","BRIP1",14
"SERPINB9","BTG1",15
"SERPINB9","BUB1",16
"SERPINB9","BUB1B",17
"SERPINB9","BYSL",18
"SERPINB9","C4orf46",19
"SERPINB9","CCDC34",20
"SERPINB9","CCDC86",21
"SERPINB9","CCNA2",22
"SERPINB9","CCNB1",23
"SERPINB9","CCNB2",24
"SERPINB9","CCNE2",25
"SERPINB9","CCR1",26
"SERPINB9","CD53",27
"SERPINB9","CDC42EP3",28
"SERPINB9","CDC45",29
"SERPINB9","CDC6",30
"SERPINB9","CDCA2",31
"SERPINB9","CDCA3",32
"SERPINB9","CDCA5",33
"SERPINB9","CDK1",34
"SERPINB9","CDKN3",35
"SERPINB9","CDT1",36
"SERPINB9","CENPA",37
"SERPINB9","CENPE",38
"SERPINB9","CENPF",39
"SERPINB9","CENPH",40
"SERPINB9","CENPK",41
"SERPINB9","CENPN",42
"SERPINB9","CENPU",43
"SERPINB9","CENPV",44
"SERPINB9","CEP55",45
"SERPINB9","CHEK1",46
"SERPINB9","CKAP2",47
"SERPINB9","CKAP2L",48
"SERPINB9","CKS1B",49
"SERPINB9","CLEC2B",50
"SERPINB9","CRNDE",51
"SERPINB9","DDIT4",52
"SERPINB9","DENND3",53
"SERPINB9","DEPDC1",54
"SERPINB9","DEPDC1B",55
"SERPINB9","DFNA5",56
"SERPINB9","DLGAP5",57
"SERPINB9","DPEP1",58
"SERPINB9","DSCC1",59
"SERPINB9","DTL",60
"SERPINB9","E2F7",61
"SERPINB9","E2F8",62
"SERPINB9","ECT2",63
"SERPINB9","EMP1",64
"SERPINB9","F13A1",65
"SERPINB9","FABP5",66
"SERPINB9","FAM72C",67
"SERPINB9","FANCI",68
"SERPINB9","FEN1",69
"SERPINB9","FGD2",70
"SERPINB9","FH",71
"SERPINB9","FOXM1",72
"SERPINB9","GBP4",73
"SERPINB9","GGH",74
"SERPINB9","GIMAP4",75
"SERPINB9","GIMAP7",76
"SERPINB9","GINS1",77
"SERPINB9","GSN",78
"SERPINB9","GVINP1",79
"SERPINB9","HELLS",80
"SERPINB9","HIST4H4",81
"SERPINB9","HJURP",82
"SERPINB9","HMMR",83
"SERPINB9","HRK",84
"SERPINB9","ID2",85
"SERPINB9","IFNGR1",86
"SERPINB9","IGH",87
"SERPINB9","IGLC1",88
"SERPINB9","IL18R1",89
"SERPINB9","IL1B",90
"SERPINB9","IL6ST",91
"SERPINB9","IQGAP3",92
"SERPINB9","IRAK3",93
"SERPINB9","ISG20",94
"SERPINB9","ITGAM",95
"SERPINB9","KIAA0101",96
"SERPINB9","KIF11",97
"SERPINB9","KIF14",98
"SERPINB9","KIF15",99
"SERPINB9","KIF18A",100
"SERPINB9","KIF18B",101
"SERPINB9","KIF20A",102
"SERPINB9","KIF23",103
"SERPINB9","KIF26A",104
"SERPINB9","KIF2C",105
"SERPINB9","KLF9",106
"SERPINB9","KNL1",107
"SERPINB9","LGALS3",108
"SERPINB9","LILRB2",109
"SERPINB9","LOC100996643",110
"SERPINB9","LYZ",111
"SERPINB9","MAD2L1",112
"SERPINB9","MCM10",113
"SERPINB9","MCM4",114
"SERPINB9","MCM7",115
"SERPINB9","MELK",116
"SERPINB9","METTL7A",117
"SERPINB9","MIR4683",118
"SERPINB9","MIR6845",119
"SERPINB9","MIR8071-1",120
"SERPINB9","MKI67",121
"SERPINB9","MS4A1",122
"SERPINB9","MS4A4A",123
"SERPINB9","MSH6",124
"SERPINB9","MTHFD2",125
"SERPINB9","MTSS1",126
"SERPINB9","NCAPG",127
"SERPINB9","NCAPH",128
"SERPINB9","NEAT1",129
"SERPINB9","NEDD9",130
"SERPINB9","NEK2",131
"SERPINB9","NME1",132
"SERPINB9","NPCDR1",133
"SERPINB9","NUF2",134
"SERPINB9","NUSAP1",135
"SERPINB9","OIP5",136
"SERPINB9","P2RY14",137
"SERPINB9","PAICS",138
"SERPINB9","PBK",139
"SERPINB9","PDE4B",140
"SERPINB9","PHF19",141
"SERPINB9","PIK3IP1",142
"SERPINB9","PLK4",143
"SERPINB9","POLE2",144
"SERPINB9","POLQ",145
"SERPINB9","PPIF",146
"SERPINB9","PRDM1",147
"SERPINB9","PRPS2",148
"SERPINB9","PRR11",149
"SERPINB9","PTTG1",150
"SERPINB9","RAB31",151
"SERPINB9","RAD51AP1",152
"SERPINB9","RASSF4",153
"SERPINB9","RBM14",154
"SERPINB9","RBMS3",155
"SERPINB9","RFC3",156
"SERPINB9","RHOBTB3",157
"SERPINB9","RNASET2",158
"SERPINB9","RPS6KA2",159
"SERPINB9","RRM2",160
"SERPINB9","SCML4",161
"SERPINB9","SELENOI",162
"SERPINB9","SERPINB9",163
"SERPINB9","SKP2",164
"SERPINB9","SMAP2",165
"SERPINB9","SMC2",166
"SERPINB9","SMIM3",167
"SERPINB9","SOS1",168
"SERPINB9","SQLE",169
"SERPINB9","STAB1",170
"SERPINB9","STIL",171
"SERPINB9","SUV39H2",172
"SERPINB9","TARSL2",173
"SERPINB9","TBXA2R",174
"SERPINB9","TCF19",175
"SERPINB9","TIMELESS",176
"SERPINB9","TIPIN",177
"SERPINB9","TMEM2",178
"SERPINB9","TMEM97",179
"SERPINB9","TNFRSF21",180
"SERPINB9","TPX2",181
"SERPINB9","TRIP13",182
"SERPINB9","TTK",183
"SERPINB9","TXNIP",184
"SERPINB9","UBE2C",185
"SERPINB9","UBE2T",186
"SERPINB9","WDHD1",187
"SERPINB9","ZBTB16",188
"SERPINB9","ZFP36L2",189
"SERPINB9","ZNF367",190
"SERPINB9","ZWINT",191
"SESN1","ABHD17B",1
"SESN1","ANLN",2
"SESN1","ASPM",3
"SESN1","ATAD2",4
"SESN1","AURKB",5
"SESN1","BIRC5",6
"SESN1","BRCA1",7
"SESN1","BRIP1",8
"SESN1","BUB1",9
"SESN1","BUB1B",10
"SESN1","C4orf46",11
"SESN1","CCNA2",12
"SESN1","CCNB1",13
"SESN1","CCNB2",14
"SESN1","CDC20",15
"SESN1","CDC42EP3",16
"SESN1","CDC45",17
"SESN1","CDCA5",18
"SESN1","CDK1",19
"SESN1","CDT1",20
"SESN1","CENPA",21
"SESN1","CENPF",22
"SESN1","CENPH",23
"SESN1","CENPK",24
"SESN1","CENPN",25
"SESN1","CENPW",26
"SESN1","CEP55",27
"SESN1","CHEK1",28
"SESN1","CKAP2L",29
"SESN1","CKS1B",30
"SESN1","CLEC2B",31
"SESN1","CRNDE",32
"SESN1","DDIT4",33
"SESN1","DHFR",34
"SESN1","DHX9",35
"SESN1","DLGAP5",36
"SESN1","DSCC1",37
"SESN1","DTL",38
"SESN1","ECT2",39
"SESN1","FANCI",40
"SESN1","FCER1G",41
"SESN1","FCGR3B",42
"SESN1","FEN1",43
"SESN1","FGL2",44
"SESN1","FKBP5",45
"SESN1","FOXM1",46
"SESN1","GBP4",47
"SESN1","GGH",48
"SESN1","GINS1",49
"SESN1","GINS2",50
"SESN1","HELLS",51
"SESN1","HIST4H4",52
"SESN1","HMMR",53
"SESN1","ID2",54
"SESN1","IQGAP3",55
"SESN1","ISG20",56
"SESN1","KIAA0101",57
"SESN1","KIF11",58
"SESN1","KIF14",59
"SESN1","KIF15",60
"SESN1","KIF18A",61
"SESN1","KIF18B",62
"SESN1","KIF20A",63
"SESN1","KIF2C",64
"SESN1","KIF4A",65
"SESN1","KNL1",66
"SESN1","LOC100505650",67
"SESN1","MAD2L1",68
"SESN1","MCM10",69
"SESN1","MCM4",70
"SESN1","MCM7",71
"SESN1","MDK",72
"SESN1","MELK",73
"SESN1","METTL7A",74
"SESN1","MKI67",75
"SESN1","MND1",76
"SESN1","MNDA",77
"SESN1","NCAPG",78
"SESN1","NEK2",79
"SESN1","NUF2",80
"SESN1","NUSAP1",81
"SESN1","OIP5",82
"SESN1","P2RY14",83
"SESN1","PAICS",84
"SESN1","PCNA",85
"SESN1","PHF19",86
"SESN1","PIK3IP1",87
"SESN1","PLK4",88
"SESN1","POLE2",89
"SESN1","POLQ",90
"SESN1","PPBP",91
"SESN1","PRR11",92
"SESN1","RAB31",93
"SESN1","RAD51",94
"SESN1","RMI2",95
"SESN1","RRM2",96
"SESN1","SCML4",97
"SESN1","SELENOI",98
"SESN1","SESN1",99
"SESN1","SHCBP1",100
"SESN1","SMAP2",101
"SESN1","SMC2",102
"SESN1","SNORA21",103
"SESN1","STIL",104
"SESN1","TARSL2",105
"SESN1","TBXA2R",106
"SESN1","TCF19",107
"SESN1","TENM4",108
"SESN1","TIPIN",109
"SESN1","TK1",110
"SESN1","TMEM97",111
"SESN1","TOP2A",112
"SESN1","TPX2",113
"SESN1","TRIP13",114
"SESN1","TTK",115
"SESN1","UBE2T",116
"SESN1","WDHD1",117
"SESN1","WDR76",118
"SESN1","ZNF367",119
"SESN1","ZWINT",120
"SHCBP1","ANLN",1
"SHCBP1","ANP32E",2
"SHCBP1","APITD1-CORT",3
"SHCBP1","ASF1B",4
"SHCBP1","ASPM",5
"SHCBP1","ATAD2",6
"SHCBP1","AURKA",7
"SHCBP1","AURKB",8
"SHCBP1","BCAT1",9
"SHCBP1","BCL2L11",10
"SHCBP1","BIRC5",11
"SHCBP1","BMF",12
"SHCBP1","BRCA1",13
"SHCBP1","BRIP1",14
"SHCBP1","BTG1",15
"SHCBP1","BUB1",16
"SHCBP1","BUB1B",17
"SHCBP1","BYSL",18
"SHCBP1","C4orf46",19
"SHCBP1","C5orf24",20
"SHCBP1","CCDC34",21
"SHCBP1","CCDC86",22
"SHCBP1","CCNA2",23
"SHCBP1","CCNB1",24
"SHCBP1","CCNB2",25
"SHCBP1","CCNE2",26
"SHCBP1","CCNL1",27
"SHCBP1","CD53",28
"SHCBP1","CDC20",29
"SHCBP1","CDC42EP3",30
"SHCBP1","CDC45",31
"SHCBP1","CDC6",32
"SHCBP1","CDCA2",33
"SHCBP1","CDCA3",34
"SHCBP1","CDCA5",35
"SHCBP1","CDK1",36
"SHCBP1","CDKN3",37
"SHCBP1","CDT1",38
"SHCBP1","CELF2",39
"SHCBP1","CENPA",40
"SHCBP1","CENPE",41
"SHCBP1","CENPF",42
"SHCBP1","CENPH",43
"SHCBP1","CENPK",44
"SHCBP1","CENPN",45
"SHCBP1","CENPU",46
"SHCBP1","CENPV",47
"SHCBP1","CENPW",48
"SHCBP1","CEP55",49
"SHCBP1","CHEK1",50
"SHCBP1","CKAP2",51
"SHCBP1","CKAP2L",52
"SHCBP1","CKS1B",53
"SHCBP1","CLEC2B",54
"SHCBP1","CRNDE",55
"SHCBP1","DEFA1",56
"SHCBP1","DENND3",57
"SHCBP1","DEPDC1",58
"SHCBP1","DEPDC1B",59
"SHCBP1","DFNA5",60
"SHCBP1","DHFR",61
"SHCBP1","DHX9",62
"SHCBP1","DLGAP5",63
"SHCBP1","DPEP1",64
"SHCBP1","DSCC1",65
"SHCBP1","DTL",66
"SHCBP1","E2F7",67
"SHCBP1","E2F8",68
"SHCBP1","ECT2",69
"SHCBP1","EGR1",70
"SHCBP1","FABP5",71
"SHCBP1","FAM72C",72
"SHCBP1","FANCI",73
"SHCBP1","FCER1G",74
"SHCBP1","FEN1",75
"SHCBP1","FGR",76
"SHCBP1","FH",77
"SHCBP1","FOXM1",78
"SHCBP1","FUS",79
"SHCBP1","GBP4",80
"SHCBP1","GGH",81
"SHCBP1","GIMAP4",82
"SHCBP1","GIMAP7",83
"SHCBP1","GINS1",84
"SHCBP1","GINS2",85
"SHCBP1","GVINP1",86
"SHCBP1","HBB",87
"SHCBP1","HBG1",88
"SHCBP1","HELLS",89
"SHCBP1","HIST4H4",90
"SHCBP1","HJURP",91
"SHCBP1","HMMR",92
"SHCBP1","HSP90AB1",93
"SHCBP1","ID2",94
"SHCBP1","IFNGR1",95
"SHCBP1","IGH",96
"SHCBP1","IGLC1",97
"SHCBP1","IL18R1",98
"SHCBP1","IQGAP3",99
"SHCBP1","IRAK3",100
"SHCBP1","ISG20",101
"SHCBP1","KIAA0101",102
"SHCBP1","KIF11",103
"SHCBP1","KIF14",104
"SHCBP1","KIF15",105
"SHCBP1","KIF18A",106
"SHCBP1","KIF18B",107
"SHCBP1","KIF20A",108
"SHCBP1","KIF23",109
"SHCBP1","KIF2C",110
"SHCBP1","KIF4A",111
"SHCBP1","KNL1",112
"SHCBP1","LILRB2",113
"SHCBP1","LOC100996643",114
"SHCBP1","LYZ",115
"SHCBP1","MAD2L1",116
"SHCBP1","MCM10",117
"SHCBP1","MCM4",118
"SHCBP1","MCM5",119
"SHCBP1","MCM7",120
"SHCBP1","MDK",121
"SHCBP1","MELK",122
"SHCBP1","MIR6845",123
"SHCBP1","MIR8071-1",124
"SHCBP1","MKI67",125
"SHCBP1","MND1",126
"SHCBP1","MPV17L",127
"SHCBP1","MS4A1",128
"SHCBP1","MS4A4A",129
"SHCBP1","MS4A7",130
"SHCBP1","MTHFD2",131
"SHCBP1","MTSS1",132
"SHCBP1","NCAPG",133
"SHCBP1","NCAPH",134
"SHCBP1","NEAT1",135
"SHCBP1","NEDD9",136
"SHCBP1","NEK2",137
"SHCBP1","NME1",138
"SHCBP1","NPCDR1",139
"SHCBP1","NUF2",140
"SHCBP1","NUSAP1",141
"SHCBP1","OIP5",142
"SHCBP1","P2RY14",143
"SHCBP1","PAICS",144
"SHCBP1","PBK",145
"SHCBP1","PCNA",146
"SHCBP1","PDE4B",147
"SHCBP1","PHF19",148
"SHCBP1","PIK3IP1",149
"SHCBP1","PLK4",150
"SHCBP1","POLE2",151
"SHCBP1","POLQ",152
"SHCBP1","PPIF",153
"SHCBP1","PPP1R16B",154
"SHCBP1","PRR11",155
"SHCBP1","PSPH",156
"SHCBP1","PTP4A1",157
"SHCBP1","PTTG1",158
"SHCBP1","RAD51",159
"SHCBP1","RAD51AP1",160
"SHCBP1","RBM14",161
"SHCBP1","RFC3",162
"SHCBP1","RMI2",163
"SHCBP1","RNASET2",164
"SHCBP1","RRM2",165
"SHCBP1","S100A8",166
"SHCBP1","SCML4",167
"SHCBP1","SELENOI",168
"SHCBP1","SERPINA1",169
"SHCBP1","SERPINB9",170
"SHCBP1","SESN1",171
"SHCBP1","SHCBP1",172
"SHCBP1","SIK1",173
"SHCBP1","SKP2",174
"SHCBP1","SLC22A23",175
"SHCBP1","SMAP2",176
"SHCBP1","SMC2",177
"SHCBP1","SNX29P2",178
"SHCBP1","SOS1",179
"SHCBP1","SQLE",180
"SHCBP1","STIL",181
"SHCBP1","SUV39H2",182
"SHCBP1","TARSL2",183
"SHCBP1","TBXA2R",184
"SHCBP1","TCF19",185
"SHCBP1","TENM4",186
"SHCBP1","TIMELESS",187
"SHCBP1","TIPIN",188
"SHCBP1","TK1",189
"SHCBP1","TMEM97",190
"SHCBP1","TNFRSF21",191
"SHCBP1","TOP2A",192
"SHCBP1","TPX2",193
"SHCBP1","TRIP13",194
"SHCBP1","TTK",195
"SHCBP1","TXNIP",196
"SHCBP1","TYMS",197
"SHCBP1","UBE2C",198
"SHCBP1","UBE2T",199
"SHCBP1","WDHD1",200
"SHCBP1","WDR76",201
"SHCBP1","ZNF367",202
"SHCBP1","ZWINT",203
"SIK1","AKAP12",1
"SIK1","ANLN",2
"SIK1","APITD1-CORT",3
"SIK1","ARRDC3",4
"SIK1","ASF1B",5
"SIK1","ATAD2",6
"SIK1","AURKA",7
"SIK1","AURKB",8
"SIK1","B3GNT2",9
"SIK1","BCL2L11",10
"SIK1","BIRC3",11
"SIK1","BIRC5",12
"SIK1","BMF",13
"SIK1","BRIP1",14
"SIK1","BTG1",15
"SIK1","BTNL9",16
"SIK1","BUB1",17
"SIK1","C5orf24",18
"SIK1","CCDC34",19
"SIK1","CCNA2",20
"SIK1","CCNB2",21
"SIK1","CCNE2",22
"SIK1","CD53",23
"SIK1","CDC45",24
"SIK1","CDC6",25
"SIK1","CDCA2",26
"SIK1","CDCA3",27
"SIK1","CDCA5",28
"SIK1","CDKN3",29
"SIK1","CENPA",30
"SIK1","CENPE",31
"SIK1","CENPH",32
"SIK1","CENPK",33
"SIK1","CENPU",34
"SIK1","CENPV",35
"SIK1","CEP55",36
"SIK1","CHEK1",37
"SIK1","CKAP2",38
"SIK1","CLN8",39
"SIK1","CPM",40
"SIK1","DENND3",41
"SIK1","DEPDC1",42
"SIK1","DLGAP5",43
"SIK1","DPEP1",44
"SIK1","DSCC1",45
"SIK1","E2F7",46
"SIK1","ECT2",47
"SIK1","EMP1",48
"SIK1","FAM72C",49
"SIK1","FANCI",50
"SIK1","FEN1",51
"SIK1","FGR",52
"SIK1","FOXM1",53
"SIK1","GBP4",54
"SIK1","GINS1",55
"SIK1","GSN",56
"SIK1","HBG1",57
"SIK1","HELLS",58
"SIK1","HJURP",59
"SIK1","HRK",60
"SIK1","ID3",61
"SIK1","IFNGR1",62
"SIK1","IGLL1",63
"SIK1","IL1B",64
"SIK1","IL27RA",65
"SIK1","IL6ST",66
"SIK1","IRAK3",67
"SIK1","ISG20",68
"SIK1","ITGB2-AS1",69
"SIK1","KIAA0101",70
"SIK1","KIF18A",71
"SIK1","KIF18B",72
"SIK1","KIF23",73
"SIK1","KIF26A",74
"SIK1","KIF2C",75
"SIK1","LILRB2",76
"SIK1","LOC100130872",77
"SIK1","LOC285097",78
"SIK1","MAD2L1",79
"SIK1","MCM4",80
"SIK1","MELK",81
"SIK1","METTL7A",82
"SIK1","MIR4683",83
"SIK1","MIR6845",84
"SIK1","MS4A1",85
"SIK1","MSH6",86
"SIK1","MTSS1",87
"SIK1","MYRIP",88
"SIK1","NCAPG",89
"SIK1","NCAPH",90
"SIK1","NPCDR1",91
"SIK1","OIP5",92
"SIK1","P2RX5",93
"SIK1","P2RY14",94
"SIK1","PBK",95
"SIK1","PDE4B",96
"SIK1","PHF19",97
"SIK1","POLE2",98
"SIK1","POU4F1",99
"SIK1","PPIF",100
"SIK1","PTP4A1",101
"SIK1","RAG1",102
"SIK1","RAG2",103
"SIK1","RBMS3",104
"SIK1","RNASET2",105
"SIK1","RPS6KA2",106
"SIK1","S100A11",107
"SIK1","SCML4",108
"SIK1","SEMA4D",109
"SIK1","SERPINB9",110
"SIK1","SIK1",111
"SIK1","SKP2",112
"SIK1","SLA",113
"SIK1","SMAP2",114
"SIK1","SMIM3",115
"SIK1","SNX10",116
"SIK1","SOS1",117
"SIK1","SQLE",118
"SIK1","STIL",119
"SIK1","SUV39H2",120
"SIK1","TARSL2",121
"SIK1","TBXA2R",122
"SIK1","TIPIN",123
"SIK1","TMEM2",124
"SIK1","TNFSF8",125
"SIK1","TPX2",126
"SIK1","TRIP13",127
"SIK1","TTK",128
"SIK1","UBE2C",129
"SIK1","UBE2T",130
"SIK1","WASF1",131
"SIK1","WFS1",132
"SKP2","ANLN",1
"SKP2","ANP32E",2
"SKP2","APITD1-CORT",3
"SKP2","ARPP21",4
"SKP2","ASF1B",5
"SKP2","ASPM",6
"SKP2","ATAD2",7
"SKP2","AURKA",8
"SKP2","AURKB",9
"SKP2","B3GNT2",10
"SKP2","BCAT1",11
"SKP2","BCL2L11",12
"SKP2","BIRC5",13
"SKP2","BMF",14
"SKP2","BRCA1",15
"SKP2","BRIP1",16
"SKP2","BTG1",17
"SKP2","BUB1",18
"SKP2","BUB1B",19
"SKP2","BYSL",20
"SKP2","C4orf46",21
"SKP2","CCDC34",22
"SKP2","CCDC86",23
"SKP2","CCNA2",24
"SKP2","CCNB1",25
"SKP2","CCNB2",26
"SKP2","CCNE2",27
"SKP2","CCNL1",28
"SKP2","CCR1",29
"SKP2","CD53",30
"SKP2","CDC20",31
"SKP2","CDC42EP3",32
"SKP2","CDC45",33
"SKP2","CDC6",34
"SKP2","CDCA2",35
"SKP2","CDCA3",36
"SKP2","CDCA5",37
"SKP2","CDK1",38
"SKP2","CDK6",39
"SKP2","CDKN3",40
"SKP2","CDT1",41
"SKP2","CELF2",42
"SKP2","CENPA",43
"SKP2","CENPE",44
"SKP2","CENPF",45
"SKP2","CENPH",46
"SKP2","CENPK",47
"SKP2","CENPN",48
"SKP2","CENPU",49
"SKP2","CENPV",50
"SKP2","CENPW",51
"SKP2","CEP55",52
"SKP2","CHEK1",53
"SKP2","CKAP2",54
"SKP2","CKAP2L",55
"SKP2","CKS1B",56
"SKP2","CLEC2B",57
"SKP2","CPM",58
"SKP2","CRNDE",59
"SKP2","DEFA1",60
"SKP2","DENND3",61
"SKP2","DEPDC1",62
"SKP2","DEPDC1B",63
"SKP2","DFNA5",64
"SKP2","DHFR",65
"SKP2","DHX9",66
"SKP2","DLGAP5",67
"SKP2","DPEP1",68
"SKP2","DSCC1",69
"SKP2","DTL",70
"SKP2","E2F7",71
"SKP2","E2F8",72
"SKP2","ECT2",73
"SKP2","EGR1",74
"SKP2","EMP1",75
"SKP2","FAM72C",76
"SKP2","FANCI",77
"SKP2","FCER1G",78
"SKP2","FCGR3B",79
"SKP2","FEN1",80
"SKP2","FGD2",81
"SKP2","FGR",82
"SKP2","FH",83
"SKP2","FOXM1",84
"SKP2","FUS",85
"SKP2","GBP4",86
"SKP2","GGH",87
"SKP2","GIMAP4",88
"SKP2","GIMAP7",89
"SKP2","GINS1",90
"SKP2","GINS2",91
"SKP2","GSN",92
"SKP2","HBB",93
"SKP2","HBG1",94
"SKP2","HELLS",95
"SKP2","HIST4H4",96
"SKP2","HJURP",97
"SKP2","HMMR",98
"SKP2","HRK",99
"SKP2","ID2",100
"SKP2","IFNGR1",101
"SKP2","IGH",102
"SKP2","IGLC1",103
"SKP2","IL1B",104
"SKP2","IL6ST",105
"SKP2","IQGAP3",106
"SKP2","IRAK3",107
"SKP2","ISG20",108
"SKP2","ITGAM",109
"SKP2","KIAA0101",110
"SKP2","KIF11",111
"SKP2","KIF14",112
"SKP2","KIF15",113
"SKP2","KIF18A",114
"SKP2","KIF18B",115
"SKP2","KIF20A",116
"SKP2","KIF23",117
"SKP2","KIF2C",118
"SKP2","KIF4A",119
"SKP2","KNL1",120
"SKP2","LILRB2",121
"SKP2","LOC100996643",122
"SKP2","LY96",123
"SKP2","LYZ",124
"SKP2","MAD2L1",125
"SKP2","MCM10",126
"SKP2","MCM4",127
"SKP2","MCM5",128
"SKP2","MCM7",129
"SKP2","MDK",130
"SKP2","MELK",131
"SKP2","METTL7A",132
"SKP2","MIR4683",133
"SKP2","MIR6845",134
"SKP2","MIR8071-1",135
"SKP2","MKI67",136
"SKP2","MND1",137
"SKP2","MS4A1",138
"SKP2","MS4A4A",139
"SKP2","MS4A7",140
"SKP2","MTHFD2",141
"SKP2","MTSS1",142
"SKP2","NCAPG",143
"SKP2","NCAPH",144
"SKP2","NEAT1",145
"SKP2","NEDD9",146
"SKP2","NEK2",147
"SKP2","NME1",148
"SKP2","NPCDR1",149
"SKP2","NUF2",150
"SKP2","NUSAP1",151
"SKP2","OIP5",152
"SKP2","P2RY14",153
"SKP2","PAICS",154
"SKP2","PBK",155
"SKP2","PCNA",156
"SKP2","PDE4B",157
"SKP2","PHF19",158
"SKP2","PIK3IP1",159
"SKP2","PLK4",160
"SKP2","POLE2",161
"SKP2","POLQ",162
"SKP2","POU4F1",163
"SKP2","PPIF",164
"SKP2","PPP1R16B",165
"SKP2","PRR11",166
"SKP2","PSPH",167
"SKP2","PTP4A1",168
"SKP2","PTTG1",169
"SKP2","RAD51",170
"SKP2","RAD51AP1",171
"SKP2","RBM14",172
"SKP2","RBMS3",173
"SKP2","RCC1",174
"SKP2","RFC3",175
"SKP2","RHOBTB3",176
"SKP2","RMI2",177
"SKP2","RNASET2",178
"SKP2","RRM2",179
"SKP2","S100A8",180
"SKP2","SCML4",181
"SKP2","SELENOI",182
"SKP2","SERPINA1",183
"SKP2","SERPINB9",184
"SKP2","SESN1",185
"SKP2","SHCBP1",186
"SKP2","SIK1",187
"SKP2","SKP2",188
"SKP2","SLC22A23",189
"SKP2","SMAP2",190
"SKP2","SMC2",191
"SKP2","SNORA21",192
"SKP2","SOS1",193
"SKP2","SQLE",194
"SKP2","STIL",195
"SKP2","SUV39H2",196
"SKP2","TARSL2",197
"SKP2","TBXA2R",198
"SKP2","TCF19",199
"SKP2","TIMELESS",200
"SKP2","TIPIN",201
"SKP2","TK1",202
"SKP2","TMEM97",203
"SKP2","TNFRSF21",204
"SKP2","TOP2A",205
"SKP2","TPX2",206
"SKP2","TRIP13",207
"SKP2","TTK",208
"SKP2","TXNIP",209
"SKP2","TYMS",210
"SKP2","UBE2C",211
"SKP2","UBE2T",212
"SKP2","WDHD1",213
"SKP2","WDR76",214
"SKP2","ZFP36L2",215
"SKP2","ZNF367",216
"SKP2","ZWINT",217
"SLA","AKAP12",1
"SLA","BIRC3",2
"SLA","HBG1",3
"SLA","IGLL1",4
"SLA","ITGB2-AS1",5
"SLA","ITPKB",6
"SLA","KCNK12",7
"SLA","MSH6",8
"SLA","RAG1",9
"SLA","S100A11",10
"SLA","SLA",11
"SLA","SNX10",12
"SLA","TMEM2",13
"SLA","TNFSF8",14
"SLA","ZFP36L2",15
"SLC22A23","APITD1-CORT",1
"SLC22A23","ASF1B",2
"SLC22A23","ATAD2",3
"SLC22A23","AURKA",4
"SLC22A23","AURKB",5
"SLC22A23","BIRC5",6
"SLC22A23","BTG1",7
"SLC22A23","BUB1",8
"SLC22A23","CCDC34",9
"SLC22A23","CCNA2",10
"SLC22A23","CCNE2",11
"SLC22A23","CDC6",12
"SLC22A23","CDCA2",13
"SLC22A23","CDCA3",14
"SLC22A23","CDCA5",15
"SLC22A23","CDKN3",16
"SLC22A23","CENPE",17
"SLC22A23","CENPH",18
"SLC22A23","CENPK",19
"SLC22A23","CKAP2",20
"SLC22A23","DEPDC1",21
"SLC22A23","DSCC1",22
"SLC22A23","ECT2",23
"SLC22A23","EGR1",24
"SLC22A23","FAM72C",25
"SLC22A23","FCER1G",26
"SLC22A23","FCGR3B",27
"SLC22A23","FEN1",28
"SLC22A23","FGD2",29
"SLC22A23","FGL2",30
"SLC22A23","GINS1",31
"SLC22A23","HJURP",32
"SLC22A23","HRK",33
"SLC22A23","IGH",34
"SLC22A23","IGLC1",35
"SLC22A23","IL18RAP",36
"SLC22A23","ISG20",37
"SLC22A23","KIAA0101",38
"SLC22A23","KIF18A",39
"SLC22A23","KIF23",40
"SLC22A23","LY96",41
"SLC22A23","MCM4",42
"SLC22A23","MELK",43
"SLC22A23","METTL7A",44
"SLC22A23","MIR8071-1",45
"SLC22A23","MS4A1",46
"SLC22A23","MS4A4A",47
"SLC22A23","MS4A7",48
"SLC22A23","NCAPH",49
"SLC22A23","OIP5",50
"SLC22A23","PBK",51
"SLC22A23","PHF19",52
"SLC22A23","POLE2",53
"SLC22A23","PTTG1",54
"SLC22A23","SCML4",55
"SLC22A23","SERPINA1",56
"SLC22A23","SKP2",57
"SLC22A23","SLC22A23",58
"SLC22A23","SUV39H2",59
"SLC22A23","TIPIN",60
"SLC22A23","TMEM2",61
"SLC22A23","TPX2",62
"SLC22A23","TRIP13",63
"SLC22A23","UBE2C",64
"SLC22A23","WFS1",65
"SMAP2","ANLN",1
"SMAP2","ANP32E",2
"SMAP2","APITD1-CORT",3
"SMAP2","ASF1B",4
"SMAP2","ASPM",5
"SMAP2","ATAD2",6
"SMAP2","AURKA",7
"SMAP2","AURKB",8
"SMAP2","BCAT1",9
"SMAP2","BCL2L11",10
"SMAP2","BIRC5",11
"SMAP2","BMF",12
"SMAP2","BRCA1",13
"SMAP2","BRIP1",14
"SMAP2","BTG1",15
"SMAP2","BUB1",16
"SMAP2","BUB1B",17
"SMAP2","BYSL",18
"SMAP2","C4orf46",19
"SMAP2","CCDC34",20
"SMAP2","CCDC86",21
"SMAP2","CCNA2",22
"SMAP2","CCNB1",23
"SMAP2","CCNB2",24
"SMAP2","CCNE2",25
"SMAP2","CCR1",26
"SMAP2","CD53",27
"SMAP2","CDC20",28
"SMAP2","CDC42EP3",29
"SMAP2","CDC45",30
"SMAP2","CDC6",31
"SMAP2","CDCA2",32
"SMAP2","CDCA3",33
"SMAP2","CDCA5",34
"SMAP2","CDK1",35
"SMAP2","CDKN3",36
"SMAP2","CDT1",37
"SMAP2","CELF2",38
"SMAP2","CENPA",39
"SMAP2","CENPE",40
"SMAP2","CENPF",41
"SMAP2","CENPH",42
"SMAP2","CENPK",43
"SMAP2","CENPN",44
"SMAP2","CENPU",45
"SMAP2","CENPV",46
"SMAP2","CENPW",47
"SMAP2","CEP55",48
"SMAP2","CHEK1",49
"SMAP2","CKAP2",50
"SMAP2","CKAP2L",51
"SMAP2","CKS1B",52
"SMAP2","CLEC2B",53
"SMAP2","DDIT4",54
"SMAP2","DENND3",55
"SMAP2","DEPDC1",56
"SMAP2","DEPDC1B",57
"SMAP2","DFNA5",58
"SMAP2","DHFR",59
"SMAP2","DLGAP5",60
"SMAP2","DPEP1",61
"SMAP2","DSCC1",62
"SMAP2","DTL",63
"SMAP2","E2F7",64
"SMAP2","E2F8",65
"SMAP2","ECT2",66
"SMAP2","FABP5",67
"SMAP2","FAM72C",68
"SMAP2","FANCI",69
"SMAP2","FCGR3B",70
"SMAP2","FEN1",71
"SMAP2","FGD2",72
"SMAP2","FH",73
"SMAP2","FOXM1",74
"SMAP2","GBP4",75
"SMAP2","GGH",76
"SMAP2","GIMAP4",77
"SMAP2","GIMAP7",78
"SMAP2","GINS1",79
"SMAP2","GINS2",80
"SMAP2","GSN",81
"SMAP2","GVINP1",82
"SMAP2","HELLS",83
"SMAP2","HIST4H4",84
"SMAP2","HJURP",85
"SMAP2","HMMR",86
"SMAP2","HRK",87
"SMAP2","ID2",88
"SMAP2","IFNGR1",89
"SMAP2","IL1B",90
"SMAP2","IL6ST",91
"SMAP2","IQGAP3",92
"SMAP2","IRAK3",93
"SMAP2","ISG20",94
"SMAP2","ITGAM",95
"SMAP2","KIAA0101",96
"SMAP2","KIF11",97
"SMAP2","KIF14",98
"SMAP2","KIF15",99
"SMAP2","KIF18A",100
"SMAP2","KIF18B",101
"SMAP2","KIF20A",102
"SMAP2","KIF23",103
"SMAP2","KIF2C",104
"SMAP2","KIF4A",105
"SMAP2","KNL1",106
"SMAP2","LILRB2",107
"SMAP2","LOC100996643",108
"SMAP2","LYZ",109
"SMAP2","MAD2L1",110
"SMAP2","MCM10",111
"SMAP2","MCM4",112
"SMAP2","MCM5",113
"SMAP2","MCM7",114
"SMAP2","MELK",115
"SMAP2","METTL7A",116
"SMAP2","MIR4683",117
"SMAP2","MIR6845",118
"SMAP2","MIR8071-1",119
"SMAP2","MKI67",120
"SMAP2","MND1",121
"SMAP2","MS4A1",122
"SMAP2","MS4A4A",123
"SMAP2","MTHFD2",124
"SMAP2","MTSS1",125
"SMAP2","NCAPG",126
"SMAP2","NCAPH",127
"SMAP2","NEAT1",128
"SMAP2","NEK2",129
"SMAP2","NME1",130
"SMAP2","NPCDR1",131
"SMAP2","NUF2",132
"SMAP2","NUSAP1",133
"SMAP2","OIP5",134
"SMAP2","P2RY14",135
"SMAP2","PAICS",136
"SMAP2","PBK",137
"SMAP2","PCNA",138
"SMAP2","PDE4B",139
"SMAP2","PFKFB2",140
"SMAP2","PHF19",141
"SMAP2","PIK3IP1",142
"SMAP2","PLK4",143
"SMAP2","POLE2",144
"SMAP2","POLQ",145
"SMAP2","PPIF",146
"SMAP2","PRPS2",147
"SMAP2","PRR11",148
"SMAP2","PTP4A1",149
"SMAP2","PTTG1",150
"SMAP2","RAD51",151
"SMAP2","RAD51AP1",152
"SMAP2","RBM14",153
"SMAP2","RBMS3",154
"SMAP2","RCC1",155
"SMAP2","RFC3",156
"SMAP2","RNASET2",157
"SMAP2","RRM2",158
"SMAP2","S100A8",159
"SMAP2","SELENOI",160
"SMAP2","SERPINB9",161
"SMAP2","SHCBP1",162
"SMAP2","SKP2",163
"SMAP2","SMAP2",164
"SMAP2","SMC2",165
"SMAP2","SOS1",166
"SMAP2","SQLE",167
"SMAP2","STIL",168
"SMAP2","SUV39H2",169
"SMAP2","TARSL2",170
"SMAP2","TBXA2R",171
"SMAP2","TCF19",172
"SMAP2","TIMELESS",173
"SMAP2","TIPIN",174
"SMAP2","TK1",175
"SMAP2","TMEM97",176
"SMAP2","TNFRSF21",177
"SMAP2","TOP2A",178
"SMAP2","TPX2",179
"SMAP2","TRIP13",180
"SMAP2","TTK",181
"SMAP2","TXNIP",182
"SMAP2","UBE2C",183
"SMAP2","UBE2T",184
"SMAP2","WDHD1",185
"SMAP2","WDR76",186
"SMAP2","ZFP36L2",187
"SMAP2","ZNF367",188
"SMAP2","ZWINT",189
"SMC2","ANLN",1
"SMC2","ANP32E",2
"SMC2","APITD1-CORT",3
"SMC2","ASF1B",4
"SMC2","ASPM",5
"SMC2","ATAD2",6
"SMC2","AURKA",7
"SMC2","AURKB",8
"SMC2","BCAT1",9
"SMC2","BCL2L11",10
"SMC2","BIRC5",11
"SMC2","BMF",12
"SMC2","BRCA1",13
"SMC2","BRIP1",14
"SMC2","BTG1",15
"SMC2","BUB1",16
"SMC2","BUB1B",17
"SMC2","BYSL",18
"SMC2","C4orf46",19
"SMC2","CCDC34",20
"SMC2","CCDC86",21
"SMC2","CCNA2",22
"SMC2","CCNB1",23
"SMC2","CCNB2",24
"SMC2","CCNE2",25
"SMC2","CCNL1",26
"SMC2","CD53",27
"SMC2","CDC20",28
"SMC2","CDC42EP3",29
"SMC2","CDC45",30
"SMC2","CDC6",31
"SMC2","CDCA2",32
"SMC2","CDCA3",33
"SMC2","CDCA5",34
"SMC2","CDK1",35
"SMC2","CDKN3",36
"SMC2","CDT1",37
"SMC2","CELF2",38
"SMC2","CENPA",39
"SMC2","CENPE",40
"SMC2","CENPF",41
"SMC2","CENPH",42
"SMC2","CENPK",43
"SMC2","CENPN",44
"SMC2","CENPU",45
"SMC2","CENPV",46
"SMC2","CENPW",47
"SMC2","CEP55",48
"SMC2","CHEK1",49
"SMC2","CKAP2",50
"SMC2","CKAP2L",51
"SMC2","CKS1B",52
"SMC2","CLEC2B",53
"SMC2","CPM",54
"SMC2","CRNDE",55
"SMC2","DEFA1",56
"SMC2","DENND3",57
"SMC2","DEPDC1",58
"SMC2","DEPDC1B",59
"SMC2","DFNA5",60
"SMC2","DHFR",61
"SMC2","DHX9",62
"SMC2","DLGAP5",63
"SMC2","DPEP1",64
"SMC2","DSCC1",65
"SMC2","DTL",66
"SMC2","E2F7",67
"SMC2","E2F8",68
"SMC2","ECT2",69
"SMC2","EGR1",70
"SMC2","FABP5",71
"SMC2","FAM72C",72
"SMC2","FANCI",73
"SMC2","FCER1G",74
"SMC2","FCGR3B",75
"SMC2","FEN1",76
"SMC2","FGD2",77
"SMC2","FGR",78
"SMC2","FH",79
"SMC2","FOXM1",80
"SMC2","FUS",81
"SMC2","GBP4",82
"SMC2","GGH",83
"SMC2","GIMAP4",84
"SMC2","GIMAP7",85
"SMC2","GINS1",86
"SMC2","GINS2",87
"SMC2","GVINP1",88
"SMC2","HBB",89
"SMC2","HBG1",90
"SMC2","HELLS",91
"SMC2","HIST4H4",92
"SMC2","HJURP",93
"SMC2","HMMR",94
"SMC2","ID2",95
"SMC2","IFNGR1",96
"SMC2","IGH",97
"SMC2","IGLC1",98
"SMC2","IL18R1",99
"SMC2","IL1B",100
"SMC2","IQGAP3",101
"SMC2","IRAK3",102
"SMC2","ISG20",103
"SMC2","KIAA0101",104
"SMC2","KIF11",105
"SMC2","KIF14",106
"SMC2","KIF15",107
"SMC2","KIF18A",108
"SMC2","KIF18B",109
"SMC2","KIF20A",110
"SMC2","KIF23",111
"SMC2","KIF2C",112
"SMC2","KIF4A",113
"SMC2","KNL1",114
"SMC2","LILRB2",115
"SMC2","LOC100996643",116
"SMC2","LOC728175",117
"SMC2","LYZ",118
"SMC2","MAD2L1",119
"SMC2","MCM10",120
"SMC2","MCM4",121
"SMC2","MCM5",122
"SMC2","MCM7",123
"SMC2","MDK",124
"SMC2","MELK",125
"SMC2","METTL7A",126
"SMC2","MIR6845",127
"SMC2","MIR8071-1",128
"SMC2","MKI67",129
"SMC2","MND1",130
"SMC2","MS4A1",131
"SMC2","MS4A4A",132
"SMC2","MS4A7",133
"SMC2","MTHFD2",134
"SMC2","MTSS1",135
"SMC2","NCAPG",136
"SMC2","NCAPH",137
"SMC2","NEAT1",138
"SMC2","NEDD9",139
"SMC2","NEK2",140
"SMC2","NME1",141
"SMC2","NPCDR1",142
"SMC2","NUF2",143
"SMC2","NUSAP1",144
"SMC2","OIP5",145
"SMC2","P2RY14",146
"SMC2","PAICS",147
"SMC2","PBK",148
"SMC2","PCNA",149
"SMC2","PDE4B",150
"SMC2","PHF19",151
"SMC2","PIK3IP1",152
"SMC2","PLK4",153
"SMC2","POLE2",154
"SMC2","POLQ",155
"SMC2","PPIF",156
"SMC2","PPP1R16B",157
"SMC2","PRR11",158
"SMC2","PSPH",159
"SMC2","PTP4A1",160
"SMC2","PTTG1",161
"SMC2","RAD51",162
"SMC2","RAD51AP1",163
"SMC2","RBM14",164
"SMC2","RCC1",165
"SMC2","RFC3",166
"SMC2","RMI2",167
"SMC2","RNASET2",168
"SMC2","RRM2",169
"SMC2","S100A8",170
"SMC2","SCML4",171
"SMC2","SELENOI",172
"SMC2","SERPINA1",173
"SMC2","SERPINB9",174
"SMC2","SESN1",175
"SMC2","SHCBP1",176
"SMC2","SIK1",177
"SMC2","SKP2",178
"SMC2","SLC22A23",179
"SMC2","SMAP2",180
"SMC2","SMC2",181
"SMC2","SNORA21",182
"SMC2","SNORD3B-1",183
"SMC2","SNX29P2",184
"SMC2","SOS1",185
"SMC2","SQLE",186
"SMC2","STIL",187
"SMC2","SUV39H2",188
"SMC2","TARSL2",189
"SMC2","TBXA2R",190
"SMC2","TCF19",191
"SMC2","TENM4",192
"SMC2","TIMELESS",193
"SMC2","TIPIN",194
"SMC2","TK1",195
"SMC2","TMEM97",196
"SMC2","TNFRSF21",197
"SMC2","TOP2A",198
"SMC2","TPX2",199
"SMC2","TRIP13",200
"SMC2","TTK",201
"SMC2","TXNIP",202
"SMC2","TYMS",203
"SMC2","UBE2C",204
"SMC2","UBE2T",205
"SMC2","WDHD1",206
"SMC2","WDR76",207
"SMC2","ZNF367",208
"SMC2","ZWINT",209
"SMIM3","ANP32E",1
"SMIM3","ATAD2",2
"SMIM3","BCL2L11",3
"SMIM3","BIRC5",4
"SMIM3","BMF",5
"SMIM3","BUB1",6
"SMIM3","CCDC86",7
"SMIM3","CCNA2",8
"SMIM3","CDC42EP3",9
"SMIM3","CDCA5",10
"SMIM3","CENPK",11
"SMIM3","CENPU",12
"SMIM3","CENPV",13
"SMIM3","CEP55",14
"SMIM3","CKAP2",15
"SMIM3","DDIT4",16
"SMIM3","DENND3",17
"SMIM3","DEPDC1B",18
"SMIM3","DSCC1",19
"SMIM3","E2F7",20
"SMIM3","E2F8",21
"SMIM3","ECT2",22
"SMIM3","FEN1",23
"SMIM3","FH",24
"SMIM3","FOXM1",25
"SMIM3","GBP4",26
"SMIM3","GIMAP4",27
"SMIM3","GINS1",28
"SMIM3","GSN",29
"SMIM3","HELLS",30
"SMIM3","IFNGR1",31
"SMIM3","IL1B",32
"SMIM3","IL6ST",33
"SMIM3","IRAK3",34
"SMIM3","ISG20",35
"SMIM3","ITGAM",36
"SMIM3","KIAA0101",37
"SMIM3","KIF26A",38
"SMIM3","KNL1",39
"SMIM3","LILRB2",40
"SMIM3","MCM4",41
"SMIM3","MCM7",42
"SMIM3","MELK",43
"SMIM3","METTL7A",44
"SMIM3","MIR4683",45
"SMIM3","MIR6845",46
"SMIM3","MTHFD2",47
"SMIM3","MTSS1",48
"SMIM3","NEAT1",49
"SMIM3","NUF2",50
"SMIM3","NUSAP1",51
"SMIM3","P2RY14",52
"SMIM3","PDE4B",53
"SMIM3","PHF19",54
"SMIM3","PIK3IP1",55
"SMIM3","POLE2",56
"SMIM3","RBMS3",57
"SMIM3","RNASET2",58
"SMIM3","RPS6KA2",59
"SMIM3","SERPINB9",60
"SMIM3","SMAP2",61
"SMIM3","SMIM3",62
"SMIM3","SQLE",63
"SMIM3","STIL",64
"SMIM3","TBXA2R",65
"SMIM3","TCF19",66
"SMIM3","TIPIN",67
"SMIM3","TPX2",68
"SNORA21","ANP32E",1
"SNORA21","APITD1-CORT",2
"SNORA21","ARPP21",3
"SNORA21","ASF1B",4
"SNORA21","ASPM",5
"SNORA21","AURKA",6
"SNORA21","BTG1",7
"SNORA21","C4orf46",8
"SNORA21","CCDC34",9
"SNORA21","CCNB1",10
"SNORA21","CCNB2",11
"SNORA21","CCNE2",12
"SNORA21","CDC42EP3",13
"SNORA21","CDC45",14
"SNORA21","CDC6",15
"SNORA21","CDCA2",16
"SNORA21","CDCA3",17
"SNORA21","CDK1",18
"SNORA21","CDKN3",19
"SNORA21","CENPA",20
"SNORA21","CENPE",21
"SNORA21","CENPF",22
"SNORA21","CENPH",23
"SNORA21","CKS1B",24
"SNORA21","CRNDE",25
"SNORA21","DEPDC1",26
"SNORA21","DEPDC1B",27
"SNORA21","DFNA5",28
"SNORA21","DLGAP5",29
"SNORA21","DTL",30
"SNORA21","E2F7",31
"SNORA21","E2F8",32
"SNORA21","ELL2",33
"SNORA21","FAM72C",34
"SNORA21","FCGR3B",35
"SNORA21","FGR",36
"SNORA21","FH",37
"SNORA21","GBP4",38
"SNORA21","GIMAP7",39
"SNORA21","HELLS",40
"SNORA21","HJURP",41
"SNORA21","HMMR",42
"SNORA21","ID2",43
"SNORA21","IGH",44
"SNORA21","IL27RA",45
"SNORA21","IQGAP3",46
"SNORA21","IRAK3",47
"SNORA21","KIF11",48
"SNORA21","KIF14",49
"SNORA21","KIF20A",50
"SNORA21","KIF23",51
"SNORA21","KIF2C",52
"SNORA21","KIF4A",53
"SNORA21","KNL1",54
"SNORA21","LILRB2",55
"SNORA21","LOC728175",56
"SNORA21","LYZ",57
"SNORA21","MAD2L1",58
"SNORA21","MIR8071-1",59
"SNORA21","MND1",60
"SNORA21","MS4A4A",61
"SNORA21","MTSS1",62
"SNORA21","NCAPG",63
"SNORA21","NCAPH",64
"SNORA21","NEAT1",65
"SNORA21","NEDD9",66
"SNORA21","NEK2",67
"SNORA21","NUF2",68
"SNORA21","NUSAP1",69
"SNORA21","PBK",70
"SNORA21","PDE4B",71
"SNORA21","POLQ",72
"SNORA21","PPBP",73
"SNORA21","PPP1R16B",74
"SNORA21","PTTG1",75
"SNORA21","RBM14",76
"SNORA21","RFC3",77
"SNORA21","SELENOI",78
"SNORA21","SERPINB9",79
"SNORA21","SHCBP1",80
"SNORA21","SKP2",81
"SNORA21","SNORA21",82
"SNORA21","STAB1",83
"SNORA21","SUV39H2",84
"SNORA21","TENM4",85
"SNORA21","TMEM97",86
"SNORA21","TOP2A",87
"SNORA21","TYMS",88
"SNORA21","WDHD1",89
"SNORD3B-1","BMF",1
"SNORD3B-1","CCDC86",2
"SNORD3B-1","CD53",3
"SNORD3B-1","CENPV",4
"SNORD3B-1","DENND3",5
"SNORD3B-1","E2F7",6
"SNORD3B-1","GGH",7
"SNORD3B-1","GSN",8
"SNORD3B-1","HELLS",9
"SNORD3B-1","IL1B",10
"SNORD3B-1","LILRB2",11
"SNORD3B-1","MIR4683",12
"SNORD3B-1","P2RX5",13
"SNORD3B-1","P2RY14",14
"SNORD3B-1","PPIF",15
"SNORD3B-1","RBMS3",16
"SNORD3B-1","RNASET2",17
"SNORD3B-1","SMAP2",18
"SNORD3B-1","SNORD3B-1",19
"SNORD3B-1","SQLE",20
"SNTB2","B3GNT2",1
"SNTB2","BCL2L11",2
"SNTB2","BMF",3
"SNTB2","BRCA1",4
"SNTB2","C5orf24",5
"SNTB2","CDK6",6
"SNTB2","CENPK",7
"SNTB2","CENPU",8
"SNTB2","DDIT4",9
"SNTB2","E2F8",10
"SNTB2","EMP1",11
"SNTB2","GIMAP4",12
"SNTB2","IL1B",13
"SNTB2","MKI67",14
"SNTB2","NUSAP1",15
"SNTB2","P2RY14",16
"SNTB2","RAG1",17
"SNTB2","RBMS3",18
"SNTB2","RRM2",19
"SNTB2","SMIM3",20
"SNTB2","SNTB2",21
"SNTB2","TCF19",22
"SNTB2","TNFSF8",23
"SNTB2","ZNF367",24
"SNX10","BIRC3",1
"SNX10","ITGB2-AS1",2
"SNX10","ITPKB",3
"SNX10","KIF26A",4
"SNX10","LOC100996643",5
"SNX10","LOC728175",6
"SNX10","MSH6",7
"SNX10","MYRIP",8
"SNX10","PRPS2",9
"SNX10","RCC1",10
"SNX10","S100A11",11
"SNX10","SLA",12
"SNX10","SNX10",13
"SNX10","TNFSF8",14
"SNX10","ZFP36L2",15
"SNX29P2","ANLN",1
"SNX29P2","APITD1-CORT",2
"SNX29P2","ASF1B",3
"SNX29P2","ASPM",4
"SNX29P2","AURKA",5
"SNX29P2","AURKB",6
"SNX29P2","BRCA1",7
"SNX29P2","BRIP1",8
"SNX29P2","BTG1",9
"SNX29P2","BUB1B",10
"SNX29P2","BYSL",11
"SNX29P2","C4orf46",12
"SNX29P2","CCDC34",13
"SNX29P2","CCNB1",14
"SNX29P2","CCNB2",15
"SNX29P2","CCNE2",16
"SNX29P2","CDC20",17
"SNX29P2","CDC45",18
"SNX29P2","CDC6",19
"SNX29P2","CDCA2",20
"SNX29P2","CDCA3",21
"SNX29P2","CDK1",22
"SNX29P2","CDKN3",23
"SNX29P2","CENPA",24
"SNX29P2","CENPE",25
"SNX29P2","CENPF",26
"SNX29P2","CENPH",27
"SNX29P2","CENPN",28
"SNX29P2","CHEK1",29
"SNX29P2","CKAP2",30
"SNX29P2","CKAP2L",31
"SNX29P2","CKS1B",32
"SNX29P2","DDIT4",33
"SNX29P2","DEPDC1",34
"SNX29P2","DEPDC1B",35
"SNX29P2","DLGAP5",36
"SNX29P2","DTL",37
"SNX29P2","E2F7",38
"SNX29P2","FABP5",39
"SNX29P2","FAM72C",40
"SNX29P2","FANCI",41
"SNX29P2","FH",42
"SNX29P2","HBG1",43
"SNX29P2","HELLS",44
"SNX29P2","HIST4H4",45
"SNX29P2","HJURP",46
"SNX29P2","HMMR",47
"SNX29P2","IGLL1",48
"SNX29P2","IQGAP3",49
"SNX29P2","KIF11",50
"SNX29P2","KIF14",51
"SNX29P2","KIF15",52
"SNX29P2","KIF18A",53
"SNX29P2","KIF20A",54
"SNX29P2","KIF23",55
"SNX29P2","KIF4A",56
"SNX29P2","KLF9",57
"SNX29P2","KNL1",58
"SNX29P2","LOC100130872",59
"SNX29P2","MAD2L1",60
"SNX29P2","MCM10",61
"SNX29P2","MCM7",62
"SNX29P2","MKI67",63
"SNX29P2","MPV17L",64
"SNX29P2","NCAPG",65
"SNX29P2","NCAPH",66
"SNX29P2","NEK2",67
"SNX29P2","NME1",68
"SNX29P2","NUF2",69
"SNX29P2","NUSAP1",70
"SNX29P2","OIP5",71
"SNX29P2","PAICS",72
"SNX29P2","PBK",73
"SNX29P2","PLK4",74
"SNX29P2","POLQ",75
"SNX29P2","POU4F1",76
"SNX29P2","PRR11",77
"SNX29P2","PTP4A1",78
"SNX29P2","RFC3",79
"SNX29P2","RMI2",80
"SNX29P2","SELENOI",81
"SNX29P2","SHCBP1",82
"SNX29P2","SKP2",83
"SNX29P2","SMC2",84
"SNX29P2","SNX29P2",85
"SNX29P2","SUV39H2",86
"SNX29P2","TIMELESS",87
"SNX29P2","TMEM97",88
"SNX29P2","TOP2A",89
"SNX29P2","TRIP13",90
"SNX29P2","TTK",91
"SNX29P2","TXNIP",92
"SNX29P2","UBE2C",93
"SNX29P2","WDHD1",94
"SNX29P2","WDR76",95
"SNX29P2","ZNF367",96
"SOCS1","BRCA1",1
"SOCS1","CCR1",2
"SOCS1","CENPK",3
"SOCS1","DDIT4",4
"SOCS1","ECT2",5
"SOCS1","FGL2",6
"SOCS1","MCM7",7
"SOCS1","METTL7A",8
"SOCS1","MNDA",9
"SOCS1","MTSS1",10
"SOCS1","PIK3IP1",11
"SOCS1","PPBP",12
"SOCS1","RAB31",13
"SOCS1","SELENOI",14
"SOCS1","SOCS1",15
"SOS1","ANLN",1
"SOS1","ANP32E",2
"SOS1","APITD1-CORT",3
"SOS1","ARPP21",4
"SOS1","ASF1B",5
"SOS1","ASPM",6
"SOS1","ATAD2",7
"SOS1","AURKA",8
"SOS1","AURKB",9
"SOS1","BCL2L11",10
"SOS1","BIRC5",11
"SOS1","BRIP1",12
"SOS1","BTG1",13
"SOS1","BUB1",14
"SOS1","BUB1B",15
"SOS1","C4orf46",16
"SOS1","CCDC34",17
"SOS1","CCNA2",18
"SOS1","CCNB1",19
"SOS1","CCNB2",20
"SOS1","CCNE2",21
"SOS1","CCR1",22
"SOS1","CD53",23
"SOS1","CDC20",24
"SOS1","CDC42EP3",25
"SOS1","CDC45",26
"SOS1","CDC6",27
"SOS1","CDCA2",28
"SOS1","CDCA3",29
"SOS1","CDCA5",30
"SOS1","CDK1",31
"SOS1","CDKN3",32
"SOS1","CDT1",33
"SOS1","CENPA",34
"SOS1","CENPE",35
"SOS1","CENPF",36
"SOS1","CENPH",37
"SOS1","CENPK",38
"SOS1","CENPN",39
"SOS1","CENPU",40
"SOS1","CENPV",41
"SOS1","CENPW",42
"SOS1","CEP55",43
"SOS1","CHEK1",44
"SOS1","CKAP2",45
"SOS1","CKAP2L",46
"SOS1","CKS1B",47
"SOS1","CRNDE",48
"SOS1","DENND3",49
"SOS1","DEPDC1",50
"SOS1","DEPDC1B",51
"SOS1","DFNA5",52
"SOS1","DHFR",53
"SOS1","DLGAP5",54
"SOS1","DSCC1",55
"SOS1","DTL",56
"SOS1","E2F7",57
"SOS1","E2F8",58
"SOS1","ECT2",59
"SOS1","EMP1",60
"SOS1","FAM72C",61
"SOS1","FANCI",62
"SOS1","FCER1G",63
"SOS1","FCGR3B",64
"SOS1","FEN1",65
"SOS1","FH",66
"SOS1","FOXM1",67
"SOS1","GBP4",68
"SOS1","GGH",69
"SOS1","GIMAP4",70
"SOS1","GIMAP7",71
"SOS1","GINS1",72
"SOS1","GSN",73
"SOS1","HELLS",74
"SOS1","HJURP",75
"SOS1","HMMR",76
"SOS1","IFNGR1",77
"SOS1","IGH",78
"SOS1","IL18R1",79
"SOS1","IL1B",80
"SOS1","IL6ST",81
"SOS1","IQGAP3",82
"SOS1","IRAK3",83
"SOS1","ISG20",84
"SOS1","ITGAM",85
"SOS1","KIAA0101",86
"SOS1","KIF11",87
"SOS1","KIF14",88
"SOS1","KIF15",89
"SOS1","KIF18A",90
"SOS1","KIF18B",91
"SOS1","KIF20A",92
"SOS1","KIF23",93
"SOS1","KIF2C",94
"SOS1","KIF4A",95
"SOS1","KNL1",96
"SOS1","LILRB2",97
"SOS1","LY96",98
"SOS1","LYZ",99
"SOS1","MAD2L1",100
"SOS1","MCM10",101
"SOS1","MCM4",102
"SOS1","MCM5",103
"SOS1","MCM7",104
"SOS1","MELK",105
"SOS1","METTL7A",106
"SOS1","MIR4683",107
"SOS1","MIR6845",108
"SOS1","MKI67",109
"SOS1","MS4A1",110
"SOS1","MS4A7",111
"SOS1","MTHFD2",112
"SOS1","MTSS1",113
"SOS1","NCAPG",114
"SOS1","NCAPH",115
"SOS1","NEAT1",116
"SOS1","NEK2",117
"SOS1","NME1",118
"SOS1","NUF2",119
"SOS1","NUSAP1",120
"SOS1","OIP5",121
"SOS1","P2RY14",122
"SOS1","PBK",123
"SOS1","PDE4B",124
"SOS1","PHF19",125
"SOS1","PIK3IP1",126
"SOS1","PLK4",127
"SOS1","POLE2",128
"SOS1","POLQ",129
"SOS1","PPIF",130
"SOS1","PRR11",131
"SOS1","PTTG1",132
"SOS1","RAD51",133
"SOS1","RAG1",134
"SOS1","RBM14",135
"SOS1","RBMS3",136
"SOS1","RFC3",137
"SOS1","RNASET2",138
"SOS1","RRM2",139
"SOS1","S100A8",140
"SOS1","SERPINA1",141
"SOS1","SERPINB9",142
"SOS1","SHCBP1",143
"SOS1","SKP2",144
"SOS1","SLC22A23",145
"SOS1","SMAP2",146
"SOS1","SMC2",147
"SOS1","SNORA21",148
"SOS1","SOS1",149
"SOS1","SQLE",150
"SOS1","STIL",151
"SOS1","SUV39H2",152
"SOS1","TBXA2R",153
"SOS1","TCF19",154
"SOS1","TIMELESS",155
"SOS1","TIPIN",156
"SOS1","TMEM2",157
"SOS1","TMEM97",158
"SOS1","TOP2A",159
"SOS1","TPX2",160
"SOS1","TRIP13",161
"SOS1","TTK",162
"SOS1","TXNIP",163
"SOS1","UBE2C",164
"SOS1","UBE2T",165
"SOS1","WDHD1",166
"SOS1","WDR76",167
"SOS1","ZNF367",168
"SOS1","ZWINT",169
"SQLE","ANLN",1
"SQLE","ANP32E",2
"SQLE","APITD1-CORT",3
"SQLE","ASF1B",4
"SQLE","ASPM",5
"SQLE","ATAD2",6
"SQLE","AURKA",7
"SQLE","AURKB",8
"SQLE","BCAT1",9
"SQLE","BCL2L11",10
"SQLE","BIRC5",11
"SQLE","BMF",12
"SQLE","BRCA1",13
"SQLE","BRIP1",14
"SQLE","BTG1",15
"SQLE","BUB1",16
"SQLE","BUB1B",17
"SQLE","BYSL",18
"SQLE","C4orf46",19
"SQLE","CCDC34",20
"SQLE","CCDC86",21
"SQLE","CCNA2",22
"SQLE","CCNB1",23
"SQLE","CCNB2",24
"SQLE","CCNE2",25
"SQLE","CCR1",26
"SQLE","CD53",27
"SQLE","CDC20",28
"SQLE","CDC42EP3",29
"SQLE","CDC45",30
"SQLE","CDC6",31
"SQLE","CDCA2",32
"SQLE","CDCA3",33
"SQLE","CDCA5",34
"SQLE","CDK1",35
"SQLE","CDKN3",36
"SQLE","CDT1",37
"SQLE","CELF2",38
"SQLE","CENPA",39
"SQLE","CENPE",40
"SQLE","CENPF",41
"SQLE","CENPH",42
"SQLE","CENPK",43
"SQLE","CENPN",44
"SQLE","CENPU",45
"SQLE","CENPV",46
"SQLE","CENPW",47
"SQLE","CEP55",48
"SQLE","CHEK1",49
"SQLE","CKAP2",50
"SQLE","CKAP2L",51
"SQLE","CKS1B",52
"SQLE","CLEC2B",53
"SQLE","CRNDE",54
"SQLE","DENND3",55
"SQLE","DEPDC1",56
"SQLE","DEPDC1B",57
"SQLE","DFNA5",58
"SQLE","DHFR",59
"SQLE","DHX9",60
"SQLE","DLGAP5",61
"SQLE","DPEP1",62
"SQLE","DSCC1",63
"SQLE","DTL",64
"SQLE","E2F7",65
"SQLE","E2F8",66
"SQLE","ECT2",67
"SQLE","EMP1",68
"SQLE","F13A1",69
"SQLE","FABP5",70
"SQLE","FAM72C",71
"SQLE","FANCI",72
"SQLE","FEN1",73
"SQLE","FGD2",74
"SQLE","FH",75
"SQLE","FOXM1",76
"SQLE","GBP4",77
"SQLE","GGH",78
"SQLE","GIMAP4",79
"SQLE","GIMAP7",80
"SQLE","GINS1",81
"SQLE","GINS2",82
"SQLE","GSN",83
"SQLE","GVINP1",84
"SQLE","HELLS",85
"SQLE","HIST4H4",86
"SQLE","HJURP",87
"SQLE","HMMR",88
"SQLE","HRK",89
"SQLE","ID2",90
"SQLE","IFNGR1",91
"SQLE","IGLC1",92
"SQLE","IL18R1",93
"SQLE","IL1B",94
"SQLE","IL6ST",95
"SQLE","IQGAP3",96
"SQLE","IRAK3",97
"SQLE","ISG20",98
"SQLE","ITGAM",99
"SQLE","KIAA0101",100
"SQLE","KIF11",101
"SQLE","KIF14",102
"SQLE","KIF15",103
"SQLE","KIF18A",104
"SQLE","KIF18B",105
"SQLE","KIF20A",106
"SQLE","KIF23",107
"SQLE","KIF2C",108
"SQLE","KIF4A",109
"SQLE","KLF9",110
"SQLE","KNL1",111
"SQLE","LGALS3",112
"SQLE","LILRB2",113
"SQLE","LOC100996643",114
"SQLE","LYZ",115
"SQLE","MAD2L1",116
"SQLE","MCM10",117
"SQLE","MCM4",118
"SQLE","MCM5",119
"SQLE","MCM7",120
"SQLE","MELK",121
"SQLE","METTL7A",122
"SQLE","MIR4683",123
"SQLE","MIR6845",124
"SQLE","MIR8071-1",125
"SQLE","MKI67",126
"SQLE","MND1",127
"SQLE","MNDA",128
"SQLE","MS4A1",129
"SQLE","MS4A4A",130
"SQLE","MS4A7",131
"SQLE","MTHFD2",132
"SQLE","MTSS1",133
"SQLE","NCAPG",134
"SQLE","NCAPH",135
"SQLE","NEAT1",136
"SQLE","NEDD9",137
"SQLE","NEK2",138
"SQLE","NME1",139
"SQLE","NUF2",140
"SQLE","NUSAP1",141
"SQLE","OIP5",142
"SQLE","P2RY14",143
"SQLE","PAICS",144
"SQLE","PBK",145
"SQLE","PCNA",146
"SQLE","PDE4B",147
"SQLE","PHF19",148
"SQLE","PIK3IP1",149
"SQLE","PLK4",150
"SQLE","POLE2",151
"SQLE","POLQ",152
"SQLE","PPIF",153
"SQLE","PRR11",154
"SQLE","PSPH",155
"SQLE","PTTG1",156
"SQLE","RAB31",157
"SQLE","RAD51",158
"SQLE","RAD51AP1",159
"SQLE","RASSF4",160
"SQLE","RBM14",161
"SQLE","RFC3",162
"SQLE","RMI2",163
"SQLE","RNASET2",164
"SQLE","RRM2",165
"SQLE","S100A8",166
"SQLE","SCML4",167
"SQLE","SELENOI",168
"SQLE","SERPINB9",169
"SQLE","SESN1",170
"SQLE","SHCBP1",171
"SQLE","SIK1",172
"SQLE","SKP2",173
"SQLE","SMAP2",174
"SQLE","SMC2",175
"SQLE","SOS1",176
"SQLE","SQLE",177
"SQLE","STIL",178
"SQLE","SUV39H2",179
"SQLE","TARSL2",180
"SQLE","TBXA2R",181
"SQLE","TCF19",182
"SQLE","TIMELESS",183
"SQLE","TIPIN",184
"SQLE","TK1",185
"SQLE","TMEM2",186
"SQLE","TMEM97",187
"SQLE","TNFRSF21",188
"SQLE","TPX2",189
"SQLE","TRIP13",190
"SQLE","TTK",191
"SQLE","TXNIP",192
"SQLE","UBE2C",193
"SQLE","UBE2T",194
"SQLE","WDHD1",195
"SQLE","WDR76",196
"SQLE","ZBTB16",197
"SQLE","ZFP36L2",198
"SQLE","ZNF367",199
"SQLE","ZWINT",200
"STAB1","CD53",1
"STAB1","CDC42EP3",2
"STAB1","CDT1",3
"STAB1","CENPU",4
"STAB1","CENPV",5
"STAB1","CKS1B",6
"STAB1","CLEC2B",7
"STAB1","CRNDE",8
"STAB1","EPPK1",9
"STAB1","F13A1",10
"STAB1","FABP5",11
"STAB1","FKBP5",12
"STAB1","GBP4",13
"STAB1","GSN",14
"STAB1","ID2",15
"STAB1","IFNGR1",16
"STAB1","IRAK3",17
"STAB1","ISG20",18
"STAB1","ITGAM",19
"STAB1","KNL1",20
"STAB1","LILRB2",21
"STAB1","MCM7",22
"STAB1","MNDA",23
"STAB1","MS4A4A",24
"STAB1","MTSS1",25
"STAB1","NEAT1",26
"STAB1","NEDD9",27
"STAB1","NME1",28
"STAB1","NUF2",29
"STAB1","P2RY14",30
"STAB1","PAICS",31
"STAB1","PDE4B",32
"STAB1","RAB31",33
"STAB1","RASSF4",34
"STAB1","RBM14",35
"STAB1","RFC3",36
"STAB1","RNASET2",37
"STAB1","SELENOI",38
"STAB1","SERPINB9",39
"STAB1","SNORA21",40
"STAB1","SQLE",41
"STAB1","STAB1",42
"STAB1","TARSL2",43
"STAB1","TBXA2R",44
"STAB1","TENM4",45
"STAB1","TNFRSF21",46
"STAB1","TUBA4A",47
"STAB1","WFS1",48
"STAB1","ZBTB16",49
"STAB1","ZWINT",50
"STIL","ANLN",1
"STIL","ANP32E",2
"STIL","APITD1-CORT",3
"STIL","ASF1B",4
"STIL","ASPM",5
"STIL","ATAD2",6
"STIL","AURKA",7
"STIL","AURKB",8
"STIL","BCAT1",9
"STIL","BCL2L11",10
"STIL","BIRC5",11
"STIL","BMF",12
"STIL","BRCA1",13
"STIL","BRIP1",14
"STIL","BTG1",15
"STIL","BUB1",16
"STIL","BUB1B",17
"STIL","BYSL",18
"STIL","C4orf46",19
"STIL","CCDC34",20
"STIL","CCDC86",21
"STIL","CCNA2",22
"STIL","CCNB1",23
"STIL","CCNB2",24
"STIL","CCNE2",25
"STIL","CCR1",26
"STIL","CD53",27
"STIL","CDC20",28
"STIL","CDC42EP3",29
"STIL","CDC45",30
"STIL","CDC6",31
"STIL","CDCA2",32
"STIL","CDCA3",33
"STIL","CDCA5",34
"STIL","CDK1",35
"STIL","CDKN3",36
"STIL","CDT1",37
"STIL","CELF2",38
"STIL","CENPA",39
"STIL","CENPE",40
"STIL","CENPF",41
"STIL","CENPH",42
"STIL","CENPK",43
"STIL","CENPN",44
"STIL","CENPU",45
"STIL","CENPV",46
"STIL","CENPW",47
"STIL","CEP55",48
"STIL","CHEK1",49
"STIL","CKAP2",50
"STIL","CKAP2L",51
"STIL","CKS1B",52
"STIL","CLEC2B",53
"STIL","CPM",54
"STIL","CRNDE",55
"STIL","DENND3",56
"STIL","DEPDC1",57
"STIL","DEPDC1B",58
"STIL","DFNA5",59
"STIL","DHFR",60
"STIL","DHX9",61
"STIL","DLGAP5",62
"STIL","DPEP1",63
"STIL","DSCC1",64
"STIL","DTL",65
"STIL","E2F7",66
"STIL","E2F8",67
"STIL","ECT2",68
"STIL","FAM72C",69
"STIL","FANCI",70
"STIL","FCGR3B",71
"STIL","FEN1",72
"STIL","FGD2",73
"STIL","FH",74
"STIL","FOXM1",75
"STIL","FUS",76
"STIL","GBP4",77
"STIL","GGH",78
"STIL","GIMAP4",79
"STIL","GIMAP7",80
"STIL","GINS1",81
"STIL","GINS2",82
"STIL","GSN",83
"STIL","HELLS",84
"STIL","HIST4H4",85
"STIL","HJURP",86
"STIL","HMMR",87
"STIL","HRK",88
"STIL","ID2",89
"STIL","IFNGR1",90
"STIL","IL1B",91
"STIL","IL6ST",92
"STIL","IQGAP3",93
"STIL","IRAK3",94
"STIL","ISG20",95
"STIL","ITGAM",96
"STIL","KIAA0101",97
"STIL","KIF11",98
"STIL","KIF14",99
"STIL","KIF15",100
"STIL","KIF18A",101
"STIL","KIF18B",102
"STIL","KIF20A",103
"STIL","KIF23",104
"STIL","KIF2C",105
"STIL","KIF4A",106
"STIL","KNL1",107
"STIL","LILRB2",108
"STIL","LOC100996643",109
"STIL","LYZ",110
"STIL","MAD2L1",111
"STIL","MCM10",112
"STIL","MCM4",113
"STIL","MCM5",114
"STIL","MCM7",115
"STIL","MDK",116
"STIL","MELK",117
"STIL","METTL7A",118
"STIL","MIR4683",119
"STIL","MIR6845",120
"STIL","MIR8071-1",121
"STIL","MKI67",122
"STIL","MND1",123
"STIL","MS4A1",124
"STIL","MS4A4A",125
"STIL","MTHFD2",126
"STIL","MTSS1",127
"STIL","NCAPG",128
"STIL","NCAPH",129
"STIL","NEAT1",130
"STIL","NEDD9",131
"STIL","NEK2",132
"STIL","NME1",133
"STIL","NPCDR1",134
"STIL","NUF2",135
"STIL","NUSAP1",136
"STIL","OIP5",137
"STIL","P2RX5",138
"STIL","P2RY14",139
"STIL","PAICS",140
"STIL","PBK",141
"STIL","PCNA",142
"STIL","PDE4B",143
"STIL","PHF19",144
"STIL","PIK3IP1",145
"STIL","PLK4",146
"STIL","POLE2",147
"STIL","POLQ",148
"STIL","POU4F1",149
"STIL","PPIF",150
"STIL","PRR11",151
"STIL","PTP4A1",152
"STIL","PTTG1",153
"STIL","RAD51",154
"STIL","RAD51AP1",155
"STIL","RBM14",156
"STIL","RBMS3",157
"STIL","RCC1",158
"STIL","RFC3",159
"STIL","RMI2",160
"STIL","RNASET2",161
"STIL","RRM2",162
"STIL","S100A8",163
"STIL","SCML4",164
"STIL","SELENOI",165
"STIL","SERPINB9",166
"STIL","SESN1",167
"STIL","SHCBP1",168
"STIL","SIK1",169
"STIL","SKP2",170
"STIL","SLC22A23",171
"STIL","SMAP2",172
"STIL","SMC2",173
"STIL","SNORA21",174
"STIL","SOS1",175
"STIL","SQLE",176
"STIL","STIL",177
"STIL","SUV39H2",178
"STIL","TARSL2",179
"STIL","TBXA2R",180
"STIL","TCF19",181
"STIL","TIMELESS",182
"STIL","TIPIN",183
"STIL","TK1",184
"STIL","TMEM97",185
"STIL","TNFRSF21",186
"STIL","TOP2A",187
"STIL","TPX2",188
"STIL","TRIP13",189
"STIL","TTK",190
"STIL","TXNIP",191
"STIL","TYMS",192
"STIL","UBE2C",193
"STIL","UBE2T",194
"STIL","WDHD1",195
"STIL","WDR76",196
"STIL","ZFP36L2",197
"STIL","ZNF367",198
"STIL","ZWINT",199
"SUV39H2","ANLN",1
"SUV39H2","ANP32E",2
"SUV39H2","APITD1-CORT",3
"SUV39H2","ARPP21",4
"SUV39H2","ASF1B",5
"SUV39H2","ASPM",6
"SUV39H2","ATAD2",7
"SUV39H2","AURKA",8
"SUV39H2","AURKB",9
"SUV39H2","B3GNT2",10
"SUV39H2","BCAT1",11
"SUV39H2","BCL2L11",12
"SUV39H2","BIRC5",13
"SUV39H2","BMF",14
"SUV39H2","BRCA1",15
"SUV39H2","BRIP1",16
"SUV39H2","BTG1",17
"SUV39H2","BUB1",18
"SUV39H2","BUB1B",19
"SUV39H2","BYSL",20
"SUV39H2","C4orf46",21
"SUV39H2","CCDC34",22
"SUV39H2","CCDC86",23
"SUV39H2","CCNA2",24
"SUV39H2","CCNB1",25
"SUV39H2","CCNB2",26
"SUV39H2","CCNE2",27
"SUV39H2","CCNL1",28
"SUV39H2","CCR1",29
"SUV39H2","CD53",30
"SUV39H2","CDC20",31
"SUV39H2","CDC42EP3",32
"SUV39H2","CDC45",33
"SUV39H2","CDC6",34
"SUV39H2","CDCA2",35
"SUV39H2","CDCA3",36
"SUV39H2","CDCA5",37
"SUV39H2","CDK1",38
"SUV39H2","CDK6",39
"SUV39H2","CDKN3",40
"SUV39H2","CDT1",41
"SUV39H2","CELF2",42
"SUV39H2","CENPA",43
"SUV39H2","CENPE",44
"SUV39H2","CENPF",45
"SUV39H2","CENPH",46
"SUV39H2","CENPK",47
"SUV39H2","CENPN",48
"SUV39H2","CENPU",49
"SUV39H2","CENPV",50
"SUV39H2","CENPW",51
"SUV39H2","CEP55",52
"SUV39H2","CHEK1",53
"SUV39H2","CKAP2",54
"SUV39H2","CKAP2L",55
"SUV39H2","CKS1B",56
"SUV39H2","CLEC2B",57
"SUV39H2","CPM",58
"SUV39H2","CRNDE",59
"SUV39H2","DEFA1",60
"SUV39H2","DENND3",61
"SUV39H2","DEPDC1",62
"SUV39H2","DEPDC1B",63
"SUV39H2","DFNA5",64
"SUV39H2","DHFR",65
"SUV39H2","DHX9",66
"SUV39H2","DLGAP5",67
"SUV39H2","DPEP1",68
"SUV39H2","DSCC1",69
"SUV39H2","DTL",70
"SUV39H2","E2F7",71
"SUV39H2","E2F8",72
"SUV39H2","ECT2",73
"SUV39H2","EGR1",74
"SUV39H2","EMP1",75
"SUV39H2","FAM72C",76
"SUV39H2","FANCI",77
"SUV39H2","FCER1G",78
"SUV39H2","FCGR3B",79
"SUV39H2","FEN1",80
"SUV39H2","FGD2",81
"SUV39H2","FGR",82
"SUV39H2","FH",83
"SUV39H2","FOXM1",84
"SUV39H2","FUS",85
"SUV39H2","GBP4",86
"SUV39H2","GGH",87
"SUV39H2","GIMAP4",88
"SUV39H2","GIMAP7",89
"SUV39H2","GINS1",90
"SUV39H2","GINS2",91
"SUV39H2","GSN",92
"SUV39H2","HBB",93
"SUV39H2","HBG1",94
"SUV39H2","HELLS",95
"SUV39H2","HIST4H4",96
"SUV39H2","HJURP",97
"SUV39H2","HMMR",98
"SUV39H2","HRK",99
"SUV39H2","ID2",100
"SUV39H2","IFNGR1",101
"SUV39H2","IGH",102
"SUV39H2","IGLC1",103
"SUV39H2","IL1B",104
"SUV39H2","IL6ST",105
"SUV39H2","IQGAP3",106
"SUV39H2","IRAK3",107
"SUV39H2","ISG20",108
"SUV39H2","ITGAM",109
"SUV39H2","KIAA0101",110
"SUV39H2","KIF11",111
"SUV39H2","KIF14",112
"SUV39H2","KIF15",113
"SUV39H2","KIF18A",114
"SUV39H2","KIF18B",115
"SUV39H2","KIF20A",116
"SUV39H2","KIF23",117
"SUV39H2","KIF2C",118
"SUV39H2","KIF4A",119
"SUV39H2","KNL1",120
"SUV39H2","LILRB2",121
"SUV39H2","LOC100996643",122
"SUV39H2","LY96",123
"SUV39H2","LYZ",124
"SUV39H2","MAD2L1",125
"SUV39H2","MCM10",126
"SUV39H2","MCM4",127
"SUV39H2","MCM5",128
"SUV39H2","MCM7",129
"SUV39H2","MDK",130
"SUV39H2","MELK",131
"SUV39H2","METTL7A",132
"SUV39H2","MIR4683",133
"SUV39H2","MIR6845",134
"SUV39H2","MIR8071-1",135
"SUV39H2","MKI67",136
"SUV39H2","MND1",137
"SUV39H2","MS4A1",138
"SUV39H2","MS4A4A",139
"SUV39H2","MS4A7",140
"SUV39H2","MTHFD2",141
"SUV39H2","MTSS1",142
"SUV39H2","NCAPG",143
"SUV39H2","NCAPH",144
"SUV39H2","NEAT1",145
"SUV39H2","NEDD9",146
"SUV39H2","NEK2",147
"SUV39H2","NME1",148
"SUV39H2","NPCDR1",149
"SUV39H2","NUF2",150
"SUV39H2","NUSAP1",151
"SUV39H2","OIP5",152
"SUV39H2","P2RY14",153
"SUV39H2","PAICS",154
"SUV39H2","PBK",155
"SUV39H2","PCNA",156
"SUV39H2","PDE4B",157
"SUV39H2","PHF19",158
"SUV39H2","PIK3IP1",159
"SUV39H2","PLK4",160
"SUV39H2","POLE2",161
"SUV39H2","POLQ",162
"SUV39H2","POU4F1",163
"SUV39H2","PPIF",164
"SUV39H2","PPP1R16B",165
"SUV39H2","PRR11",166
"SUV39H2","PSPH",167
"SUV39H2","PTP4A1",168
"SUV39H2","PTTG1",169
"SUV39H2","RAD51",170
"SUV39H2","RAD51AP1",171
"SUV39H2","RBM14",172
"SUV39H2","RBMS3",173
"SUV39H2","RCC1",174
"SUV39H2","RFC3",175
"SUV39H2","RHOBTB3",176
"SUV39H2","RMI2",177
"SUV39H2","RNASET2",178
"SUV39H2","RRM2",179
"SUV39H2","S100A8",180
"SUV39H2","SCML4",181
"SUV39H2","SELENOI",182
"SUV39H2","SERPINA1",183
"SUV39H2","SERPINB9",184
"SUV39H2","SESN1",185
"SUV39H2","SHCBP1",186
"SUV39H2","SIK1",187
"SUV39H2","SKP2",188
"SUV39H2","SLC22A23",189
"SUV39H2","SMAP2",190
"SUV39H2","SMC2",191
"SUV39H2","SNORA21",192
"SUV39H2","SOS1",193
"SUV39H2","SQLE",194
"SUV39H2","STIL",195
"SUV39H2","SUV39H2",196
"SUV39H2","TARSL2",197
"SUV39H2","TBXA2R",198
"SUV39H2","TCF19",199
"SUV39H2","TIMELESS",200
"SUV39H2","TIPIN",201
"SUV39H2","TK1",202
"SUV39H2","TMEM97",203
"SUV39H2","TNFRSF21",204
"SUV39H2","TOP2A",205
"SUV39H2","TPX2",206
"SUV39H2","TRIP13",207
"SUV39H2","TTK",208
"SUV39H2","TXNIP",209
"SUV39H2","TYMS",210
"SUV39H2","UBE2C",211
"SUV39H2","UBE2T",212
"SUV39H2","WDHD1",213
"SUV39H2","WDR76",214
"SUV39H2","ZFP36L2",215
"SUV39H2","ZNF367",216
"SUV39H2","ZWINT",217
"TARSL2","ABHD17B",1
"TARSL2","ANLN",2
"TARSL2","ASPM",3
"TARSL2","ATAD2",4
"TARSL2","AURKB",5
"TARSL2","BIRC5",6
"TARSL2","BRIP1",7
"TARSL2","BUB1",8
"TARSL2","BUB1B",9
"TARSL2","C4orf46",10
"TARSL2","CCDC86",11
"TARSL2","CCNA2",12
"TARSL2","CCNB1",13
"TARSL2","CCNB2",14
"TARSL2","CCR1",15
"TARSL2","CD53",16
"TARSL2","CDC20",17
"TARSL2","CDC45",18
"TARSL2","CDCA5",19
"TARSL2","CDT1",20
"TARSL2","CELF2",21
"TARSL2","CENPA",22
"TARSL2","CENPK",23
"TARSL2","CENPN",24
"TARSL2","CENPU",25
"TARSL2","CENPV",26
"TARSL2","CEP55",27
"TARSL2","CHEK1",28
"TARSL2","CLEC2B",29
"TARSL2","CRNDE",30
"TARSL2","DENND3",31
"TARSL2","DLGAP5",32
"TARSL2","DPEP1",33
"TARSL2","DSCC1",34
"TARSL2","ECT2",35
"TARSL2","EMP1",36
"TARSL2","F13A1",37
"TARSL2","FANCI",38
"TARSL2","FEN1",39
"TARSL2","FKBP5",40
"TARSL2","FOXM1",41
"TARSL2","GBP4",42
"TARSL2","GINS1",43
"TARSL2","HELLS",44
"TARSL2","HIST4H4",45
"TARSL2","ID2",46
"TARSL2","IFNGR1",47
"TARSL2","IRAK3",48
"TARSL2","ISG20",49
"TARSL2","ITGAM",50
"TARSL2","KIAA0101",51
"TARSL2","KIF15",52
"TARSL2","KIF18A",53
"TARSL2","KIF18B",54
"TARSL2","KNL1",55
"TARSL2","LILRB2",56
"TARSL2","LOC100505650",57
"TARSL2","MAD2L1",58
"TARSL2","MCM10",59
"TARSL2","MCM4",60
"TARSL2","MCM7",61
"TARSL2","MELK",62
"TARSL2","MIR6845",63
"TARSL2","MND1",64
"TARSL2","MNDA",65
"TARSL2","MS4A4A",66
"TARSL2","MTSS1",67
"TARSL2","NCAPG",68
"TARSL2","NEDD9",69
"TARSL2","NUF2",70
"TARSL2","OIP5",71
"TARSL2","P2RX5",72
"TARSL2","P2RY14",73
"TARSL2","PAICS",74
"TARSL2","PDE4B",75
"TARSL2","PHF19",76
"TARSL2","PIK3IP1",77
"TARSL2","PLK4",78
"TARSL2","POLE2",79
"TARSL2","POU4F1",80
"TARSL2","RAD51",81
"TARSL2","RASSF4",82
"TARSL2","RNASET2",83
"TARSL2","RRM2",84
"TARSL2","SCML4",85
"TARSL2","SERPINB9",86
"TARSL2","SESN1",87
"TARSL2","SMAP2",88
"TARSL2","SMC2",89
"TARSL2","SQLE",90
"TARSL2","STAB1",91
"TARSL2","STIL",92
"TARSL2","TARSL2",93
"TARSL2","TBXA2R",94
"TARSL2","TIPIN",95
"TARSL2","TNFRSF21",96
"TARSL2","TPX2",97
"TARSL2","TRIP13",98
"TARSL2","TTK",99
"TARSL2","TUBA4A",100
"TARSL2","UBE2T",101
"TARSL2","ZBTB16",102
"TARSL2","ZWINT",103
"TBXA2R","ANLN",1
"TBXA2R","ANP32E",2
"TBXA2R","APITD1-CORT",3
"TBXA2R","ASF1B",4
"TBXA2R","ASPM",5
"TBXA2R","ATAD2",6
"TBXA2R","AURKA",7
"TBXA2R","AURKB",8
"TBXA2R","BCAT1",9
"TBXA2R","BCL10",10
"TBXA2R","BCL2L11",11
"TBXA2R","BIRC5",12
"TBXA2R","BMF",13
"TBXA2R","BRCA1",14
"TBXA2R","BRIP1",15
"TBXA2R","BTG1",16
"TBXA2R","BTNL9",17
"TBXA2R","BUB1",18
"TBXA2R","BUB1B",19
"TBXA2R","BYSL",20
"TBXA2R","C4orf46",21
"TBXA2R","CCDC34",22
"TBXA2R","CCDC86",23
"TBXA2R","CCNA2",24
"TBXA2R","CCNB1",25
"TBXA2R","CCNB2",26
"TBXA2R","CCNE2",27
"TBXA2R","CCR1",28
"TBXA2R","CD53",29
"TBXA2R","CDC20",30
"TBXA2R","CDC42EP3",31
"TBXA2R","CDC45",32
"TBXA2R","CDC6",33
"TBXA2R","CDCA2",34
"TBXA2R","CDCA3",35
"TBXA2R","CDCA5",36
"TBXA2R","CDK1",37
"TBXA2R","CDKN3",38
"TBXA2R","CDT1",39
"TBXA2R","CENPA",40
"TBXA2R","CENPE",41
"TBXA2R","CENPF",42
"TBXA2R","CENPH",43
"TBXA2R","CENPK",44
"TBXA2R","CENPN",45
"TBXA2R","CENPU",46
"TBXA2R","CENPV",47
"TBXA2R","CENPW",48
"TBXA2R","CEP55",49
"TBXA2R","CHEK1",50
"TBXA2R","CKAP2",51
"TBXA2R","CKAP2L",52
"TBXA2R","CKS1B",53
"TBXA2R","CLEC2B",54
"TBXA2R","CRNDE",55
"TBXA2R","DDIT4",56
"TBXA2R","DENND3",57
"TBXA2R","DEPDC1",58
"TBXA2R","DEPDC1B",59
"TBXA2R","DFNA5",60
"TBXA2R","DHFR",61
"TBXA2R","DLGAP5",62
"TBXA2R","DSCC1",63
"TBXA2R","DTL",64
"TBXA2R","E2F7",65
"TBXA2R","E2F8",66
"TBXA2R","ECT2",67
"TBXA2R","EGR1",68
"TBXA2R","EMP1",69
"TBXA2R","F13A1",70
"TBXA2R","FAM72C",71
"TBXA2R","FANCI",72
"TBXA2R","FEN1",73
"TBXA2R","FGD2",74
"TBXA2R","FH",75
"TBXA2R","FOXM1",76
"TBXA2R","GBP4",77
"TBXA2R","GGH",78
"TBXA2R","GIMAP4",79
"TBXA2R","GIMAP7",80
"TBXA2R","GINS1",81
"TBXA2R","GINS2",82
"TBXA2R","GSN",83
"TBXA2R","HELLS",84
"TBXA2R","HIST4H4",85
"TBXA2R","HJURP",86
"TBXA2R","HMMR",87
"TBXA2R","IFNGR1",88
"TBXA2R","IGH",89
"TBXA2R","IL18R1",90
"TBXA2R","IL1B",91
"TBXA2R","IL6ST",92
"TBXA2R","IQGAP3",93
"TBXA2R","IRAK3",94
"TBXA2R","ISG20",95
"TBXA2R","ITGAM",96
"TBXA2R","KIAA0101",97
"TBXA2R","KIF11",98
"TBXA2R","KIF14",99
"TBXA2R","KIF15",100
"TBXA2R","KIF18A",101
"TBXA2R","KIF18B",102
"TBXA2R","KIF20A",103
"TBXA2R","KIF23",104
"TBXA2R","KIF26A",105
"TBXA2R","KIF2C",106
"TBXA2R","KIF4A",107
"TBXA2R","KLF9",108
"TBXA2R","KNL1",109
"TBXA2R","LGALS3",110
"TBXA2R","LILRA1",111
"TBXA2R","LILRB2",112
"TBXA2R","LYZ",113
"TBXA2R","MAD2L1",114
"TBXA2R","MCM10",115
"TBXA2R","MCM4",116
"TBXA2R","MCM5",117
"TBXA2R","MCM7",118
"TBXA2R","MELK",119
"TBXA2R","METTL7A",120
"TBXA2R","MIR4683",121
"TBXA2R","MIR6845",122
"TBXA2R","MIR8071-1",123
"TBXA2R","MKI67",124
"TBXA2R","MNDA",125
"TBXA2R","MS4A1",126
"TBXA2R","MS4A4A",127
"TBXA2R","MS4A7",128
"TBXA2R","MTHFD2",129
"TBXA2R","MTSS1",130
"TBXA2R","NCAPG",131
"TBXA2R","NCAPH",132
"TBXA2R","NEAT1",133
"TBXA2R","NEDD9",134
"TBXA2R","NEK2",135
"TBXA2R","NME1",136
"TBXA2R","NUF2",137
"TBXA2R","NUSAP1",138
"TBXA2R","OIP5",139
"TBXA2R","P2RY14",140
"TBXA2R","PAICS",141
"TBXA2R","PBK",142
"TBXA2R","PDE4B",143
"TBXA2R","PHF19",144
"TBXA2R","PIK3IP1",145
"TBXA2R","PLK4",146
"TBXA2R","POLE2",147
"TBXA2R","POLQ",148
"TBXA2R","PPIF",149
"TBXA2R","PRR11",150
"TBXA2R","PTTG1",151
"TBXA2R","RAB31",152
"TBXA2R","RAD51",153
"TBXA2R","RASSF4",154
"TBXA2R","RBM14",155
"TBXA2R","RBMS3",156
"TBXA2R","RFC3",157
"TBXA2R","RMI2",158
"TBXA2R","RNASET2",159
"TBXA2R","RPS6KA2",160
"TBXA2R","RRM2",161
"TBXA2R","S100A8",162
"TBXA2R","SCML4",163
"TBXA2R","SERPINB9",164
"TBXA2R","SHCBP1",165
"TBXA2R","SIK1",166
"TBXA2R","SKP2",167
"TBXA2R","SMAP2",168
"TBXA2R","SMC2",169
"TBXA2R","SMIM3",170
"TBXA2R","SNORA21",171
"TBXA2R","SOS1",172
"TBXA2R","SQLE",173
"TBXA2R","STAB1",174
"TBXA2R","STIL",175
"TBXA2R","SUV39H2",176
"TBXA2R","TARSL2",177
"TBXA2R","TBXA2R",178
"TBXA2R","TCF19",179
"TBXA2R","TIMELESS",180
"TBXA2R","TIPIN",181
"TBXA2R","TMEM2",182
"TBXA2R","TMEM97",183
"TBXA2R","TNFRSF21",184
"TBXA2R","TPX2",185
"TBXA2R","TRIP13",186
"TBXA2R","TTK",187
"TBXA2R","TXNIP",188
"TBXA2R","UBE2C",189
"TBXA2R","UBE2T",190
"TBXA2R","WDHD1",191
"TBXA2R","WDR76",192
"TBXA2R","ZBTB16",193
"TBXA2R","ZNF367",194
"TBXA2R","ZWINT",195
"TCF19","ANLN",1
"TCF19","ANP32E",2
"TCF19","APITD1-CORT",3
"TCF19","ASF1B",4
"TCF19","ASPM",5
"TCF19","ATAD2",6
"TCF19","AURKA",7
"TCF19","AURKB",8
"TCF19","BCAT1",9
"TCF19","BCL2L11",10
"TCF19","BIRC5",11
"TCF19","BRCA1",12
"TCF19","BRIP1",13
"TCF19","BTG1",14
"TCF19","BUB1",15
"TCF19","BUB1B",16
"TCF19","BYSL",17
"TCF19","C4orf46",18
"TCF19","CCDC34",19
"TCF19","CCDC86",20
"TCF19","CCNA2",21
"TCF19","CCNB1",22
"TCF19","CCNB2",23
"TCF19","CCNE2",24
"TCF19","CCR1",25
"TCF19","CD53",26
"TCF19","CDC20",27
"TCF19","CDC45",28
"TCF19","CDC6",29
"TCF19","CDCA2",30
"TCF19","CDCA3",31
"TCF19","CDCA5",32
"TCF19","CDK1",33
"TCF19","CDKN3",34
"TCF19","CDT1",35
"TCF19","CELF2",36
"TCF19","CENPA",37
"TCF19","CENPE",38
"TCF19","CENPF",39
"TCF19","CENPH",40
"TCF19","CENPK",41
"TCF19","CENPN",42
"TCF19","CENPU",43
"TCF19","CENPV",44
"TCF19","CENPW",45
"TCF19","CEP55",46
"TCF19","CHEK1",47
"TCF19","CKAP2",48
"TCF19","CKAP2L",49
"TCF19","CKS1B",50
"TCF19","CRNDE",51
"TCF19","DENND3",52
"TCF19","DEPDC1",53
"TCF19","DEPDC1B",54
"TCF19","DFNA5",55
"TCF19","DHFR",56
"TCF19","DHX9",57
"TCF19","DLGAP5",58
"TCF19","DSCC1",59
"TCF19","DTL",60
"TCF19","E2F7",61
"TCF19","E2F8",62
"TCF19","ECT2",63
"TCF19","FABP5",64
"TCF19","FAM72C",65
"TCF19","FANCI",66
"TCF19","FCER1G",67
"TCF19","FCGR3B",68
"TCF19","FEN1",69
"TCF19","FGR",70
"TCF19","FH",71
"TCF19","FOXM1",72
"TCF19","FUS",73
"TCF19","GBP4",74
"TCF19","GGH",75
"TCF19","GIMAP4",76
"TCF19","GIMAP7",77
"TCF19","GINS1",78
"TCF19","GINS2",79
"TCF19","GVINP1",80
"TCF19","HELLS",81
"TCF19","HIST4H4",82
"TCF19","HJURP",83
"TCF19","HMMR",84
"TCF19","HSP90AB1",85
"TCF19","ID2",86
"TCF19","IFNGR1",87
"TCF19","IL18R1",88
"TCF19","IQGAP3",89
"TCF19","IRAK3",90
"TCF19","ISG20",91
"TCF19","KIAA0101",92
"TCF19","KIF11",93
"TCF19","KIF14",94
"TCF19","KIF15",95
"TCF19","KIF18A",96
"TCF19","KIF18B",97
"TCF19","KIF20A",98
"TCF19","KIF23",99
"TCF19","KIF2C",100
"TCF19","KIF4A",101
"TCF19","KNL1",102
"TCF19","LILRB2",103
"TCF19","LOC100996643",104
"TCF19","LOC728175",105
"TCF19","LY96",106
"TCF19","MAD2L1",107
"TCF19","MCM10",108
"TCF19","MCM4",109
"TCF19","MCM5",110
"TCF19","MCM7",111
"TCF19","MELK",112
"TCF19","MIR6845",113
"TCF19","MKI67",114
"TCF19","MND1",115
"TCF19","MS4A7",116
"TCF19","MTHFD2",117
"TCF19","MTSS1",118
"TCF19","NCAPG",119
"TCF19","NCAPH",120
"TCF19","NEAT1",121
"TCF19","NEDD9",122
"TCF19","NEK2",123
"TCF19","NME1",124
"TCF19","NUF2",125
"TCF19","NUSAP1",126
"TCF19","OIP5",127
"TCF19","P2RX5",128
"TCF19","P2RY14",129
"TCF19","PAICS",130
"TCF19","PBK",131
"TCF19","PCNA",132
"TCF19","PDE4B",133
"TCF19","PHF19",134
"TCF19","PIK3IP1",135
"TCF19","PLK4",136
"TCF19","POLE2",137
"TCF19","POLQ",138
"TCF19","PPBP",139
"TCF19","PPIF",140
"TCF19","PPP1R16B",141
"TCF19","PRDM1",142
"TCF19","PRR11",143
"TCF19","PSPH",144
"TCF19","PTP4A1",145
"TCF19","PTTG1",146
"TCF19","RAD51",147
"TCF19","RAD51AP1",148
"TCF19","RBM14",149
"TCF19","RCC1",150
"TCF19","RFC3",151
"TCF19","RMI2",152
"TCF19","RNASET2",153
"TCF19","RRM2",154
"TCF19","SCML4",155
"TCF19","SELENOI",156
"TCF19","SERPINA1",157
"TCF19","SERPINB9",158
"TCF19","SESN1",159
"TCF19","SHCBP1",160
"TCF19","SKP2",161
"TCF19","SMAP2",162
"TCF19","SMC2",163
"TCF19","SQLE",164
"TCF19","STIL",165
"TCF19","SUV39H2",166
"TCF19","TCF19",167
"TCF19","TIMELESS",168
"TCF19","TIPIN",169
"TCF19","TK1",170
"TCF19","TMEM97",171
"TCF19","TOP2A",172
"TCF19","TPX2",173
"TCF19","TRIP13",174
"TCF19","TTK",175
"TCF19","TXNIP",176
"TCF19","TYMS",177
"TCF19","UBE2C",178
"TCF19","UBE2T",179
"TCF19","WDHD1",180
"TCF19","WDR76",181
"TCF19","ZNF367",182
"TCF19","ZWINT",183
"TENM4","ANLN",1
"TENM4","APITD1-CORT",2
"TENM4","ASF1B",3
"TENM4","ASPM",4
"TENM4","ATAD2",5
"TENM4","AURKA",6
"TENM4","AURKB",7
"TENM4","BCAT1",8
"TENM4","BCL2L11",9
"TENM4","BIRC5",10
"TENM4","BRCA1",11
"TENM4","BRIP1",12
"TENM4","BTG1",13
"TENM4","BUB1",14
"TENM4","BUB1B",15
"TENM4","C4orf46",16
"TENM4","CCDC34",17
"TENM4","CCNA2",18
"TENM4","CCNB1",19
"TENM4","CCNB2",20
"TENM4","CCNE2",21
"TENM4","CDC20",22
"TENM4","CDC45",23
"TENM4","CDC6",24
"TENM4","CDCA2",25
"TENM4","CDCA3",26
"TENM4","CDCA5",27
"TENM4","CDK1",28
"TENM4","CDKN3",29
"TENM4","CDT1",30
"TENM4","CELF2",31
"TENM4","CENPA",32
"TENM4","CENPE",33
"TENM4","CENPF",34
"TENM4","CENPH",35
"TENM4","CENPN",36
"TENM4","CENPU",37
"TENM4","CENPW",38
"TENM4","CEP55",39
"TENM4","CHEK1",40
"TENM4","CKAP2",41
"TENM4","CKAP2L",42
"TENM4","CKS1B",43
"TENM4","DEPDC1",44
"TENM4","DEPDC1B",45
"TENM4","DHFR",46
"TENM4","DLGAP5",47
"TENM4","DSCC1",48
"TENM4","DTL",49
"TENM4","E2F8",50
"TENM4","FAM72C",51
"TENM4","FANCI",52
"TENM4","FEN1",53
"TENM4","FOXM1",54
"TENM4","FUS",55
"TENM4","GIMAP7",56
"TENM4","GINS1",57
"TENM4","GINS2",58
"TENM4","HIST4H4",59
"TENM4","HJURP",60
"TENM4","HMMR",61
"TENM4","ID2",62
"TENM4","IL27RA",63
"TENM4","IQGAP3",64
"TENM4","KIAA0101",65
"TENM4","KIF11",66
"TENM4","KIF14",67
"TENM4","KIF15",68
"TENM4","KIF18A",69
"TENM4","KIF18B",70
"TENM4","KIF20A",71
"TENM4","KIF23",72
"TENM4","KIF2C",73
"TENM4","KIF4A",74
"TENM4","KNL1",75
"TENM4","LOC728175",76
"TENM4","MAD2L1",77
"TENM4","MCM10",78
"TENM4","MCM4",79
"TENM4","MCM7",80
"TENM4","MDK",81
"TENM4","MDM2",82
"TENM4","MELK",83
"TENM4","MKI67",84
"TENM4","MND1",85
"TENM4","NCAPG",86
"TENM4","NCAPH",87
"TENM4","NEK2",88
"TENM4","NME1",89
"TENM4","NUF2",90
"TENM4","NUSAP1",91
"TENM4","OIP5",92
"TENM4","PBK",93
"TENM4","PCNA",94
"TENM4","PHF19",95
"TENM4","PIK3IP1",96
"TENM4","PLK4",97
"TENM4","POLE2",98
"TENM4","POLQ",99
"TENM4","PPIF",100
"TENM4","PRR11",101
"TENM4","PTTG1",102
"TENM4","RAD51",103
"TENM4","RFC3",104
"TENM4","RRM2",105
"TENM4","SHCBP1",106
"TENM4","SKP2",107
"TENM4","SLA",108
"TENM4","SMC2",109
"TENM4","STIL",110
"TENM4","SUV39H2",111
"TENM4","TCF19",112
"TENM4","TENM4",113
"TENM4","TIMELESS",114
"TENM4","TIPIN",115
"TENM4","TK1",116
"TENM4","TMEM97",117
"TENM4","TPX2",118
"TENM4","TRIP13",119
"TENM4","TTK",120
"TENM4","TXNIP",121
"TENM4","UBE2T",122
"TENM4","WDHD1",123
"TENM4","WDR76",124
"TENM4","ZFP36L2",125
"TENM4","ZNF367",126
"TENM4","ZWINT",127
"TIMELESS","ANLN",1
"TIMELESS","ANP32E",2
"TIMELESS","APITD1-CORT",3
"TIMELESS","ASF1B",4
"TIMELESS","ASPM",5
"TIMELESS","ATAD2",6
"TIMELESS","AURKA",7
"TIMELESS","AURKB",8
"TIMELESS","BCAT1",9
"TIMELESS","BCL2L11",10
"TIMELESS","BIRC5",11
"TIMELESS","BMF",12
"TIMELESS","BRCA1",13
"TIMELESS","BRIP1",14
"TIMELESS","BTG1",15
"TIMELESS","BUB1",16
"TIMELESS","BUB1B",17
"TIMELESS","BYSL",18
"TIMELESS","C4orf46",19
"TIMELESS","C5orf24",20
"TIMELESS","CCDC34",21
"TIMELESS","CCDC86",22
"TIMELESS","CCNA2",23
"TIMELESS","CCNB1",24
"TIMELESS","CCNB2",25
"TIMELESS","CCNE2",26
"TIMELESS","CD53",27
"TIMELESS","CDC20",28
"TIMELESS","CDC42EP3",29
"TIMELESS","CDC45",30
"TIMELESS","CDC6",31
"TIMELESS","CDCA2",32
"TIMELESS","CDCA3",33
"TIMELESS","CDCA5",34
"TIMELESS","CDK1",35
"TIMELESS","CDKN3",36
"TIMELESS","CDT1",37
"TIMELESS","CELF2",38
"TIMELESS","CENPA",39
"TIMELESS","CENPE",40
"TIMELESS","CENPF",41
"TIMELESS","CENPH",42
"TIMELESS","CENPK",43
"TIMELESS","CENPN",44
"TIMELESS","CENPU",45
"TIMELESS","CENPW",46
"TIMELESS","CEP55",47
"TIMELESS","CHEK1",48
"TIMELESS","CKAP2",49
"TIMELESS","CKAP2L",50
"TIMELESS","CKS1B",51
"TIMELESS","CLEC2B",52
"TIMELESS","CRNDE",53
"TIMELESS","DEFA1",54
"TIMELESS","DEPDC1",55
"TIMELESS","DEPDC1B",56
"TIMELESS","DHFR",57
"TIMELESS","DLGAP5",58
"TIMELESS","DSCC1",59
"TIMELESS","DTL",60
"TIMELESS","E2F7",61
"TIMELESS","E2F8",62
"TIMELESS","ECT2",63
"TIMELESS","F13A1",64
"TIMELESS","FABP5",65
"TIMELESS","FAM72C",66
"TIMELESS","FANCI",67
"TIMELESS","FCER1G",68
"TIMELESS","FEN1",69
"TIMELESS","FGR",70
"TIMELESS","FH",71
"TIMELESS","FOXM1",72
"TIMELESS","FUS",73
"TIMELESS","GBP4",74
"TIMELESS","GGH",75
"TIMELESS","GIMAP4",76
"TIMELESS","GIMAP7",77
"TIMELESS","GINS1",78
"TIMELESS","GINS2",79
"TIMELESS","GVINP1",80
"TIMELESS","HBB",81
"TIMELESS","HBG1",82
"TIMELESS","HELLS",83
"TIMELESS","HIST4H4",84
"TIMELESS","HJURP",85
"TIMELESS","HMMR",86
"TIMELESS","IGLL1",87
"TIMELESS","IQGAP3",88
"TIMELESS","ISG20",89
"TIMELESS","ITGB2-AS1",90
"TIMELESS","KIAA0101",91
"TIMELESS","KIF11",92
"TIMELESS","KIF14",93
"TIMELESS","KIF15",94
"TIMELESS","KIF18A",95
"TIMELESS","KIF18B",96
"TIMELESS","KIF20A",97
"TIMELESS","KIF23",98
"TIMELESS","KIF2C",99
"TIMELESS","KIF4A",100
"TIMELESS","KLF9",101
"TIMELESS","KNL1",102
"TIMELESS","LILRB2",103
"TIMELESS","LOC100996643",104
"TIMELESS","LYZ",105
"TIMELESS","MAD2L1",106
"TIMELESS","MCM10",107
"TIMELESS","MCM4",108
"TIMELESS","MCM5",109
"TIMELESS","MCM7",110
"TIMELESS","MDK",111
"TIMELESS","MELK",112
"TIMELESS","MIR8071-1",113
"TIMELESS","MKI67",114
"TIMELESS","MND1",115
"TIMELESS","MPV17L",116
"TIMELESS","MS4A1",117
"TIMELESS","MS4A7",118
"TIMELESS","MTHFD2",119
"TIMELESS","NCAPG",120
"TIMELESS","NCAPH",121
"TIMELESS","NEAT1",122
"TIMELESS","NEDD9",123
"TIMELESS","NEK2",124
"TIMELESS","NME1",125
"TIMELESS","NUF2",126
"TIMELESS","NUSAP1",127
"TIMELESS","OIP5",128
"TIMELESS","P2RY14",129
"TIMELESS","PAICS",130
"TIMELESS","PBK",131
"TIMELESS","PCNA",132
"TIMELESS","PHF19",133
"TIMELESS","PIK3IP1",134
"TIMELESS","PLK4",135
"TIMELESS","POLE2",136
"TIMELESS","POLQ",137
"TIMELESS","PPIF",138
"TIMELESS","PRDM1",139
"TIMELESS","PRR11",140
"TIMELESS","PTP4A1",141
"TIMELESS","PTTG1",142
"TIMELESS","RAD51",143
"TIMELESS","RAD51AP1",144
"TIMELESS","RFC3",145
"TIMELESS","RMI2",146
"TIMELESS","RNASET2",147
"TIMELESS","RRM2",148
"TIMELESS","S100A8",149
"TIMELESS","SELENOI",150
"TIMELESS","SERPINA1",151
"TIMELESS","SHCBP1",152
"TIMELESS","SKP2",153
"TIMELESS","SMAP2",154
"TIMELESS","SMC2",155
"TIMELESS","SNX29P2",156
"TIMELESS","SQLE",157
"TIMELESS","STIL",158
"TIMELESS","SUV39H2",159
"TIMELESS","TBXA2R",160
"TIMELESS","TCF19",161
"TIMELESS","TENM4",162
"TIMELESS","TIMELESS",163
"TIMELESS","TIPIN",164
"TIMELESS","TK1",165
"TIMELESS","TMEM97",166
"TIMELESS","TNFRSF21",167
"TIMELESS","TOP2A",168
"TIMELESS","TPX2",169
"TIMELESS","TRIP13",170
"TIMELESS","TTK",171
"TIMELESS","TXNIP",172
"TIMELESS","TYMS",173
"TIMELESS","UBE2C",174
"TIMELESS","UBE2T",175
"TIMELESS","WDHD1",176
"TIMELESS","WDR76",177
"TIMELESS","ZFP36L2",178
"TIMELESS","ZNF367",179
"TIMELESS","ZWINT",180
"TIPIN","ANLN",1
"TIPIN","ANP32E",2
"TIPIN","APITD1-CORT",3
"TIPIN","ARPP21",4
"TIPIN","ASF1B",5
"TIPIN","ASPM",6
"TIPIN","ATAD2",7
"TIPIN","AURKA",8
"TIPIN","AURKB",9
"TIPIN","B3GNT2",10
"TIPIN","BCAT1",11
"TIPIN","BCL2L11",12
"TIPIN","BIRC5",13
"TIPIN","BMF",14
"TIPIN","BRCA1",15
"TIPIN","BRIP1",16
"TIPIN","BTG1",17
"TIPIN","BUB1",18
"TIPIN","BUB1B",19
"TIPIN","BYSL",20
"TIPIN","C4orf46",21
"TIPIN","CCDC34",22
"TIPIN","CCDC86",23
"TIPIN","CCNA2",24
"TIPIN","CCNB1",25
"TIPIN","CCNB2",26
"TIPIN","CCNE2",27
"TIPIN","CCNL1",28
"TIPIN","CCR1",29
"TIPIN","CD53",30
"TIPIN","CDC20",31
"TIPIN","CDC42EP3",32
"TIPIN","CDC45",33
"TIPIN","CDC6",34
"TIPIN","CDCA2",35
"TIPIN","CDCA3",36
"TIPIN","CDCA5",37
"TIPIN","CDK1",38
"TIPIN","CDK6",39
"TIPIN","CDKN3",40
"TIPIN","CDT1",41
"TIPIN","CELF2",42
"TIPIN","CENPA",43
"TIPIN","CENPE",44
"TIPIN","CENPF",45
"TIPIN","CENPH",46
"TIPIN","CENPK",47
"TIPIN","CENPN",48
"TIPIN","CENPU",49
"TIPIN","CENPV",50
"TIPIN","CENPW",51
"TIPIN","CEP55",52
"TIPIN","CHEK1",53
"TIPIN","CKAP2",54
"TIPIN","CKAP2L",55
"TIPIN","CKS1B",56
"TIPIN","CLEC2B",57
"TIPIN","CPM",58
"TIPIN","CRNDE",59
"TIPIN","DEFA1",60
"TIPIN","DENND3",61
"TIPIN","DEPDC1",62
"TIPIN","DEPDC1B",63
"TIPIN","DFNA5",64
"TIPIN","DHFR",65
"TIPIN","DHX9",66
"TIPIN","DLGAP5",67
"TIPIN","DPEP1",68
"TIPIN","DSCC1",69
"TIPIN","DTL",70
"TIPIN","E2F7",71
"TIPIN","E2F8",72
"TIPIN","ECT2",73
"TIPIN","EGR1",74
"TIPIN","EMP1",75
"TIPIN","FAM72C",76
"TIPIN","FANCI",77
"TIPIN","FCER1G",78
"TIPIN","FCGR3B",79
"TIPIN","FEN1",80
"TIPIN","FGD2",81
"TIPIN","FGR",82
"TIPIN","FH",83
"TIPIN","FOXM1",84
"TIPIN","FUS",85
"TIPIN","GBP4",86
"TIPIN","GGH",87
"TIPIN","GIMAP4",88
"TIPIN","GIMAP7",89
"TIPIN","GINS1",90
"TIPIN","GINS2",91
"TIPIN","GSN",92
"TIPIN","HBB",93
"TIPIN","HBG1",94
"TIPIN","HELLS",95
"TIPIN","HIST4H4",96
"TIPIN","HJURP",97
"TIPIN","HMMR",98
"TIPIN","HRK",99
"TIPIN","ID2",100
"TIPIN","IFNGR1",101
"TIPIN","IGH",102
"TIPIN","IGLC1",103
"TIPIN","IL1B",104
"TIPIN","IL6ST",105
"TIPIN","IQGAP3",106
"TIPIN","IRAK3",107
"TIPIN","ISG20",108
"TIPIN","ITGAM",109
"TIPIN","KIAA0101",110
"TIPIN","KIF11",111
"TIPIN","KIF14",112
"TIPIN","KIF15",113
"TIPIN","KIF18A",114
"TIPIN","KIF18B",115
"TIPIN","KIF20A",116
"TIPIN","KIF23",117
"TIPIN","KIF2C",118
"TIPIN","KIF4A",119
"TIPIN","KNL1",120
"TIPIN","LILRB2",121
"TIPIN","LOC100996643",122
"TIPIN","LY96",123
"TIPIN","LYZ",124
"TIPIN","MAD2L1",125
"TIPIN","MCM10",126
"TIPIN","MCM4",127
"TIPIN","MCM5",128
"TIPIN","MCM7",129
"TIPIN","MDK",130
"TIPIN","MELK",131
"TIPIN","METTL7A",132
"TIPIN","MIR4683",133
"TIPIN","MIR6845",134
"TIPIN","MIR8071-1",135
"TIPIN","MKI67",136
"TIPIN","MND1",137
"TIPIN","MS4A1",138
"TIPIN","MS4A4A",139
"TIPIN","MS4A7",140
"TIPIN","MTHFD2",141
"TIPIN","MTSS1",142
"TIPIN","NCAPG",143
"TIPIN","NCAPH",144
"TIPIN","NEAT1",145
"TIPIN","NEDD9",146
"TIPIN","NEK2",147
"TIPIN","NME1",148
"TIPIN","NPCDR1",149
"TIPIN","NUF2",150
"TIPIN","NUSAP1",151
"TIPIN","OIP5",152
"TIPIN","P2RY14",153
"TIPIN","PAICS",154
"TIPIN","PBK",155
"TIPIN","PCNA",156
"TIPIN","PDE4B",157
"TIPIN","PHF19",158
"TIPIN","PIK3IP1",159
"TIPIN","PLK4",160
"TIPIN","POLE2",161
"TIPIN","POLQ",162
"TIPIN","POU4F1",163
"TIPIN","PPIF",164
"TIPIN","PPP1R16B",165
"TIPIN","PRR11",166
"TIPIN","PSPH",167
"TIPIN","PTP4A1",168
"TIPIN","PTTG1",169
"TIPIN","RAD51",170
"TIPIN","RAD51AP1",171
"TIPIN","RBM14",172
"TIPIN","RBMS3",173
"TIPIN","RCC1",174
"TIPIN","RFC3",175
"TIPIN","RHOBTB3",176
"TIPIN","RMI2",177
"TIPIN","RNASET2",178
"TIPIN","RRM2",179
"TIPIN","S100A8",180
"TIPIN","SCML4",181
"TIPIN","SELENOI",182
"TIPIN","SERPINA1",183
"TIPIN","SERPINB9",184
"TIPIN","SESN1",185
"TIPIN","SHCBP1",186
"TIPIN","SIK1",187
"TIPIN","SKP2",188
"TIPIN","SLC22A23",189
"TIPIN","SMAP2",190
"TIPIN","SMC2",191
"TIPIN","SNORA21",192
"TIPIN","SOS1",193
"TIPIN","SQLE",194
"TIPIN","STIL",195
"TIPIN","SUV39H2",196
"TIPIN","TARSL2",197
"TIPIN","TBXA2R",198
"TIPIN","TCF19",199
"TIPIN","TIMELESS",200
"TIPIN","TIPIN",201
"TIPIN","TK1",202
"TIPIN","TMEM97",203
"TIPIN","TNFRSF21",204
"TIPIN","TOP2A",205
"TIPIN","TPX2",206
"TIPIN","TRIP13",207
"TIPIN","TTK",208
"TIPIN","TXNIP",209
"TIPIN","TYMS",210
"TIPIN","UBE2C",211
"TIPIN","UBE2T",212
"TIPIN","WDHD1",213
"TIPIN","WDR76",214
"TIPIN","ZFP36L2",215
"TIPIN","ZNF367",216
"TIPIN","ZWINT",217
"TK1","ANLN",1
"TK1","ANP32E",2
"TK1","APITD1-CORT",3
"TK1","ASF1B",4
"TK1","ASPM",5
"TK1","ATAD2",6
"TK1","AURKA",7
"TK1","AURKB",8
"TK1","BCAT1",9
"TK1","BCL2L11",10
"TK1","BIRC5",11
"TK1","BRCA1",12
"TK1","BRIP1",13
"TK1","BTG1",14
"TK1","BUB1",15
"TK1","BUB1B",16
"TK1","BYSL",17
"TK1","C4orf46",18
"TK1","C5orf24",19
"TK1","CCDC34",20
"TK1","CCDC86",21
"TK1","CCNA2",22
"TK1","CCNB1",23
"TK1","CCNB2",24
"TK1","CCNE2",25
"TK1","CCNL1",26
"TK1","CD53",27
"TK1","CDC20",28
"TK1","CDC42EP3",29
"TK1","CDC45",30
"TK1","CDC6",31
"TK1","CDCA2",32
"TK1","CDCA3",33
"TK1","CDCA5",34
"TK1","CDK1",35
"TK1","CDKN3",36
"TK1","CDT1",37
"TK1","CELF2",38
"TK1","CENPA",39
"TK1","CENPE",40
"TK1","CENPF",41
"TK1","CENPH",42
"TK1","CENPK",43
"TK1","CENPN",44
"TK1","CENPU",45
"TK1","CENPW",46
"TK1","CEP55",47
"TK1","CHEK1",48
"TK1","CKAP2",49
"TK1","CKAP2L",50
"TK1","CKS1B",51
"TK1","CLEC2B",52
"TK1","CRNDE",53
"TK1","DEFA1",54
"TK1","DEPDC1",55
"TK1","DEPDC1B",56
"TK1","DFNA5",57
"TK1","DHFR",58
"TK1","DHX9",59
"TK1","DLGAP5",60
"TK1","DSCC1",61
"TK1","DTL",62
"TK1","E2F7",63
"TK1","E2F8",64
"TK1","ECT2",65
"TK1","EGR1",66
"TK1","FABP5",67
"TK1","FAM72C",68
"TK1","FANCI",69
"TK1","FCER1G",70
"TK1","FCGR3B",71
"TK1","FEN1",72
"TK1","FGR",73
"TK1","FH",74
"TK1","FOXM1",75
"TK1","FUS",76
"TK1","GBP4",77
"TK1","GGH",78
"TK1","GIMAP4",79
"TK1","GIMAP7",80
"TK1","GINS1",81
"TK1","GINS2",82
"TK1","GVINP1",83
"TK1","HBB",84
"TK1","HBG1",85
"TK1","HELLS",86
"TK1","HIST4H4",87
"TK1","HJURP",88
"TK1","HMMR",89
"TK1","HSP90AB1",90
"TK1","ID2",91
"TK1","IGLL1",92
"TK1","IQGAP3",93
"TK1","ISG20",94
"TK1","ITGB2-AS1",95
"TK1","KIAA0101",96
"TK1","KIF11",97
"TK1","KIF14",98
"TK1","KIF15",99
"TK1","KIF18A",100
"TK1","KIF18B",101
"TK1","KIF20A",102
"TK1","KIF23",103
"TK1","KIF2C",104
"TK1","KIF4A",105
"TK1","KNL1",106
"TK1","LILRB2",107
"TK1","LOC100996643",108
"TK1","LOC728175",109
"TK1","LYZ",110
"TK1","MAD2L1",111
"TK1","MCM10",112
"TK1","MCM4",113
"TK1","MCM5",114
"TK1","MCM7",115
"TK1","MDK",116
"TK1","MELK",117
"TK1","MIR6845",118
"TK1","MIR8071-1",119
"TK1","MKI67",120
"TK1","MND1",121
"TK1","MPV17L",122
"TK1","MS4A1",123
"TK1","MS4A7",124
"TK1","MTHFD2",125
"TK1","NCAPG",126
"TK1","NCAPH",127
"TK1","NEAT1",128
"TK1","NEDD9",129
"TK1","NEK2",130
"TK1","NME1",131
"TK1","NPCDR1",132
"TK1","NUF2",133
"TK1","NUSAP1",134
"TK1","OIP5",135
"TK1","P2RY14",136
"TK1","PAICS",137
"TK1","PBK",138
"TK1","PCNA",139
"TK1","PDE4B",140
"TK1","PHF19",141
"TK1","PLK4",142
"TK1","POLE2",143
"TK1","POLQ",144
"TK1","PPBP",145
"TK1","PPIF",146
"TK1","PPP1R16B",147
"TK1","PRDM1",148
"TK1","PRR11",149
"TK1","PSPH",150
"TK1","PTP4A1",151
"TK1","PTTG1",152
"TK1","RAD51",153
"TK1","RAD51AP1",154
"TK1","RBM14",155
"TK1","RFC3",156
"TK1","RMI2",157
"TK1","RNASET2",158
"TK1","RRM2",159
"TK1","S100A8",160
"TK1","SCML4",161
"TK1","SELENOI",162
"TK1","SERPINA1",163
"TK1","SESN1",164
"TK1","SHCBP1",165
"TK1","SKP2",166
"TK1","SMAP2",167
"TK1","SMC2",168
"TK1","SNORA21",169
"TK1","SNX29P2",170
"TK1","SQLE",171
"TK1","STIL",172
"TK1","SUV39H2",173
"TK1","TARSL2",174
"TK1","TBXA2R",175
"TK1","TCF19",176
"TK1","TENM4",177
"TK1","TIMELESS",178
"TK1","TIPIN",179
"TK1","TK1",180
"TK1","TMEM97",181
"TK1","TNFRSF21",182
"TK1","TOP2A",183
"TK1","TPX2",184
"TK1","TRIP13",185
"TK1","TTK",186
"TK1","TXNIP",187
"TK1","TYMS",188
"TK1","UBE2C",189
"TK1","UBE2T",190
"TK1","WDHD1",191
"TK1","WDR76",192
"TK1","ZNF367",193
"TK1","ZWINT",194
"TMEM100","C4orf46",1
"TMEM100","CCNB1",2
"TMEM100","CDC42EP3",3
"TMEM100","CENPF",4
"TMEM100","CKS1B",5
"TMEM100","DEPDC1B",6
"TMEM100","DHFR",7
"TMEM100","DTL",8
"TMEM100","FH",9
"TMEM100","GIMAP7",10
"TMEM100","ID3",11
"TMEM100","IGLL1",12
"TMEM100","IL27RA",13
"TMEM100","ITGB2-AS1",14
"TMEM100","KIF11",15
"TMEM100","KNL1",16
"TMEM100","LOC100130872",17
"TMEM100","MND1",18
"TMEM100","NEK2",19
"TMEM100","NUF2",20
"TMEM100","PTP4A1",21
"TMEM100","PTTG1",22
"TMEM100","RBMS3",23
"TMEM100","RFC3",24
"TMEM100","RPS6KA2",25
"TMEM100","SHCBP1",26
"TMEM100","TMEM100",27
"TMEM100","TNFRSF21",28
"TMEM2","AKAP12",1
"TMEM2","ANLN",2
"TMEM2","ANP32E",3
"TMEM2","APITD1-CORT",4
"TMEM2","ASF1B",5
"TMEM2","ATAD2",6
"TMEM2","AURKA",7
"TMEM2","BCL10",8
"TMEM2","BIRC5",9
"TMEM2","BMF",10
"TMEM2","BRIP1",11
"TMEM2","BTG1",12
"TMEM2","BTNL9",13
"TMEM2","BUB1",14
"TMEM2","CCDC34",15
"TMEM2","CCNA2",16
"TMEM2","CCNB2",17
"TMEM2","CCNE2",18
"TMEM2","CCR1",19
"TMEM2","CD53",20
"TMEM2","CDC45",21
"TMEM2","CDC6",22
"TMEM2","CDCA2",23
"TMEM2","CDCA3",24
"TMEM2","CDCA5",25
"TMEM2","CDKN3",26
"TMEM2","CENPA",27
"TMEM2","CENPE",28
"TMEM2","CENPK",29
"TMEM2","CENPU",30
"TMEM2","CENPV",31
"TMEM2","CEP55",32
"TMEM2","CHEK1",33
"TMEM2","CLEC2B",34
"TMEM2","CRNDE",35
"TMEM2","DENND3",36
"TMEM2","DEPDC1",37
"TMEM2","DEPDC1B",38
"TMEM2","DFNA5",39
"TMEM2","DLGAP5",40
"TMEM2","DPEP1",41
"TMEM2","DSCC1",42
"TMEM2","E2F7",43
"TMEM2","ECT2",44
"TMEM2","EGR1",45
"TMEM2","EMP1",46
"TMEM2","F13A1",47
"TMEM2","FAM72C",48
"TMEM2","FANCI",49
"TMEM2","FEN1",50
"TMEM2","FGD2",51
"TMEM2","FOXM1",52
"TMEM2","GBP4",53
"TMEM2","GIMAP4",54
"TMEM2","GINS1",55
"TMEM2","GSN",56
"TMEM2","HELLS",57
"TMEM2","HJURP",58
"TMEM2","HRK",59
"TMEM2","ID2",60
"TMEM2","ID3",61
"TMEM2","IFNGR1",62
"TMEM2","IL18R1",63
"TMEM2","IL1B",64
"TMEM2","IL6ST",65
"TMEM2","IRAK3",66
"TMEM2","ISG20",67
"TMEM2","ITGAM",68
"TMEM2","ITGB2-AS1",69
"TMEM2","KCNK12",70
"TMEM2","KIAA0101",71
"TMEM2","KIF18B",72
"TMEM2","KIF23",73
"TMEM2","KIF26A",74
"TMEM2","KIF2C",75
"TMEM2","KLF9",76
"TMEM2","KNL1",77
"TMEM2","LILRB2",78
"TMEM2","MAD2L1",79
"TMEM2","MCM4",80
"TMEM2","MDM2",81
"TMEM2","MELK",82
"TMEM2","METTL7A",83
"TMEM2","MIR4683",84
"TMEM2","MIR6845",85
"TMEM2","MIR8071-1",86
"TMEM2","MS4A1",87
"TMEM2","MS4A4A",88
"TMEM2","MSH6",89
"TMEM2","MTSS1",90
"TMEM2","MYRIP",91
"TMEM2","NCAPG",92
"TMEM2","NCAPH",93
"TMEM2","P2RY14",94
"TMEM2","PBK",95
"TMEM2","PDE4B",96
"TMEM2","PHF19",97
"TMEM2","POLE2",98
"TMEM2","PRPS2",99
"TMEM2","RBMS3",100
"TMEM2","RNASET2",101
"TMEM2","RPS6KA2",102
"TMEM2","S100A11",103
"TMEM2","SCML4",104
"TMEM2","SERPINB9",105
"TMEM2","SIK1",106
"TMEM2","SKP2",107
"TMEM2","SLA",108
"TMEM2","SMAP2",109
"TMEM2","SNX10",110
"TMEM2","SOS1",111
"TMEM2","SQLE",112
"TMEM2","STIL",113
"TMEM2","SUV39H2",114
"TMEM2","TARSL2",115
"TMEM2","TBXA2R",116
"TMEM2","TCF19",117
"TMEM2","TIPIN",118
"TMEM2","TMEM2",119
"TMEM2","TNFSF8",120
"TMEM2","TPX2",121
"TMEM2","TRIB1",122
"TMEM2","TTK",123
"TMEM2","UBE2C",124
"TMEM2","UBE2T",125
"TMEM97","ANLN",1
"TMEM97","ANP32E",2
"TMEM97","APITD1-CORT",3
"TMEM97","ASF1B",4
"TMEM97","ASPM",5
"TMEM97","ATAD2",6
"TMEM97","AURKA",7
"TMEM97","AURKB",8
"TMEM97","BCAT1",9
"TMEM97","BCL2L11",10
"TMEM97","BIRC5",11
"TMEM97","BMF",12
"TMEM97","BRCA1",13
"TMEM97","BRIP1",14
"TMEM97","BTG1",15
"TMEM97","BUB1",16
"TMEM97","BUB1B",17
"TMEM97","BYSL",18
"TMEM97","C4orf46",19
"TMEM97","CCDC34",20
"TMEM97","CCDC86",21
"TMEM97","CCNA2",22
"TMEM97","CCNB1",23
"TMEM97","CCNB2",24
"TMEM97","CCNE2",25
"TMEM97","CCNL1",26
"TMEM97","CD53",27
"TMEM97","CDC20",28
"TMEM97","CDC42EP3",29
"TMEM97","CDC45",30
"TMEM97","CDC6",31
"TMEM97","CDCA2",32
"TMEM97","CDCA3",33
"TMEM97","CDCA5",34
"TMEM97","CDK1",35
"TMEM97","CDKN3",36
"TMEM97","CDT1",37
"TMEM97","CELF2",38
"TMEM97","CENPA",39
"TMEM97","CENPE",40
"TMEM97","CENPF",41
"TMEM97","CENPH",42
"TMEM97","CENPK",43
"TMEM97","CENPN",44
"TMEM97","CENPU",45
"TMEM97","CENPV",46
"TMEM97","CENPW",47
"TMEM97","CEP55",48
"TMEM97","CHEK1",49
"TMEM97","CKAP2",50
"TMEM97","CKAP2L",51
"TMEM97","CKS1B",52
"TMEM97","CLEC2B",53
"TMEM97","CPM",54
"TMEM97","CRNDE",55
"TMEM97","DEFA1",56
"TMEM97","DENND3",57
"TMEM97","DEPDC1",58
"TMEM97","DEPDC1B",59
"TMEM97","DFNA5",60
"TMEM97","DHFR",61
"TMEM97","DHX9",62
"TMEM97","DLGAP5",63
"TMEM97","DPEP1",64
"TMEM97","DSCC1",65
"TMEM97","DTL",66
"TMEM97","E2F7",67
"TMEM97","E2F8",68
"TMEM97","ECT2",69
"TMEM97","EGR1",70
"TMEM97","FABP5",71
"TMEM97","FAM72C",72
"TMEM97","FANCI",73
"TMEM97","FCER1G",74
"TMEM97","FCGR3B",75
"TMEM97","FEN1",76
"TMEM97","FGD2",77
"TMEM97","FGR",78
"TMEM97","FH",79
"TMEM97","FOXM1",80
"TMEM97","FUS",81
"TMEM97","GBP4",82
"TMEM97","GGH",83
"TMEM97","GIMAP4",84
"TMEM97","GIMAP7",85
"TMEM97","GINS1",86
"TMEM97","GINS2",87
"TMEM97","GVINP1",88
"TMEM97","HBB",89
"TMEM97","HBG1",90
"TMEM97","HELLS",91
"TMEM97","HIST4H4",92
"TMEM97","HJURP",93
"TMEM97","HMMR",94
"TMEM97","ID2",95
"TMEM97","IFNGR1",96
"TMEM97","IGH",97
"TMEM97","IGLC1",98
"TMEM97","IL18R1",99
"TMEM97","IL1B",100
"TMEM97","IQGAP3",101
"TMEM97","IRAK3",102
"TMEM97","ISG20",103
"TMEM97","KIAA0101",104
"TMEM97","KIF11",105
"TMEM97","KIF14",106
"TMEM97","KIF15",107
"TMEM97","KIF18A",108
"TMEM97","KIF18B",109
"TMEM97","KIF20A",110
"TMEM97","KIF23",111
"TMEM97","KIF2C",112
"TMEM97","KIF4A",113
"TMEM97","KNL1",114
"TMEM97","LILRB2",115
"TMEM97","LOC100996643",116
"TMEM97","LOC728175",117
"TMEM97","LYZ",118
"TMEM97","MAD2L1",119
"TMEM97","MCM10",120
"TMEM97","MCM4",121
"TMEM97","MCM5",122
"TMEM97","MCM7",123
"TMEM97","MDK",124
"TMEM97","MELK",125
"TMEM97","METTL7A",126
"TMEM97","MIR6845",127
"TMEM97","MIR8071-1",128
"TMEM97","MKI67",129
"TMEM97","MND1",130
"TMEM97","MS4A1",131
"TMEM97","MS4A4A",132
"TMEM97","MS4A7",133
"TMEM97","MTHFD2",134
"TMEM97","MTSS1",135
"TMEM97","NCAPG",136
"TMEM97","NCAPH",137
"TMEM97","NEAT1",138
"TMEM97","NEDD9",139
"TMEM97","NEK2",140
"TMEM97","NME1",141
"TMEM97","NPCDR1",142
"TMEM97","NUF2",143
"TMEM97","NUSAP1",144
"TMEM97","OIP5",145
"TMEM97","P2RY14",146
"TMEM97","PAICS",147
"TMEM97","PBK",148
"TMEM97","PCNA",149
"TMEM97","PDE4B",150
"TMEM97","PHF19",151
"TMEM97","PIK3IP1",152
"TMEM97","PLK4",153
"TMEM97","POLE2",154
"TMEM97","POLQ",155
"TMEM97","PPIF",156
"TMEM97","PPP1R16B",157
"TMEM97","PRR11",158
"TMEM97","PSPH",159
"TMEM97","PTP4A1",160
"TMEM97","PTTG1",161
"TMEM97","RAD51",162
"TMEM97","RAD51AP1",163
"TMEM97","RBM14",164
"TMEM97","RCC1",165
"TMEM97","RFC3",166
"TMEM97","RMI2",167
"TMEM97","RNASET2",168
"TMEM97","RRM2",169
"TMEM97","S100A8",170
"TMEM97","SCML4",171
"TMEM97","SELENOI",172
"TMEM97","SERPINA1",173
"TMEM97","SERPINB9",174
"TMEM97","SESN1",175
"TMEM97","SHCBP1",176
"TMEM97","SIK1",177
"TMEM97","SKP2",178
"TMEM97","SLC22A23",179
"TMEM97","SMAP2",180
"TMEM97","SMC2",181
"TMEM97","SNORA21",182
"TMEM97","SNORD3B-1",183
"TMEM97","SNX29P2",184
"TMEM97","SOS1",185
"TMEM97","SQLE",186
"TMEM97","STIL",187
"TMEM97","SUV39H2",188
"TMEM97","TARSL2",189
"TMEM97","TBXA2R",190
"TMEM97","TCF19",191
"TMEM97","TENM4",192
"TMEM97","TIMELESS",193
"TMEM97","TIPIN",194
"TMEM97","TK1",195
"TMEM97","TMEM97",196
"TMEM97","TNFRSF21",197
"TMEM97","TOP2A",198
"TMEM97","TPX2",199
"TMEM97","TRIP13",200
"TMEM97","TTK",201
"TMEM97","TXNIP",202
"TMEM97","TYMS",203
"TMEM97","UBE2C",204
"TMEM97","UBE2T",205
"TMEM97","WDHD1",206
"TMEM97","WDR76",207
"TMEM97","ZNF367",208
"TMEM97","ZWINT",209
"TNFRSF21","ANLN",1
"TNFRSF21","ANP32E",2
"TNFRSF21","ASPM",3
"TNFRSF21","BCAT1",4
"TNFRSF21","BRCA1",5
"TNFRSF21","BRIP1",6
"TNFRSF21","BUB1B",7
"TNFRSF21","BYSL",8
"TNFRSF21","C4orf46",9
"TNFRSF21","C5orf24",10
"TNFRSF21","CCDC86",11
"TNFRSF21","CCNB1",12
"TNFRSF21","CCNB2",13
"TNFRSF21","CD53",14
"TNFRSF21","CDC20",15
"TNFRSF21","CDC42EP3",16
"TNFRSF21","CDC45",17
"TNFRSF21","CDK1",18
"TNFRSF21","CDT1",19
"TNFRSF21","CENPA",20
"TNFRSF21","CENPF",21
"TNFRSF21","CENPN",22
"TNFRSF21","CENPU",23
"TNFRSF21","CHEK1",24
"TNFRSF21","CKS1B",25
"TNFRSF21","CLEC2B",26
"TNFRSF21","CLN8",27
"TNFRSF21","CRNDE",28
"TNFRSF21","DEFA1",29
"TNFRSF21","DEPDC1B",30
"TNFRSF21","DFNA5",31
"TNFRSF21","DHFR",32
"TNFRSF21","DHX9",33
"TNFRSF21","DLGAP5",34
"TNFRSF21","DTL",35
"TNFRSF21","E2F7",36
"TNFRSF21","E2F8",37
"TNFRSF21","F13A1",38
"TNFRSF21","FABP5",39
"TNFRSF21","FANCI",40
"TNFRSF21","FH",41
"TNFRSF21","FOXM1",42
"TNFRSF21","GIMAP4",43
"TNFRSF21","GINS2",44
"TNFRSF21","HBB",45
"TNFRSF21","HBG1",46
"TNFRSF21","HELLS",47
"TNFRSF21","HIST4H4",48
"TNFRSF21","HMMR",49
"TNFRSF21","HSP90AB1",50
"TNFRSF21","IGLL1",51
"TNFRSF21","KIF14",52
"TNFRSF21","KIF15",53
"TNFRSF21","KIF18B",54
"TNFRSF21","KIF20A",55
"TNFRSF21","KIF2C",56
"TNFRSF21","KIF4A",57
"TNFRSF21","KNL1",58
"TNFRSF21","LGALS3",59
"TNFRSF21","LILRA1",60
"TNFRSF21","LILRB2",61
"TNFRSF21","LOC100130872",62
"TNFRSF21","MAD2L1",63
"TNFRSF21","MCM10",64
"TNFRSF21","MCM7",65
"TNFRSF21","MIR6845",66
"TNFRSF21","MIR8071-1",67
"TNFRSF21","MNDA",68
"TNFRSF21","NCAPG",69
"TNFRSF21","NEDD9",70
"TNFRSF21","NEK2",71
"TNFRSF21","NME1",72
"TNFRSF21","NUF2",73
"TNFRSF21","NUSAP1",74
"TNFRSF21","PAICS",75
"TNFRSF21","PLK4",76
"TNFRSF21","POLQ",77
"TNFRSF21","RAD51",78
"TNFRSF21","RAG2",79
"TNFRSF21","RASSF4",80
"TNFRSF21","RBM14",81
"TNFRSF21","RFC3",82
"TNFRSF21","RMI2",83
"TNFRSF21","RNASET2",84
"TNFRSF21","SEMA4D",85
"TNFRSF21","SERPINB9",86
"TNFRSF21","SHCBP1",87
"TNFRSF21","SMAP2",88
"TNFRSF21","SMC2",89
"TNFRSF21","SNX29P2",90
"TNFRSF21","SQLE",91
"TNFRSF21","STAB1",92
"TNFRSF21","STIL",93
"TNFRSF21","TBXA2R",94
"TNFRSF21","TIMELESS",95
"TNFRSF21","TMEM97",96
"TNFRSF21","TNFRSF21",97
"TNFRSF21","TTK",98
"TNFRSF21","TUBA4A",99
"TNFRSF21","TXNIP",100
"TNFRSF21","UBE2T",101
"TNFRSF21","WDHD1",102
"TNFRSF21","ZBTB16",103
"TNFRSF21","ZNF367",104
"TNFRSF21","ZWINT",105
"TNFSF8","AKAP12",1
"TNFSF8","BCL2L11",2
"TNFSF8","BIRC3",3
"TNFSF8","BTNL9",4
"TNFSF8","C5orf24",5
"TNFSF8","DENND3",6
"TNFSF8","EMP1",7
"TNFSF8","FGL2",8
"TNFSF8","FGR",9
"TNFSF8","GSN",10
"TNFSF8","HBG1",11
"TNFSF8","ID3",12
"TNFSF8","IL1B",13
"TNFSF8","IL27RA",14
"TNFSF8","ITGB2-AS1",15
"TNFSF8","KCNK12",16
"TNFSF8","KIF26A",17
"TNFSF8","LOC100130872",18
"TNFSF8","LOC100996643",19
"TNFSF8","LOC728175",20
"TNFSF8","METTL7A",21
"TNFSF8","MSH6",22
"TNFSF8","MYRIP",23
"TNFSF8","P2RY14",24
"TNFSF8","POU4F1",25
"TNFSF8","PTP4A1",26
"TNFSF8","RAG1",27
"TNFSF8","S100A11",28
"TNFSF8","SEMA4D",29
"TNFSF8","SIK1",30
"TNFSF8","SLA",31
"TNFSF8","SNTB2",32
"TNFSF8","SNX10",33
"TNFSF8","TMEM2",34
"TNFSF8","TNFSF8",35
"TNFSF8","WASF1",36
"TNFSF8","ZFP36L2",37
"TOP2A","ANLN",1
"TOP2A","ANP32E",2
"TOP2A","APITD1-CORT",3
"TOP2A","ASF1B",4
"TOP2A","ASPM",5
"TOP2A","ATAD2",6
"TOP2A","AURKA",7
"TOP2A","AURKB",8
"TOP2A","BCAT1",9
"TOP2A","BCL2L11",10
"TOP2A","BIRC5",11
"TOP2A","BRCA1",12
"TOP2A","BRIP1",13
"TOP2A","BTG1",14
"TOP2A","BUB1",15
"TOP2A","BUB1B",16
"TOP2A","BYSL",17
"TOP2A","C4orf46",18
"TOP2A","C5orf24",19
"TOP2A","CCDC34",20
"TOP2A","CCNA2",21
"TOP2A","CCNB1",22
"TOP2A","CCNB2",23
"TOP2A","CCNE2",24
"TOP2A","CD53",25
"TOP2A","CDC20",26
"TOP2A","CDC42EP3",27
"TOP2A","CDC45",28
"TOP2A","CDC6",29
"TOP2A","CDCA2",30
"TOP2A","CDCA3",31
"TOP2A","CDCA5",32
"TOP2A","CDK1",33
"TOP2A","CDKN3",34
"TOP2A","CDT1",35
"TOP2A","CELF2",36
"TOP2A","CENPA",37
"TOP2A","CENPE",38
"TOP2A","CENPF",39
"TOP2A","CENPH",40
"TOP2A","CENPK",41
"TOP2A","CENPN",42
"TOP2A","CENPU",43
"TOP2A","CENPW",44
"TOP2A","CEP55",45
"TOP2A","CHEK1",46
"TOP2A","CKAP2",47
"TOP2A","CKAP2L",48
"TOP2A","CKS1B",49
"TOP2A","CRNDE",50
"TOP2A","DEPDC1",51
"TOP2A","DEPDC1B",52
"TOP2A","DFNA5",53
"TOP2A","DHFR",54
"TOP2A","DHX9",55
"TOP2A","DLGAP5",56
"TOP2A","DSCC1",57
"TOP2A","DTL",58
"TOP2A","E2F7",59
"TOP2A","E2F8",60
"TOP2A","ECT2",61
"TOP2A","EGR1",62
"TOP2A","FABP5",63
"TOP2A","FAM72C",64
"TOP2A","FANCI",65
"TOP2A","FCER1G",66
"TOP2A","FEN1",67
"TOP2A","FGL2",68
"TOP2A","FGR",69
"TOP2A","FH",70
"TOP2A","FOXM1",71
"TOP2A","FUS",72
"TOP2A","GBP4",73
"TOP2A","GGH",74
"TOP2A","GIMAP4",75
"TOP2A","GIMAP7",76
"TOP2A","GINS1",77
"TOP2A","GINS2",78
"TOP2A","GVINP1",79
"TOP2A","HBG1",80
"TOP2A","HELLS",81
"TOP2A","HIST4H4",82
"TOP2A","HJURP",83
"TOP2A","HMMR",84
"TOP2A","HSP90AB1",85
"TOP2A","IGLL1",86
"TOP2A","IL18R1",87
"TOP2A","IL18RAP",88
"TOP2A","IL27RA",89
"TOP2A","IQGAP3",90
"TOP2A","IRAK3",91
"TOP2A","ITGB2-AS1",92
"TOP2A","KIAA0101",93
"TOP2A","KIF11",94
"TOP2A","KIF14",95
"TOP2A","KIF15",96
"TOP2A","KIF18A",97
"TOP2A","KIF18B",98
"TOP2A","KIF20A",99
"TOP2A","KIF23",100
"TOP2A","KIF2C",101
"TOP2A","KIF4A",102
"TOP2A","KNL1",103
"TOP2A","LGALS3",104
"TOP2A","LILRB2",105
"TOP2A","LOC100130872",106
"TOP2A","LOC100996643",107
"TOP2A","LOC728175",108
"TOP2A","LY96",109
"TOP2A","LYZ",110
"TOP2A","MAD2L1",111
"TOP2A","MCM10",112
"TOP2A","MCM4",113
"TOP2A","MCM5",114
"TOP2A","MCM7",115
"TOP2A","MDK",116
"TOP2A","MELK",117
"TOP2A","MIR6845",118
"TOP2A","MKI67",119
"TOP2A","MND1",120
"TOP2A","MPV17L",121
"TOP2A","MS4A7",122
"TOP2A","MTHFD2",123
"TOP2A","NCAPG",124
"TOP2A","NCAPH",125
"TOP2A","NEAT1",126
"TOP2A","NEDD9",127
"TOP2A","NEK2",128
"TOP2A","NME1",129
"TOP2A","NUF2",130
"TOP2A","NUSAP1",131
"TOP2A","OIP5",132
"TOP2A","PAICS",133
"TOP2A","PBK",134
"TOP2A","PCNA",135
"TOP2A","PHF19",136
"TOP2A","PLK4",137
"TOP2A","POLE2",138
"TOP2A","POLQ",139
"TOP2A","PPBP",140
"TOP2A","PPIF",141
"TOP2A","PPP1R16B",142
"TOP2A","PRDM1",143
"TOP2A","PRR11",144
"TOP2A","PSPH",145
"TOP2A","PTP4A1",146
"TOP2A","PTTG1",147
"TOP2A","RAB31",148
"TOP2A","RAD51",149
"TOP2A","RAD51AP1",150
"TOP2A","RBM14",151
"TOP2A","RFC3",152
"TOP2A","RMI2",153
"TOP2A","RNASET2",154
"TOP2A","RRM2",155
"TOP2A","S100A8",156
"TOP2A","SELENOI",157
"TOP2A","SERPINA1",158
"TOP2A","SESN1",159
"TOP2A","SHCBP1",160
"TOP2A","SKP2",161
"TOP2A","SMAP2",162
"TOP2A","SMC2",163
"TOP2A","SNORA21",164
"TOP2A","SNX29P2",165
"TOP2A","STIL",166
"TOP2A","SUV39H2",167
"TOP2A","TCF19",168
"TOP2A","TENM4",169
"TOP2A","TIMELESS",170
"TOP2A","TIPIN",171
"TOP2A","TK1",172
"TOP2A","TMEM97",173
"TOP2A","TNFRSF21",174
"TOP2A","TOP2A",175
"TOP2A","TPX2",176
"TOP2A","TRIP13",177
"TOP2A","TTK",178
"TOP2A","TXNIP",179
"TOP2A","TYMS",180
"TOP2A","UBE2C",181
"TOP2A","UBE2T",182
"TOP2A","WDHD1",183
"TOP2A","WDR76",184
"TOP2A","ZNF367",185
"TOP2A","ZWINT",186
"TPX2","ANLN",1
"TPX2","ANP32E",2
"TPX2","APITD1-CORT",3
"TPX2","ARPP21",4
"TPX2","ASF1B",5
"TPX2","ASPM",6
"TPX2","ATAD2",7
"TPX2","AURKA",8
"TPX2","AURKB",9
"TPX2","B3GNT2",10
"TPX2","BCAT1",11
"TPX2","BCL2L11",12
"TPX2","BIRC5",13
"TPX2","BMF",14
"TPX2","BRCA1",15
"TPX2","BRIP1",16
"TPX2","BTG1",17
"TPX2","BUB1",18
"TPX2","BUB1B",19
"TPX2","BYSL",20
"TPX2","C4orf46",21
"TPX2","CCDC34",22
"TPX2","CCDC86",23
"TPX2","CCNA2",24
"TPX2","CCNB1",25
"TPX2","CCNB2",26
"TPX2","CCNE2",27
"TPX2","CCNL1",28
"TPX2","CCR1",29
"TPX2","CD53",30
"TPX2","CDC20",31
"TPX2","CDC42EP3",32
"TPX2","CDC45",33
"TPX2","CDC6",34
"TPX2","CDCA2",35
"TPX2","CDCA3",36
"TPX2","CDCA5",37
"TPX2","CDK1",38
"TPX2","CDK6",39
"TPX2","CDKN3",40
"TPX2","CDT1",41
"TPX2","CELF2",42
"TPX2","CENPA",43
"TPX2","CENPE",44
"TPX2","CENPF",45
"TPX2","CENPH",46
"TPX2","CENPK",47
"TPX2","CENPN",48
"TPX2","CENPU",49
"TPX2","CENPV",50
"TPX2","CENPW",51
"TPX2","CEP55",52
"TPX2","CHEK1",53
"TPX2","CKAP2",54
"TPX2","CKAP2L",55
"TPX2","CKS1B",56
"TPX2","CLEC2B",57
"TPX2","CPM",58
"TPX2","CRNDE",59
"TPX2","DEFA1",60
"TPX2","DENND3",61
"TPX2","DEPDC1",62
"TPX2","DEPDC1B",63
"TPX2","DFNA5",64
"TPX2","DHFR",65
"TPX2","DHX9",66
"TPX2","DLGAP5",67
"TPX2","DPEP1",68
"TPX2","DSCC1",69
"TPX2","DTL",70
"TPX2","E2F7",71
"TPX2","E2F8",72
"TPX2","ECT2",73
"TPX2","EGR1",74
"TPX2","EMP1",75
"TPX2","FAM72C",76
"TPX2","FANCI",77
"TPX2","FCER1G",78
"TPX2","FCGR3B",79
"TPX2","FEN1",80
"TPX2","FGD2",81
"TPX2","FGR",82
"TPX2","FH",83
"TPX2","FOXM1",84
"TPX2","FUS",85
"TPX2","GBP4",86
"TPX2","GGH",87
"TPX2","GIMAP4",88
"TPX2","GIMAP7",89
"TPX2","GINS1",90
"TPX2","GINS2",91
"TPX2","GSN",92
"TPX2","HBB",93
"TPX2","HBG1",94
"TPX2","HELLS",95
"TPX2","HIST4H4",96
"TPX2","HJURP",97
"TPX2","HMMR",98
"TPX2","HRK",99
"TPX2","ID2",100
"TPX2","IFNGR1",101
"TPX2","IGH",102
"TPX2","IGLC1",103
"TPX2","IL1B",104
"TPX2","IL6ST",105
"TPX2","IQGAP3",106
"TPX2","IRAK3",107
"TPX2","ISG20",108
"TPX2","ITGAM",109
"TPX2","KIAA0101",110
"TPX2","KIF11",111
"TPX2","KIF14",112
"TPX2","KIF15",113
"TPX2","KIF18A",114
"TPX2","KIF18B",115
"TPX2","KIF20A",116
"TPX2","KIF23",117
"TPX2","KIF2C",118
"TPX2","KIF4A",119
"TPX2","KNL1",120
"TPX2","LILRB2",121
"TPX2","LOC100996643",122
"TPX2","LY96",123
"TPX2","LYZ",124
"TPX2","MAD2L1",125
"TPX2","MCM10",126
"TPX2","MCM4",127
"TPX2","MCM5",128
"TPX2","MCM7",129
"TPX2","MDK",130
"TPX2","MELK",131
"TPX2","METTL7A",132
"TPX2","MIR4683",133
"TPX2","MIR6845",134
"TPX2","MIR8071-1",135
"TPX2","MKI67",136
"TPX2","MND1",137
"TPX2","MS4A1",138
"TPX2","MS4A4A",139
"TPX2","MS4A7",140
"TPX2","MTHFD2",141
"TPX2","MTSS1",142
"TPX2","NCAPG",143
"TPX2","NCAPH",144
"TPX2","NEAT1",145
"TPX2","NEDD9",146
"TPX2","NEK2",147
"TPX2","NME1",148
"TPX2","NPCDR1",149
"TPX2","NUF2",150
"TPX2","NUSAP1",151
"TPX2","OIP5",152
"TPX2","P2RY14",153
"TPX2","PAICS",154
"TPX2","PBK",155
"TPX2","PCNA",156
"TPX2","PDE4B",157
"TPX2","PHF19",158
"TPX2","PIK3IP1",159
"TPX2","PLK4",160
"TPX2","POLE2",161
"TPX2","POLQ",162
"TPX2","POU4F1",163
"TPX2","PPIF",164
"TPX2","PPP1R16B",165
"TPX2","PRR11",166
"TPX2","PSPH",167
"TPX2","PTP4A1",168
"TPX2","PTTG1",169
"TPX2","RAD51",170
"TPX2","RAD51AP1",171
"TPX2","RBM14",172
"TPX2","RBMS3",173
"TPX2","RCC1",174
"TPX2","RFC3",175
"TPX2","RHOBTB3",176
"TPX2","RMI2",177
"TPX2","RNASET2",178
"TPX2","RRM2",179
"TPX2","S100A8",180
"TPX2","SCML4",181
"TPX2","SELENOI",182
"TPX2","SERPINA1",183
"TPX2","SERPINB9",184
"TPX2","SESN1",185
"TPX2","SHCBP1",186
"TPX2","SIK1",187
"TPX2","SKP2",188
"TPX2","SLC22A23",189
"TPX2","SMAP2",190
"TPX2","SMC2",191
"TPX2","SNORA21",192
"TPX2","SOS1",193
"TPX2","SQLE",194
"TPX2","STIL",195
"TPX2","SUV39H2",196
"TPX2","TARSL2",197
"TPX2","TBXA2R",198
"TPX2","TCF19",199
"TPX2","TIMELESS",200
"TPX2","TIPIN",201
"TPX2","TK1",202
"TPX2","TMEM97",203
"TPX2","TNFRSF21",204
"TPX2","TOP2A",205
"TPX2","TPX2",206
"TPX2","TRIP13",207
"TPX2","TTK",208
"TPX2","TXNIP",209
"TPX2","TYMS",210
"TPX2","UBE2C",211
"TPX2","UBE2T",212
"TPX2","WDHD1",213
"TPX2","WDR76",214
"TPX2","ZFP36L2",215
"TPX2","ZNF367",216
"TPX2","ZWINT",217
"TRIB1","ABHD17B",1
"TRIB1","CENPV",2
"TRIB1","EPPK1",3
"TRIB1","IL18R1",4
"TRIB1","IL18RAP",5
"TRIB1","IL27RA",6
"TRIB1","IL6ST",7
"TRIB1","LOC728175",8
"TRIB1","MDK",9
"TRIB1","METTL7A",10
"TRIB1","PFKFB2",11
"TRIB1","PRPS2",12
"TRIB1","SCML4",13
"TRIB1","SHCBP1",14
"TRIB1","TMEM2",15
"TRIB1","TRIB1",16
"TRIP13","ANLN",1
"TRIP13","ANP32E",2
"TRIP13","APITD1-CORT",3
"TRIP13","ARPP21",4
"TRIP13","ASF1B",5
"TRIP13","ASPM",6
"TRIP13","ATAD2",7
"TRIP13","AURKA",8
"TRIP13","AURKB",9
"TRIP13","B3GNT2",10
"TRIP13","BCAT1",11
"TRIP13","BCL2L11",12
"TRIP13","BIRC5",13
"TRIP13","BMF",14
"TRIP13","BRCA1",15
"TRIP13","BRIP1",16
"TRIP13","BTG1",17
"TRIP13","BUB1",18
"TRIP13","BUB1B",19
"TRIP13","BYSL",20
"TRIP13","C4orf46",21
"TRIP13","CCDC34",22
"TRIP13","CCDC86",23
"TRIP13","CCNA2",24
"TRIP13","CCNB1",25
"TRIP13","CCNB2",26
"TRIP13","CCNE2",27
"TRIP13","CCNL1",28
"TRIP13","CCR1",29
"TRIP13","CD53",30
"TRIP13","CDC20",31
"TRIP13","CDC42EP3",32
"TRIP13","CDC45",33
"TRIP13","CDC6",34
"TRIP13","CDCA2",35
"TRIP13","CDCA3",36
"TRIP13","CDCA5",37
"TRIP13","CDK1",38
"TRIP13","CDK6",39
"TRIP13","CDKN3",40
"TRIP13","CDT1",41
"TRIP13","CELF2",42
"TRIP13","CENPA",43
"TRIP13","CENPE",44
"TRIP13","CENPF",45
"TRIP13","CENPH",46
"TRIP13","CENPK",47
"TRIP13","CENPN",48
"TRIP13","CENPU",49
"TRIP13","CENPV",50
"TRIP13","CENPW",51
"TRIP13","CEP55",52
"TRIP13","CHEK1",53
"TRIP13","CKAP2",54
"TRIP13","CKAP2L",55
"TRIP13","CKS1B",56
"TRIP13","CLEC2B",57
"TRIP13","CPM",58
"TRIP13","CRNDE",59
"TRIP13","DEFA1",60
"TRIP13","DENND3",61
"TRIP13","DEPDC1",62
"TRIP13","DEPDC1B",63
"TRIP13","DFNA5",64
"TRIP13","DHFR",65
"TRIP13","DHX9",66
"TRIP13","DLGAP5",67
"TRIP13","DPEP1",68
"TRIP13","DSCC1",69
"TRIP13","DTL",70
"TRIP13","E2F7",71
"TRIP13","E2F8",72
"TRIP13","ECT2",73
"TRIP13","EGR1",74
"TRIP13","EMP1",75
"TRIP13","FAM72C",76
"TRIP13","FANCI",77
"TRIP13","FCER1G",78
"TRIP13","FCGR3B",79
"TRIP13","FEN1",80
"TRIP13","FGD2",81
"TRIP13","FGR",82
"TRIP13","FH",83
"TRIP13","FOXM1",84
"TRIP13","FUS",85
"TRIP13","GBP4",86
"TRIP13","GGH",87
"TRIP13","GIMAP4",88
"TRIP13","GIMAP7",89
"TRIP13","GINS1",90
"TRIP13","GINS2",91
"TRIP13","GSN",92
"TRIP13","HBB",93
"TRIP13","HBG1",94
"TRIP13","HELLS",95
"TRIP13","HIST4H4",96
"TRIP13","HJURP",97
"TRIP13","HMMR",98
"TRIP13","HRK",99
"TRIP13","ID2",100
"TRIP13","IFNGR1",101
"TRIP13","IGH",102
"TRIP13","IGLC1",103
"TRIP13","IL1B",104
"TRIP13","IL6ST",105
"TRIP13","IQGAP3",106
"TRIP13","IRAK3",107
"TRIP13","ISG20",108
"TRIP13","ITGAM",109
"TRIP13","KIAA0101",110
"TRIP13","KIF11",111
"TRIP13","KIF14",112
"TRIP13","KIF15",113
"TRIP13","KIF18A",114
"TRIP13","KIF18B",115
"TRIP13","KIF20A",116
"TRIP13","KIF23",117
"TRIP13","KIF2C",118
"TRIP13","KIF4A",119
"TRIP13","KNL1",120
"TRIP13","LILRB2",121
"TRIP13","LOC100996643",122
"TRIP13","LY96",123
"TRIP13","LYZ",124
"TRIP13","MAD2L1",125
"TRIP13","MCM10",126
"TRIP13","MCM4",127
"TRIP13","MCM5",128
"TRIP13","MCM7",129
"TRIP13","MDK",130
"TRIP13","MELK",131
"TRIP13","METTL7A",132
"TRIP13","MIR4683",133
"TRIP13","MIR6845",134
"TRIP13","MIR8071-1",135
"TRIP13","MKI67",136
"TRIP13","MND1",137
"TRIP13","MS4A1",138
"TRIP13","MS4A4A",139
"TRIP13","MS4A7",140
"TRIP13","MTHFD2",141
"TRIP13","MTSS1",142
"TRIP13","NCAPG",143
"TRIP13","NCAPH",144
"TRIP13","NEAT1",145
"TRIP13","NEDD9",146
"TRIP13","NEK2",147
"TRIP13","NME1",148
"TRIP13","NPCDR1",149
"TRIP13","NUF2",150
"TRIP13","NUSAP1",151
"TRIP13","OIP5",152
"TRIP13","P2RY14",153
"TRIP13","PAICS",154
"TRIP13","PBK",155
"TRIP13","PCNA",156
"TRIP13","PDE4B",157
"TRIP13","PHF19",158
"TRIP13","PIK3IP1",159
"TRIP13","PLK4",160
"TRIP13","POLE2",161
"TRIP13","POLQ",162
"TRIP13","POU4F1",163
"TRIP13","PPIF",164
"TRIP13","PPP1R16B",165
"TRIP13","PRR11",166
"TRIP13","PSPH",167
"TRIP13","PTP4A1",168
"TRIP13","PTTG1",169
"TRIP13","RAD51",170
"TRIP13","RAD51AP1",171
"TRIP13","RBM14",172
"TRIP13","RBMS3",173
"TRIP13","RCC1",174
"TRIP13","RFC3",175
"TRIP13","RHOBTB3",176
"TRIP13","RMI2",177
"TRIP13","RNASET2",178
"TRIP13","RRM2",179
"TRIP13","S100A8",180
"TRIP13","SCML4",181
"TRIP13","SELENOI",182
"TRIP13","SERPINA1",183
"TRIP13","SERPINB9",184
"TRIP13","SESN1",185
"TRIP13","SHCBP1",186
"TRIP13","SIK1",187
"TRIP13","SKP2",188
"TRIP13","SLC22A23",189
"TRIP13","SMAP2",190
"TRIP13","SMC2",191
"TRIP13","SNORA21",192
"TRIP13","SOS1",193
"TRIP13","SQLE",194
"TRIP13","STIL",195
"TRIP13","SUV39H2",196
"TRIP13","TARSL2",197
"TRIP13","TBXA2R",198
"TRIP13","TCF19",199
"TRIP13","TIMELESS",200
"TRIP13","TIPIN",201
"TRIP13","TK1",202
"TRIP13","TMEM97",203
"TRIP13","TNFRSF21",204
"TRIP13","TOP2A",205
"TRIP13","TPX2",206
"TRIP13","TRIP13",207
"TRIP13","TTK",208
"TRIP13","TXNIP",209
"TRIP13","TYMS",210
"TRIP13","UBE2C",211
"TRIP13","UBE2T",212
"TRIP13","WDHD1",213
"TRIP13","WDR76",214
"TRIP13","ZFP36L2",215
"TRIP13","ZNF367",216
"TRIP13","ZWINT",217
"TTK","ANLN",1
"TTK","ANP32E",2
"TTK","APITD1-CORT",3
"TTK","ASF1B",4
"TTK","ASPM",5
"TTK","ATAD2",6
"TTK","AURKA",7
"TTK","AURKB",8
"TTK","BCAT1",9
"TTK","BCL2L11",10
"TTK","BIRC5",11
"TTK","BMF",12
"TTK","BRCA1",13
"TTK","BRIP1",14
"TTK","BTG1",15
"TTK","BUB1",16
"TTK","BUB1B",17
"TTK","BYSL",18
"TTK","C4orf46",19
"TTK","CCDC34",20
"TTK","CCDC86",21
"TTK","CCNA2",22
"TTK","CCNB1",23
"TTK","CCNB2",24
"TTK","CCNE2",25
"TTK","CD53",26
"TTK","CDC20",27
"TTK","CDC42EP3",28
"TTK","CDC45",29
"TTK","CDC6",30
"TTK","CDCA2",31
"TTK","CDCA3",32
"TTK","CDCA5",33
"TTK","CDK1",34
"TTK","CDKN3",35
"TTK","CDT1",36
"TTK","CELF2",37
"TTK","CENPA",38
"TTK","CENPE",39
"TTK","CENPF",40
"TTK","CENPH",41
"TTK","CENPK",42
"TTK","CENPN",43
"TTK","CENPU",44
"TTK","CENPV",45
"TTK","CENPW",46
"TTK","CEP55",47
"TTK","CHEK1",48
"TTK","CKAP2",49
"TTK","CKAP2L",50
"TTK","CKS1B",51
"TTK","CLEC2B",52
"TTK","CPM",53
"TTK","CRNDE",54
"TTK","DDIT4",55
"TTK","DENND3",56
"TTK","DEPDC1",57
"TTK","DEPDC1B",58
"TTK","DFNA5",59
"TTK","DHFR",60
"TTK","DHX9",61
"TTK","DLGAP5",62
"TTK","DPEP1",63
"TTK","DSCC1",64
"TTK","DTL",65
"TTK","E2F7",66
"TTK","E2F8",67
"TTK","ECT2",68
"TTK","EGR1",69
"TTK","FABP5",70
"TTK","FAM72C",71
"TTK","FANCI",72
"TTK","FCGR3B",73
"TTK","FEN1",74
"TTK","FGD2",75
"TTK","FH",76
"TTK","FOXM1",77
"TTK","FUS",78
"TTK","GBP4",79
"TTK","GGH",80
"TTK","GIMAP4",81
"TTK","GIMAP7",82
"TTK","GINS1",83
"TTK","GINS2",84
"TTK","GSN",85
"TTK","GVINP1",86
"TTK","HBB",87
"TTK","HELLS",88
"TTK","HIST4H4",89
"TTK","HJURP",90
"TTK","HMMR",91
"TTK","HSP90AB1",92
"TTK","ID2",93
"TTK","IFNGR1",94
"TTK","IGH",95
"TTK","IGLC1",96
"TTK","IL18R1",97
"TTK","IL1B",98
"TTK","IL6ST",99
"TTK","IQGAP3",100
"TTK","IRAK3",101
"TTK","ISG20",102
"TTK","ITGAM",103
"TTK","KIAA0101",104
"TTK","KIF11",105
"TTK","KIF14",106
"TTK","KIF15",107
"TTK","KIF18A",108
"TTK","KIF18B",109
"TTK","KIF20A",110
"TTK","KIF23",111
"TTK","KIF2C",112
"TTK","KIF4A",113
"TTK","KNL1",114
"TTK","LILRB2",115
"TTK","LOC100996643",116
"TTK","LYZ",117
"TTK","MAD2L1",118
"TTK","MCM10",119
"TTK","MCM4",120
"TTK","MCM5",121
"TTK","MCM7",122
"TTK","MDK",123
"TTK","MELK",124
"TTK","METTL7A",125
"TTK","MIR6845",126
"TTK","MIR8071-1",127
"TTK","MKI67",128
"TTK","MND1",129
"TTK","MS4A1",130
"TTK","MS4A4A",131
"TTK","MTHFD2",132
"TTK","MTSS1",133
"TTK","NCAPG",134
"TTK","NCAPH",135
"TTK","NEAT1",136
"TTK","NEDD9",137
"TTK","NEK2",138
"TTK","NME1",139
"TTK","NPCDR1",140
"TTK","NUF2",141
"TTK","NUSAP1",142
"TTK","OIP5",143
"TTK","P2RY14",144
"TTK","PAICS",145
"TTK","PBK",146
"TTK","PCNA",147
"TTK","PDE4B",148
"TTK","PHF19",149
"TTK","PIK3IP1",150
"TTK","PLK4",151
"TTK","POLE2",152
"TTK","POLQ",153
"TTK","PPIF",154
"TTK","PRR11",155
"TTK","PTP4A1",156
"TTK","PTTG1",157
"TTK","RAD51",158
"TTK","RAD51AP1",159
"TTK","RBM14",160
"TTK","RCC1",161
"TTK","RFC3",162
"TTK","RMI2",163
"TTK","RNASET2",164
"TTK","RRM2",165
"TTK","S100A8",166
"TTK","SCML4",167
"TTK","SELENOI",168
"TTK","SERPINA1",169
"TTK","SERPINB9",170
"TTK","SESN1",171
"TTK","SHCBP1",172
"TTK","SIK1",173
"TTK","SKP2",174
"TTK","SLC22A23",175
"TTK","SMAP2",176
"TTK","SMC2",177
"TTK","SNORA21",178
"TTK","SOS1",179
"TTK","SQLE",180
"TTK","STIL",181
"TTK","SUV39H2",182
"TTK","TARSL2",183
"TTK","TBXA2R",184
"TTK","TCF19",185
"TTK","TIMELESS",186
"TTK","TIPIN",187
"TTK","TK1",188
"TTK","TMEM2",189
"TTK","TMEM97",190
"TTK","TNFRSF21",191
"TTK","TOP2A",192
"TTK","TPX2",193
"TTK","TRIP13",194
"TTK","TTK",195
"TTK","TXNIP",196
"TTK","TYMS",197
"TTK","UBE2C",198
"TTK","UBE2T",199
"TTK","WDHD1",200
"TTK","WDR76",201
"TTK","ZNF367",202
"TTK","ZWINT",203
"TUBA4A","ASPM",1
"TUBA4A","BCL10",2
"TUBA4A","CCNL1",3
"TUBA4A","CDC42EP3",4
"TUBA4A","F13A1",5
"TUBA4A","FKBP5",6
"TUBA4A","GVINP1",7
"TUBA4A","LILRB2",8
"TUBA4A","LOC100505650",9
"TUBA4A","NUF2",10
"TUBA4A","P2RY14",11
"TUBA4A","SCML4",12
"TUBA4A","SESN1",13
"TUBA4A","SMIM3",14
"TUBA4A","STAB1",15
"TUBA4A","TBXA2R",16
"TUBA4A","TENM4",17
"TUBA4A","TUBA4A",18
"TUBA4A","WASF1",19
"TXNIP","ANLN",1
"TXNIP","ANP32E",2
"TXNIP","APITD1-CORT",3
"TXNIP","ASF1B",4
"TXNIP","ASPM",5
"TXNIP","ATAD2",6
"TXNIP","AURKA",7
"TXNIP","AURKB",8
"TXNIP","B3GNT2",9
"TXNIP","BCAT1",10
"TXNIP","BCL2L11",11
"TXNIP","BIRC3",12
"TXNIP","BIRC5",13
"TXNIP","BMF",14
"TXNIP","BRCA1",15
"TXNIP","BRIP1",16
"TXNIP","BTG1",17
"TXNIP","BUB1",18
"TXNIP","BUB1B",19
"TXNIP","BYSL",20
"TXNIP","C4orf46",21
"TXNIP","CCDC34",22
"TXNIP","CCDC86",23
"TXNIP","CCNA2",24
"TXNIP","CCNB1",25
"TXNIP","CCNB2",26
"TXNIP","CCNE2",27
"TXNIP","CD53",28
"TXNIP","CDC20",29
"TXNIP","CDC42EP3",30
"TXNIP","CDC45",31
"TXNIP","CDC6",32
"TXNIP","CDCA2",33
"TXNIP","CDCA3",34
"TXNIP","CDCA5",35
"TXNIP","CDK1",36
"TXNIP","CDKN3",37
"TXNIP","CDT1",38
"TXNIP","CELF2",39
"TXNIP","CENPA",40
"TXNIP","CENPE",41
"TXNIP","CENPF",42
"TXNIP","CENPH",43
"TXNIP","CENPK",44
"TXNIP","CENPN",45
"TXNIP","CENPU",46
"TXNIP","CENPV",47
"TXNIP","CENPW",48
"TXNIP","CEP55",49
"TXNIP","CHEK1",50
"TXNIP","CKAP2",51
"TXNIP","CKAP2L",52
"TXNIP","CKS1B",53
"TXNIP","DDIT4",54
"TXNIP","DENND3",55
"TXNIP","DEPDC1",56
"TXNIP","DEPDC1B",57
"TXNIP","DFNA5",58
"TXNIP","DHFR",59
"TXNIP","DLGAP5",60
"TXNIP","DPEP1",61
"TXNIP","DSCC1",62
"TXNIP","DTL",63
"TXNIP","E2F7",64
"TXNIP","E2F8",65
"TXNIP","ECT2",66
"TXNIP","EMP1",67
"TXNIP","FAM72C",68
"TXNIP","FANCI",69
"TXNIP","FEN1",70
"TXNIP","FGR",71
"TXNIP","FH",72
"TXNIP","FOXM1",73
"TXNIP","FUS",74
"TXNIP","GBP4",75
"TXNIP","GGH",76
"TXNIP","GIMAP4",77
"TXNIP","GIMAP7",78
"TXNIP","GINS1",79
"TXNIP","GINS2",80
"TXNIP","GSN",81
"TXNIP","HBG1",82
"TXNIP","HELLS",83
"TXNIP","HIST4H4",84
"TXNIP","HJURP",85
"TXNIP","HMMR",86
"TXNIP","HRK",87
"TXNIP","ID2",88
"TXNIP","IFNGR1",89
"TXNIP","IGH",90
"TXNIP","IGLC1",91
"TXNIP","IQGAP3",92
"TXNIP","IRAK3",93
"TXNIP","ISG20",94
"TXNIP","ITGAM",95
"TXNIP","KIAA0101",96
"TXNIP","KIF11",97
"TXNIP","KIF14",98
"TXNIP","KIF15",99
"TXNIP","KIF18A",100
"TXNIP","KIF18B",101
"TXNIP","KIF20A",102
"TXNIP","KIF23",103
"TXNIP","KIF2C",104
"TXNIP","KIF4A",105
"TXNIP","KNL1",106
"TXNIP","LILRB2",107
"TXNIP","LOC100996643",108
"TXNIP","LYZ",109
"TXNIP","MAD2L1",110
"TXNIP","MCM10",111
"TXNIP","MCM4",112
"TXNIP","MCM7",113
"TXNIP","MDK",114
"TXNIP","MELK",115
"TXNIP","MIR4683",116
"TXNIP","MIR6845",117
"TXNIP","MIR8071-1",118
"TXNIP","MKI67",119
"TXNIP","MND1",120
"TXNIP","MS4A1",121
"TXNIP","MS4A4A",122
"TXNIP","MS4A7",123
"TXNIP","MTHFD2",124
"TXNIP","MTSS1",125
"TXNIP","NCAPG",126
"TXNIP","NCAPH",127
"TXNIP","NEAT1",128
"TXNIP","NEK2",129
"TXNIP","NME1",130
"TXNIP","NPCDR1",131
"TXNIP","NUF2",132
"TXNIP","NUSAP1",133
"TXNIP","OIP5",134
"TXNIP","P2RY14",135
"TXNIP","PAICS",136
"TXNIP","PBK",137
"TXNIP","PCNA",138
"TXNIP","PDE4B",139
"TXNIP","PHF19",140
"TXNIP","PIK3IP1",141
"TXNIP","PLK4",142
"TXNIP","POLE2",143
"TXNIP","POLQ",144
"TXNIP","PPIF",145
"TXNIP","PRPS2",146
"TXNIP","PRR11",147
"TXNIP","PTTG1",148
"TXNIP","RAD51",149
"TXNIP","RAD51AP1",150
"TXNIP","RFC3",151
"TXNIP","RHOBTB3",152
"TXNIP","RNASET2",153
"TXNIP","RRM2",154
"TXNIP","S100A8",155
"TXNIP","SELENOI",156
"TXNIP","SERPINA1",157
"TXNIP","SERPINB9",158
"TXNIP","SHCBP1",159
"TXNIP","SKP2",160
"TXNIP","SMAP2",161
"TXNIP","SMC2",162
"TXNIP","SOS1",163
"TXNIP","SQLE",164
"TXNIP","STIL",165
"TXNIP","SUV39H2",166
"TXNIP","TBXA2R",167
"TXNIP","TCF19",168
"TXNIP","TIMELESS",169
"TXNIP","TIPIN",170
"TXNIP","TK1",171
"TXNIP","TMEM97",172
"TXNIP","TPX2",173
"TXNIP","TRIP13",174
"TXNIP","TTK",175
"TXNIP","TXNIP",176
"TXNIP","UBE2C",177
"TXNIP","UBE2T",178
"TXNIP","WDHD1",179
"TXNIP","WDR76",180
"TXNIP","ZFP36L2",181
"TXNIP","ZNF367",182
"TXNIP","ZWINT",183
"TYMS","ANLN",1
"TYMS","ANP32E",2
"TYMS","APITD1-CORT",3
"TYMS","ASF1B",4
"TYMS","ASPM",5
"TYMS","ATAD2",6
"TYMS","AURKA",7
"TYMS","AURKB",8
"TYMS","BCAT1",9
"TYMS","BIRC3",10
"TYMS","BIRC5",11
"TYMS","BRCA1",12
"TYMS","BRIP1",13
"TYMS","BTG1",14
"TYMS","BUB1",15
"TYMS","BUB1B",16
"TYMS","BYSL",17
"TYMS","C4orf46",18
"TYMS","CCDC34",19
"TYMS","CCDC86",20
"TYMS","CCNA2",21
"TYMS","CCNB1",22
"TYMS","CCNB2",23
"TYMS","CCNE2",24
"TYMS","CD53",25
"TYMS","CDC20",26
"TYMS","CDC42EP3",27
"TYMS","CDC45",28
"TYMS","CDC6",29
"TYMS","CDCA2",30
"TYMS","CDCA3",31
"TYMS","CDCA5",32
"TYMS","CDK1",33
"TYMS","CDKN3",34
"TYMS","CDT1",35
"TYMS","CELF2",36
"TYMS","CENPA",37
"TYMS","CENPE",38
"TYMS","CENPF",39
"TYMS","CENPH",40
"TYMS","CENPK",41
"TYMS","CENPN",42
"TYMS","CENPU",43
"TYMS","CENPW",44
"TYMS","CEP55",45
"TYMS","CHEK1",46
"TYMS","CKAP2",47
"TYMS","CKAP2L",48
"TYMS","CKS1B",49
"TYMS","CRNDE",50
"TYMS","DEPDC1",51
"TYMS","DEPDC1B",52
"TYMS","DHFR",53
"TYMS","DHX9",54
"TYMS","DLGAP5",55
"TYMS","DSCC1",56
"TYMS","DTL",57
"TYMS","E2F7",58
"TYMS","E2F8",59
"TYMS","ECT2",60
"TYMS","FABP5",61
"TYMS","FAM72C",62
"TYMS","FANCI",63
"TYMS","FEN1",64
"TYMS","FGL2",65
"TYMS","FGR",66
"TYMS","FH",67
"TYMS","FOXM1",68
"TYMS","GBP4",69
"TYMS","GGH",70
"TYMS","GINS1",71
"TYMS","GINS2",72
"TYMS","GVINP1",73
"TYMS","HBB",74
"TYMS","HBG1",75
"TYMS","HELLS",76
"TYMS","HIST4H4",77
"TYMS","HJURP",78
"TYMS","HMMR",79
"TYMS","HSP90AB1",80
"TYMS","IFNGR1",81
"TYMS","IL18R1",82
"TYMS","IL18RAP",83
"TYMS","IQGAP3",84
"TYMS","ISG20",85
"TYMS","KIAA0101",86
"TYMS","KIF11",87
"TYMS","KIF14",88
"TYMS","KIF15",89
"TYMS","KIF18A",90
"TYMS","KIF18B",91
"TYMS","KIF20A",92
"TYMS","KIF23",93
"TYMS","KIF2C",94
"TYMS","KIF4A",95
"TYMS","KNL1",96
"TYMS","LEF1",97
"TYMS","LGALS3",98
"TYMS","LILRA1",99
"TYMS","LOC100996643",100
"TYMS","LOC728175",101
"TYMS","LYZ",102
"TYMS","MAD2L1",103
"TYMS","MCM10",104
"TYMS","MCM4",105
"TYMS","MCM5",106
"TYMS","MCM7",107
"TYMS","MELK",108
"TYMS","MIR6845",109
"TYMS","MKI67",110
"TYMS","MND1",111
"TYMS","MNDA",112
"TYMS","MPV17L",113
"TYMS","MTHFD2",114
"TYMS","MYRIP",115
"TYMS","NCAPG",116
"TYMS","NCAPH",117
"TYMS","NEAT1",118
"TYMS","NEDD9",119
"TYMS","NEK2",120
"TYMS","NME1",121
"TYMS","NUF2",122
"TYMS","NUSAP1",123
"TYMS","OIP5",124
"TYMS","PAICS",125
"TYMS","PBK",126
"TYMS","PCNA",127
"TYMS","PHF19",128
"TYMS","PIK3IP1",129
"TYMS","PLK4",130
"TYMS","POLE2",131
"TYMS","POLQ",132
"TYMS","PPBP",133
"TYMS","PPIF",134
"TYMS","PPP1R16B",135
"TYMS","PRDM1",136
"TYMS","PRR11",137
"TYMS","PSPH",138
"TYMS","PTP4A1",139
"TYMS","PTTG1",140
"TYMS","RAB31",141
"TYMS","RAD51",142
"TYMS","RAD51AP1",143
"TYMS","RBM14",144
"TYMS","RCC1",145
"TYMS","RFC3",146
"TYMS","RMI2",147
"TYMS","RNASET2",148
"TYMS","RRM2",149
"TYMS","S100A8",150
"TYMS","SCML4",151
"TYMS","SELENOI",152
"TYMS","SERPINA1",153
"TYMS","SESN1",154
"TYMS","SHCBP1",155
"TYMS","SKP2",156
"TYMS","SMAP2",157
"TYMS","SMC2",158
"TYMS","SNORA21",159
"TYMS","SNX29P2",160
"TYMS","STIL",161
"TYMS","SUV39H2",162
"TYMS","TCF19",163
"TYMS","TIMELESS",164
"TYMS","TIPIN",165
"TYMS","TK1",166
"TYMS","TMEM97",167
"TYMS","TOP2A",168
"TYMS","TPX2",169
"TYMS","TRIP13",170
"TYMS","TTK",171
"TYMS","TXNIP",172
"TYMS","TYMS",173
"TYMS","UBE2C",174
"TYMS","UBE2T",175
"TYMS","WDHD1",176
"TYMS","WDR76",177
"TYMS","ZBTB16",178
"TYMS","ZNF367",179
"TYMS","ZWINT",180
"UBE2C","AKAP12",1
"UBE2C","ANLN",2
"UBE2C","ANP32E",3
"UBE2C","APITD1-CORT",4
"UBE2C","ASF1B",5
"UBE2C","ASPM",6
"UBE2C","ATAD2",7
"UBE2C","AURKA",8
"UBE2C","AURKB",9
"UBE2C","B3GNT2",10
"UBE2C","BCAT1",11
"UBE2C","BCL2L11",12
"UBE2C","BIRC5",13
"UBE2C","BMF",14
"UBE2C","BRCA1",15
"UBE2C","BRIP1",16
"UBE2C","BTG1",17
"UBE2C","BUB1",18
"UBE2C","BUB1B",19
"UBE2C","C4orf46",20
"UBE2C","CCDC34",21
"UBE2C","CCDC86",22
"UBE2C","CCNA2",23
"UBE2C","CCNB1",24
"UBE2C","CCNB2",25
"UBE2C","CCNE2",26
"UBE2C","CD53",27
"UBE2C","CDC20",28
"UBE2C","CDC45",29
"UBE2C","CDC6",30
"UBE2C","CDCA2",31
"UBE2C","CDCA3",32
"UBE2C","CDCA5",33
"UBE2C","CDK1",34
"UBE2C","CDKN3",35
"UBE2C","CDT1",36
"UBE2C","CELF2",37
"UBE2C","CENPA",38
"UBE2C","CENPE",39
"UBE2C","CENPF",40
"UBE2C","CENPH",41
"UBE2C","CENPK",42
"UBE2C","CENPN",43
"UBE2C","CENPU",44
"UBE2C","CENPV",45
"UBE2C","CENPW",46
"UBE2C","CEP55",47
"UBE2C","CHEK1",48
"UBE2C","CKAP2",49
"UBE2C","CKAP2L",50
"UBE2C","CKS1B",51
"UBE2C","DENND3",52
"UBE2C","DEPDC1",53
"UBE2C","DEPDC1B",54
"UBE2C","DFNA5",55
"UBE2C","DHFR",56
"UBE2C","DLGAP5",57
"UBE2C","DPEP1",58
"UBE2C","DSCC1",59
"UBE2C","DTL",60
"UBE2C","E2F7",61
"UBE2C","E2F8",62
"UBE2C","ECT2",63
"UBE2C","FAM72C",64
"UBE2C","FANCI",65
"UBE2C","FEN1",66
"UBE2C","FH",67
"UBE2C","FOXM1",68
"UBE2C","FUS",69
"UBE2C","GBP4",70
"UBE2C","GGH",71
"UBE2C","GIMAP4",72
"UBE2C","GIMAP7",73
"UBE2C","GINS1",74
"UBE2C","GINS2",75
"UBE2C","GSN",76
"UBE2C","HELLS",77
"UBE2C","HIST4H4",78
"UBE2C","HJURP",79
"UBE2C","HMMR",80
"UBE2C","ID2",81
"UBE2C","IFNGR1",82
"UBE2C","IL1B",83
"UBE2C","IL6ST",84
"UBE2C","IQGAP3",85
"UBE2C","IRAK3",86
"UBE2C","ISG20",87
"UBE2C","KIAA0101",88
"UBE2C","KIF11",89
"UBE2C","KIF14",90
"UBE2C","KIF15",91
"UBE2C","KIF18A",92
"UBE2C","KIF18B",93
"UBE2C","KIF20A",94
"UBE2C","KIF23",95
"UBE2C","KIF2C",96
"UBE2C","KIF4A",97
"UBE2C","KLF9",98
"UBE2C","KNL1",99
"UBE2C","LILRB2",100
"UBE2C","LOC100996643",101
"UBE2C","LY96",102
"UBE2C","LYZ",103
"UBE2C","MAD2L1",104
"UBE2C","MCM10",105
"UBE2C","MCM4",106
"UBE2C","MCM5",107
"UBE2C","MCM7",108
"UBE2C","MELK",109
"UBE2C","METTL7A",110
"UBE2C","MIR6845",111
"UBE2C","MIR8071-1",112
"UBE2C","MKI67",113
"UBE2C","MND1",114
"UBE2C","MS4A1",115
"UBE2C","MSH6",116
"UBE2C","MTHFD2",117
"UBE2C","MTSS1",118
"UBE2C","NCAPG",119
"UBE2C","NCAPH",120
"UBE2C","NEAT1",121
"UBE2C","NEK2",122
"UBE2C","NME1",123
"UBE2C","NPCDR1",124
"UBE2C","NUF2",125
"UBE2C","NUSAP1",126
"UBE2C","OIP5",127
"UBE2C","PBK",128
"UBE2C","PCNA",129
"UBE2C","PDE4B",130
"UBE2C","PHF19",131
"UBE2C","PLK4",132
"UBE2C","POLE2",133
"UBE2C","POLQ",134
"UBE2C","PPIF",135
"UBE2C","PRR11",136
"UBE2C","PTTG1",137
"UBE2C","RAD51",138
"UBE2C","RCC1",139
"UBE2C","RFC3",140
"UBE2C","RNASET2",141
"UBE2C","RRM2",142
"UBE2C","S100A11",143
"UBE2C","S100A8",144
"UBE2C","SERPINB9",145
"UBE2C","SHCBP1",146
"UBE2C","SIK1",147
"UBE2C","SKP2",148
"UBE2C","SLC22A23",149
"UBE2C","SMAP2",150
"UBE2C","SMC2",151
"UBE2C","SOS1",152
"UBE2C","SQLE",153
"UBE2C","STIL",154
"UBE2C","SUV39H2",155
"UBE2C","TCF19",156
"UBE2C","TIMELESS",157
"UBE2C","TIPIN",158
"UBE2C","TK1",159
"UBE2C","TMEM2",160
"UBE2C","TMEM97",161
"UBE2C","TOP2A",162
"UBE2C","TPX2",163
"UBE2C","TRIP13",164
"UBE2C","TTK",165
"UBE2C","TUBA4A",166
"UBE2C","TXNIP",167
"UBE2C","UBE2C",168
"UBE2C","UBE2T",169
"UBE2C","WDHD1",170
"UBE2C","WDR76",171
"UBE2C","WFS1",172
"UBE2C","ZNF367",173
"UBE2C","ZWINT",174
"UBE2T","ANLN",1
"UBE2T","ANP32E",2
"UBE2T","APITD1-CORT",3
"UBE2T","ARPP21",4
"UBE2T","ASF1B",5
"UBE2T","ASPM",6
"UBE2T","ATAD2",7
"UBE2T","AURKA",8
"UBE2T","AURKB",9
"UBE2T","B3GNT2",10
"UBE2T","BCAT1",11
"UBE2T","BCL2L11",12
"UBE2T","BIRC5",13
"UBE2T","BMF",14
"UBE2T","BRCA1",15
"UBE2T","BRIP1",16
"UBE2T","BTG1",17
"UBE2T","BUB1",18
"UBE2T","BUB1B",19
"UBE2T","BYSL",20
"UBE2T","C4orf46",21
"UBE2T","CCDC34",22
"UBE2T","CCDC86",23
"UBE2T","CCNA2",24
"UBE2T","CCNB1",25
"UBE2T","CCNB2",26
"UBE2T","CCNE2",27
"UBE2T","CCNL1",28
"UBE2T","CCR1",29
"UBE2T","CD53",30
"UBE2T","CDC20",31
"UBE2T","CDC42EP3",32
"UBE2T","CDC45",33
"UBE2T","CDC6",34
"UBE2T","CDCA2",35
"UBE2T","CDCA3",36
"UBE2T","CDCA5",37
"UBE2T","CDK1",38
"UBE2T","CDK6",39
"UBE2T","CDKN3",40
"UBE2T","CDT1",41
"UBE2T","CELF2",42
"UBE2T","CENPA",43
"UBE2T","CENPE",44
"UBE2T","CENPF",45
"UBE2T","CENPH",46
"UBE2T","CENPK",47
"UBE2T","CENPN",48
"UBE2T","CENPU",49
"UBE2T","CENPV",50
"UBE2T","CENPW",51
"UBE2T","CEP55",52
"UBE2T","CHEK1",53
"UBE2T","CKAP2",54
"UBE2T","CKAP2L",55
"UBE2T","CKS1B",56
"UBE2T","CLEC2B",57
"UBE2T","CPM",58
"UBE2T","CRNDE",59
"UBE2T","DEFA1",60
"UBE2T","DENND3",61
"UBE2T","DEPDC1",62
"UBE2T","DEPDC1B",63
"UBE2T","DFNA5",64
"UBE2T","DHFR",65
"UBE2T","DHX9",66
"UBE2T","DLGAP5",67
"UBE2T","DPEP1",68
"UBE2T","DSCC1",69
"UBE2T","DTL",70
"UBE2T","E2F7",71
"UBE2T","E2F8",72
"UBE2T","ECT2",73
"UBE2T","EGR1",74
"UBE2T","EMP1",75
"UBE2T","FAM72C",76
"UBE2T","FANCI",77
"UBE2T","FCER1G",78
"UBE2T","FCGR3B",79
"UBE2T","FEN1",80
"UBE2T","FGD2",81
"UBE2T","FGR",82
"UBE2T","FH",83
"UBE2T","FOXM1",84
"UBE2T","FUS",85
"UBE2T","GBP4",86
"UBE2T","GGH",87
"UBE2T","GIMAP4",88
"UBE2T","GIMAP7",89
"UBE2T","GINS1",90
"UBE2T","GINS2",91
"UBE2T","GSN",92
"UBE2T","HBB",93
"UBE2T","HBG1",94
"UBE2T","HELLS",95
"UBE2T","HIST4H4",96
"UBE2T","HJURP",97
"UBE2T","HMMR",98
"UBE2T","HRK",99
"UBE2T","ID2",100
"UBE2T","IFNGR1",101
"UBE2T","IGH",102
"UBE2T","IGLC1",103
"UBE2T","IL1B",104
"UBE2T","IL6ST",105
"UBE2T","IQGAP3",106
"UBE2T","IRAK3",107
"UBE2T","ISG20",108
"UBE2T","ITGAM",109
"UBE2T","KIAA0101",110
"UBE2T","KIF11",111
"UBE2T","KIF14",112
"UBE2T","KIF15",113
"UBE2T","KIF18A",114
"UBE2T","KIF18B",115
"UBE2T","KIF20A",116
"UBE2T","KIF23",117
"UBE2T","KIF2C",118
"UBE2T","KIF4A",119
"UBE2T","KNL1",120
"UBE2T","LILRB2",121
"UBE2T","LOC100996643",122
"UBE2T","LY96",123
"UBE2T","LYZ",124
"UBE2T","MAD2L1",125
"UBE2T","MCM10",126
"UBE2T","MCM4",127
"UBE2T","MCM5",128
"UBE2T","MCM7",129
"UBE2T","MDK",130
"UBE2T","MELK",131
"UBE2T","METTL7A",132
"UBE2T","MIR4683",133
"UBE2T","MIR6845",134
"UBE2T","MIR8071-1",135
"UBE2T","MKI67",136
"UBE2T","MND1",137
"UBE2T","MS4A1",138
"UBE2T","MS4A4A",139
"UBE2T","MS4A7",140
"UBE2T","MTHFD2",141
"UBE2T","MTSS1",142
"UBE2T","NCAPG",143
"UBE2T","NCAPH",144
"UBE2T","NEAT1",145
"UBE2T","NEDD9",146
"UBE2T","NEK2",147
"UBE2T","NME1",148
"UBE2T","NPCDR1",149
"UBE2T","NUF2",150
"UBE2T","NUSAP1",151
"UBE2T","OIP5",152
"UBE2T","P2RY14",153
"UBE2T","PAICS",154
"UBE2T","PBK",155
"UBE2T","PCNA",156
"UBE2T","PDE4B",157
"UBE2T","PHF19",158
"UBE2T","PIK3IP1",159
"UBE2T","PLK4",160
"UBE2T","POLE2",161
"UBE2T","POLQ",162
"UBE2T","POU4F1",163
"UBE2T","PPIF",164
"UBE2T","PPP1R16B",165
"UBE2T","PRR11",166
"UBE2T","PSPH",167
"UBE2T","PTP4A1",168
"UBE2T","PTTG1",169
"UBE2T","RAD51",170
"UBE2T","RAD51AP1",171
"UBE2T","RBM14",172
"UBE2T","RBMS3",173
"UBE2T","RCC1",174
"UBE2T","RFC3",175
"UBE2T","RHOBTB3",176
"UBE2T","RMI2",177
"UBE2T","RNASET2",178
"UBE2T","RRM2",179
"UBE2T","S100A8",180
"UBE2T","SCML4",181
"UBE2T","SELENOI",182
"UBE2T","SERPINA1",183
"UBE2T","SERPINB9",184
"UBE2T","SESN1",185
"UBE2T","SHCBP1",186
"UBE2T","SIK1",187
"UBE2T","SKP2",188
"UBE2T","SLC22A23",189
"UBE2T","SMAP2",190
"UBE2T","SMC2",191
"UBE2T","SNORA21",192
"UBE2T","SOS1",193
"UBE2T","SQLE",194
"UBE2T","STIL",195
"UBE2T","SUV39H2",196
"UBE2T","TARSL2",197
"UBE2T","TBXA2R",198
"UBE2T","TCF19",199
"UBE2T","TIMELESS",200
"UBE2T","TIPIN",201
"UBE2T","TK1",202
"UBE2T","TMEM97",203
"UBE2T","TNFRSF21",204
"UBE2T","TOP2A",205
"UBE2T","TPX2",206
"UBE2T","TRIP13",207
"UBE2T","TTK",208
"UBE2T","TXNIP",209
"UBE2T","TYMS",210
"UBE2T","UBE2C",211
"UBE2T","UBE2T",212
"UBE2T","WDHD1",213
"UBE2T","WDR76",214
"UBE2T","ZFP36L2",215
"UBE2T","ZNF367",216
"UBE2T","ZWINT",217
"WASF1","ABHD17B",1
"WASF1","AKAP12",2
"WASF1","BTNL9",3
"WASF1","C5orf24",4
"WASF1","CDC42EP3",5
"WASF1","CLN8",6
"WASF1","F13A1",7
"WASF1","FCER1G",8
"WASF1","FCGR3B",9
"WASF1","FGL2",10
"WASF1","FGR",11
"WASF1","HBB",12
"WASF1","HBG1",13
"WASF1","ID3",14
"WASF1","IGH",15
"WASF1","IGLL1",16
"WASF1","IL18RAP",17
"WASF1","IL1B",18
"WASF1","IL27RA",19
"WASF1","ITGB2-AS1",20
"WASF1","LGALS3",21
"WASF1","LILRA1",22
"WASF1","LOC100130872",23
"WASF1","MDK",24
"WASF1","MDM2",25
"WASF1","MNDA",26
"WASF1","MSH6",27
"WASF1","P2RX5",28
"WASF1","PPBP",29
"WASF1","PRDM1",30
"WASF1","PTP4A1",31
"WASF1","RAB31",32
"WASF1","RBMS3",33
"WASF1","S100A11",34
"WASF1","SEMA4D",35
"WASF1","SERPINA1",36
"WASF1","SIK1",37
"WASF1","SNORA21",38
"WASF1","TNFSF8",39
"WASF1","WASF1",40
"WDHD1","ANLN",1
"WDHD1","ANP32E",2
"WDHD1","APITD1-CORT",3
"WDHD1","ASF1B",4
"WDHD1","ASPM",5
"WDHD1","ATAD2",6
"WDHD1","AURKA",7
"WDHD1","AURKB",8
"WDHD1","BCAT1",9
"WDHD1","BCL2L11",10
"WDHD1","BIRC5",11
"WDHD1","BMF",12
"WDHD1","BRCA1",13
"WDHD1","BRIP1",14
"WDHD1","BTG1",15
"WDHD1","BUB1",16
"WDHD1","BUB1B",17
"WDHD1","BYSL",18
"WDHD1","C4orf46",19
"WDHD1","CCDC34",20
"WDHD1","CCDC86",21
"WDHD1","CCNA2",22
"WDHD1","CCNB1",23
"WDHD1","CCNB2",24
"WDHD1","CCNE2",25
"WDHD1","CCNL1",26
"WDHD1","CD53",27
"WDHD1","CDC20",28
"WDHD1","CDC42EP3",29
"WDHD1","CDC45",30
"WDHD1","CDC6",31
"WDHD1","CDCA2",32
"WDHD1","CDCA3",33
"WDHD1","CDCA5",34
"WDHD1","CDK1",35
"WDHD1","CDKN3",36
"WDHD1","CDT1",37
"WDHD1","CELF2",38
"WDHD1","CENPA",39
"WDHD1","CENPE",40
"WDHD1","CENPF",41
"WDHD1","CENPH",42
"WDHD1","CENPK",43
"WDHD1","CENPN",44
"WDHD1","CENPU",45
"WDHD1","CENPV",46
"WDHD1","CENPW",47
"WDHD1","CEP55",48
"WDHD1","CHEK1",49
"WDHD1","CKAP2",50
"WDHD1","CKAP2L",51
"WDHD1","CKS1B",52
"WDHD1","CLEC2B",53
"WDHD1","CPM",54
"WDHD1","CRNDE",55
"WDHD1","DEFA1",56
"WDHD1","DENND3",57
"WDHD1","DEPDC1",58
"WDHD1","DEPDC1B",59
"WDHD1","DFNA5",60
"WDHD1","DHFR",61
"WDHD1","DHX9",62
"WDHD1","DLGAP5",63
"WDHD1","DPEP1",64
"WDHD1","DSCC1",65
"WDHD1","DTL",66
"WDHD1","E2F7",67
"WDHD1","E2F8",68
"WDHD1","ECT2",69
"WDHD1","EGR1",70
"WDHD1","FAM72C",71
"WDHD1","FANCI",72
"WDHD1","FCER1G",73
"WDHD1","FCGR3B",74
"WDHD1","FEN1",75
"WDHD1","FGD2",76
"WDHD1","FGR",77
"WDHD1","FH",78
"WDHD1","FOXM1",79
"WDHD1","FUS",80
"WDHD1","GBP4",81
"WDHD1","GGH",82
"WDHD1","GIMAP4",83
"WDHD1","GIMAP7",84
"WDHD1","GINS1",85
"WDHD1","GINS2",86
"WDHD1","HBB",87
"WDHD1","HBG1",88
"WDHD1","HELLS",89
"WDHD1","HIST4H4",90
"WDHD1","HJURP",91
"WDHD1","HMMR",92
"WDHD1","ID2",93
"WDHD1","IFNGR1",94
"WDHD1","IGH",95
"WDHD1","IGLC1",96
"WDHD1","IL1B",97
"WDHD1","IQGAP3",98
"WDHD1","IRAK3",99
"WDHD1","ISG20",100
"WDHD1","KIAA0101",101
"WDHD1","KIF11",102
"WDHD1","KIF14",103
"WDHD1","KIF15",104
"WDHD1","KIF18A",105
"WDHD1","KIF18B",106
"WDHD1","KIF20A",107
"WDHD1","KIF23",108
"WDHD1","KIF2C",109
"WDHD1","KIF4A",110
"WDHD1","KNL1",111
"WDHD1","LILRB2",112
"WDHD1","LOC100996643",113
"WDHD1","LOC728175",114
"WDHD1","LYZ",115
"WDHD1","MAD2L1",116
"WDHD1","MCM10",117
"WDHD1","MCM4",118
"WDHD1","MCM5",119
"WDHD1","MCM7",120
"WDHD1","MDK",121
"WDHD1","MELK",122
"WDHD1","MIR6845",123
"WDHD1","MIR8071-1",124
"WDHD1","MKI67",125
"WDHD1","MND1",126
"WDHD1","MS4A1",127
"WDHD1","MS4A4A",128
"WDHD1","MS4A7",129
"WDHD1","MTHFD2",130
"WDHD1","MTSS1",131
"WDHD1","NCAPG",132
"WDHD1","NCAPH",133
"WDHD1","NEAT1",134
"WDHD1","NEDD9",135
"WDHD1","NEK2",136
"WDHD1","NME1",137
"WDHD1","NPCDR1",138
"WDHD1","NUF2",139
"WDHD1","NUSAP1",140
"WDHD1","OIP5",141
"WDHD1","P2RX5",142
"WDHD1","P2RY14",143
"WDHD1","PAICS",144
"WDHD1","PBK",145
"WDHD1","PCNA",146
"WDHD1","PDE4B",147
"WDHD1","PHF19",148
"WDHD1","PLK4",149
"WDHD1","POLE2",150
"WDHD1","POLQ",151
"WDHD1","PPIF",152
"WDHD1","PPP1R16B",153
"WDHD1","PRR11",154
"WDHD1","PSPH",155
"WDHD1","PTP4A1",156
"WDHD1","PTTG1",157
"WDHD1","RAD51",158
"WDHD1","RAD51AP1",159
"WDHD1","RBM14",160
"WDHD1","RCC1",161
"WDHD1","RFC3",162
"WDHD1","RMI2",163
"WDHD1","RNASET2",164
"WDHD1","RRM2",165
"WDHD1","S100A8",166
"WDHD1","SCML4",167
"WDHD1","SELENOI",168
"WDHD1","SERPINA1",169
"WDHD1","SERPINB9",170
"WDHD1","SESN1",171
"WDHD1","SHCBP1",172
"WDHD1","SIK1",173
"WDHD1","SKP2",174
"WDHD1","SLC22A23",175
"WDHD1","SMAP2",176
"WDHD1","SMC2",177
"WDHD1","SNORA21",178
"WDHD1","SQLE",179
"WDHD1","STIL",180
"WDHD1","SUV39H2",181
"WDHD1","TARSL2",182
"WDHD1","TBXA2R",183
"WDHD1","TCF19",184
"WDHD1","TENM4",185
"WDHD1","TIMELESS",186
"WDHD1","TIPIN",187
"WDHD1","TK1",188
"WDHD1","TMEM97",189
"WDHD1","TNFRSF21",190
"WDHD1","TOP2A",191
"WDHD1","TPX2",192
"WDHD1","TRIP13",193
"WDHD1","TTK",194
"WDHD1","TXNIP",195
"WDHD1","TYMS",196
"WDHD1","UBE2C",197
"WDHD1","UBE2T",198
"WDHD1","WDHD1",199
"WDHD1","WDR76",200
"WDHD1","ZFP36L2",201
"WDHD1","ZNF367",202
"WDHD1","ZWINT",203
"WDR76","ANLN",1
"WDR76","ANP32E",2
"WDR76","APITD1-CORT",3
"WDR76","ASF1B",4
"WDR76","ASPM",5
"WDR76","ATAD2",6
"WDR76","AURKA",7
"WDR76","AURKB",8
"WDR76","BCAT1",9
"WDR76","BCL2L11",10
"WDR76","BIRC5",11
"WDR76","BMF",12
"WDR76","BRCA1",13
"WDR76","BRIP1",14
"WDR76","BTG1",15
"WDR76","BUB1",16
"WDR76","BUB1B",17
"WDR76","BYSL",18
"WDR76","C4orf46",19
"WDR76","C5orf24",20
"WDR76","CCDC34",21
"WDR76","CCDC86",22
"WDR76","CCNA2",23
"WDR76","CCNB1",24
"WDR76","CCNB2",25
"WDR76","CCNE2",26
"WDR76","CCNL1",27
"WDR76","CD53",28
"WDR76","CDC20",29
"WDR76","CDC45",30
"WDR76","CDC6",31
"WDR76","CDCA2",32
"WDR76","CDCA3",33
"WDR76","CDCA5",34
"WDR76","CDK1",35
"WDR76","CDKN3",36
"WDR76","CDT1",37
"WDR76","CELF2",38
"WDR76","CENPA",39
"WDR76","CENPE",40
"WDR76","CENPF",41
"WDR76","CENPH",42
"WDR76","CENPK",43
"WDR76","CENPN",44
"WDR76","CENPU",45
"WDR76","CENPV",46
"WDR76","CENPW",47
"WDR76","CEP55",48
"WDR76","CHEK1",49
"WDR76","CKAP2",50
"WDR76","CKAP2L",51
"WDR76","CKS1B",52
"WDR76","CLEC2B",53
"WDR76","CPM",54
"WDR76","CRNDE",55
"WDR76","DDIT4",56
"WDR76","DENND3",57
"WDR76","DEPDC1",58
"WDR76","DEPDC1B",59
"WDR76","DFNA5",60
"WDR76","DHFR",61
"WDR76","DHX9",62
"WDR76","DLGAP5",63
"WDR76","DPEP1",64
"WDR76","DSCC1",65
"WDR76","DTL",66
"WDR76","E2F7",67
"WDR76","E2F8",68
"WDR76","ECT2",69
"WDR76","EGR1",70
"WDR76","FABP5",71
"WDR76","FAM72C",72
"WDR76","FANCI",73
"WDR76","FCER1G",74
"WDR76","FCGR3B",75
"WDR76","FEN1",76
"WDR76","FGD2",77
"WDR76","FGR",78
"WDR76","FH",79
"WDR76","FOXM1",80
"WDR76","FUS",81
"WDR76","GBP4",82
"WDR76","GGH",83
"WDR76","GIMAP4",84
"WDR76","GIMAP7",85
"WDR76","GINS1",86
"WDR76","GINS2",87
"WDR76","GVINP1",88
"WDR76","HBB",89
"WDR76","HBG1",90
"WDR76","HELLS",91
"WDR76","HIST4H4",92
"WDR76","HJURP",93
"WDR76","HMMR",94
"WDR76","HSP90AB1",95
"WDR76","ID2",96
"WDR76","IFNGR1",97
"WDR76","IGH",98
"WDR76","IGLC1",99
"WDR76","IL18R1",100
"WDR76","IQGAP3",101
"WDR76","IRAK3",102
"WDR76","ISG20",103
"WDR76","KIAA0101",104
"WDR76","KIF11",105
"WDR76","KIF14",106
"WDR76","KIF15",107
"WDR76","KIF18A",108
"WDR76","KIF18B",109
"WDR76","KIF20A",110
"WDR76","KIF23",111
"WDR76","KIF2C",112
"WDR76","KIF4A",113
"WDR76","KNL1",114
"WDR76","LILRB2",115
"WDR76","LOC100996643",116
"WDR76","LOC728175",117
"WDR76","LYZ",118
"WDR76","MAD2L1",119
"WDR76","MCM10",120
"WDR76","MCM4",121
"WDR76","MCM5",122
"WDR76","MCM7",123
"WDR76","MDK",124
"WDR76","MELK",125
"WDR76","MIR6845",126
"WDR76","MIR8071-1",127
"WDR76","MKI67",128
"WDR76","MND1",129
"WDR76","MPV17L",130
"WDR76","MS4A1",131
"WDR76","MS4A4A",132
"WDR76","MS4A7",133
"WDR76","MTHFD2",134
"WDR76","MTSS1",135
"WDR76","NCAPG",136
"WDR76","NCAPH",137
"WDR76","NEAT1",138
"WDR76","NEK2",139
"WDR76","NME1",140
"WDR76","NPCDR1",141
"WDR76","NUF2",142
"WDR76","NUSAP1",143
"WDR76","OIP5",144
"WDR76","P2RY14",145
"WDR76","PAICS",146
"WDR76","PBK",147
"WDR76","PCNA",148
"WDR76","PDE4B",149
"WDR76","PHF19",150
"WDR76","PLK4",151
"WDR76","POLE2",152
"WDR76","POLQ",153
"WDR76","PPIF",154
"WDR76","PPP1R16B",155
"WDR76","PRR11",156
"WDR76","PSPH",157
"WDR76","PTP4A1",158
"WDR76","PTTG1",159
"WDR76","RAD51",160
"WDR76","RAD51AP1",161
"WDR76","RBM14",162
"WDR76","RCC1",163
"WDR76","RFC3",164
"WDR76","RMI2",165
"WDR76","RNASET2",166
"WDR76","RRM2",167
"WDR76","S100A8",168
"WDR76","SCML4",169
"WDR76","SELENOI",170
"WDR76","SERPINA1",171
"WDR76","SERPINB9",172
"WDR76","SESN1",173
"WDR76","SHCBP1",174
"WDR76","SKP2",175
"WDR76","SLC22A23",176
"WDR76","SMAP2",177
"WDR76","SMC2",178
"WDR76","SNORA21",179
"WDR76","SNX29P2",180
"WDR76","SOS1",181
"WDR76","SQLE",182
"WDR76","STIL",183
"WDR76","SUV39H2",184
"WDR76","TARSL2",185
"WDR76","TBXA2R",186
"WDR76","TCF19",187
"WDR76","TIMELESS",188
"WDR76","TIPIN",189
"WDR76","TK1",190
"WDR76","TMEM97",191
"WDR76","TOP2A",192
"WDR76","TPX2",193
"WDR76","TRIP13",194
"WDR76","TTK",195
"WDR76","TXNIP",196
"WDR76","TYMS",197
"WDR76","UBE2C",198
"WDR76","UBE2T",199
"WDR76","WDHD1",200
"WDR76","WDR76",201
"WDR76","ZNF367",202
"WDR76","ZWINT",203
"WFS1","AKAP12",1
"WFS1","ARPP21",2
"WFS1","C5orf24",3
"WFS1","CLN8",4
"WFS1","DPEP1",5
"WFS1","FCER1G",6
"WFS1","FGR",7
"WFS1","GSN",8
"WFS1","HBB",9
"WFS1","HBG1",10
"WFS1","ID3",11
"WFS1","IGLL1",12
"WFS1","IL1B",13
"WFS1","IRAK3",14
"WFS1","ITGB2-AS1",15
"WFS1","KIF26A",16
"WFS1","LILRA1",17
"WFS1","LOC100130872",18
"WFS1","LOC285097",19
"WFS1","MCM5",20
"WFS1","MIR4683",21
"WFS1","MSH6",22
"WFS1","P2RX5",23
"WFS1","PDE4B",24
"WFS1","POU4F1",25
"WFS1","PTP4A1",26
"WFS1","RAG1",27
"WFS1","RPS6KA2",28
"WFS1","S100A11",29
"WFS1","SEMA4D",30
"WFS1","SERPINA1",31
"WFS1","SLC22A23",32
"WFS1","SMIM3",33
"WFS1","SNX10",34
"WFS1","WFS1",35
"ZBTB16","CCR1",1
"ZBTB16","CENPK",2
"ZBTB16","CENPV",3
"ZBTB16","CRNDE",4
"ZBTB16","DFNA5",5
"ZBTB16","E2F7",6
"ZBTB16","ECT2",7
"ZBTB16","FOXM1",8
"ZBTB16","GBP4",9
"ZBTB16","GSN",10
"ZBTB16","HELLS",11
"ZBTB16","IFNGR1",12
"ZBTB16","IRAK3",13
"ZBTB16","KLF9",14
"ZBTB16","LEF1",15
"ZBTB16","LGALS3",16
"ZBTB16","LILRA1",17
"ZBTB16","LILRB2",18
"ZBTB16","MIR6845",19
"ZBTB16","MS4A1",20
"ZBTB16","PDE4B",21
"ZBTB16","PRPS2",22
"ZBTB16","RAB31",23
"ZBTB16","RBMS3",24
"ZBTB16","RMI2",25
"ZBTB16","RNASET2",26
"ZBTB16","SERPINB9",27
"ZBTB16","SMAP2",28
"ZBTB16","SNORA21",29
"ZBTB16","SOS1",30
"ZBTB16","SQLE",31
"ZBTB16","STIL",32
"ZBTB16","TMEM2",33
"ZBTB16","TRIB1",34
"ZBTB16","ZBTB16",35
"ZFP36L2","B3GNT2",1
"ZFP36L2","BCAT1",2
"ZFP36L2","BMF",3
"ZFP36L2","BRCA1",4
"ZFP36L2","CCDC86",5
"ZFP36L2","CDK6",6
"ZFP36L2","CKAP2",7
"ZFP36L2","GIMAP4",8
"ZFP36L2","HIST4H4",9
"ZFP36L2","IL27RA",10
"ZFP36L2","LEF1",11
"ZFP36L2","LOC100996643",12
"ZFP36L2","MCM7",13
"ZFP36L2","MIR8071-1",14
"ZFP36L2","MTHFD2",15
"ZFP36L2","MTSS1",16
"ZFP36L2","NME1",17
"ZFP36L2","PIK3IP1",18
"ZFP36L2","SERPINB9",19
"ZFP36L2","SLA",20
"ZFP36L2","SMIM3",21
"ZFP36L2","SQLE",22
"ZFP36L2","TIMELESS",23
"ZFP36L2","TXNIP",24
"ZFP36L2","ZFP36L2",25
"ZNF367","ANLN",1
"ZNF367","ANP32E",2
"ZNF367","APITD1-CORT",3
"ZNF367","ASF1B",4
"ZNF367","ASPM",5
"ZNF367","ATAD2",6
"ZNF367","AURKA",7
"ZNF367","AURKB",8
"ZNF367","BCAT1",9
"ZNF367","BCL2L11",10
"ZNF367","BIRC5",11
"ZNF367","BMF",12
"ZNF367","BRCA1",13
"ZNF367","BRIP1",14
"ZNF367","BTG1",15
"ZNF367","BUB1",16
"ZNF367","BUB1B",17
"ZNF367","BYSL",18
"ZNF367","C4orf46",19
"ZNF367","CCDC34",20
"ZNF367","CCDC86",21
"ZNF367","CCNA2",22
"ZNF367","CCNB1",23
"ZNF367","CCNB2",24
"ZNF367","CCNE2",25
"ZNF367","CD53",26
"ZNF367","CDC20",27
"ZNF367","CDC42EP3",28
"ZNF367","CDC45",29
"ZNF367","CDC6",30
"ZNF367","CDCA2",31
"ZNF367","CDCA3",32
"ZNF367","CDCA5",33
"ZNF367","CDK1",34
"ZNF367","CDKN3",35
"ZNF367","CDT1",36
"ZNF367","CELF2",37
"ZNF367","CENPA",38
"ZNF367","CENPE",39
"ZNF367","CENPF",40
"ZNF367","CENPH",41
"ZNF367","CENPK",42
"ZNF367","CENPN",43
"ZNF367","CENPU",44
"ZNF367","CENPV",45
"ZNF367","CENPW",46
"ZNF367","CEP55",47
"ZNF367","CHEK1",48
"ZNF367","CKAP2",49
"ZNF367","CKAP2L",50
"ZNF367","CKS1B",51
"ZNF367","CLEC2B",52
"ZNF367","CRNDE",53
"ZNF367","DEPDC1",54
"ZNF367","DEPDC1B",55
"ZNF367","DHFR",56
"ZNF367","DLGAP5",57
"ZNF367","DSCC1",58
"ZNF367","DTL",59
"ZNF367","E2F7",60
"ZNF367","E2F8",61
"ZNF367","ECT2",62
"ZNF367","F13A1",63
"ZNF367","FABP5",64
"ZNF367","FAM72C",65
"ZNF367","FANCI",66
"ZNF367","FEN1",67
"ZNF367","FH",68
"ZNF367","FOXM1",69
"ZNF367","GBP4",70
"ZNF367","GGH",71
"ZNF367","GIMAP4",72
"ZNF367","GIMAP7",73
"ZNF367","GINS1",74
"ZNF367","GINS2",75
"ZNF367","GSN",76
"ZNF367","GVINP1",77
"ZNF367","HBG1",78
"ZNF367","HELLS",79
"ZNF367","HIST4H4",80
"ZNF367","HJURP",81
"ZNF367","HMMR",82
"ZNF367","ID2",83
"ZNF367","IFNGR1",84
"ZNF367","IQGAP3",85
"ZNF367","IRAK3",86
"ZNF367","ISG20",87
"ZNF367","KIAA0101",88
"ZNF367","KIF11",89
"ZNF367","KIF14",90
"ZNF367","KIF15",91
"ZNF367","KIF18A",92
"ZNF367","KIF18B",93
"ZNF367","KIF20A",94
"ZNF367","KIF23",95
"ZNF367","KIF2C",96
"ZNF367","KIF4A",97
"ZNF367","KLF9",98
"ZNF367","KNL1",99
"ZNF367","LILRB2",100
"ZNF367","LOC100996643",101
"ZNF367","LYZ",102
"ZNF367","MAD2L1",103
"ZNF367","MCM10",104
"ZNF367","MCM4",105
"ZNF367","MCM5",106
"ZNF367","MCM7",107
"ZNF367","MDK",108
"ZNF367","MELK",109
"ZNF367","MIR6845",110
"ZNF367","MIR8071-1",111
"ZNF367","MKI67",112
"ZNF367","MND1",113
"ZNF367","MS4A1",114
"ZNF367","MS4A4A",115
"ZNF367","MS4A7",116
"ZNF367","MTHFD2",117
"ZNF367","MTSS1",118
"ZNF367","NCAPG",119
"ZNF367","NCAPH",120
"ZNF367","NEAT1",121
"ZNF367","NEDD9",122
"ZNF367","NEK2",123
"ZNF367","NME1",124
"ZNF367","NUF2",125
"ZNF367","NUSAP1",126
"ZNF367","OIP5",127
"ZNF367","P2RY14",128
"ZNF367","PAICS",129
"ZNF367","PBK",130
"ZNF367","PCNA",131
"ZNF367","PHF19",132
"ZNF367","PIK3IP1",133
"ZNF367","PLK4",134
"ZNF367","POLE2",135
"ZNF367","POLQ",136
"ZNF367","PPIF",137
"ZNF367","PRDM1",138
"ZNF367","PRR11",139
"ZNF367","PTP4A1",140
"ZNF367","PTTG1",141
"ZNF367","RAD51",142
"ZNF367","RAD51AP1",143
"ZNF367","RBM14",144
"ZNF367","RFC3",145
"ZNF367","RMI2",146
"ZNF367","RNASET2",147
"ZNF367","RRM2",148
"ZNF367","S100A8",149
"ZNF367","SCML4",150
"ZNF367","SELENOI",151
"ZNF367","SERPINA1",152
"ZNF367","SERPINB9",153
"ZNF367","SHCBP1",154
"ZNF367","SIK1",155
"ZNF367","SKP2",156
"ZNF367","SMAP2",157
"ZNF367","SMC2",158
"ZNF367","SOS1",159
"ZNF367","SQLE",160
"ZNF367","STIL",161
"ZNF367","SUV39H2",162
"ZNF367","TARSL2",163
"ZNF367","TBXA2R",164
"ZNF367","TCF19",165
"ZNF367","TENM4",166
"ZNF367","TIMELESS",167
"ZNF367","TIPIN",168
"ZNF367","TK1",169
"ZNF367","TMEM97",170
"ZNF367","TNFRSF21",171
"ZNF367","TOP2A",172
"ZNF367","TPX2",173
"ZNF367","TRIP13",174
"ZNF367","TTK",175
"ZNF367","TXNIP",176
"ZNF367","TYMS",177
"ZNF367","UBE2C",178
"ZNF367","UBE2T",179
"ZNF367","WDHD1",180
"ZNF367","WDR76",181
"ZNF367","ZFP36L2",182
"ZNF367","ZNF367",183
"ZNF367","ZWINT",184
"ZWINT","ANLN",1
"ZWINT","ANP32E",2
"ZWINT","APITD1-CORT",3
"ZWINT","ASF1B",4
"ZWINT","ASPM",5
"ZWINT","ATAD2",6
"ZWINT","AURKA",7
"ZWINT","AURKB",8
"ZWINT","BCAT1",9
"ZWINT","BCL2L11",10
"ZWINT","BIRC5",11
"ZWINT","BMF",12
"ZWINT","BRCA1",13
"ZWINT","BRIP1",14
"ZWINT","BTG1",15
"ZWINT","BUB1",16
"ZWINT","BUB1B",17
"ZWINT","BYSL",18
"ZWINT","C4orf46",19
"ZWINT","CCDC34",20
"ZWINT","CCDC86",21
"ZWINT","CCNA2",22
"ZWINT","CCNB1",23
"ZWINT","CCNB2",24
"ZWINT","CCNE2",25
"ZWINT","CD53",26
"ZWINT","CDC20",27
"ZWINT","CDC42EP3",28
"ZWINT","CDC45",29
"ZWINT","CDC6",30
"ZWINT","CDCA2",31
"ZWINT","CDCA3",32
"ZWINT","CDCA5",33
"ZWINT","CDK1",34
"ZWINT","CDKN3",35
"ZWINT","CDT1",36
"ZWINT","CELF2",37
"ZWINT","CENPA",38
"ZWINT","CENPE",39
"ZWINT","CENPF",40
"ZWINT","CENPH",41
"ZWINT","CENPK",42
"ZWINT","CENPN",43
"ZWINT","CENPU",44
"ZWINT","CENPV",45
"ZWINT","CENPW",46
"ZWINT","CEP55",47
"ZWINT","CHEK1",48
"ZWINT","CKAP2",49
"ZWINT","CKAP2L",50
"ZWINT","CKS1B",51
"ZWINT","CLEC2B",52
"ZWINT","CPM",53
"ZWINT","CRNDE",54
"ZWINT","DDIT4",55
"ZWINT","DENND3",56
"ZWINT","DEPDC1",57
"ZWINT","DEPDC1B",58
"ZWINT","DFNA5",59
"ZWINT","DHFR",60
"ZWINT","DHX9",61
"ZWINT","DLGAP5",62
"ZWINT","DPEP1",63
"ZWINT","DSCC1",64
"ZWINT","DTL",65
"ZWINT","E2F7",66
"ZWINT","E2F8",67
"ZWINT","ECT2",68
"ZWINT","EGR1",69
"ZWINT","FABP5",70
"ZWINT","FAM72C",71
"ZWINT","FANCI",72
"ZWINT","FCGR3B",73
"ZWINT","FEN1",74
"ZWINT","FGD2",75
"ZWINT","FH",76
"ZWINT","FOXM1",77
"ZWINT","FUS",78
"ZWINT","GBP4",79
"ZWINT","GGH",80
"ZWINT","GIMAP4",81
"ZWINT","GIMAP7",82
"ZWINT","GINS1",83
"ZWINT","GINS2",84
"ZWINT","GSN",85
"ZWINT","GVINP1",86
"ZWINT","HBB",87
"ZWINT","HELLS",88
"ZWINT","HIST4H4",89
"ZWINT","HJURP",90
"ZWINT","HMMR",91
"ZWINT","HSP90AB1",92
"ZWINT","ID2",93
"ZWINT","IFNGR1",94
"ZWINT","IGH",95
"ZWINT","IGLC1",96
"ZWINT","IL18R1",97
"ZWINT","IL1B",98
"ZWINT","IL6ST",99
"ZWINT","IQGAP3",100
"ZWINT","IRAK3",101
"ZWINT","ISG20",102
"ZWINT","ITGAM",103
"ZWINT","KIAA0101",104
"ZWINT","KIF11",105
"ZWINT","KIF14",106
"ZWINT","KIF15",107
"ZWINT","KIF18A",108
"ZWINT","KIF18B",109
"ZWINT","KIF20A",110
"ZWINT","KIF23",111
"ZWINT","KIF2C",112
"ZWINT","KIF4A",113
"ZWINT","KNL1",114
"ZWINT","LILRB2",115
"ZWINT","LOC100996643",116
"ZWINT","LYZ",117
"ZWINT","MAD2L1",118
"ZWINT","MCM10",119
"ZWINT","MCM4",120
"ZWINT","MCM5",121
"ZWINT","MCM7",122
"ZWINT","MDK",123
"ZWINT","MELK",124
"ZWINT","METTL7A",125
"ZWINT","MIR6845",126
"ZWINT","MIR8071-1",127
"ZWINT","MKI67",128
"ZWINT","MND1",129
"ZWINT","MS4A1",130
"ZWINT","MS4A4A",131
"ZWINT","MTHFD2",132
"ZWINT","MTSS1",133
"ZWINT","NCAPG",134
"ZWINT","NCAPH",135
"ZWINT","NEAT1",136
"ZWINT","NEDD9",137
"ZWINT","NEK2",138
"ZWINT","NME1",139
"ZWINT","NPCDR1",140
"ZWINT","NUF2",141
"ZWINT","NUSAP1",142
"ZWINT","OIP5",143
"ZWINT","P2RY14",144
"ZWINT","PAICS",145
"ZWINT","PBK",146
"ZWINT","PCNA",147
"ZWINT","PDE4B",148
"ZWINT","PHF19",149
"ZWINT","PIK3IP1",150
"ZWINT","PLK4",151
"ZWINT","POLE2",152
"ZWINT","POLQ",153
"ZWINT","PPIF",154
"ZWINT","PRR11",155
"ZWINT","PTP4A1",156
"ZWINT","PTTG1",157
"ZWINT","RAD51",158
"ZWINT","RAD51AP1",159
"ZWINT","RBM14",160
"ZWINT","RCC1",161
"ZWINT","RFC3",162
"ZWINT","RMI2",163
"ZWINT","RNASET2",164
"ZWINT","RRM2",165
"ZWINT","S100A8",166
"ZWINT","SCML4",167
"ZWINT","SELENOI",168
"ZWINT","SERPINA1",169
"ZWINT","SERPINB9",170
"ZWINT","SESN1",171
"ZWINT","SHCBP1",172
"ZWINT","SIK1",173
"ZWINT","SKP2",174
"ZWINT","SLC22A23",175
"ZWINT","SMAP2",176
"ZWINT","SMC2",177
"ZWINT","SNORA21",178
"ZWINT","SOS1",179
"ZWINT","SQLE",180
"ZWINT","STIL",181
"ZWINT","SUV39H2",182
"ZWINT","TARSL2",183
"ZWINT","TBXA2R",184
"ZWINT","TCF19",185
"ZWINT","TIMELESS",186
"ZWINT","TIPIN",187
"ZWINT","TK1",188
"ZWINT","TMEM2",189
"ZWINT","TMEM97",190
"ZWINT","TNFRSF21",191
"ZWINT","TOP2A",192
"ZWINT","TPX2",193
"ZWINT","TRIP13",194
"ZWINT","TTK",195
"ZWINT","TXNIP",196
"ZWINT","TYMS",197
"ZWINT","UBE2C",198
"ZWINT","UBE2T",199
"ZWINT","WDHD1",200
"ZWINT","WDR76",201
"ZWINT","ZNF367",202
"ZWINT","ZWINT",203
