"target","type","expression","timestep","support","error","probability"
"ABHD17B",1,"B3GNT2",1,0.54762,0.0,1.0
"ABHD17B",1,"BMF",1,0.54762,0.0,1.0
"ABHD17B",1,"HRK",1,0.38095,0.0,1.0
"ABHD17B",1,"EMP1",1,0.35714,0.0,1.0
"ABHD17B",1,"KCNK12",1,0.33333,0.0,1.0
"ABHD17B",0,"!BMF&IL18R1",1,0.14286,0.0,1.0
"ABHD17B",0,"!BMF&IL18RAP",1,0.14286,0.0,1.0
"ABHD17B",0,"!CDK6&!ID3",1,0.14286,0.0,1.0
"ABHD17B",0,"!CDK6&IL18RAP",1,0.14286,0.0,1.0
"ABHD17B",0,"!HRK&IL18RAP",1,0.14286,0.0,1.0
"AKAP12",1,"RPS6KA2",1,0.2619,0.0,1.0
"AKAP12",1,"!ZFP36L2",1,0.11905,0.0,1.0
"AKAP12",1,"AKAP12&RAG1",1,0.5,0.0,1.0
"AKAP12",1,"AKAP12&TMEM2",1,0.5,0.0,1.0
"AKAP12",1,"IGLL1&IRAK3",1,0.42857,0.0,1.0
"AKAP12",0,"!AKAP12",1,0.47619,0.0,1.0
"AKAP12",0,"!TMEM2",1,0.30952,0.0,1.0
"AKAP12",0,"!IGLL1",1,0.2381,0.0,1.0
"AKAP12",0,"ITGB2-AS1",1,0.2381,0.0,1.0
"AKAP12",0,"!RAG1",1,0.2381,0.0,1.0
"ANLN",1,"ATAD2",1,0.21429,0.0,1.0
"ANLN",1,"BIRC5",1,0.21429,0.0,1.0
"ANLN",1,"BUB1",1,0.21429,0.0,1.0
"ANLN",1,"CCNA2",1,0.21429,0.0,1.0
"ANLN",1,"CDCA5",1,0.21429,0.0,1.0
"ANLN",0,"!ATAD2",1,0.78571,0.0,1.0
"ANLN",0,"!BIRC5",1,0.78571,0.0,1.0
"ANLN",0,"!BUB1",1,0.78571,0.0,1.0
"ANLN",0,"!CCNA2",1,0.78571,0.0,1.0
"ANLN",0,"!CDCA5",1,0.78571,0.0,1.0
"ANP32E",1,"APITD1-CORT",1,0.19048,0.0,1.0
"ANP32E",1,"ASF1B",1,0.19048,0.0,1.0
"ANP32E",1,"AURKA",1,0.19048,0.0,1.0
"ANP32E",1,"!BTG1",1,0.19048,0.0,1.0
"ANP32E",1,"CCDC34",1,0.19048,0.0,1.0
"ANP32E",0,"!CENPF",1,0.7381,0.0,1.0
"ANP32E",0,"!DEPDC1B",1,0.7381,0.0,1.0
"ANP32E",0,"!NEK2",1,0.7381,0.0,1.0
"ANP32E",0,"!ANP32E",1,0.71429,0.0,1.0
"ANP32E",0,"!FH",1,0.71429,0.0,1.0
"APITD1-CORT",1,"APITD1-CORT",1,0.19048,0.0,1.0
"APITD1-CORT",1,"ASF1B",1,0.19048,0.0,1.0
"APITD1-CORT",1,"AURKA",1,0.19048,0.0,1.0
"APITD1-CORT",1,"!BTG1",1,0.19048,0.0,1.0
"APITD1-CORT",1,"CCDC34",1,0.19048,0.0,1.0
"APITD1-CORT",0,"!APITD1-CORT",1,0.80952,0.0,1.0
"APITD1-CORT",0,"!ASF1B",1,0.80952,0.0,1.0
"APITD1-CORT",0,"!AURKA",1,0.80952,0.0,1.0
"APITD1-CORT",0,"BTG1",1,0.80952,0.0,1.0
"APITD1-CORT",0,"!CCDC34",1,0.80952,0.0,1.0
"ARPP21",1,"AKAP12&P2RY14",1,0.30952,0.0,1.0
"ARPP21",1,"ID2&!ITPKB",1,0.28571,0.0,1.0
"ARPP21",1,"!CENPH&KCNK12",1,0.21429,0.0,1.0
"ARPP21",1,"!FH&KCNK12",1,0.21429,0.0,1.0
"ARPP21",1,"KCNK12&P2RY14",1,0.21429,0.0,1.0
"ARPP21",0,"!RAG1",1,0.2381,0.0,1.0
"ARPP21",0,"!AKAP12&!ARPP21",1,0.35714,0.0,1.0
"ARPP21",0,"!BMF&!LOC285097",1,0.33333,0.0,1.0
"ARPP21",0,"!LOC285097&!NPCDR1",1,0.33333,0.0,1.0
"ARPP21",0,"!AKAP12&!RAG2",1,0.30952,0.0,1.0
"ARRDC3",1,"!B3GNT2&PRDM1",1,0.16667,0.0,1.0
"ARRDC3",1,"!B3GNT2&SOCS1",1,0.16667,0.0,1.0
"ARRDC3",1,"CDC42EP3&!MSH6",1,0.16667,0.0,1.0
"ARRDC3",1,"CDC42EP3&TNFSF8",1,0.16667,0.0,1.0
"ARRDC3",1,"IL27RA&!PRPS2",1,0.16667,0.0,1.0
"ARRDC3",0,"POU4F1",1,0.30952,0.0,1.0
"ARRDC3",0,"!SNX10",1,0.30952,0.0,1.0
"ARRDC3",0,"LOC728175",1,0.19048,0.0,1.0
"ARRDC3",0,"!IL18RAP&!TNFSF8",1,0.52381,0.0,1.0
"ARRDC3",0,"ID3&PRPS2",1,0.45238,0.0,1.0
"ASF1B",1,"APITD1-CORT",1,0.19048,0.0,1.0
"ASF1B",1,"ASF1B",1,0.19048,0.0,1.0
"ASF1B",1,"AURKA",1,0.19048,0.0,1.0
"ASF1B",1,"!BTG1",1,0.19048,0.0,1.0
"ASF1B",1,"CCDC34",1,0.19048,0.0,1.0
"ASF1B",0,"!APITD1-CORT",1,0.80952,0.0,1.0
"ASF1B",0,"!ASF1B",1,0.80952,0.0,1.0
"ASF1B",0,"!AURKA",1,0.80952,0.0,1.0
"ASF1B",0,"BTG1",1,0.80952,0.0,1.0
"ASF1B",0,"!CCDC34",1,0.80952,0.0,1.0
"ASPM",1,"CENPH",1,0.21429,0.0,1.0
"ASPM",1,"APITD1-CORT",1,0.19048,0.0,1.0
"ASPM",1,"ASF1B",1,0.19048,0.0,1.0
"ASPM",1,"AURKA",1,0.19048,0.0,1.0
"ASPM",1,"!BTG1",1,0.19048,0.0,1.0
"ASPM",0,"!FH",1,0.71429,0.0,1.0
"ASPM",0,"!NUSAP1",1,0.66667,0.0,1.0
"ASPM",0,"!RFC3",1,0.66667,0.0,1.0
"ASPM",0,"!NUF2",1,0.64286,0.0,1.0
"ASPM",0,"!KIF11",1,0.61905,0.0,1.0
"ATAD2",1,"APITD1-CORT",1,0.19048,0.0,1.0
"ATAD2",1,"ASF1B",1,0.19048,0.0,1.0
"ATAD2",1,"AURKA",1,0.19048,0.0,1.0
"ATAD2",1,"!BTG1",1,0.19048,0.0,1.0
"ATAD2",1,"CCDC34",1,0.19048,0.0,1.0
"ATAD2",0,"!APITD1-CORT",1,0.80952,0.0,1.0
"ATAD2",0,"!ASF1B",1,0.80952,0.0,1.0
"ATAD2",0,"!AURKA",1,0.80952,0.0,1.0
"ATAD2",0,"BTG1",1,0.80952,0.0,1.0
"ATAD2",0,"!CCDC34",1,0.80952,0.0,1.0
"AURKA",1,"APITD1-CORT",1,0.19048,0.0,1.0
"AURKA",1,"ASF1B",1,0.19048,0.0,1.0
"AURKA",1,"AURKA",1,0.19048,0.0,1.0
"AURKA",1,"!BTG1",1,0.19048,0.0,1.0
"AURKA",1,"CCDC34",1,0.19048,0.0,1.0
"AURKA",0,"!APITD1-CORT",1,0.80952,0.0,1.0
"AURKA",0,"!ASF1B",1,0.80952,0.0,1.0
"AURKA",0,"!AURKA",1,0.80952,0.0,1.0
"AURKA",0,"BTG1",1,0.80952,0.0,1.0
"AURKA",0,"!CCDC34",1,0.80952,0.0,1.0
"AURKB",1,"APITD1-CORT",1,0.19048,0.0,1.0
"AURKB",1,"ASF1B",1,0.19048,0.0,1.0
"AURKB",1,"AURKA",1,0.19048,0.0,1.0
"AURKB",1,"!BTG1",1,0.19048,0.0,1.0
"AURKB",1,"CCDC34",1,0.19048,0.0,1.0
"AURKB",0,"!APITD1-CORT",1,0.80952,0.0,1.0
"AURKB",0,"!ASF1B",1,0.80952,0.0,1.0
"AURKB",0,"!AURKA",1,0.80952,0.0,1.0
"AURKB",0,"BTG1",1,0.80952,0.0,1.0
"AURKB",0,"!CCDC34",1,0.80952,0.0,1.0
"B3GNT2",1,"EMP1",1,0.35714,0.0,1.0
"B3GNT2",1,"B3GNT2&!HBG1",1,0.40476,0.0,1.0
"B3GNT2",1,"CDK6&DENND3",1,0.40476,0.0,1.0
"B3GNT2",1,"DENND3&LEF1",1,0.40476,0.0,1.0
"B3GNT2",1,"B3GNT2&DENND3",1,0.38095,0.0,1.0
"B3GNT2",0,"!ABHD17B",1,0.19048,0.0,1.0
"B3GNT2",0,"SEMA4D",1,0.16667,0.0,1.0
"B3GNT2",0,"!WASF1",1,0.14286,0.0,1.0
"B3GNT2",0,"UBE2C",1,0.11905,0.0,1.0
"B3GNT2",0,"!EMP1&!MSH6",1,0.38095,0.0,1.0
"BCAT1",1,"!TXNIP",1,0.2381,0.0,1.0
"BCAT1",1,"CKAP2",1,0.21429,0.0,1.0
"BCAT1",1,"APITD1-CORT",1,0.19048,0.0,1.0
"BCAT1",1,"ASF1B",1,0.19048,0.0,1.0
"BCAT1",1,"AURKA",1,0.19048,0.0,1.0
"BCAT1",0,"!BCAT1",1,0.54762,0.0,1.0
"BCAT1",0,"!LOC100996643",1,0.52381,0.0,1.0
"BCAT1",0,"!PAICS",1,0.42857,0.0,1.0
"BCAT1",0,"CCR1",1,0.30952,0.0,1.0
"BCAT1",0,"!FABP5",1,0.28571,0.0,1.0
"BCL10",0,"PSPH",1,0.61905,0.0,1.0
"BCL10",0,"SMIM3",1,0.61905,0.0,1.0
"BCL2L11",1,"!CDK6&!IL1B",1,0.30952,0.0,1.0
"BCL2L11",1,"!CDK6&!DENND3",1,0.2619,0.0,1.0
"BCL2L11",1,"!APITD1-CORT&BCL2L11",1,0.2381,0.0,1.0
"BCL2L11",1,"!ASF1B&BCL2L11",1,0.2381,0.0,1.0
"BCL2L11",1,"!AURKA&BCL2L11",1,0.2381,0.0,1.0
"BCL2L11",0,"!BCL2L11&!SLA",1,0.30952,0.0,1.0
"BCL2L11",0,"!DEPDC1B&!SLA",1,0.30952,0.0,1.0
"BCL2L11",0,"!C4orf46&!SLA",1,0.28571,0.0,1.0
"BCL2L11",0,"!CENPF&!SLA",1,0.28571,0.0,1.0
"BCL2L11",0,"!KNL1&!SLA",1,0.28571,0.0,1.0
"BIRC3",1,"!EMP1&!SELENOI",1,0.28571,0.0,1.0
"BIRC3",1,"!SELENOI&SLA",1,0.28571,0.0,1.0
"BIRC3",1,"FGR&IGH",1,0.2381,0.0,1.0
"BIRC3",1,"HBB&!SELENOI",1,0.2381,0.0,1.0
"BIRC3",1,"HBG1&!SELENOI",1,0.2381,0.0,1.0
"BIRC3",0,"LOC728175",1,0.19048,0.0,1.0
"BIRC3",0,"MYRIP&!PPP1R16B",1,0.28571,0.0,1.0
"BIRC3",0,"MYRIP&TYMS",1,0.28571,0.0,1.0
"BIRC3",0,"!HBG1&MYRIP",1,0.2619,0.0,1.0
"BIRC3",0,"LOC100996643&MYRIP",1,0.2619,0.0,1.0
"BIRC5",1,"APITD1-CORT",1,0.19048,0.0,1.0
"BIRC5",1,"ASF1B",1,0.19048,0.0,1.0
"BIRC5",1,"AURKA",1,0.19048,0.0,1.0
"BIRC5",1,"!BTG1",1,0.19048,0.0,1.0
"BIRC5",1,"CCDC34",1,0.19048,0.0,1.0
"BIRC5",0,"!APITD1-CORT",1,0.80952,0.0,1.0
"BIRC5",0,"!ASF1B",1,0.80952,0.0,1.0
"BIRC5",0,"!AURKA",1,0.80952,0.0,1.0
"BIRC5",0,"BTG1",1,0.80952,0.0,1.0
"BIRC5",0,"!CCDC34",1,0.80952,0.0,1.0
"BMF",1,"BMF",1,0.54762,0.0,1.0
"BMF",1,"HRK",1,0.38095,0.0,1.0
"BMF",1,"MIR4683",1,0.38095,0.0,1.0
"BMF",1,"RBMS3",1,0.30952,0.0,1.0
"BMF",1,"RPS6KA2",1,0.2619,0.0,1.0
"BMF",0,"FOXM1",1,0.2381,0.0,1.0
"BMF",0,"STIL",1,0.2381,0.0,1.0
"BMF",0,"ATAD2",1,0.21429,0.0,1.0
"BMF",0,"BIRC5",1,0.21429,0.0,1.0
"BMF",0,"BUB1",1,0.21429,0.0,1.0
"BRCA1",1,"CENPW&!P2RX5",1,0.28571,0.0,1.0
"BRCA1",1,"!P2RX5&RAD51",1,0.28571,0.0,1.0
"BRCA1",1,"CDT1&!P2RX5",1,0.2619,0.0,1.0
"BRCA1",1,"!P2RX5&RRM2",1,0.2619,0.0,1.0
"BRCA1",1,"!P2RX5&TTK",1,0.2619,0.0,1.0
"BRCA1",0,"!BRCA1",1,0.54762,0.0,1.0
"BRCA1",0,"!BYSL",1,0.42857,0.0,1.0
"BRCA1",0,"!FABP5",1,0.28571,0.0,1.0
"BRCA1",0,"GVINP1",1,0.28571,0.0,1.0
"BRCA1",0,"PRDM1",1,0.2381,0.0,1.0
"BRIP1",1,"CCNB2&!P2RX5",1,0.21429,0.0,1.0
"BRIP1",1,"CDC45&!P2RX5",1,0.21429,0.0,1.0
"BRIP1",1,"CENPA&!P2RX5",1,0.21429,0.0,1.0
"BRIP1",1,"DLGAP5&!P2RX5",1,0.21429,0.0,1.0
"BRIP1",1,"MAD2L1&!P2RX5",1,0.21429,0.0,1.0
"BRIP1",0,"!KIF2C",1,0.7619,0.0,1.0
"BRIP1",0,"!CCNB2",1,0.7381,0.0,1.0
"BRIP1",0,"!CDC45",1,0.7381,0.0,1.0
"BRIP1",0,"!CENPA",1,0.7381,0.0,1.0
"BRIP1",0,"!DLGAP5",1,0.7381,0.0,1.0
"BTG1",1,"!APITD1-CORT",1,0.80952,0.0,1.0
"BTG1",1,"!ASF1B",1,0.80952,0.0,1.0
"BTG1",1,"!AURKA",1,0.80952,0.0,1.0
"BTG1",1,"BTG1",1,0.80952,0.0,1.0
"BTG1",1,"!CCDC34",1,0.80952,0.0,1.0
"BTG1",0,"UBE2C",1,0.11905,0.0,1.0
"BTG1",0,"ANLN&!B3GNT2",1,0.16667,0.0,1.0
"BTG1",0,"ANP32E&!B3GNT2",1,0.16667,0.0,1.0
"BTG1",0,"ASPM&!B3GNT2",1,0.16667,0.0,1.0
"BTG1",0,"ATAD2&!B3GNT2",1,0.16667,0.0,1.0
"BTNL9",1,"!CEP55&LOC285097",1,0.28571,0.0,1.0
"BTNL9",1,"!ANLN&LOC285097",1,0.2619,0.0,1.0
"BTNL9",1,"!BCL2L11&BTNL9",1,0.2619,0.0,1.0
"BTNL9",1,"!ANLN&BTNL9",1,0.2381,0.0,1.0
"BTNL9",1,"BMF&BTNL9",1,0.2381,0.0,1.0
"BTNL9",0,"BCL2L11&!KIF26A",1,0.35714,0.0,1.0
"BTNL9",0,"BCL2L11&!SIK1",1,0.33333,0.0,1.0
"BTNL9",0,"!IL1B&S100A11",1,0.33333,0.0,1.0
"BTNL9",0,"!KIF26A&!RNASET2",1,0.33333,0.0,1.0
"BTNL9",0,"!RBMS3&S100A11",1,0.33333,0.0,1.0
"BUB1",1,"APITD1-CORT",1,0.19048,0.0,1.0
"BUB1",1,"ASF1B",1,0.19048,0.0,1.0
"BUB1",1,"AURKA",1,0.19048,0.0,1.0
"BUB1",1,"!BTG1",1,0.19048,0.0,1.0
"BUB1",1,"CCDC34",1,0.19048,0.0,1.0
"BUB1",0,"!APITD1-CORT",1,0.80952,0.0,1.0
"BUB1",0,"!ASF1B",1,0.80952,0.0,1.0
"BUB1",0,"!AURKA",1,0.80952,0.0,1.0
"BUB1",0,"BTG1",1,0.80952,0.0,1.0
"BUB1",0,"!CCDC34",1,0.80952,0.0,1.0
"BUB1B",1,"CENPH",1,0.21429,0.0,1.0
"BUB1B",1,"APITD1-CORT",1,0.19048,0.0,1.0
"BUB1B",1,"ASF1B",1,0.19048,0.0,1.0
"BUB1B",1,"AURKA",1,0.19048,0.0,1.0
"BUB1B",1,"!BTG1",1,0.19048,0.0,1.0
"BUB1B",0,"!CENPH",1,0.78571,0.0,1.0
"BUB1B",0,"!CDK1",1,0.7619,0.0,1.0
"BUB1B",0,"!HMMR",1,0.7619,0.0,1.0
"BUB1B",0,"!KIF14",1,0.7619,0.0,1.0
"BUB1B",0,"!KIF20A",1,0.7619,0.0,1.0
"BYSL",1,"ANLN&!PFKFB2",1,0.2619,0.0,1.0
"BYSL",1,"ANLN&HIST4H4",1,0.2381,0.0,1.0
"BYSL",1,"BRIP1&HIST4H4",1,0.2381,0.0,1.0
"BYSL",1,"BUB1B&HIST4H4",1,0.2381,0.0,1.0
"BYSL",1,"C4orf46&HIST4H4",1,0.2381,0.0,1.0
"BYSL",0,"!BYSL",1,0.42857,0.0,1.0
"BYSL",0,"!PAICS",1,0.42857,0.0,1.0
"BYSL",0,"!SELENOI",1,0.40476,0.0,1.0
"BYSL",0,"!FABP5",1,0.28571,0.0,1.0
"BYSL",0,"GVINP1",1,0.28571,0.0,1.0
"C4orf46",1,"TMEM97",1,0.2381,0.0,1.0
"C4orf46",1,"WDHD1",1,0.2381,0.0,1.0
"C4orf46",1,"CENPH",1,0.21429,0.0,1.0
"C4orf46",1,"APITD1-CORT",1,0.19048,0.0,1.0
"C4orf46",1,"ASF1B",1,0.19048,0.0,1.0
"C4orf46",0,"!TMEM97",1,0.7619,0.0,1.0
"C4orf46",0,"!WDHD1",1,0.7619,0.0,1.0
"C4orf46",0,"!CCNB1",1,0.7381,0.0,1.0
"C4orf46",0,"!IQGAP3",1,0.7381,0.0,1.0
"C4orf46",0,"!BUB1B",1,0.71429,0.0,1.0
"C5orf24",1,"KIF4A",1,0.33333,0.0,1.0
"C5orf24",1,"CCNB1",1,0.2619,0.0,1.0
"C5orf24",1,"CENPF",1,0.2619,0.0,1.0
"C5orf24",1,"IQGAP3",1,0.2619,0.0,1.0
"C5orf24",1,"NEK2",1,0.2619,0.0,1.0
"C5orf24",0,"LGALS3",1,0.19048,0.0,1.0
"C5orf24",0,"LOC100130872",1,0.19048,0.0,1.0
"C5orf24",0,"!EMP1&!NME1",1,0.33333,0.0,1.0
"C5orf24",0,"!BCAT1&!EMP1",1,0.30952,0.0,1.0
"C5orf24",0,"!CKS1B&!PSPH",1,0.30952,0.0,1.0
"CCDC34",1,"APITD1-CORT",1,0.19048,0.0,1.0
"CCDC34",1,"ASF1B",1,0.19048,0.0,1.0
"CCDC34",1,"AURKA",1,0.19048,0.0,1.0
"CCDC34",1,"!BTG1",1,0.19048,0.0,1.0
"CCDC34",1,"CCDC34",1,0.19048,0.0,1.0
"CCDC34",0,"!APITD1-CORT",1,0.80952,0.0,1.0
"CCDC34",0,"!ASF1B",1,0.80952,0.0,1.0
"CCDC34",0,"!AURKA",1,0.80952,0.0,1.0
"CCDC34",0,"BTG1",1,0.80952,0.0,1.0
"CCDC34",0,"!CCDC34",1,0.80952,0.0,1.0
"CCDC86",1,"KIF2C",1,0.2381,0.0,1.0
"CCDC86",1,"!TXNIP",1,0.2381,0.0,1.0
"CCDC86",1,"ATAD2",1,0.21429,0.0,1.0
"CCDC86",1,"BIRC5",1,0.21429,0.0,1.0
"CCDC86",1,"BUB1",1,0.21429,0.0,1.0
"CCDC86",0,"!RAD51AP1",1,0.45238,0.0,1.0
"CCDC86",0,"!BYSL",1,0.42857,0.0,1.0
"CCDC86",0,"!PAICS",1,0.42857,0.0,1.0
"CCDC86",0,"!SELENOI",1,0.40476,0.0,1.0
"CCDC86",0,"CDC42EP3",1,0.38095,0.0,1.0
"CCNA2",1,"APITD1-CORT",1,0.19048,0.0,1.0
"CCNA2",1,"ASF1B",1,0.19048,0.0,1.0
"CCNA2",1,"AURKA",1,0.19048,0.0,1.0
"CCNA2",1,"!BTG1",1,0.19048,0.0,1.0
"CCNA2",1,"CCDC34",1,0.19048,0.0,1.0
"CCNA2",0,"!APITD1-CORT",1,0.80952,0.0,1.0
"CCNA2",0,"!ASF1B",1,0.80952,0.0,1.0
"CCNA2",0,"!AURKA",1,0.80952,0.0,1.0
"CCNA2",0,"BTG1",1,0.80952,0.0,1.0
"CCNA2",0,"!CCDC34",1,0.80952,0.0,1.0
"CCNB1",1,"CENPH",1,0.21429,0.0,1.0
"CCNB1",1,"APITD1-CORT",1,0.19048,0.0,1.0
"CCNB1",1,"ASF1B",1,0.19048,0.0,1.0
"CCNB1",1,"AURKA",1,0.19048,0.0,1.0
"CCNB1",1,"!BTG1",1,0.19048,0.0,1.0
"CCNB1",0,"!CENPH",1,0.78571,0.0,1.0
"CCNB1",0,"!CDK1",1,0.7619,0.0,1.0
"CCNB1",0,"!HMMR",1,0.7619,0.0,1.0
"CCNB1",0,"!KIF14",1,0.7619,0.0,1.0
"CCNB1",0,"!KIF20A",1,0.7619,0.0,1.0
"CCNB2",1,"APITD1-CORT",1,0.19048,0.0,1.0
"CCNB2",1,"ASF1B",1,0.19048,0.0,1.0
"CCNB2",1,"AURKA",1,0.19048,0.0,1.0
"CCNB2",1,"!BTG1",1,0.19048,0.0,1.0
"CCNB2",1,"CCDC34",1,0.19048,0.0,1.0
"CCNB2",0,"!APITD1-CORT",1,0.80952,0.0,1.0
"CCNB2",0,"!ASF1B",1,0.80952,0.0,1.0
"CCNB2",0,"!AURKA",1,0.80952,0.0,1.0
"CCNB2",0,"BTG1",1,0.80952,0.0,1.0
"CCNB2",0,"!CCDC34",1,0.80952,0.0,1.0
"CCNE2",1,"AURKB&!P2RX5",1,0.16667,0.0,1.0
"CCNE2",1,"CKAP2&!P2RX5",1,0.16667,0.0,1.0
"CCNE2",1,"KIF18A&!P2RX5",1,0.16667,0.0,1.0
"CCNE2",1,"OIP5&!P2RX5",1,0.16667,0.0,1.0
"CCNE2",1,"!P2RX5&PBK",1,0.16667,0.0,1.0
"CCNE2",0,"!APITD1-CORT",1,0.80952,0.0,1.0
"CCNE2",0,"!ASF1B",1,0.80952,0.0,1.0
"CCNE2",0,"!AURKA",1,0.80952,0.0,1.0
"CCNE2",0,"BTG1",1,0.80952,0.0,1.0
"CCNE2",0,"!CCDC34",1,0.80952,0.0,1.0
"CCNL1",1,"ELL2&SESN1",1,0.14286,0.0,1.0
"CCNL1",1,"!BYSL&ELL2",1,0.11905,0.0,1.0
"CCNL1",1,"!DHX9&ELL2",1,0.09524,0.0,1.0
"CCNL1",0,"BRCA1",1,0.45238,0.0,1.0
"CCNL1",0,"PCNA",1,0.42857,0.0,1.0
"CCNL1",0,"ITGAM",1,0.40476,0.0,1.0
"CCNL1",0,"LOC285097",1,0.40476,0.0,1.0
"CCNL1",0,"TK1",1,0.40476,0.0,1.0
"CCR1",1,"RAB31",1,0.16667,0.0,1.0
"CCR1",1,"EPPK1",1,0.09524,0.0,1.0
"CCR1",1,"!CRNDE&IL27RA",1,0.28571,0.0,1.0
"CCR1",1,"!CENPV&IL27RA",1,0.2619,0.0,1.0
"CCR1",1,"!CRNDE&LY96",1,0.2619,0.0,1.0
"CCR1",0,"!MTSS1",1,0.47619,0.0,1.0
"CCR1",0,"!SERPINB9",1,0.47619,0.0,1.0
"CCR1",0,"!IRAK3",1,0.42857,0.0,1.0
"CCR1",0,"!LILRB2",1,0.40476,0.0,1.0
"CCR1",0,"E2F7",1,0.30952,0.0,1.0
"CD53",1,"SMAP2",1,0.69048,0.0,1.0
"CD53",1,"CD53",1,0.66667,0.0,1.0
"CD53",1,"ISG20",1,0.64286,0.0,1.0
"CD53",1,"LILRB2",1,0.59524,0.0,1.0
"CD53",1,"RNASET2",1,0.59524,0.0,1.0
"CD53",0,"UBE2C",1,0.11905,0.0,1.0
"CD53",0,"CCDC86&!SIK1",1,0.2381,0.0,1.0
"CD53",0,"ANLN&!GSN",1,0.21429,0.0,1.0
"CD53",0,"ANLN&!KIF26A",1,0.21429,0.0,1.0
"CD53",0,"BRIP1&!GSN",1,0.21429,0.0,1.0
"CDC20",1,"CENPH",1,0.21429,0.0,1.0
"CDC20",1,"APITD1-CORT",1,0.19048,0.0,1.0
"CDC20",1,"ASF1B",1,0.19048,0.0,1.0
"CDC20",1,"AURKA",1,0.19048,0.0,1.0
"CDC20",1,"!BTG1",1,0.19048,0.0,1.0
"CDC20",0,"!CENPH",1,0.78571,0.0,1.0
"CDC20",0,"!CDK1",1,0.7619,0.0,1.0
"CDC20",0,"!HMMR",1,0.7619,0.0,1.0
"CDC20",0,"!KIF14",1,0.7619,0.0,1.0
"CDC20",0,"!KIF20A",1,0.7619,0.0,1.0
"CDC42EP3",1,"CDC42EP3",1,0.38095,0.0,1.0
"CDC42EP3",1,"PPBP",1,0.21429,0.0,1.0
"CDC42EP3",1,"FGL2",1,0.19048,0.0,1.0
"CDC42EP3",1,"LGALS3",1,0.19048,0.0,1.0
"CDC42EP3",1,"RAB31",1,0.16667,0.0,1.0
"CDC42EP3",0,"CKS1B",1,0.38095,0.0,1.0
"CDC42EP3",0,"!GBP4",1,0.38095,0.0,1.0
"CDC42EP3",0,"KNL1",1,0.38095,0.0,1.0
"CDC42EP3",0,"CDT1",1,0.33333,0.0,1.0
"CDC42EP3",0,"!NEAT1",1,0.33333,0.0,1.0
"CDC45",1,"AURKB&!P2RX5",1,0.16667,0.0,1.0
"CDC45",1,"CKAP2&!P2RX5",1,0.16667,0.0,1.0
"CDC45",1,"KIF18A&!P2RX5",1,0.16667,0.0,1.0
"CDC45",1,"OIP5&!P2RX5",1,0.16667,0.0,1.0
"CDC45",1,"!P2RX5&PBK",1,0.16667,0.0,1.0
"CDC45",0,"!APITD1-CORT",1,0.80952,0.0,1.0
"CDC45",0,"!ASF1B",1,0.80952,0.0,1.0
"CDC45",0,"!AURKA",1,0.80952,0.0,1.0
"CDC45",0,"BTG1",1,0.80952,0.0,1.0
"CDC45",0,"!CCDC34",1,0.80952,0.0,1.0
"CDC6",1,"AURKB&!P2RX5",1,0.16667,0.0,1.0
"CDC6",1,"CKAP2&!P2RX5",1,0.16667,0.0,1.0
"CDC6",1,"KIF18A&!P2RX5",1,0.16667,0.0,1.0
"CDC6",1,"OIP5&!P2RX5",1,0.16667,0.0,1.0
"CDC6",1,"!P2RX5&PBK",1,0.16667,0.0,1.0
"CDC6",0,"!APITD1-CORT",1,0.80952,0.0,1.0
"CDC6",0,"!ASF1B",1,0.80952,0.0,1.0
"CDC6",0,"!AURKA",1,0.80952,0.0,1.0
"CDC6",0,"BTG1",1,0.80952,0.0,1.0
"CDC6",0,"!CCDC34",1,0.80952,0.0,1.0
"CDCA2",1,"APITD1-CORT",1,0.19048,0.0,1.0
"CDCA2",1,"ASF1B",1,0.19048,0.0,1.0
"CDCA2",1,"AURKA",1,0.19048,0.0,1.0
"CDCA2",1,"!BTG1",1,0.19048,0.0,1.0
"CDCA2",1,"CCDC34",1,0.19048,0.0,1.0
"CDCA2",0,"!APITD1-CORT",1,0.80952,0.0,1.0
"CDCA2",0,"!ASF1B",1,0.80952,0.0,1.0
"CDCA2",0,"!AURKA",1,0.80952,0.0,1.0
"CDCA2",0,"BTG1",1,0.80952,0.0,1.0
"CDCA2",0,"!CCDC34",1,0.80952,0.0,1.0
"CDCA3",1,"APITD1-CORT",1,0.19048,0.0,1.0
"CDCA3",1,"ASF1B",1,0.19048,0.0,1.0
"CDCA3",1,"AURKA",1,0.19048,0.0,1.0
"CDCA3",1,"!BTG1",1,0.19048,0.0,1.0
"CDCA3",1,"CCDC34",1,0.19048,0.0,1.0
"CDCA3",0,"!APITD1-CORT",1,0.80952,0.0,1.0
"CDCA3",0,"!ASF1B",1,0.80952,0.0,1.0
"CDCA3",0,"!AURKA",1,0.80952,0.0,1.0
"CDCA3",0,"BTG1",1,0.80952,0.0,1.0
"CDCA3",0,"!CCDC34",1,0.80952,0.0,1.0
"CDCA5",1,"APITD1-CORT",1,0.19048,0.0,1.0
"CDCA5",1,"ASF1B",1,0.19048,0.0,1.0
"CDCA5",1,"AURKA",1,0.19048,0.0,1.0
"CDCA5",1,"!BTG1",1,0.19048,0.0,1.0
"CDCA5",1,"CCDC34",1,0.19048,0.0,1.0
"CDCA5",0,"!APITD1-CORT",1,0.80952,0.0,1.0
"CDCA5",0,"!ASF1B",1,0.80952,0.0,1.0
"CDCA5",0,"!AURKA",1,0.80952,0.0,1.0
"CDCA5",0,"BTG1",1,0.80952,0.0,1.0
"CDCA5",0,"!CCDC34",1,0.80952,0.0,1.0
"CDK1",1,"APITD1-CORT",1,0.19048,0.0,1.0
"CDK1",1,"ASF1B",1,0.19048,0.0,1.0
"CDK1",1,"AURKA",1,0.19048,0.0,1.0
"CDK1",1,"!BTG1",1,0.19048,0.0,1.0
"CDK1",1,"CCDC34",1,0.19048,0.0,1.0
"CDK1",0,"!APITD1-CORT",1,0.80952,0.0,1.0
"CDK1",0,"!ASF1B",1,0.80952,0.0,1.0
"CDK1",0,"!AURKA",1,0.80952,0.0,1.0
"CDK1",0,"BTG1",1,0.80952,0.0,1.0
"CDK1",0,"!CCDC34",1,0.80952,0.0,1.0
"CDK6",1,"!BCL2L11&!CPM",1,0.35714,0.0,1.0
"CDK6",1,"LEF1&!SNTB2",1,0.33333,0.0,1.0
"CDK6",1,"!CPM&!SNTB2",1,0.28571,0.0,1.0
"CDK6",1,"!CPM&!TRIB1",1,0.28571,0.0,1.0
"CDK6",1,"!CPM&EMP1",1,0.2619,0.0,1.0
"CDK6",0,"!LEF1",1,0.28571,0.0,1.0
"CDK6",0,"!ZFP36L2",1,0.11905,0.0,1.0
"CDK6",0,"BCL2L11&KLF9",1,0.21429,0.0,1.0
"CDK6",0,"BCL2L11&!RAG1",1,0.19048,0.0,1.0
"CDK6",0,"KLF9&!RAG1",1,0.14286,0.0,1.0
"CDKN3",1,"APITD1-CORT",1,0.19048,0.0,1.0
"CDKN3",1,"ASF1B",1,0.19048,0.0,1.0
"CDKN3",1,"AURKA",1,0.19048,0.0,1.0
"CDKN3",1,"!BTG1",1,0.19048,0.0,1.0
"CDKN3",1,"CCDC34",1,0.19048,0.0,1.0
"CDKN3",0,"!APITD1-CORT",1,0.80952,0.0,1.0
"CDKN3",0,"!ASF1B",1,0.80952,0.0,1.0
"CDKN3",0,"!AURKA",1,0.80952,0.0,1.0
"CDKN3",0,"BTG1",1,0.80952,0.0,1.0
"CDKN3",0,"!CCDC34",1,0.80952,0.0,1.0
"CDT1",1,"MDK&MKI67",1,0.16667,0.0,1.0
"CDT1",1,"MDK&NCAPG",1,0.16667,0.0,1.0
"CDT1",1,"MDK&NEK2",1,0.16667,0.0,1.0
"CDT1",1,"MDK&NUSAP1",1,0.16667,0.0,1.0
"CDT1",1,"MDK&POLQ",1,0.16667,0.0,1.0
"CDT1",0,"!CCNB2",1,0.7381,0.0,1.0
"CDT1",0,"!CDC45",1,0.7381,0.0,1.0
"CDT1",0,"!CENPA",1,0.7381,0.0,1.0
"CDT1",0,"!DLGAP5",1,0.7381,0.0,1.0
"CDT1",0,"!MAD2L1",1,0.7381,0.0,1.0
"CELF2",1,"!CRNDE",1,0.40476,0.0,1.0
"CELF2",1,"!SELENOI",1,0.40476,0.0,1.0
"CELF2",1,"!DHX9",1,0.35714,0.0,1.0
"CELF2",1,"PPP1R16B",1,0.35714,0.0,1.0
"CELF2",1,"!FABP5",1,0.28571,0.0,1.0
"CELF2",0,"!CELF2&!DDIT4",1,0.2381,0.0,1.0
"CELF2",0,"!DDIT4&IQGAP3",1,0.21429,0.0,1.0
"CELF2",0,"!DDIT4&SHCBP1",1,0.21429,0.0,1.0
"CELF2",0,"CDK1&!DDIT4",1,0.19048,0.0,1.0
"CELF2",0,"CKAP2L&!DDIT4",1,0.19048,0.0,1.0
"CENPA",1,"APITD1-CORT",1,0.19048,0.0,1.0
"CENPA",1,"ASF1B",1,0.19048,0.0,1.0
"CENPA",1,"AURKA",1,0.19048,0.0,1.0
"CENPA",1,"!BTG1",1,0.19048,0.0,1.0
"CENPA",1,"CCDC34",1,0.19048,0.0,1.0
"CENPA",0,"!APITD1-CORT",1,0.80952,0.0,1.0
"CENPA",0,"!ASF1B",1,0.80952,0.0,1.0
"CENPA",0,"!AURKA",1,0.80952,0.0,1.0
"CENPA",0,"BTG1",1,0.80952,0.0,1.0
"CENPA",0,"!CCDC34",1,0.80952,0.0,1.0
"CENPE",1,"APITD1-CORT",1,0.19048,0.0,1.0
"CENPE",1,"ASF1B",1,0.19048,0.0,1.0
"CENPE",1,"AURKA",1,0.19048,0.0,1.0
"CENPE",1,"!BTG1",1,0.19048,0.0,1.0
"CENPE",1,"CCDC34",1,0.19048,0.0,1.0
"CENPE",0,"!APITD1-CORT",1,0.80952,0.0,1.0
"CENPE",0,"!ASF1B",1,0.80952,0.0,1.0
"CENPE",0,"!AURKA",1,0.80952,0.0,1.0
"CENPE",0,"BTG1",1,0.80952,0.0,1.0
"CENPE",0,"!CCDC34",1,0.80952,0.0,1.0
"CENPF",1,"APITD1-CORT",1,0.19048,0.0,1.0
"CENPF",1,"ASF1B",1,0.19048,0.0,1.0
"CENPF",1,"AURKA",1,0.19048,0.0,1.0
"CENPF",1,"!BTG1",1,0.19048,0.0,1.0
"CENPF",1,"CCDC34",1,0.19048,0.0,1.0
"CENPF",0,"!APITD1-CORT",1,0.80952,0.0,1.0
"CENPF",0,"!ASF1B",1,0.80952,0.0,1.0
"CENPF",0,"!AURKA",1,0.80952,0.0,1.0
"CENPF",0,"BTG1",1,0.80952,0.0,1.0
"CENPF",0,"!CCDC34",1,0.80952,0.0,1.0
"CENPH",1,"AURKB&!P2RX5",1,0.16667,0.0,1.0
"CENPH",1,"CKAP2&!P2RX5",1,0.16667,0.0,1.0
"CENPH",1,"KIF18A&!P2RX5",1,0.16667,0.0,1.0
"CENPH",1,"OIP5&!P2RX5",1,0.16667,0.0,1.0
"CENPH",1,"!P2RX5&PBK",1,0.16667,0.0,1.0
"CENPH",0,"!APITD1-CORT",1,0.80952,0.0,1.0
"CENPH",0,"!ASF1B",1,0.80952,0.0,1.0
"CENPH",0,"!AURKA",1,0.80952,0.0,1.0
"CENPH",0,"BTG1",1,0.80952,0.0,1.0
"CENPH",0,"!CCDC34",1,0.80952,0.0,1.0
"CENPK",1,"!ID2&!SMIM3",1,0.19048,0.0,1.0
"CENPK",1,"CDT1&!SMIM3",1,0.14286,0.0,1.0
"CENPK",1,"PCNA&!SMIM3",1,0.14286,0.0,1.0
"CENPK",1,"RAD51&!SMIM3",1,0.14286,0.0,1.0
"CENPK",1,"RRM2&!SMIM3",1,0.14286,0.0,1.0
"CENPK",0,"!ECT2",1,0.71429,0.0,1.0
"CENPK",0,"!CENPK",1,0.66667,0.0,1.0
"CENPK",0,"ISG20",1,0.64286,0.0,1.0
"CENPK",0,"GBP4",1,0.61905,0.0,1.0
"CENPK",0,"LILRB2",1,0.59524,0.0,1.0
"CENPN",1,"CENPH",1,0.21429,0.0,1.0
"CENPN",1,"APITD1-CORT",1,0.19048,0.0,1.0
"CENPN",1,"ASF1B",1,0.19048,0.0,1.0
"CENPN",1,"AURKA",1,0.19048,0.0,1.0
"CENPN",1,"!BTG1",1,0.19048,0.0,1.0
"CENPN",0,"!CENPH",1,0.78571,0.0,1.0
"CENPN",0,"!CDK1",1,0.7619,0.0,1.0
"CENPN",0,"!HMMR",1,0.7619,0.0,1.0
"CENPN",0,"!KIF14",1,0.7619,0.0,1.0
"CENPN",0,"!KIF20A",1,0.7619,0.0,1.0
"CENPU",1,"FOXM1",1,0.2381,0.0,1.0
"CENPU",1,"KIF18B",1,0.2381,0.0,1.0
"CENPU",1,"STIL",1,0.2381,0.0,1.0
"CENPU",1,"UBE2T",1,0.2381,0.0,1.0
"CENPU",1,"ATAD2",1,0.21429,0.0,1.0
"CENPU",0,"CLEC2B",1,0.45238,0.0,1.0
"CENPU",0,"TARSL2",1,0.45238,0.0,1.0
"CENPU",0,"!BYSL",1,0.42857,0.0,1.0
"CENPU",0,"P2RY14",1,0.42857,0.0,1.0
"CENPU",0,"!PAICS",1,0.42857,0.0,1.0
"CENPV",1,"ECT2",1,0.28571,0.0,1.0
"CENPV",1,"FOXM1",1,0.2381,0.0,1.0
"CENPV",1,"STIL",1,0.2381,0.0,1.0
"CENPV",1,"ATAD2",1,0.21429,0.0,1.0
"CENPV",1,"BIRC5",1,0.21429,0.0,1.0
"CENPV",0,"!CENPV",1,0.57143,0.0,1.0
"CENPV",0,"ITGAM",1,0.40476,0.0,1.0
"CENPV",0,"MIR4683",1,0.38095,0.0,1.0
"CENPV",0,"RBMS3",1,0.30952,0.0,1.0
"CENPV",0,"IL18R1",1,0.28571,0.0,1.0
"CENPW",1,"CDK1",1,0.2381,0.0,1.0
"CENPW",1,"CKAP2L",1,0.2381,0.0,1.0
"CENPW",1,"HMMR",1,0.2381,0.0,1.0
"CENPW",1,"KIF14",1,0.2381,0.0,1.0
"CENPW",1,"KIF20A",1,0.2381,0.0,1.0
"CENPW",0,"!ANLN",1,0.69048,0.0,1.0
"CENPW",0,"!PRR11",1,0.69048,0.0,1.0
"CENPW",0,"!CDC20",1,0.66667,0.0,1.0
"CENPW",0,"!KIF4A",1,0.66667,0.0,1.0
"CENPW",0,"!MKI67",1,0.66667,0.0,1.0
"CEP55",1,"ATAD2",1,0.21429,0.0,1.0
"CEP55",1,"BIRC5",1,0.21429,0.0,1.0
"CEP55",1,"BUB1",1,0.21429,0.0,1.0
"CEP55",1,"CCNA2",1,0.21429,0.0,1.0
"CEP55",1,"CDCA5",1,0.21429,0.0,1.0
"CEP55",0,"!ATAD2",1,0.78571,0.0,1.0
"CEP55",0,"!BIRC5",1,0.78571,0.0,1.0
"CEP55",0,"!BUB1",1,0.78571,0.0,1.0
"CEP55",0,"!CCNA2",1,0.78571,0.0,1.0
"CEP55",0,"!CDCA5",1,0.78571,0.0,1.0
"CHEK1",1,"KIF2C",1,0.2381,0.0,1.0
"CHEK1",1,"ATAD2",1,0.21429,0.0,1.0
"CHEK1",1,"BIRC5",1,0.21429,0.0,1.0
"CHEK1",1,"BUB1",1,0.21429,0.0,1.0
"CHEK1",1,"CCNA2",1,0.21429,0.0,1.0
"CHEK1",0,"!KIF2C",1,0.7619,0.0,1.0
"CHEK1",0,"!CCNB2",1,0.7381,0.0,1.0
"CHEK1",0,"!CDC45",1,0.7381,0.0,1.0
"CHEK1",0,"!CENPA",1,0.7381,0.0,1.0
"CHEK1",0,"!DLGAP5",1,0.7381,0.0,1.0
"CKAP2",1,"APITD1-CORT",1,0.19048,0.0,1.0
"CKAP2",1,"ASF1B",1,0.19048,0.0,1.0
"CKAP2",1,"AURKA",1,0.19048,0.0,1.0
"CKAP2",1,"!BTG1",1,0.19048,0.0,1.0
"CKAP2",1,"CCDC34",1,0.19048,0.0,1.0
"CKAP2",0,"!APITD1-CORT",1,0.80952,0.0,1.0
"CKAP2",0,"!ASF1B",1,0.80952,0.0,1.0
"CKAP2",0,"!AURKA",1,0.80952,0.0,1.0
"CKAP2",0,"BTG1",1,0.80952,0.0,1.0
"CKAP2",0,"!CCDC34",1,0.80952,0.0,1.0
"CKAP2L",1,"APITD1-CORT",1,0.19048,0.0,1.0
"CKAP2L",1,"ASF1B",1,0.19048,0.0,1.0
"CKAP2L",1,"AURKA",1,0.19048,0.0,1.0
"CKAP2L",1,"!BTG1",1,0.19048,0.0,1.0
"CKAP2L",1,"CCDC34",1,0.19048,0.0,1.0
"CKAP2L",0,"!APITD1-CORT",1,0.80952,0.0,1.0
"CKAP2L",0,"!ASF1B",1,0.80952,0.0,1.0
"CKAP2L",0,"!AURKA",1,0.80952,0.0,1.0
"CKAP2L",0,"BTG1",1,0.80952,0.0,1.0
"CKAP2L",0,"!CCDC34",1,0.80952,0.0,1.0
"CKS1B",1,"CCNB1",1,0.2619,0.0,1.0
"CKS1B",1,"CDK1",1,0.2381,0.0,1.0
"CKS1B",1,"HMMR",1,0.2381,0.0,1.0
"CKS1B",1,"KIF14",1,0.2381,0.0,1.0
"CKS1B",1,"KIF20A",1,0.2381,0.0,1.0
"CKS1B",0,"!CCNB1",1,0.7381,0.0,1.0
"CKS1B",0,"!BUB1B",1,0.71429,0.0,1.0
"CKS1B",0,"!CENPN",1,0.71429,0.0,1.0
"CKS1B",0,"!KIF15",1,0.71429,0.0,1.0
"CKS1B",0,"!MCM10",1,0.71429,0.0,1.0
"CLEC2B",1,"LILRA1",1,0.11905,0.0,1.0
"CLEC2B",1,"CLEC2B&MTSS1",1,0.35714,0.0,1.0
"CLEC2B",1,"CLEC2B&MIR8071-1",1,0.33333,0.0,1.0
"CLEC2B",1,"CLEC2B&SERPINB9",1,0.33333,0.0,1.0
"CLEC2B",1,"!ANP32E&TUBA4A",1,0.28571,0.0,1.0
"CLEC2B",0,"CDT1",1,0.33333,0.0,1.0
"CLEC2B",0,"CENPU",1,0.33333,0.0,1.0
"CLEC2B",0,"BRIP1",1,0.30952,0.0,1.0
"CLEC2B",0,"CHEK1",1,0.30952,0.0,1.0
"CLEC2B",0,"FANCI",1,0.30952,0.0,1.0
"CLN8",1,"MIR8071-1&TMEM100",1,0.11905,0.0,1.0
"CLN8",1,"!BMF&CLN8",1,0.07143,0.0,1.0
"CLN8",0,"ITGB2-AS1",1,0.2381,0.0,1.0
"CLN8",0,"IL18RAP",1,0.19048,0.0,1.0
"CLN8",0,"LOC100130872",1,0.19048,0.0,1.0
"CLN8",0,"SEMA4D",1,0.16667,0.0,1.0
"CLN8",0,"!CLN8&!HRK",1,0.52381,0.0,1.0
"CPM",1,"CPM",1,0.30952,0.0,1.0
"CPM",1,"CLN8&!GGH",1,0.19048,0.0,1.0
"CPM",1,"CLN8&!ZWINT",1,0.19048,0.0,1.0
"CPM",1,"ANLN&CD53",1,0.04762,0.0,1.0
"CPM",1,"ANLN&!CENPK",1,0.04762,0.0,1.0
"CPM",0,"!CD53",1,0.33333,0.0,1.0
"CPM",0,"ECT2",1,0.28571,0.0,1.0
"CPM",0,"GGH",1,0.28571,0.0,1.0
"CPM",0,"FOXM1",1,0.2381,0.0,1.0
"CPM",0,"KIF2C",1,0.2381,0.0,1.0
"CRNDE",1,"HELLS",1,0.30952,0.0,1.0
"CRNDE",1,"!TMEM2",1,0.30952,0.0,1.0
"CRNDE",1,"ANP32E",1,0.28571,0.0,1.0
"CRNDE",1,"ECT2",1,0.28571,0.0,1.0
"CRNDE",1,"FH",1,0.28571,0.0,1.0
"CRNDE",0,"!CRNDE",1,0.40476,0.0,1.0
"CRNDE",0,"LGALS3",1,0.19048,0.0,1.0
"CRNDE",0,"RAB31",1,0.16667,0.0,1.0
"CRNDE",0,"LILRA1",1,0.11905,0.0,1.0
"CRNDE",0,"EPPK1",1,0.09524,0.0,1.0
"DDIT4",1,"RBMS3",1,0.30952,0.0,1.0
"DDIT4",1,"PFKFB2",1,0.28571,0.0,1.0
"DDIT4",1,"RPS6KA2",1,0.2619,0.0,1.0
"DDIT4",1,"!CEP55&SMIM3",1,0.47619,0.0,1.0
"DDIT4",1,"!CKAP2L&SMIM3",1,0.47619,0.0,1.0
"DDIT4",0,"!ZFP36L2",1,0.11905,0.0,1.0
"DDIT4",0,"!SMIM3&TIMELESS",1,0.19048,0.0,1.0
"DDIT4",0,"CKS1B&!SMIM3",1,0.16667,0.0,1.0
"DDIT4",0,"HIST4H4&!SMIM3",1,0.16667,0.0,1.0
"DDIT4",0,"MKI67&!SMIM3",1,0.14286,0.0,1.0
"DEFA1",1,"DEFA1&!SQLE",1,0.21429,0.0,1.0
"DEFA1",1,"!AURKB&LOC100505650",1,0.14286,0.0,1.0
"DEFA1",1,"!CCNB1&LOC100505650",1,0.14286,0.0,1.0
"DEFA1",1,"!CDK1&LOC100505650",1,0.14286,0.0,1.0
"DEFA1",1,"CELF2&LOC100505650",1,0.14286,0.0,1.0
"DEFA1",0,"!HBB",1,0.54762,0.0,1.0
"DEFA1",0,"!S100A8",1,0.35714,0.0,1.0
"DEFA1",0,"RFC3",1,0.33333,0.0,1.0
"DEFA1",0,"SHCBP1",1,0.30952,0.0,1.0
"DEFA1",0,"FH",1,0.28571,0.0,1.0
"DENND3",1,"DENND3&IL1B",1,0.47619,0.0,1.0
"DENND3",1,"DENND3&!ITGB2-AS1",1,0.47619,0.0,1.0
"DENND3",1,"DENND3&!LOC100130872",1,0.47619,0.0,1.0
"DENND3",1,"DENND3&RAG1",1,0.47619,0.0,1.0
"DENND3",1,"DENND3&!SEMA4D",1,0.47619,0.0,1.0
"DENND3",0,"ITGB2-AS1",1,0.2381,0.0,1.0
"DENND3",0,"LOC100130872",1,0.19048,0.0,1.0
"DENND3",0,"!METTL7A",1,0.19048,0.0,1.0
"DENND3",0,"SEMA4D",1,0.16667,0.0,1.0
"DENND3",0,"!WASF1",1,0.14286,0.0,1.0
"DEPDC1",1,"APITD1-CORT",1,0.19048,0.0,1.0
"DEPDC1",1,"ASF1B",1,0.19048,0.0,1.0
"DEPDC1",1,"AURKA",1,0.19048,0.0,1.0
"DEPDC1",1,"!BTG1",1,0.19048,0.0,1.0
"DEPDC1",1,"CCDC34",1,0.19048,0.0,1.0
"DEPDC1",0,"!APITD1-CORT",1,0.80952,0.0,1.0
"DEPDC1",0,"!ASF1B",1,0.80952,0.0,1.0
"DEPDC1",0,"!AURKA",1,0.80952,0.0,1.0
"DEPDC1",0,"BTG1",1,0.80952,0.0,1.0
"DEPDC1",0,"!CCDC34",1,0.80952,0.0,1.0
"DEPDC1B",1,"APITD1-CORT",1,0.19048,0.0,1.0
"DEPDC1B",1,"ASF1B",1,0.19048,0.0,1.0
"DEPDC1B",1,"AURKA",1,0.19048,0.0,1.0
"DEPDC1B",1,"!BTG1",1,0.19048,0.0,1.0
"DEPDC1B",1,"CCDC34",1,0.19048,0.0,1.0
"DEPDC1B",0,"!CENPF",1,0.7381,0.0,1.0
"DEPDC1B",0,"!DEPDC1B",1,0.7381,0.0,1.0
"DEPDC1B",0,"!NEK2",1,0.7381,0.0,1.0
"DEPDC1B",0,"!ANP32E",1,0.71429,0.0,1.0
"DEPDC1B",0,"!FH",1,0.71429,0.0,1.0
"DFNA5",1,"DFNA5",1,0.40476,0.0,1.0
"DFNA5",1,"DEPDC1B",1,0.2619,0.0,1.0
"DFNA5",1,"PTTG1",1,0.2619,0.0,1.0
"DFNA5",1,"CKAP2L",1,0.2381,0.0,1.0
"DFNA5",1,"AURKB",1,0.21429,0.0,1.0
"DFNA5",0,"!FABP5",1,0.28571,0.0,1.0
"DFNA5",0,"!HSP90AB1",1,0.2619,0.0,1.0
"DFNA5",0,"MPV17L",1,0.2619,0.0,1.0
"DFNA5",0,"!IGLL1",1,0.2381,0.0,1.0
"DFNA5",0,"LGALS3",1,0.19048,0.0,1.0
"DHFR",1,"CDK1",1,0.2381,0.0,1.0
"DHFR",1,"HMMR",1,0.2381,0.0,1.0
"DHFR",1,"KIF14",1,0.2381,0.0,1.0
"DHFR",1,"KIF20A",1,0.2381,0.0,1.0
"DHFR",1,"POLQ",1,0.2381,0.0,1.0
"DHFR",0,"!CDK1",1,0.7619,0.0,1.0
"DHFR",0,"!HMMR",1,0.7619,0.0,1.0
"DHFR",0,"!KIF14",1,0.7619,0.0,1.0
"DHFR",0,"!KIF20A",1,0.7619,0.0,1.0
"DHFR",0,"!POLQ",1,0.7619,0.0,1.0
"DHX9",1,"KIF11",1,0.38095,0.0,1.0
"DHX9",1,"CDC20",1,0.33333,0.0,1.0
"DHX9",1,"KIF4A",1,0.33333,0.0,1.0
"DHX9",1,"NUSAP1",1,0.33333,0.0,1.0
"DHX9",1,"ZWINT",1,0.33333,0.0,1.0
"DHX9",0,"LGALS3",1,0.19048,0.0,1.0
"DHX9",0,"LILRA1",1,0.11905,0.0,1.0
"DHX9",0,"HBB&!ZNF367",1,0.35714,0.0,1.0
"DHX9",0,"!DTL&HBB",1,0.33333,0.0,1.0
"DHX9",0,"!GINS2&HBB",1,0.33333,0.0,1.0
"DLGAP5",1,"APITD1-CORT",1,0.19048,0.0,1.0
"DLGAP5",1,"ASF1B",1,0.19048,0.0,1.0
"DLGAP5",1,"AURKA",1,0.19048,0.0,1.0
"DLGAP5",1,"!BTG1",1,0.19048,0.0,1.0
"DLGAP5",1,"CCDC34",1,0.19048,0.0,1.0
"DLGAP5",0,"!APITD1-CORT",1,0.80952,0.0,1.0
"DLGAP5",0,"!ASF1B",1,0.80952,0.0,1.0
"DLGAP5",0,"!AURKA",1,0.80952,0.0,1.0
"DLGAP5",0,"BTG1",1,0.80952,0.0,1.0
"DLGAP5",0,"!CCDC34",1,0.80952,0.0,1.0
"DPEP1",1,"DPEP1",1,0.52381,0.0,1.0
"DPEP1",1,"HRK",1,0.38095,0.0,1.0
"DPEP1",1,"POU4F1",1,0.30952,0.0,1.0
"DPEP1",1,"RPS6KA2",1,0.2619,0.0,1.0
"DPEP1",1,"ISG20&!LILRA1",1,0.54762,0.0,1.0
"DPEP1",0,"LOC100130872",1,0.19048,0.0,1.0
"DPEP1",0,"!METTL7A",1,0.19048,0.0,1.0
"DPEP1",0,"LILRA1",1,0.11905,0.0,1.0
"DPEP1",0,"!ARPP21&!MSH6",1,0.28571,0.0,1.0
"DPEP1",0,"!ARPP21&!SIK1",1,0.28571,0.0,1.0
"DSCC1",1,"APITD1-CORT",1,0.19048,0.0,1.0
"DSCC1",1,"ASF1B",1,0.19048,0.0,1.0
"DSCC1",1,"AURKA",1,0.19048,0.0,1.0
"DSCC1",1,"!BTG1",1,0.19048,0.0,1.0
"DSCC1",1,"CCDC34",1,0.19048,0.0,1.0
"DSCC1",0,"!APITD1-CORT",1,0.80952,0.0,1.0
"DSCC1",0,"!ASF1B",1,0.80952,0.0,1.0
"DSCC1",0,"!AURKA",1,0.80952,0.0,1.0
"DSCC1",0,"BTG1",1,0.80952,0.0,1.0
"DSCC1",0,"!CCDC34",1,0.80952,0.0,1.0
"DTL",1,"ANLN",1,0.30952,0.0,1.0
"DTL",1,"CEP55",1,0.28571,0.0,1.0
"DTL",1,"CCNB2",1,0.2619,0.0,1.0
"DTL",1,"CDC45",1,0.2619,0.0,1.0
"DTL",1,"CENPA",1,0.2619,0.0,1.0
"DTL",0,"!ZNF367",1,0.57143,0.0,1.0
"DTL",0,"!E2F8",1,0.54762,0.0,1.0
"DTL",0,"!GINS2",1,0.54762,0.0,1.0
"DTL",0,"!DTL",1,0.52381,0.0,1.0
"DTL",0,"!MCM7",1,0.52381,0.0,1.0
"E2F7",1,"ATAD2",1,0.21429,0.0,1.0
"E2F7",1,"BIRC5",1,0.21429,0.0,1.0
"E2F7",1,"BUB1",1,0.21429,0.0,1.0
"E2F7",1,"CCNA2",1,0.21429,0.0,1.0
"E2F7",1,"CDCA5",1,0.21429,0.0,1.0
"E2F7",0,"!CKS1B",1,0.61905,0.0,1.0
"E2F7",0,"GIMAP4",1,0.61905,0.0,1.0
"E2F7",0,"LILRB2",1,0.59524,0.0,1.0
"E2F7",0,"RNASET2",1,0.59524,0.0,1.0
"E2F7",0,"!TIMELESS",1,0.59524,0.0,1.0
"E2F8",1,"CKAP2L",1,0.2381,0.0,1.0
"E2F8",1,"KIF18B",1,0.2381,0.0,1.0
"E2F8",1,"UBE2T",1,0.2381,0.0,1.0
"E2F8",1,"ATAD2",1,0.21429,0.0,1.0
"E2F8",1,"AURKB",1,0.21429,0.0,1.0
"E2F8",0,"!RAD51AP1",1,0.45238,0.0,1.0
"E2F8",0,"!BYSL",1,0.42857,0.0,1.0
"E2F8",0,"!SELENOI",1,0.40476,0.0,1.0
"E2F8",0,"CCR1",1,0.30952,0.0,1.0
"E2F8",0,"!PTP4A1",1,0.30952,0.0,1.0
"ECT2",1,"ECT2",1,0.28571,0.0,1.0
"ECT2",1,"FOXM1",1,0.2381,0.0,1.0
"ECT2",1,"STIL",1,0.2381,0.0,1.0
"ECT2",1,"ATAD2",1,0.21429,0.0,1.0
"ECT2",1,"BIRC5",1,0.21429,0.0,1.0
"ECT2",0,"!ECT2",1,0.71429,0.0,1.0
"ECT2",0,"!CENPK",1,0.66667,0.0,1.0
"ECT2",0,"ISG20",1,0.64286,0.0,1.0
"ECT2",0,"GBP4",1,0.61905,0.0,1.0
"ECT2",0,"LILRB2",1,0.59524,0.0,1.0
"EGR1",1,"CCDC86&!DFNA5",1,0.21429,0.0,1.0
"EGR1",1,"CCDC86&IL1B",1,0.16667,0.0,1.0
"EGR1",1,"CCDC86&DENND3",1,0.14286,0.0,1.0
"EGR1",1,"MS4A7&PAICS",1,0.14286,0.0,1.0
"EGR1",1,"MS4A7&SELENOI",1,0.14286,0.0,1.0
"EGR1",0,"DEPDC1B",1,0.2619,0.0,1.0
"EGR1",0,"CKAP2L",1,0.2381,0.0,1.0
"EGR1",0,"AURKB",1,0.21429,0.0,1.0
"EGR1",0,"KIF18A",1,0.21429,0.0,1.0
"EGR1",0,"OIP5",1,0.21429,0.0,1.0
"ELL2",1,"ELL2",1,0.30952,0.0,1.0
"ELL2",1,"KLF9&!NEDD9",1,0.2619,0.0,1.0
"ELL2",1,"!GIMAP7&KLF9",1,0.21429,0.0,1.0
"ELL2",1,"DFNA5&KLF9",1,0.16667,0.0,1.0
"ELL2",1,"!GIMAP7&MYRIP",1,0.16667,0.0,1.0
"ELL2",0,"LOC100130872",1,0.19048,0.0,1.0
"ELL2",0,"SEMA4D",1,0.16667,0.0,1.0
"EMP1",1,"!ATAD2&EMP1",1,0.33333,0.0,1.0
"EMP1",1,"!BCL2L11&EMP1",1,0.33333,0.0,1.0
"EMP1",1,"!BIRC5&EMP1",1,0.33333,0.0,1.0
"EMP1",1,"!BUB1&EMP1",1,0.33333,0.0,1.0
"EMP1",1,"!CCNA2&EMP1",1,0.33333,0.0,1.0
"EMP1",0,"!EMP1",1,0.64286,0.0,1.0
"EMP1",0,"!IL1B",1,0.5,0.0,1.0
"EMP1",0,"!DENND3",1,0.47619,0.0,1.0
"EMP1",0,"!B3GNT2",1,0.45238,0.0,1.0
"EMP1",0,"BCL2L11",1,0.42857,0.0,1.0
"EPPK1",1,"BTNL9&!CRNDE",1,0.14286,0.0,1.0
"EPPK1",1,"BTNL9&CDC42EP3",1,0.11905,0.0,1.0
"EPPK1",1,"!CPM&EPPK1",1,0.04762,0.0,1.0
"EPPK1",1,"!IL1B&MIR4683",1,0.02381,0.0,1.0
"EPPK1",0,"BCL2L11",1,0.42857,0.0,1.0
"EPPK1",0,"!IRAK3",1,0.42857,0.0,1.0
"EPPK1",0,"!LILRB2",1,0.40476,0.0,1.0
"EPPK1",0,"S100A11",1,0.40476,0.0,1.0
"EPPK1",0,"CKS1B",1,0.38095,0.0,1.0
"F13A1",1,"F13A1",1,0.2381,0.0,1.0
"F13A1",1,"!BYSL&FGL2",1,0.14286,0.0,1.0
"F13A1",1,"CD53&FGL2",1,0.14286,0.0,1.0
"F13A1",1,"CDC42EP3&FGD2",1,0.14286,0.0,1.0
"F13A1",1,"CDC42EP3&!RHOBTB3",1,0.14286,0.0,1.0
"F13A1",0,"!MIR8071-1",1,0.47619,0.0,1.0
"F13A1",0,"!MTSS1",1,0.47619,0.0,1.0
"F13A1",0,"!PDE4B",1,0.47619,0.0,1.0
"F13A1",0,"!SERPINB9",1,0.47619,0.0,1.0
"F13A1",0,"CCDC86",1,0.45238,0.0,1.0
"FABP5",1,"NME1",1,0.42857,0.0,1.0
"FABP5",1,"KIF11",1,0.38095,0.0,1.0
"FABP5",1,"MTHFD2",1,0.35714,0.0,1.0
"FABP5",1,"CDC20",1,0.33333,0.0,1.0
"FABP5",1,"KIF4A",1,0.33333,0.0,1.0
"FABP5",0,"LGALS3",1,0.19048,0.0,1.0
"FABP5",0,"RAB31",1,0.16667,0.0,1.0
"FABP5",0,"!CCDC86&HBG1",1,0.2619,0.0,1.0
"FABP5",0,"HBG1&!RBM14",1,0.2619,0.0,1.0
"FABP5",0,"!BYSL&HBG1",1,0.2381,0.0,1.0
"FAM72C",1,"APITD1-CORT",1,0.19048,0.0,1.0
"FAM72C",1,"ASF1B",1,0.19048,0.0,1.0
"FAM72C",1,"AURKA",1,0.19048,0.0,1.0
"FAM72C",1,"!BTG1",1,0.19048,0.0,1.0
"FAM72C",1,"CCDC34",1,0.19048,0.0,1.0
"FAM72C",0,"!APITD1-CORT",1,0.80952,0.0,1.0
"FAM72C",0,"!ASF1B",1,0.80952,0.0,1.0
"FAM72C",0,"!AURKA",1,0.80952,0.0,1.0
"FAM72C",0,"BTG1",1,0.80952,0.0,1.0
"FAM72C",0,"!CCDC34",1,0.80952,0.0,1.0
"FANCI",1,"FOXM1",1,0.2381,0.0,1.0
"FANCI",1,"KIF2C",1,0.2381,0.0,1.0
"FANCI",1,"STIL",1,0.2381,0.0,1.0
"FANCI",1,"ATAD2",1,0.21429,0.0,1.0
"FANCI",1,"BIRC5",1,0.21429,0.0,1.0
"FANCI",0,"!ANLN",1,0.69048,0.0,1.0
"FANCI",0,"!BRIP1",1,0.69048,0.0,1.0
"FANCI",0,"!CHEK1",1,0.69048,0.0,1.0
"FANCI",0,"!FANCI",1,0.69048,0.0,1.0
"FANCI",0,"!HELLS",1,0.69048,0.0,1.0
"FCER1G",1,"LILRA1",1,0.11905,0.0,1.0
"FCER1G",1,"GVINP1&IGH",1,0.19048,0.0,1.0
"FCER1G",1,"GVINP1&IL18R1",1,0.19048,0.0,1.0
"FCER1G",1,"GVINP1&!PRPS2",1,0.19048,0.0,1.0
"FCER1G",1,"BIRC3&FGL2",1,0.16667,0.0,1.0
"FCER1G",0,"IQGAP3",1,0.2619,0.0,1.0
"FCER1G",0,"TMEM97",1,0.2381,0.0,1.0
"FCER1G",0,"WDHD1",1,0.2381,0.0,1.0
"FCER1G",0,"CENPH",1,0.21429,0.0,1.0
"FCER1G",0,"APITD1-CORT",1,0.19048,0.0,1.0
"FCGR3B",1,"FGL2",1,0.19048,0.0,1.0
"FCGR3B",1,"LILRA1",1,0.11905,0.0,1.0
"FCGR3B",1,"!E2F7&FCGR3B",1,0.28571,0.0,1.0
"FCGR3B",1,"FCGR3B&!MTHFD2",1,0.28571,0.0,1.0
"FCGR3B",1,"!CCDC86&FCGR3B",1,0.2619,0.0,1.0
"FCGR3B",0,"IQGAP3",1,0.2619,0.0,1.0
"FCGR3B",0,"TMEM97",1,0.2381,0.0,1.0
"FCGR3B",0,"WDHD1",1,0.2381,0.0,1.0
"FCGR3B",0,"CENPH",1,0.21429,0.0,1.0
"FCGR3B",0,"APITD1-CORT",1,0.19048,0.0,1.0
"FEN1",1,"AURKB&!P2RX5",1,0.16667,0.0,1.0
"FEN1",1,"CKAP2&!P2RX5",1,0.16667,0.0,1.0
"FEN1",1,"KIF18A&!P2RX5",1,0.16667,0.0,1.0
"FEN1",1,"OIP5&!P2RX5",1,0.16667,0.0,1.0
"FEN1",1,"!P2RX5&PBK",1,0.16667,0.0,1.0
"FEN1",0,"!APITD1-CORT",1,0.80952,0.0,1.0
"FEN1",0,"!ASF1B",1,0.80952,0.0,1.0
"FEN1",0,"!AURKA",1,0.80952,0.0,1.0
"FEN1",0,"BTG1",1,0.80952,0.0,1.0
"FEN1",0,"!CCDC34",1,0.80952,0.0,1.0
"FGD2",1,"FGD2",1,0.33333,0.0,1.0
"FGD2",1,"LILRA1",1,0.11905,0.0,1.0
"FGD2",1,"FCGR3B&IL6ST",1,0.2381,0.0,1.0
"FGD2",1,"!ANLN&F13A1",1,0.21429,0.0,1.0
"FGD2",1,"!CEP55&F13A1",1,0.21429,0.0,1.0
"FGD2",0,"!SMAP2",1,0.30952,0.0,1.0
"FGD2",0,"ECT2",1,0.28571,0.0,1.0
"FGD2",0,"!MS4A1",1,0.2619,0.0,1.0
"FGD2",0,"FOXM1",1,0.2381,0.0,1.0
"FGD2",0,"STIL",1,0.2381,0.0,1.0
"FGL2",1,"BIRC3&FGL2",1,0.16667,0.0,1.0
"FGL2",1,"BIRC3&PPBP",1,0.16667,0.0,1.0
"FGL2",1,"F13A1&!MYRIP",1,0.16667,0.0,1.0
"FGL2",1,"!MYRIP&PPBP",1,0.16667,0.0,1.0
"FGL2",1,"PPBP&!SLC22A23",1,0.16667,0.0,1.0
"FGL2",0,"!PIK3IP1",1,0.42857,0.0,1.0
"FGL2",0,"!LYZ",1,0.40476,0.0,1.0
"FGL2",0,"KIF11",1,0.38095,0.0,1.0
"FGL2",0,"MTHFD2",1,0.35714,0.0,1.0
"FGL2",0,"NUF2",1,0.35714,0.0,1.0
"FGR",1,"ITGB2-AS1",1,0.2381,0.0,1.0
"FGR",1,"LOC100130872",1,0.19048,0.0,1.0
"FGR",1,"BCL10",1,0.11905,0.0,1.0
"FGR",1,"!ANP32E&TNFSF8",1,0.2619,0.0,1.0
"FGR",1,"!ASPM&TNFSF8",1,0.2619,0.0,1.0
"FGR",0,"FH",1,0.28571,0.0,1.0
"FGR",0,"IQGAP3",1,0.2619,0.0,1.0
"FGR",0,"TMEM97",1,0.2381,0.0,1.0
"FGR",0,"WDHD1",1,0.2381,0.0,1.0
"FGR",0,"CENPH",1,0.21429,0.0,1.0
"FH",1,"APITD1-CORT",1,0.19048,0.0,1.0
"FH",1,"ASF1B",1,0.19048,0.0,1.0
"FH",1,"AURKA",1,0.19048,0.0,1.0
"FH",1,"!BTG1",1,0.19048,0.0,1.0
"FH",1,"CCDC34",1,0.19048,0.0,1.0
"FH",0,"!DEPDC1B",1,0.7381,0.0,1.0
"FH",0,"!ANP32E",1,0.71429,0.0,1.0
"FH",0,"!FH",1,0.71429,0.0,1.0
"FH",0,"!E2F7",1,0.69048,0.0,1.0
"FH",0,"NEAT1",1,0.66667,0.0,1.0
"FOXM1",1,"ATAD2",1,0.21429,0.0,1.0
"FOXM1",1,"BIRC5",1,0.21429,0.0,1.0
"FOXM1",1,"BUB1",1,0.21429,0.0,1.0
"FOXM1",1,"CCNA2",1,0.21429,0.0,1.0
"FOXM1",1,"CDCA5",1,0.21429,0.0,1.0
"FOXM1",0,"!ATAD2",1,0.78571,0.0,1.0
"FOXM1",0,"!BIRC5",1,0.78571,0.0,1.0
"FOXM1",0,"!BUB1",1,0.78571,0.0,1.0
"FOXM1",0,"!CCNA2",1,0.78571,0.0,1.0
"FOXM1",0,"!CDCA5",1,0.78571,0.0,1.0
"FUS",1,"C5orf24&MPV17L",1,0.11905,0.0,1.0
"FUS",1,"!GVINP1&!IGLL1",1,0.11905,0.0,1.0
"FUS",1,"!LOC100130872&MPV17L",1,0.11905,0.0,1.0
"FUS",1,"DTL&HBG1",1,0.09524,0.0,1.0
"FUS",1,"FABP5&!IGLL1",1,0.09524,0.0,1.0
"FUS",0,"CCNB1",1,0.2619,0.0,1.0
"FUS",0,"IQGAP3",1,0.2619,0.0,1.0
"FUS",0,"PTTG1",1,0.2619,0.0,1.0
"FUS",0,"CDK1",1,0.2381,0.0,1.0
"FUS",0,"CKAP2L",1,0.2381,0.0,1.0
"GBP4",1,"!CDT1&DENND3",1,0.42857,0.0,1.0
"GBP4",1,"DENND3&!KNL1",1,0.42857,0.0,1.0
"GBP4",1,"!CDT1&IL1B",1,0.40476,0.0,1.0
"GBP4",1,"DENND3&!MCM5",1,0.40476,0.0,1.0
"GBP4",1,"DENND3&!RAD51",1,0.40476,0.0,1.0
"GBP4",0,"!GBP4",1,0.38095,0.0,1.0
"GBP4",0,"KNL1",1,0.38095,0.0,1.0
"GBP4",0,"CDT1",1,0.33333,0.0,1.0
"GBP4",0,"BRIP1",1,0.30952,0.0,1.0
"GBP4",0,"C4orf46",1,0.30952,0.0,1.0
"GGH",1,"CENPH",1,0.21429,0.0,1.0
"GGH",1,"APITD1-CORT",1,0.19048,0.0,1.0
"GGH",1,"ASF1B",1,0.19048,0.0,1.0
"GGH",1,"AURKA",1,0.19048,0.0,1.0
"GGH",1,"!BTG1",1,0.19048,0.0,1.0
"GGH",0,"!CENPH",1,0.78571,0.0,1.0
"GGH",0,"!CDK1",1,0.7619,0.0,1.0
"GGH",0,"!HMMR",1,0.7619,0.0,1.0
"GGH",0,"!KIF14",1,0.7619,0.0,1.0
"GGH",0,"!KIF20A",1,0.7619,0.0,1.0
"GIMAP4",1,"CCR1",1,0.30952,0.0,1.0
"GIMAP4",1,"GVINP1",1,0.28571,0.0,1.0
"GIMAP4",1,"F13A1",1,0.2381,0.0,1.0
"GIMAP4",1,"FGL2",1,0.19048,0.0,1.0
"GIMAP4",1,"!ANP32E&PIK3IP1",1,0.52381,0.0,1.0
"GIMAP4",0,"E2F7",1,0.30952,0.0,1.0
"GIMAP4",0,"DEPDC1B",1,0.2619,0.0,1.0
"GIMAP4",0,"FOXM1",1,0.2381,0.0,1.0
"GIMAP4",0,"KIF18B",1,0.2381,0.0,1.0
"GIMAP4",0,"STIL",1,0.2381,0.0,1.0
"GIMAP7",1,"GVINP1",1,0.28571,0.0,1.0
"GIMAP7",1,"MPV17L",1,0.2619,0.0,1.0
"GIMAP7",1,"F13A1",1,0.2381,0.0,1.0
"GIMAP7",1,"ITGB2-AS1",1,0.2381,0.0,1.0
"GIMAP7",1,"FGL2",1,0.19048,0.0,1.0
"GIMAP7",0,"DEPDC1B",1,0.2619,0.0,1.0
"GIMAP7",0,"PTTG1",1,0.2619,0.0,1.0
"GIMAP7",0,"AURKB",1,0.21429,0.0,1.0
"GIMAP7",0,"KIF18A",1,0.21429,0.0,1.0
"GIMAP7",0,"OIP5",1,0.21429,0.0,1.0
"GINS1",1,"APITD1-CORT",1,0.19048,0.0,1.0
"GINS1",1,"ASF1B",1,0.19048,0.0,1.0
"GINS1",1,"AURKA",1,0.19048,0.0,1.0
"GINS1",1,"!BTG1",1,0.19048,0.0,1.0
"GINS1",1,"CCDC34",1,0.19048,0.0,1.0
"GINS1",0,"!APITD1-CORT",1,0.80952,0.0,1.0
"GINS1",0,"!ASF1B",1,0.80952,0.0,1.0
"GINS1",0,"!AURKA",1,0.80952,0.0,1.0
"GINS1",0,"BTG1",1,0.80952,0.0,1.0
"GINS1",0,"!CCDC34",1,0.80952,0.0,1.0
"GINS2",1,"ANLN",1,0.30952,0.0,1.0
"GINS2",1,"BRIP1",1,0.30952,0.0,1.0
"GINS2",1,"CHEK1",1,0.30952,0.0,1.0
"GINS2",1,"FANCI",1,0.30952,0.0,1.0
"GINS2",1,"TTK",1,0.30952,0.0,1.0
"GINS2",0,"!RAD51",1,0.64286,0.0,1.0
"GINS2",0,"!PCNA",1,0.57143,0.0,1.0
"GINS2",0,"!ZNF367",1,0.57143,0.0,1.0
"GINS2",0,"!BRCA1",1,0.54762,0.0,1.0
"GINS2",0,"!GINS2",1,0.54762,0.0,1.0
"GSN",1,"SERPINB9",1,0.52381,0.0,1.0
"GSN",1,"ITGAM",1,0.40476,0.0,1.0
"GSN",1,"TBXA2R",1,0.40476,0.0,1.0
"GSN",1,"CCR1",1,0.30952,0.0,1.0
"GSN",1,"RBMS3",1,0.30952,0.0,1.0
"GSN",0,"!METTL7A",1,0.19048,0.0,1.0
"GSN",0,"UBE2C",1,0.11905,0.0,1.0
"GSN",0,"CENPV&!KIF26A",1,0.35714,0.0,1.0
"GSN",0,"CRNDE&!GSN",1,0.35714,0.0,1.0
"GSN",0,"!DENND3&!GSN",1,0.35714,0.0,1.0
"GVINP1",1,"PPBP",1,0.21429,0.0,1.0
"GVINP1",1,"FGL2",1,0.19048,0.0,1.0
"GVINP1",1,"LILRA1",1,0.11905,0.0,1.0
"GVINP1",1,"!BRCA1&SERPINA1",1,0.28571,0.0,1.0
"GVINP1",1,"!DHX9&!MCM7",1,0.28571,0.0,1.0
"GVINP1",0,"MCM7",1,0.47619,0.0,1.0
"GVINP1",0,"KIF11",1,0.38095,0.0,1.0
"GVINP1",0,"KNL1",1,0.38095,0.0,1.0
"GVINP1",0,"DHFR",1,0.35714,0.0,1.0
"GVINP1",0,"MTHFD2",1,0.35714,0.0,1.0
"HBB",1,"LGALS3",1,0.19048,0.0,1.0
"HBB",1,"LOC100130872",1,0.19048,0.0,1.0
"HBB",1,"LILRA1",1,0.11905,0.0,1.0
"HBB",1,"!CENPF&DEFA1",1,0.30952,0.0,1.0
"HBB",1,"!CKS1B&!PSPH",1,0.30952,0.0,1.0
"HBB",0,"SHCBP1",1,0.30952,0.0,1.0
"HBB",0,"CCNB1",1,0.2619,0.0,1.0
"HBB",0,"CENPF",1,0.2619,0.0,1.0
"HBB",0,"NEK2",1,0.2619,0.0,1.0
"HBB",0,"CDK1",1,0.2381,0.0,1.0
"HBG1",1,"LGALS3",1,0.19048,0.0,1.0
"HBG1",1,"LOC100130872",1,0.19048,0.0,1.0
"HBG1",1,"LILRA1",1,0.11905,0.0,1.0
"HBG1",1,"!CENPF&DEFA1",1,0.30952,0.0,1.0
"HBG1",1,"HBB&IGH",1,0.30952,0.0,1.0
"HBG1",0,"!S100A8",1,0.35714,0.0,1.0
"HBG1",0,"RFC3",1,0.33333,0.0,1.0
"HBG1",0,"SHCBP1",1,0.30952,0.0,1.0
"HBG1",0,"FH",1,0.28571,0.0,1.0
"HBG1",0,"CCNB1",1,0.2619,0.0,1.0
"HELLS",1,"KIF2C",1,0.2381,0.0,1.0
"HELLS",1,"ATAD2",1,0.21429,0.0,1.0
"HELLS",1,"BIRC5",1,0.21429,0.0,1.0
"HELLS",1,"BUB1",1,0.21429,0.0,1.0
"HELLS",1,"CCNA2",1,0.21429,0.0,1.0
"HELLS",0,"!KIF2C",1,0.7619,0.0,1.0
"HELLS",0,"!CCNB2",1,0.7381,0.0,1.0
"HELLS",0,"!CDC45",1,0.7381,0.0,1.0
"HELLS",0,"!CENPA",1,0.7381,0.0,1.0
"HELLS",0,"!DLGAP5",1,0.7381,0.0,1.0
"HIST4H4",1,"!TXNIP",1,0.2381,0.0,1.0
"HIST4H4",1,"AURKB",1,0.21429,0.0,1.0
"HIST4H4",1,"CKAP2",1,0.21429,0.0,1.0
"HIST4H4",1,"KIF18A",1,0.21429,0.0,1.0
"HIST4H4",1,"OIP5",1,0.21429,0.0,1.0
"HIST4H4",0,"EMP1",1,0.35714,0.0,1.0
"HIST4H4",0,"!TNFRSF21",1,0.33333,0.0,1.0
"HIST4H4",0,"!C5orf24",1,0.2619,0.0,1.0
"HIST4H4",0,"F13A1",1,0.2381,0.0,1.0
"HIST4H4",0,"!IGLL1",1,0.2381,0.0,1.0
"HJURP",1,"APITD1-CORT",1,0.19048,0.0,1.0
"HJURP",1,"ASF1B",1,0.19048,0.0,1.0
"HJURP",1,"AURKA",1,0.19048,0.0,1.0
"HJURP",1,"!BTG1",1,0.19048,0.0,1.0
"HJURP",1,"CCDC34",1,0.19048,0.0,1.0
"HJURP",0,"!APITD1-CORT",1,0.80952,0.0,1.0
"HJURP",0,"!ASF1B",1,0.80952,0.0,1.0
"HJURP",0,"!AURKA",1,0.80952,0.0,1.0
"HJURP",0,"BTG1",1,0.80952,0.0,1.0
"HJURP",0,"!CCDC34",1,0.80952,0.0,1.0
"HMMR",1,"APITD1-CORT",1,0.19048,0.0,1.0
"HMMR",1,"ASF1B",1,0.19048,0.0,1.0
"HMMR",1,"AURKA",1,0.19048,0.0,1.0
"HMMR",1,"!BTG1",1,0.19048,0.0,1.0
"HMMR",1,"CCDC34",1,0.19048,0.0,1.0
"HMMR",0,"!APITD1-CORT",1,0.80952,0.0,1.0
"HMMR",0,"!ASF1B",1,0.80952,0.0,1.0
"HMMR",0,"!AURKA",1,0.80952,0.0,1.0
"HMMR",0,"BTG1",1,0.80952,0.0,1.0
"HMMR",0,"!CCDC34",1,0.80952,0.0,1.0
"HRK",1,"DPEP1&HRK",1,0.35714,0.0,1.0
"HRK",1,"DENND3&HRK",1,0.30952,0.0,1.0
"HRK",1,"!ARRDC3&HRK",1,0.2619,0.0,1.0
"HRK",1,"DPEP1&!RHOBTB3",1,0.2619,0.0,1.0
"HRK",1,"IL1B&!RHOBTB3",1,0.2619,0.0,1.0
"HRK",0,"!DPEP1",1,0.47619,0.0,1.0
"HRK",0,"!MSH6",1,0.45238,0.0,1.0
"HRK",0,"!ISG20",1,0.35714,0.0,1.0
"HRK",0,"!SMAP2",1,0.30952,0.0,1.0
"HRK",0,"ECT2",1,0.28571,0.0,1.0
"HSP90AB1",1,"KIF11",1,0.38095,0.0,1.0
"HSP90AB1",1,"KNL1",1,0.38095,0.0,1.0
"HSP90AB1",1,"DHFR",1,0.35714,0.0,1.0
"HSP90AB1",1,"RAD51",1,0.35714,0.0,1.0
"HSP90AB1",1,"!CD53",1,0.33333,0.0,1.0
"HSP90AB1",0,"!CDC42EP3&!HSP90AB1",1,0.09524,0.0,1.0
"HSP90AB1",0,"BYSL&!HSP90AB1",1,0.07143,0.0,1.0
"HSP90AB1",0,"C5orf24&LGALS3",1,0.07143,0.0,1.0
"HSP90AB1",0,"!CLEC2B&!HSP90AB1",1,0.07143,0.0,1.0
"HSP90AB1",0,"FABP5&!HSP90AB1",1,0.07143,0.0,1.0
"ID2",1,"PRDM1",1,0.2381,0.0,1.0
"ID2",1,"!ABHD17B",1,0.19048,0.0,1.0
"ID2",1,"IL18RAP",1,0.19048,0.0,1.0
"ID2",1,"LGALS3",1,0.19048,0.0,1.0
"ID2",1,"RAB31",1,0.16667,0.0,1.0
"ID2",0,"!AURKB&ECT2",1,0.09524,0.0,1.0
"ID2",0,"!AURKB&!METTL7A",1,0.09524,0.0,1.0
"ID2",0,"!KIF18A&!METTL7A",1,0.09524,0.0,1.0
"ID2",0,"!ATAD2&ECT2",1,0.07143,0.0,1.0
"ID2",0,"!ATAD2&!METTL7A",1,0.07143,0.0,1.0
"ID3",1,"HRK",1,0.38095,0.0,1.0
"ID3",1,"EMP1",1,0.35714,0.0,1.0
"ID3",1,"MDK",1,0.28571,0.0,1.0
"ID3",1,"MDM2",1,0.28571,0.0,1.0
"ID3",1,"ABHD17B&PTP4A1",1,0.61905,0.0,1.0
"ID3",0,"SEMA4D",1,0.16667,0.0,1.0
"ID3",0,"!B3GNT2&FGR",1,0.21429,0.0,1.0
"ID3",0,"!DTL&!IL1B",1,0.21429,0.0,1.0
"ID3",0,"FGR&!RMI2",1,0.21429,0.0,1.0
"ID3",0,"!IL1B&!TYMS",1,0.21429,0.0,1.0
"IFNGR1",1,"LILRB2",1,0.59524,0.0,1.0
"IFNGR1",1,"!CENPV",1,0.57143,0.0,1.0
"IFNGR1",1,"IRAK3",1,0.57143,0.0,1.0
"IFNGR1",1,"DENND3",1,0.52381,0.0,1.0
"IFNGR1",1,"IFNGR1",1,0.52381,0.0,1.0
"IFNGR1",0,"ECT2",1,0.28571,0.0,1.0
"IFNGR1",0,"FOXM1",1,0.2381,0.0,1.0
"IFNGR1",0,"STIL",1,0.2381,0.0,1.0
"IFNGR1",0,"ATAD2",1,0.21429,0.0,1.0
"IFNGR1",0,"BIRC5",1,0.21429,0.0,1.0
"IGH",1,"LGALS3",1,0.19048,0.0,1.0
"IGH",1,"!CCDC86&IGH",1,0.30952,0.0,1.0
"IGH",1,"IGH&PDE4B",1,0.30952,0.0,1.0
"IGH",1,"!CCDC86&!PRPS2",1,0.28571,0.0,1.0
"IGH",1,"GBP4&IGLC1",1,0.28571,0.0,1.0
"IGH",0,"MTHFD2",1,0.35714,0.0,1.0
"IGH",0,"!NEAT1",1,0.33333,0.0,1.0
"IGH",0,"!MS4A1",1,0.2619,0.0,1.0
"IGH",0,"!TXNIP",1,0.2381,0.0,1.0
"IGH",0,"CKAP2",1,0.21429,0.0,1.0
"IGLC1",1,"LGALS3",1,0.19048,0.0,1.0
"IGLC1",1,"!CCDC86&IGH",1,0.30952,0.0,1.0
"IGLC1",1,"!CCDC86&IGLC1",1,0.30952,0.0,1.0
"IGLC1",1,"IGH&PDE4B",1,0.30952,0.0,1.0
"IGLC1",1,"!CCDC86&!PRPS2",1,0.28571,0.0,1.0
"IGLC1",0,"!MS4A1",1,0.2619,0.0,1.0
"IGLC1",0,"!TXNIP",1,0.2381,0.0,1.0
"IGLC1",0,"CKAP2",1,0.21429,0.0,1.0
"IGLC1",0,"APITD1-CORT",1,0.19048,0.0,1.0
"IGLC1",0,"ASF1B",1,0.19048,0.0,1.0
"IGLL1",1,"IGLL1",1,0.7619,0.0,1.0
"IGLL1",1,"AKAP12",1,0.52381,0.0,1.0
"IGLL1",1,"!IL27RA",1,0.47619,0.0,1.0
"IGLL1",1,"BCAT1",1,0.45238,0.0,1.0
"IGLL1",1,"!SLA",1,0.42857,0.0,1.0
"IGLL1",0,"!IGLL1",1,0.2381,0.0,1.0
"IGLL1",0,"LOC100130872",1,0.19048,0.0,1.0
"IGLL1",0,"!BCAT1&!BMF",1,0.21429,0.0,1.0
"IGLL1",0,"!AKAP12&!C5orf24",1,0.19048,0.0,1.0
"IGLL1",0,"!AKAP12&PPP1R16B",1,0.19048,0.0,1.0
"IL18R1",1,"IL18R1",1,0.28571,0.0,1.0
"IL18R1",1,"IL18RAP",1,0.19048,0.0,1.0
"IL18R1",1,"RAB31",1,0.16667,0.0,1.0
"IL18R1",1,"ID2&PPP1R16B",1,0.2381,0.0,1.0
"IL18R1",1,"ID2&!PRPS2",1,0.2381,0.0,1.0
"IL18R1",0,"CENPV",1,0.42857,0.0,1.0
"IL18R1",0,"!IRAK3",1,0.42857,0.0,1.0
"IL18R1",0,"!TMEM2",1,0.30952,0.0,1.0
"IL18R1",0,"ANP32E",1,0.28571,0.0,1.0
"IL18R1",0,"CEP55",1,0.28571,0.0,1.0
"IL18RAP",1,"IL18RAP",1,0.19048,0.0,1.0
"IL18RAP",1,"ID2&PPP1R16B",1,0.2381,0.0,1.0
"IL18RAP",1,"ID2&!PRPS2",1,0.2381,0.0,1.0
"IL18RAP",1,"!ASPM&!PRPS2",1,0.21429,0.0,1.0
"IL18RAP",1,"!B3GNT2&!CENPV",1,0.21429,0.0,1.0
"IL18RAP",0,"CENPV",1,0.42857,0.0,1.0
"IL18RAP",0,"!IRAK3",1,0.42857,0.0,1.0
"IL18RAP",0,"!TMEM2",1,0.30952,0.0,1.0
"IL18RAP",0,"ANP32E",1,0.28571,0.0,1.0
"IL18RAP",0,"CEP55",1,0.28571,0.0,1.0
"IL1B",1,"GBP4&!HBG1",1,0.35714,0.0,1.0
"IL1B",1,"DENND3&!SLA",1,0.30952,0.0,1.0
"IL1B",1,"EMP1&GBP4",1,0.30952,0.0,1.0
"IL1B",1,"EMP1&!SQLE",1,0.30952,0.0,1.0
"IL1B",1,"!HBG1&!KNL1",1,0.30952,0.0,1.0
"IL1B",0,"!IL1B",1,0.5,0.0,1.0
"IL1B",0,"!DENND3",1,0.47619,0.0,1.0
"IL1B",0,"!GBP4",1,0.38095,0.0,1.0
"IL1B",0,"TNFSF8",1,0.38095,0.0,1.0
"IL1B",0,"ECT2",1,0.28571,0.0,1.0
"IL27RA",1,"IL27RA",1,0.52381,0.0,1.0
"IL27RA",1,"!IGLL1",1,0.2381,0.0,1.0
"IL27RA",1,"ITGB2-AS1",1,0.2381,0.0,1.0
"IL27RA",1,"FGL2",1,0.19048,0.0,1.0
"IL27RA",1,"LOC100130872",1,0.19048,0.0,1.0
"IL27RA",0,"!ZFP36L2",1,0.11905,0.0,1.0
"IL27RA",0,"!IL27RA&RHOBTB3",1,0.33333,0.0,1.0
"IL27RA",0,"!CDK6&!IL27RA",1,0.2381,0.0,1.0
"IL27RA",0,"!GIMAP4&!IL27RA",1,0.2381,0.0,1.0
"IL27RA",0,"ANP32E&!IL27RA",1,0.19048,0.0,1.0
"IL6ST",1,"MTSS1",1,0.52381,0.0,1.0
"IL6ST",1,"ITGAM",1,0.40476,0.0,1.0
"IL6ST",1,"TBXA2R",1,0.40476,0.0,1.0
"IL6ST",1,"FGD2",1,0.33333,0.0,1.0
"IL6ST",1,"CCR1",1,0.30952,0.0,1.0
"IL6ST",0,"BCL10",1,0.11905,0.0,1.0
"IL6ST",0,"!ATAD2&!MS4A1",1,0.11905,0.0,1.0
"IL6ST",0,"!BIRC5&!MS4A1",1,0.11905,0.0,1.0
"IL6ST",0,"!BUB1&!MS4A1",1,0.11905,0.0,1.0
"IL6ST",0,"!CCNA2&!MS4A1",1,0.11905,0.0,1.0
"IQGAP3",1,"CENPH",1,0.21429,0.0,1.0
"IQGAP3",1,"APITD1-CORT",1,0.19048,0.0,1.0
"IQGAP3",1,"ASF1B",1,0.19048,0.0,1.0
"IQGAP3",1,"AURKA",1,0.19048,0.0,1.0
"IQGAP3",1,"!BTG1",1,0.19048,0.0,1.0
"IQGAP3",0,"!CENPH",1,0.78571,0.0,1.0
"IQGAP3",0,"!CDK1",1,0.7619,0.0,1.0
"IQGAP3",0,"!HMMR",1,0.7619,0.0,1.0
"IQGAP3",0,"!KIF14",1,0.7619,0.0,1.0
"IQGAP3",0,"!KIF20A",1,0.7619,0.0,1.0
"IRAK3",1,"IRAK3",1,0.57143,0.0,1.0
"IRAK3",1,"MTSS1",1,0.52381,0.0,1.0
"IRAK3",1,"PDE4B",1,0.52381,0.0,1.0
"IRAK3",1,"SERPINB9",1,0.52381,0.0,1.0
"IRAK3",1,"!CRNDE",1,0.40476,0.0,1.0
"IRAK3",0,"!TMEM2",1,0.30952,0.0,1.0
"IRAK3",0,"ECT2",1,0.28571,0.0,1.0
"IRAK3",0,"FOXM1",1,0.2381,0.0,1.0
"IRAK3",0,"STIL",1,0.2381,0.0,1.0
"IRAK3",0,"ATAD2",1,0.21429,0.0,1.0
"ISG20",1,"!ECT2",1,0.71429,0.0,1.0
"ISG20",1,"SMAP2",1,0.69048,0.0,1.0
"ISG20",1,"!CENPK",1,0.66667,0.0,1.0
"ISG20",1,"ISG20",1,0.64286,0.0,1.0
"ISG20",1,"GBP4",1,0.61905,0.0,1.0
"ISG20",0,"ATAD2&!SOCS1",1,0.14286,0.0,1.0
"ISG20",0,"BIRC5&!SOCS1",1,0.14286,0.0,1.0
"ISG20",0,"BUB1&!SOCS1",1,0.14286,0.0,1.0
"ISG20",0,"CCNA2&!SOCS1",1,0.14286,0.0,1.0
"ISG20",0,"CDCA5&!SOCS1",1,0.14286,0.0,1.0
"ITGAM",1,"ITGAM",1,0.40476,0.0,1.0
"ITGAM",1,"F13A1",1,0.2381,0.0,1.0
"ITGAM",1,"RAB31",1,0.16667,0.0,1.0
"ITGAM",1,"BMF&LOC285097",1,0.28571,0.0,1.0
"ITGAM",1,"!CCNL1&!PAICS",1,0.28571,0.0,1.0
"ITGAM",0,"!SERPINB9",1,0.47619,0.0,1.0
"ITGAM",0,"CENPV",1,0.42857,0.0,1.0
"ITGAM",0,"!IRAK3",1,0.42857,0.0,1.0
"ITGAM",0,"!LILRB2",1,0.40476,0.0,1.0
"ITGAM",0,"!RNASET2",1,0.40476,0.0,1.0
"ITGB2-AS1",1,"ITGB2-AS1",1,0.2381,0.0,1.0
"ITGB2-AS1",1,"LOC100130872",1,0.19048,0.0,1.0
"ITGB2-AS1",1,"LILRA1",1,0.11905,0.0,1.0
"ITGB2-AS1",1,"!AKAP12&HBB",1,0.2619,0.0,1.0
"ITGB2-AS1",1,"!AKAP12&FGR",1,0.2381,0.0,1.0
"ITGB2-AS1",0,"!HBB",1,0.54762,0.0,1.0
"ITGB2-AS1",0,"MSH6",1,0.54762,0.0,1.0
"ITGB2-AS1",0,"AKAP12",1,0.52381,0.0,1.0
"ITGB2-AS1",0,"WFS1",1,0.52381,0.0,1.0
"ITGB2-AS1",0,"!SLA",1,0.42857,0.0,1.0
"ITPKB",1,"LILRA1",1,0.11905,0.0,1.0
"ITPKB",1,"CELF2&IGLC1",1,0.28571,0.0,1.0
"ITPKB",1,"CELF2&IGH",1,0.2619,0.0,1.0
"ITPKB",1,"IGLC1&SLA",1,0.2619,0.0,1.0
"ITPKB",1,"IGLC1&ITPKB",1,0.2381,0.0,1.0
"ITPKB",0,"CDK1",1,0.2381,0.0,1.0
"ITPKB",0,"CKAP2L",1,0.2381,0.0,1.0
"ITPKB",0,"HMMR",1,0.2381,0.0,1.0
"ITPKB",0,"KIF14",1,0.2381,0.0,1.0
"ITPKB",0,"KIF20A",1,0.2381,0.0,1.0
"KCNK12",1,"!EGR1&MYRIP",1,0.19048,0.0,1.0
"KCNK12",1,"!EGR1&MDM2",1,0.16667,0.0,1.0
"KCNK12",1,"FKBP5&!SLA",1,0.16667,0.0,1.0
"KCNK12",1,"AKAP12&LOC728175",1,0.14286,0.0,1.0
"KCNK12",1,"!EGR1&LOC728175",1,0.14286,0.0,1.0
"KCNK12",0,"!C5orf24",1,0.2619,0.0,1.0
"KCNK12",0,"!IGLL1",1,0.2381,0.0,1.0
"KCNK12",0,"ITGB2-AS1",1,0.2381,0.0,1.0
"KCNK12",0,"!FKBP5&!KCNK12",1,0.40476,0.0,1.0
"KCNK12",0,"!FKBP5&!MDM2",1,0.40476,0.0,1.0
"KIAA0101",1,"APITD1-CORT",1,0.19048,0.0,1.0
"KIAA0101",1,"ASF1B",1,0.19048,0.0,1.0
"KIAA0101",1,"AURKA",1,0.19048,0.0,1.0
"KIAA0101",1,"!BTG1",1,0.19048,0.0,1.0
"KIAA0101",1,"CCDC34",1,0.19048,0.0,1.0
"KIAA0101",0,"!APITD1-CORT",1,0.80952,0.0,1.0
"KIAA0101",0,"!ASF1B",1,0.80952,0.0,1.0
"KIAA0101",0,"!AURKA",1,0.80952,0.0,1.0
"KIAA0101",0,"BTG1",1,0.80952,0.0,1.0
"KIAA0101",0,"!CCDC34",1,0.80952,0.0,1.0
"KIF11",1,"CENPH",1,0.21429,0.0,1.0
"KIF11",1,"APITD1-CORT",1,0.19048,0.0,1.0
"KIF11",1,"ASF1B",1,0.19048,0.0,1.0
"KIF11",1,"AURKA",1,0.19048,0.0,1.0
"KIF11",1,"!BTG1",1,0.19048,0.0,1.0
"KIF11",0,"!CENPF",1,0.7381,0.0,1.0
"KIF11",0,"!NEK2",1,0.7381,0.0,1.0
"KIF11",0,"!FH",1,0.71429,0.0,1.0
"KIF11",0,"!C4orf46",1,0.69048,0.0,1.0
"KIF11",0,"!HELLS",1,0.69048,0.0,1.0
"KIF14",1,"APITD1-CORT",1,0.19048,0.0,1.0
"KIF14",1,"ASF1B",1,0.19048,0.0,1.0
"KIF14",1,"AURKA",1,0.19048,0.0,1.0
"KIF14",1,"!BTG1",1,0.19048,0.0,1.0
"KIF14",1,"CCDC34",1,0.19048,0.0,1.0
"KIF14",0,"!APITD1-CORT",1,0.80952,0.0,1.0
"KIF14",0,"!ASF1B",1,0.80952,0.0,1.0
"KIF14",0,"!AURKA",1,0.80952,0.0,1.0
"KIF14",0,"BTG1",1,0.80952,0.0,1.0
"KIF14",0,"!CCDC34",1,0.80952,0.0,1.0
"KIF15",1,"CENPH",1,0.21429,0.0,1.0
"KIF15",1,"APITD1-CORT",1,0.19048,0.0,1.0
"KIF15",1,"ASF1B",1,0.19048,0.0,1.0
"KIF15",1,"AURKA",1,0.19048,0.0,1.0
"KIF15",1,"!BTG1",1,0.19048,0.0,1.0
"KIF15",0,"!CENPH",1,0.78571,0.0,1.0
"KIF15",0,"!CDK1",1,0.7619,0.0,1.0
"KIF15",0,"!HMMR",1,0.7619,0.0,1.0
"KIF15",0,"!KIF14",1,0.7619,0.0,1.0
"KIF15",0,"!KIF20A",1,0.7619,0.0,1.0
"KIF18A",1,"APITD1-CORT",1,0.19048,0.0,1.0
"KIF18A",1,"ASF1B",1,0.19048,0.0,1.0
"KIF18A",1,"AURKA",1,0.19048,0.0,1.0
"KIF18A",1,"!BTG1",1,0.19048,0.0,1.0
"KIF18A",1,"CCDC34",1,0.19048,0.0,1.0
"KIF18A",0,"!APITD1-CORT",1,0.80952,0.0,1.0
"KIF18A",0,"!ASF1B",1,0.80952,0.0,1.0
"KIF18A",0,"!AURKA",1,0.80952,0.0,1.0
"KIF18A",0,"BTG1",1,0.80952,0.0,1.0
"KIF18A",0,"!CCDC34",1,0.80952,0.0,1.0
"KIF18B",1,"APITD1-CORT",1,0.19048,0.0,1.0
"KIF18B",1,"ASF1B",1,0.19048,0.0,1.0
"KIF18B",1,"AURKA",1,0.19048,0.0,1.0
"KIF18B",1,"!BTG1",1,0.19048,0.0,1.0
"KIF18B",1,"CCDC34",1,0.19048,0.0,1.0
"KIF18B",0,"!APITD1-CORT",1,0.80952,0.0,1.0
"KIF18B",0,"!ASF1B",1,0.80952,0.0,1.0
"KIF18B",0,"!AURKA",1,0.80952,0.0,1.0
"KIF18B",0,"BTG1",1,0.80952,0.0,1.0
"KIF18B",0,"!CCDC34",1,0.80952,0.0,1.0
"KIF20A",1,"APITD1-CORT",1,0.19048,0.0,1.0
"KIF20A",1,"ASF1B",1,0.19048,0.0,1.0
"KIF20A",1,"AURKA",1,0.19048,0.0,1.0
"KIF20A",1,"!BTG1",1,0.19048,0.0,1.0
"KIF20A",1,"CCDC34",1,0.19048,0.0,1.0
"KIF20A",0,"!APITD1-CORT",1,0.80952,0.0,1.0
"KIF20A",0,"!ASF1B",1,0.80952,0.0,1.0
"KIF20A",0,"!AURKA",1,0.80952,0.0,1.0
"KIF20A",0,"BTG1",1,0.80952,0.0,1.0
"KIF20A",0,"!CCDC34",1,0.80952,0.0,1.0
"KIF23",1,"APITD1-CORT",1,0.19048,0.0,1.0
"KIF23",1,"ASF1B",1,0.19048,0.0,1.0
"KIF23",1,"AURKA",1,0.19048,0.0,1.0
"KIF23",1,"!BTG1",1,0.19048,0.0,1.0
"KIF23",1,"CCDC34",1,0.19048,0.0,1.0
"KIF23",0,"!APITD1-CORT",1,0.80952,0.0,1.0
"KIF23",0,"!ASF1B",1,0.80952,0.0,1.0
"KIF23",0,"!AURKA",1,0.80952,0.0,1.0
"KIF23",0,"BTG1",1,0.80952,0.0,1.0
"KIF23",0,"!CCDC34",1,0.80952,0.0,1.0
"KIF26A",1,"TENM4",1,0.19048,0.0,1.0
"KIF26A",1,"!ZFP36L2",1,0.11905,0.0,1.0
"KIF26A",1,"AKAP12&TRIB1",1,0.35714,0.0,1.0
"KIF26A",1,"MSH6&TRIB1",1,0.35714,0.0,1.0
"KIF26A",1,"!S100A11&TRIB1",1,0.35714,0.0,1.0
"KIF26A",0,"ITGB2-AS1",1,0.2381,0.0,1.0
"KIF26A",0,"!RAG1",1,0.2381,0.0,1.0
"KIF26A",0,"LOC100130872",1,0.19048,0.0,1.0
"KIF26A",0,"!METTL7A",1,0.19048,0.0,1.0
"KIF26A",0,"SEMA4D",1,0.16667,0.0,1.0
"KIF2C",1,"APITD1-CORT",1,0.19048,0.0,1.0
"KIF2C",1,"ASF1B",1,0.19048,0.0,1.0
"KIF2C",1,"AURKA",1,0.19048,0.0,1.0
"KIF2C",1,"!BTG1",1,0.19048,0.0,1.0
"KIF2C",1,"CCDC34",1,0.19048,0.0,1.0
"KIF2C",0,"!APITD1-CORT",1,0.80952,0.0,1.0
"KIF2C",0,"!ASF1B",1,0.80952,0.0,1.0
"KIF2C",0,"!AURKA",1,0.80952,0.0,1.0
"KIF2C",0,"BTG1",1,0.80952,0.0,1.0
"KIF2C",0,"!CCDC34",1,0.80952,0.0,1.0
"KIF4A",1,"CENPH",1,0.21429,0.0,1.0
"KIF4A",1,"APITD1-CORT",1,0.19048,0.0,1.0
"KIF4A",1,"ASF1B",1,0.19048,0.0,1.0
"KIF4A",1,"AURKA",1,0.19048,0.0,1.0
"KIF4A",1,"!BTG1",1,0.19048,0.0,1.0
"KIF4A",0,"!CENPH",1,0.78571,0.0,1.0
"KIF4A",0,"!CDK1",1,0.7619,0.0,1.0
"KIF4A",0,"!HMMR",1,0.7619,0.0,1.0
"KIF4A",0,"!KIF14",1,0.7619,0.0,1.0
"KIF4A",0,"!KIF20A",1,0.7619,0.0,1.0
"KLF9",1,"KLF9",1,0.5,0.0,1.0
"KLF9",1,"LGALS3",1,0.19048,0.0,1.0
"KLF9",1,"RAB31",1,0.16667,0.0,1.0
"KLF9",1,"!GGH&RBMS3",1,0.2619,0.0,1.0
"KLF9",1,"!HELLS&RBMS3",1,0.2619,0.0,1.0
"KLF9",0,"!METTL7A",1,0.19048,0.0,1.0
"KLF9",0,"BCL10",1,0.11905,0.0,1.0
"KLF9",0,"UBE2C",1,0.11905,0.0,1.0
"KLF9",0,"!KLF9&!RBMS3",1,0.40476,0.0,1.0
"KLF9",0,"!KLF9&!MS4A4A",1,0.38095,0.0,1.0
"KNL1",1,"CCNB2",1,0.2619,0.0,1.0
"KNL1",1,"CDC45",1,0.2619,0.0,1.0
"KNL1",1,"CENPA",1,0.2619,0.0,1.0
"KNL1",1,"CENPF",1,0.2619,0.0,1.0
"KNL1",1,"DLGAP5",1,0.2619,0.0,1.0
"KNL1",0,"!KNL1",1,0.61905,0.0,1.0
"KNL1",0,"!ZNF367",1,0.57143,0.0,1.0
"KNL1",0,"!E2F8",1,0.54762,0.0,1.0
"KNL1",0,"!GINS2",1,0.54762,0.0,1.0
"KNL1",0,"!DTL",1,0.52381,0.0,1.0
"LEF1",1,"!CD53",1,0.33333,0.0,1.0
"LEF1",1,"CDC20",1,0.33333,0.0,1.0
"LEF1",1,"CENPK",1,0.33333,0.0,1.0
"LEF1",1,"ZWINT",1,0.33333,0.0,1.0
"LEF1",1,"ANLN",1,0.30952,0.0,1.0
"LEF1",0,"!ANLN&!CDK6",1,0.2381,0.0,1.0
"LEF1",0,"!ANLN&!LEF1",1,0.2381,0.0,1.0
"LEF1",0,"!APITD1-CORT&!CDK6",1,0.2381,0.0,1.0
"LEF1",0,"!APITD1-CORT&!LEF1",1,0.2381,0.0,1.0
"LEF1",0,"!ASF1B&!CDK6",1,0.2381,0.0,1.0
"LGALS3",1,"LGALS3",1,0.19048,0.0,1.0
"LGALS3",1,"CDC42EP3&PPP1R16B",1,0.19048,0.0,1.0
"LGALS3",1,"CDC42EP3&!PRPS2",1,0.19048,0.0,1.0
"LGALS3",1,"!CRNDE&HBG1",1,0.19048,0.0,1.0
"LGALS3",1,"HBB&!PRPS2",1,0.19048,0.0,1.0
"LGALS3",0,"!LGALS3",1,0.80952,0.0,1.0
"LGALS3",0,"!PPP1R16B",1,0.64286,0.0,1.0
"LGALS3",0,"PRPS2",1,0.64286,0.0,1.0
"LGALS3",0,"!CDC42EP3",1,0.61905,0.0,1.0
"LGALS3",0,"!HBG1",1,0.61905,0.0,1.0
"LILRA1",1,"LILRA1",1,0.11905,0.0,1.0
"LILRA1",1,"FCER1G&KLF9",1,0.16667,0.0,1.0
"LILRA1",1,"!ARPP21&FCER1G",1,0.14286,0.0,1.0
"LILRA1",1,"FCER1G&ZBTB16",1,0.14286,0.0,1.0
"LILRA1",1,"FCGR3B&KLF9",1,0.14286,0.0,1.0
"LILRA1",0,"!KLF9",1,0.5,0.0,1.0
"LILRA1",0,"ASPM",1,0.40476,0.0,1.0
"LILRA1",0,"!LILRB2",1,0.40476,0.0,1.0
"LILRA1",0,"!RNASET2",1,0.40476,0.0,1.0
"LILRA1",0,"KIF11",1,0.38095,0.0,1.0
"LILRB2",1,"ITGAM",1,0.40476,0.0,1.0
"LILRB2",1,"TBXA2R",1,0.40476,0.0,1.0
"LILRB2",1,"MIR4683",1,0.38095,0.0,1.0
"LILRB2",1,"CCR1",1,0.30952,0.0,1.0
"LILRB2",1,"RPS6KA2",1,0.2619,0.0,1.0
"LILRB2",0,"ECT2",1,0.28571,0.0,1.0
"LILRB2",0,"FOXM1",1,0.2381,0.0,1.0
"LILRB2",0,"STIL",1,0.2381,0.0,1.0
"LILRB2",0,"ATAD2",1,0.21429,0.0,1.0
"LILRB2",0,"BIRC5",1,0.21429,0.0,1.0
"LOC100130872",1,"LOC100130872",1,0.19048,0.0,1.0
"LOC100130872",1,"!BCAT1&!MSH6",1,0.21429,0.0,1.0
"LOC100130872",1,"!C5orf24&FGR",1,0.21429,0.0,1.0
"LOC100130872",1,"!C5orf24&!HRK",1,0.21429,0.0,1.0
"LOC100130872",1,"!C5orf24&PPP1R16B",1,0.21429,0.0,1.0
"LOC100130872",0,"!HBG1",1,0.61905,0.0,1.0
"LOC100130872",0,"!HBB",1,0.54762,0.0,1.0
"LOC100130872",0,"!SLA",1,0.42857,0.0,1.0
"LOC100130872",0,"HRK",1,0.38095,0.0,1.0
"LOC100130872",0,"!S100A8",1,0.35714,0.0,1.0
"LOC100505650",1,"LOC100505650",1,0.16667,0.0,1.0
"LOC100505650",1,"!C5orf24&!FGD2",1,0.11905,0.0,1.0
"LOC100505650",1,"DEFA1&!ID2",1,0.11905,0.0,1.0
"LOC100505650",1,"HBG1&!ID2",1,0.11905,0.0,1.0
"LOC100505650",1,"!ID2&PPP1R16B",1,0.11905,0.0,1.0
"LOC100505650",0,"DENND3",1,0.52381,0.0,1.0
"LOC100505650",0,"TARSL2",1,0.45238,0.0,1.0
"LOC100505650",0,"P2RY14",1,0.42857,0.0,1.0
"LOC100505650",0,"SCML4",1,0.42857,0.0,1.0
"LOC100505650",0,"MS4A4A",1,0.40476,0.0,1.0
"LOC100996643",1,"!TXNIP",1,0.2381,0.0,1.0
"LOC100996643",1,"CENPH",1,0.21429,0.0,1.0
"LOC100996643",1,"CKAP2",1,0.21429,0.0,1.0
"LOC100996643",1,"APITD1-CORT",1,0.19048,0.0,1.0
"LOC100996643",1,"ASF1B",1,0.19048,0.0,1.0
"LOC100996643",0,"!LOC100996643",1,0.52381,0.0,1.0
"LOC100996643",0,"!BYSL",1,0.42857,0.0,1.0
"LOC100996643",0,"FGD2",1,0.33333,0.0,1.0
"LOC100996643",0,"!FABP5",1,0.28571,0.0,1.0
"LOC100996643",0,"SNX29P2",1,0.28571,0.0,1.0
"LOC285097",1,"AKAP12&LOC285097",1,0.33333,0.0,1.0
"LOC285097",1,"ISG20&LOC285097",1,0.33333,0.0,1.0
"LOC285097",1,"B3GNT2&LOC285097",1,0.30952,0.0,1.0
"LOC285097",1,"DPEP1&LOC285097",1,0.30952,0.0,1.0
"LOC285097",1,"IFNGR1&LOC285097",1,0.30952,0.0,1.0
"LOC285097",0,"SEMA4D",1,0.16667,0.0,1.0
"LOC285097",0,"!AKAP12&!TNFRSF21",1,0.21429,0.0,1.0
"LOC285097",0,"!POU4F1&!TNFRSF21",1,0.21429,0.0,1.0
"LOC285097",0,"AKAP12&!LOC285097",1,0.19048,0.0,1.0
"LOC285097",0,"KIF26A&!LOC285097",1,0.11905,0.0,1.0
"LOC728175",1,"BCAT1&LOC728175",1,0.16667,0.0,1.0
"LOC728175",1,"BCAT1&MYRIP",1,0.16667,0.0,1.0
"LOC728175",1,"!CELF2&LOC728175",1,0.14286,0.0,1.0
"LOC728175",1,"!MIR6845&MYRIP",1,0.14286,0.0,1.0
"LOC728175",1,"ELL2&LOC728175",1,0.11905,0.0,1.0
"LOC728175",0,"!LOC728175",1,0.80952,0.0,1.0
"LOC728175",0,"!MYRIP",1,0.66667,0.0,1.0
"LOC728175",0,"!BCAT1",1,0.54762,0.0,1.0
"LOC728175",0,"BIRC3",1,0.52381,0.0,1.0
"LOC728175",0,"IL27RA",1,0.52381,0.0,1.0
"LY96",1,"LY96",1,0.59524,0.0,1.0
"LY96",1,"SERPINA1",1,0.40476,0.0,1.0
"LY96",1,"MS4A7",1,0.38095,0.0,1.0
"LY96",1,"!IL27RA&!POU4F1",1,0.21429,0.0,1.0
"LYZ",1,"F13A1",1,0.2381,0.0,1.0
"LYZ",1,"LGALS3",1,0.19048,0.0,1.0
"LYZ",1,"!CCNB1&IGH",1,0.38095,0.0,1.0
"LYZ",1,"!CENPV&MIR8071-1",1,0.38095,0.0,1.0
"LYZ",1,"!BUB1B&IGH",1,0.35714,0.0,1.0
"LYZ",0,"TMEM97",1,0.2381,0.0,1.0
"LYZ",0,"WDHD1",1,0.2381,0.0,1.0
"LYZ",0,"CENPH",1,0.21429,0.0,1.0
"LYZ",0,"APITD1-CORT",1,0.19048,0.0,1.0
"LYZ",0,"ASF1B",1,0.19048,0.0,1.0
"MAD2L1",1,"APITD1-CORT",1,0.19048,0.0,1.0
"MAD2L1",1,"ASF1B",1,0.19048,0.0,1.0
"MAD2L1",1,"AURKA",1,0.19048,0.0,1.0
"MAD2L1",1,"!BTG1",1,0.19048,0.0,1.0
"MAD2L1",1,"CCDC34",1,0.19048,0.0,1.0
"MAD2L1",0,"!APITD1-CORT",1,0.80952,0.0,1.0
"MAD2L1",0,"!ASF1B",1,0.80952,0.0,1.0
"MAD2L1",0,"!AURKA",1,0.80952,0.0,1.0
"MAD2L1",0,"BTG1",1,0.80952,0.0,1.0
"MAD2L1",0,"!CCDC34",1,0.80952,0.0,1.0
"MCM10",1,"CDK1&!P2RX5",1,0.19048,0.0,1.0
"MCM10",1,"HMMR&!P2RX5",1,0.19048,0.0,1.0
"MCM10",1,"KIF14&!P2RX5",1,0.19048,0.0,1.0
"MCM10",1,"KIF20A&!P2RX5",1,0.19048,0.0,1.0
"MCM10",1,"!P2RX5&POLQ",1,0.19048,0.0,1.0
"MCM10",0,"!CENPH",1,0.78571,0.0,1.0
"MCM10",0,"!CDK1",1,0.7619,0.0,1.0
"MCM10",0,"!HMMR",1,0.7619,0.0,1.0
"MCM10",0,"!KIF14",1,0.7619,0.0,1.0
"MCM10",0,"!KIF20A",1,0.7619,0.0,1.0
"MCM4",1,"APITD1-CORT",1,0.19048,0.0,1.0
"MCM4",1,"ASF1B",1,0.19048,0.0,1.0
"MCM4",1,"AURKA",1,0.19048,0.0,1.0
"MCM4",1,"!BTG1",1,0.19048,0.0,1.0
"MCM4",1,"CCDC34",1,0.19048,0.0,1.0
"MCM4",0,"!APITD1-CORT",1,0.80952,0.0,1.0
"MCM4",0,"!ASF1B",1,0.80952,0.0,1.0
"MCM4",0,"!AURKA",1,0.80952,0.0,1.0
"MCM4",0,"BTG1",1,0.80952,0.0,1.0
"MCM4",0,"!CCDC34",1,0.80952,0.0,1.0
"MCM5",1,"!ANP32E&BUB1B",1,0.07143,0.0,1.0
"MCM5",1,"!ANP32E&C4orf46",1,0.07143,0.0,1.0
"MCM5",1,"!ANP32E&CCNB1",1,0.07143,0.0,1.0
"MCM5",1,"!ANP32E&CENPN",1,0.07143,0.0,1.0
"MCM5",1,"!ANP32E&KIF15",1,0.07143,0.0,1.0
"MCM5",0,"!CCNB1",1,0.7381,0.0,1.0
"MCM5",0,"!BUB1B",1,0.71429,0.0,1.0
"MCM5",0,"!CENPN",1,0.71429,0.0,1.0
"MCM5",0,"!KIF15",1,0.71429,0.0,1.0
"MCM5",0,"!MCM10",1,0.71429,0.0,1.0
"MCM7",1,"KIF11&MDK",1,0.19048,0.0,1.0
"MCM7",1,"MDK&PLK4",1,0.19048,0.0,1.0
"MCM7",1,"MDK&RFC3",1,0.19048,0.0,1.0
"MCM7",1,"MDK&SMC2",1,0.19048,0.0,1.0
"MCM7",1,"MDK&TTK",1,0.19048,0.0,1.0
"MCM7",0,"!BRCA1",1,0.54762,0.0,1.0
"MCM7",0,"!MCM7",1,0.52381,0.0,1.0
"MCM7",0,"!BYSL",1,0.42857,0.0,1.0
"MCM7",0,"!PAICS",1,0.42857,0.0,1.0
"MCM7",0,"TBXA2R",1,0.40476,0.0,1.0
"MDK",1,"!CCNL1&MDK",1,0.2619,0.0,1.0
"MDK",1,"!CDC42EP3&MDK",1,0.2619,0.0,1.0
"MDK",1,"!DEFA1&MDK",1,0.2619,0.0,1.0
"MDK",1,"!HBB&MDK",1,0.2619,0.0,1.0
"MDK",1,"!HBG1&MDK",1,0.2619,0.0,1.0
"MDK",0,"!MDK",1,0.71429,0.0,1.0
"MDK",0,"CLEC2B",1,0.45238,0.0,1.0
"MDK",0,"HBB",1,0.45238,0.0,1.0
"MDK",0,"!RMI2",1,0.42857,0.0,1.0
"MDK",0,"CDC42EP3",1,0.38095,0.0,1.0
"MDM2",1,"!AKAP12&MDM2",1,0.04762,0.0,1.0
"MDM2",0,"!TMEM2",1,0.30952,0.0,1.0
"MDM2",0,"!ID3",1,0.28571,0.0,1.0
"MDM2",0,"!C5orf24",1,0.2619,0.0,1.0
"MDM2",0,"ITGB2-AS1",1,0.2381,0.0,1.0
"MDM2",0,"!RAG1",1,0.2381,0.0,1.0
"MELK",1,"APITD1-CORT",1,0.19048,0.0,1.0
"MELK",1,"ASF1B",1,0.19048,0.0,1.0
"MELK",1,"AURKA",1,0.19048,0.0,1.0
"MELK",1,"!BTG1",1,0.19048,0.0,1.0
"MELK",1,"CCDC34",1,0.19048,0.0,1.0
"MELK",0,"!APITD1-CORT",1,0.80952,0.0,1.0
"MELK",0,"!ASF1B",1,0.80952,0.0,1.0
"MELK",0,"!AURKA",1,0.80952,0.0,1.0
"MELK",0,"BTG1",1,0.80952,0.0,1.0
"MELK",0,"!CCDC34",1,0.80952,0.0,1.0
"METTL7A",1,"METTL7A",1,0.80952,0.0,1.0
"METTL7A",1,"!ECT2",1,0.71429,0.0,1.0
"METTL7A",1,"TMEM2",1,0.69048,0.0,1.0
"METTL7A",1,"!CENPK",1,0.66667,0.0,1.0
"METTL7A",1,"ISG20",1,0.64286,0.0,1.0
"METTL7A",0,"!BMF&!TRIB1",1,0.14286,0.0,1.0
"METTL7A",0,"ECT2&!TRIB1",1,0.14286,0.0,1.0
"METTL7A",0,"!FKBP5&!METTL7A",1,0.14286,0.0,1.0
"METTL7A",0,"!METTL7A&!TRIB1",1,0.14286,0.0,1.0
"METTL7A",0,"!AKAP12&LOC100505650",1,0.09524,0.0,1.0
"MIR4683",1,"MIR4683",1,0.38095,0.0,1.0
"MIR4683",1,"RPS6KA2",1,0.2619,0.0,1.0
"MIR4683",1,"EPPK1",1,0.09524,0.0,1.0
"MIR4683",1,"BMF&RNASET2",1,0.42857,0.0,1.0
"MIR4683",1,"C5orf24&RNASET2",1,0.40476,0.0,1.0
"MIR4683",0,"ECT2",1,0.28571,0.0,1.0
"MIR4683",0,"PPIF",1,0.2619,0.0,1.0
"MIR4683",0,"FOXM1",1,0.2381,0.0,1.0
"MIR4683",0,"ITGB2-AS1",1,0.2381,0.0,1.0
"MIR4683",0,"!RAG1",1,0.2381,0.0,1.0
"MIR6845",1,"MIR6845",1,0.54762,0.0,1.0
"MIR6845",1,"!BYSL",1,0.42857,0.0,1.0
"MIR6845",1,"!PAICS",1,0.42857,0.0,1.0
"MIR6845",1,"!CRNDE",1,0.40476,0.0,1.0
"MIR6845",1,"MIR4683",1,0.38095,0.0,1.0
"MIR6845",0,"ATAD2",1,0.21429,0.0,1.0
"MIR6845",0,"BIRC5",1,0.21429,0.0,1.0
"MIR6845",0,"BUB1",1,0.21429,0.0,1.0
"MIR6845",0,"CCNA2",1,0.21429,0.0,1.0
"MIR6845",0,"CDCA5",1,0.21429,0.0,1.0
"MIR8071-1",1,"MIR8071-1",1,0.52381,0.0,1.0
"MIR8071-1",1,"F13A1",1,0.2381,0.0,1.0
"MIR8071-1",1,"LGALS3",1,0.19048,0.0,1.0
"MIR8071-1",1,"MNDA",1,0.19048,0.0,1.0
"MIR8071-1",1,"!CCNB1&IGLC1",1,0.38095,0.0,1.0
"MIR8071-1",0,"!ZFP36L2",1,0.11905,0.0,1.0
"MIR8071-1",0,"!CLN8&!MS4A1",1,0.21429,0.0,1.0
"MIR8071-1",0,"!CLN8&!TXNIP",1,0.19048,0.0,1.0
"MIR8071-1",0,"!CLN8&TMEM97",1,0.16667,0.0,1.0
"MIR8071-1",0,"!CLN8&WDHD1",1,0.16667,0.0,1.0
"MKI67",1,"APITD1-CORT",1,0.19048,0.0,1.0
"MKI67",1,"ASF1B",1,0.19048,0.0,1.0
"MKI67",1,"AURKA",1,0.19048,0.0,1.0
"MKI67",1,"!BTG1",1,0.19048,0.0,1.0
"MKI67",1,"CCDC34",1,0.19048,0.0,1.0
"MKI67",0,"!RRM2",1,0.66667,0.0,1.0
"MKI67",0,"!CENPW",1,0.64286,0.0,1.0
"MKI67",0,"!TCF19",1,0.64286,0.0,1.0
"MKI67",0,"!WDR76",1,0.61905,0.0,1.0
"MKI67",0,"!DFNA5",1,0.59524,0.0,1.0
"MND1",1,"PTTG1",1,0.2619,0.0,1.0
"MND1",1,"CDK1",1,0.2381,0.0,1.0
"MND1",1,"HMMR",1,0.2381,0.0,1.0
"MND1",1,"KIF14",1,0.2381,0.0,1.0
"MND1",1,"KIF20A",1,0.2381,0.0,1.0
"MND1",0,"!MND1",1,0.59524,0.0,1.0
"MND1",0,"!RAD51AP1",1,0.45238,0.0,1.0
"MND1",0,"!PAICS",1,0.42857,0.0,1.0
"MND1",0,"!CRNDE",1,0.40476,0.0,1.0
"MND1",0,"!SELENOI",1,0.40476,0.0,1.0
"MNDA",1,"!C5orf24&!ECT2",1,0.16667,0.0,1.0
"MNDA",1,"F13A1&!MYRIP",1,0.16667,0.0,1.0
"MNDA",1,"IGLC1&!LEF1",1,0.16667,0.0,1.0
"MNDA",1,"IGLC1&MNDA",1,0.16667,0.0,1.0
"MNDA",1,"ITPKB&MNDA",1,0.16667,0.0,1.0
"MNDA",0,"LOC100996643",1,0.47619,0.0,1.0
"MNDA",0,"!MIR8071-1",1,0.47619,0.0,1.0
"MNDA",0,"!CD53",1,0.33333,0.0,1.0
"MNDA",0,"ZWINT",1,0.33333,0.0,1.0
"MNDA",0,"ANLN",1,0.30952,0.0,1.0
"MPV17L",1,"DDIT4&PPP1R16B",1,0.11905,0.0,1.0
"MPV17L",1,"BRCA1&HBG1",1,0.07143,0.0,1.0
"MPV17L",1,"BYSL&!IGLL1",1,0.07143,0.0,1.0
"MPV17L",1,"BCAT1&!BYSL",1,0.04762,0.0,1.0
"MPV17L",1,"BCAT1&SNX29P2",1,0.04762,0.0,1.0
"MPV17L",0,"KIF4A",1,0.33333,0.0,1.0
"MPV17L",0,"RFC3",1,0.33333,0.0,1.0
"MPV17L",0,"SHCBP1",1,0.30952,0.0,1.0
"MPV17L",0,"FH",1,0.28571,0.0,1.0
"MPV17L",0,"CCNB1",1,0.2619,0.0,1.0
"MS4A1",1,"MIR8071-1",1,0.52381,0.0,1.0
"MS4A1",1,"MTSS1",1,0.52381,0.0,1.0
"MS4A1",1,"SERPINB9",1,0.52381,0.0,1.0
"MS4A1",1,"IGLC1",1,0.42857,0.0,1.0
"MS4A1",1,"ITGAM",1,0.40476,0.0,1.0
"MS4A1",0,"APITD1-CORT",1,0.19048,0.0,1.0
"MS4A1",0,"ASF1B",1,0.19048,0.0,1.0
"MS4A1",0,"AURKA",1,0.19048,0.0,1.0
"MS4A1",0,"!BTG1",1,0.19048,0.0,1.0
"MS4A1",0,"CCDC34",1,0.19048,0.0,1.0
"MS4A4A",1,"MIR8071-1&STAB1",1,0.19048,0.0,1.0
"MS4A4A",1,"P2RY14&ZBTB16",1,0.19048,0.0,1.0
"MS4A4A",1,"!F13A1&FGD2",1,0.14286,0.0,1.0
"MS4A4A",1,"!MS4A4A&TARSL2",1,0.14286,0.0,1.0
"MS4A4A",1,"!ID2&MTSS1",1,0.11905,0.0,1.0
"MS4A4A",0,"!SMAP2",1,0.30952,0.0,1.0
"MS4A4A",0,"ECT2",1,0.28571,0.0,1.0
"MS4A4A",0,"FOXM1",1,0.2381,0.0,1.0
"MS4A4A",0,"STIL",1,0.2381,0.0,1.0
"MS4A4A",0,"ATAD2",1,0.21429,0.0,1.0
"MS4A7",1,"LILRA1",1,0.11905,0.0,1.0
"MS4A7",1,"!E2F7&MS4A7",1,0.30952,0.0,1.0
"MS4A7",1,"IL6ST&MS4A7",1,0.30952,0.0,1.0
"MS4A7",1,"!ANP32E&FGD2",1,0.28571,0.0,1.0
"MS4A7",1,"!CENPV&FGD2",1,0.28571,0.0,1.0
"MS4A7",0,"APITD1-CORT",1,0.19048,0.0,1.0
"MS4A7",0,"ASF1B",1,0.19048,0.0,1.0
"MS4A7",0,"AURKA",1,0.19048,0.0,1.0
"MS4A7",0,"!BTG1",1,0.19048,0.0,1.0
"MS4A7",0,"CCDC34",1,0.19048,0.0,1.0
"MSH6",1,"HRK",1,0.38095,0.0,1.0
"MSH6",1,"TENM4",1,0.19048,0.0,1.0
"MSH6",1,"AKAP12&RMI2",1,0.35714,0.0,1.0
"MSH6",1,"ABHD17B&!SNX10",1,0.28571,0.0,1.0
"MSH6",1,"!BCL10&!SNX10",1,0.28571,0.0,1.0
"MSH6",0,"!MSH6",1,0.45238,0.0,1.0
"MSH6",0,"!ID3",1,0.28571,0.0,1.0
"MSH6",0,"ITGB2-AS1",1,0.2381,0.0,1.0
"MSH6",0,"!ABHD17B",1,0.19048,0.0,1.0
"MSH6",0,"LOC100130872",1,0.19048,0.0,1.0
"MTHFD2",1,"!TXNIP",1,0.2381,0.0,1.0
"MTHFD2",1,"ATAD2",1,0.21429,0.0,1.0
"MTHFD2",1,"BIRC5",1,0.21429,0.0,1.0
"MTHFD2",1,"BUB1",1,0.21429,0.0,1.0
"MTHFD2",1,"CCNA2",1,0.21429,0.0,1.0
"MTHFD2",0,"!CCDC86",1,0.54762,0.0,1.0
"MTHFD2",0,"!PAICS",1,0.42857,0.0,1.0
"MTHFD2",0,"ITGAM",1,0.40476,0.0,1.0
"MTHFD2",0,"!SELENOI",1,0.40476,0.0,1.0
"MTHFD2",0,"CDC42EP3",1,0.38095,0.0,1.0
"MTSS1",1,"MTSS1",1,0.52381,0.0,1.0
"MTSS1",1,"SERPINB9",1,0.52381,0.0,1.0
"MTSS1",1,"ITGAM",1,0.40476,0.0,1.0
"MTSS1",1,"HRK",1,0.38095,0.0,1.0
"MTSS1",1,"CCR1",1,0.30952,0.0,1.0
"MTSS1",0,"!SMAP2",1,0.30952,0.0,1.0
"MTSS1",0,"ECT2",1,0.28571,0.0,1.0
"MTSS1",0,"!MS4A1",1,0.2619,0.0,1.0
"MTSS1",0,"FOXM1",1,0.2381,0.0,1.0
"MTSS1",0,"STIL",1,0.2381,0.0,1.0
"MYRIP",1,"LOC728175",1,0.19048,0.0,1.0
"MYRIP",1,"KLF9&LOC100996643",1,0.19048,0.0,1.0
"MYRIP",1,"!BIRC3&MDM2",1,0.16667,0.0,1.0
"MYRIP",1,"KCNK12&!SNX10",1,0.16667,0.0,1.0
"MYRIP",1,"LOC100996643&MDM2",1,0.16667,0.0,1.0
"MYRIP",0,"FGR",1,0.35714,0.0,1.0
"MYRIP",0,"!PTP4A1",1,0.30952,0.0,1.0
"MYRIP",0,"!ID3",1,0.28571,0.0,1.0
"MYRIP",0,"ITGB2-AS1",1,0.2381,0.0,1.0
"MYRIP",0,"!RAG1",1,0.2381,0.0,1.0
"NCAPG",1,"APITD1-CORT",1,0.19048,0.0,1.0
"NCAPG",1,"ASF1B",1,0.19048,0.0,1.0
"NCAPG",1,"AURKA",1,0.19048,0.0,1.0
"NCAPG",1,"!BTG1",1,0.19048,0.0,1.0
"NCAPG",1,"CCDC34",1,0.19048,0.0,1.0
"NCAPG",0,"!APITD1-CORT",1,0.80952,0.0,1.0
"NCAPG",0,"!ASF1B",1,0.80952,0.0,1.0
"NCAPG",0,"!AURKA",1,0.80952,0.0,1.0
"NCAPG",0,"BTG1",1,0.80952,0.0,1.0
"NCAPG",0,"!CCDC34",1,0.80952,0.0,1.0
"NCAPH",1,"APITD1-CORT",1,0.19048,0.0,1.0
"NCAPH",1,"ASF1B",1,0.19048,0.0,1.0
"NCAPH",1,"AURKA",1,0.19048,0.0,1.0
"NCAPH",1,"!BTG1",1,0.19048,0.0,1.0
"NCAPH",1,"CCDC34",1,0.19048,0.0,1.0
"NCAPH",0,"!APITD1-CORT",1,0.80952,0.0,1.0
"NCAPH",0,"!ASF1B",1,0.80952,0.0,1.0
"NCAPH",0,"!AURKA",1,0.80952,0.0,1.0
"NCAPH",0,"BTG1",1,0.80952,0.0,1.0
"NCAPH",0,"!CCDC34",1,0.80952,0.0,1.0
"NEAT1",1,"!ANP32E",1,0.71429,0.0,1.0
"NEAT1",1,"!FH",1,0.71429,0.0,1.0
"NEAT1",1,"NEAT1",1,0.66667,0.0,1.0
"NEAT1",1,"!RFC3",1,0.66667,0.0,1.0
"NEAT1",1,"!MTHFD2",1,0.64286,0.0,1.0
"NEAT1",0,"APITD1-CORT",1,0.19048,0.0,1.0
"NEAT1",0,"ASF1B",1,0.19048,0.0,1.0
"NEAT1",0,"AURKA",1,0.19048,0.0,1.0
"NEAT1",0,"!BTG1",1,0.19048,0.0,1.0
"NEAT1",0,"CCDC34",1,0.19048,0.0,1.0
"NEDD9",1,"RAB31",1,0.16667,0.0,1.0
"NEDD9",1,"!PAICS&RNASET2",1,0.38095,0.0,1.0
"NEDD9",1,"MIR6845&!RAD51AP1",1,0.35714,0.0,1.0
"NEDD9",1,"!RAD51AP1&RNASET2",1,0.35714,0.0,1.0
"NEDD9",1,"!ANLN&ITGAM",1,0.33333,0.0,1.0
"NEDD9",0,"!NEDD9&!WFS1",1,0.33333,0.0,1.0
"NEDD9",0,"FABP5&!WFS1",1,0.30952,0.0,1.0
"NEDD9",0,"PAICS&!WFS1",1,0.28571,0.0,1.0
"NEDD9",0,"TNFRSF21&!WFS1",1,0.28571,0.0,1.0
"NEDD9",0,"BYSL&!WFS1",1,0.2619,0.0,1.0
"NEK2",1,"APITD1-CORT",1,0.19048,0.0,1.0
"NEK2",1,"ASF1B",1,0.19048,0.0,1.0
"NEK2",1,"AURKA",1,0.19048,0.0,1.0
"NEK2",1,"!BTG1",1,0.19048,0.0,1.0
"NEK2",1,"CCDC34",1,0.19048,0.0,1.0
"NEK2",0,"!APITD1-CORT",1,0.80952,0.0,1.0
"NEK2",0,"!ASF1B",1,0.80952,0.0,1.0
"NEK2",0,"!AURKA",1,0.80952,0.0,1.0
"NEK2",0,"BTG1",1,0.80952,0.0,1.0
"NEK2",0,"!CCDC34",1,0.80952,0.0,1.0
"NME1",1,"CENPH",1,0.21429,0.0,1.0
"NME1",1,"CKAP2",1,0.21429,0.0,1.0
"NME1",1,"APITD1-CORT",1,0.19048,0.0,1.0
"NME1",1,"ASF1B",1,0.19048,0.0,1.0
"NME1",1,"AURKA",1,0.19048,0.0,1.0
"NME1",0,"LYZ",1,0.59524,0.0,1.0
"NME1",0,"!LOC100996643",1,0.52381,0.0,1.0
"NME1",0,"MIR8071-1",1,0.52381,0.0,1.0
"NME1",0,"!RAD51AP1",1,0.45238,0.0,1.0
"NME1",0,"!BYSL",1,0.42857,0.0,1.0
"NPCDR1",1,"ABHD17B&CDC42EP3",1,0.28571,0.0,1.0
"NPCDR1",1,"!BCL2L11&CDC42EP3",1,0.28571,0.0,1.0
"NPCDR1",1,"!BCL2L11&!LOC100996643",1,0.28571,0.0,1.0
"NPCDR1",1,"!BCL2L11&!PAICS",1,0.28571,0.0,1.0
"NPCDR1",1,"BMF&CDC42EP3",1,0.28571,0.0,1.0
"NPCDR1",0,"CDT1",1,0.33333,0.0,1.0
"NPCDR1",0,"BRIP1",1,0.30952,0.0,1.0
"NPCDR1",0,"CHEK1",1,0.30952,0.0,1.0
"NPCDR1",0,"FANCI",1,0.30952,0.0,1.0
"NPCDR1",0,"TTK",1,0.30952,0.0,1.0
"NUF2",1,"CENPH",1,0.21429,0.0,1.0
"NUF2",1,"APITD1-CORT",1,0.19048,0.0,1.0
"NUF2",1,"ASF1B",1,0.19048,0.0,1.0
"NUF2",1,"AURKA",1,0.19048,0.0,1.0
"NUF2",1,"!BTG1",1,0.19048,0.0,1.0
"NUF2",0,"!CENPF",1,0.7381,0.0,1.0
"NUF2",0,"!NEK2",1,0.7381,0.0,1.0
"NUF2",0,"!FH",1,0.71429,0.0,1.0
"NUF2",0,"!C4orf46",1,0.69048,0.0,1.0
"NUF2",0,"!HELLS",1,0.69048,0.0,1.0
"NUSAP1",1,"APITD1-CORT",1,0.19048,0.0,1.0
"NUSAP1",1,"ASF1B",1,0.19048,0.0,1.0
"NUSAP1",1,"AURKA",1,0.19048,0.0,1.0
"NUSAP1",1,"!BTG1",1,0.19048,0.0,1.0
"NUSAP1",1,"CCDC34",1,0.19048,0.0,1.0
"NUSAP1",0,"!CENPF",1,0.7381,0.0,1.0
"NUSAP1",0,"!DEPDC1B",1,0.7381,0.0,1.0
"NUSAP1",0,"!NEK2",1,0.7381,0.0,1.0
"NUSAP1",0,"!ANP32E",1,0.71429,0.0,1.0
"NUSAP1",0,"!FH",1,0.71429,0.0,1.0
"OIP5",1,"APITD1-CORT",1,0.19048,0.0,1.0
"OIP5",1,"ASF1B",1,0.19048,0.0,1.0
"OIP5",1,"AURKA",1,0.19048,0.0,1.0
"OIP5",1,"!BTG1",1,0.19048,0.0,1.0
"OIP5",1,"CCDC34",1,0.19048,0.0,1.0
"OIP5",0,"!APITD1-CORT",1,0.80952,0.0,1.0
"OIP5",0,"!ASF1B",1,0.80952,0.0,1.0
"OIP5",0,"!AURKA",1,0.80952,0.0,1.0
"OIP5",0,"BTG1",1,0.80952,0.0,1.0
"OIP5",0,"!CCDC34",1,0.80952,0.0,1.0
"P2RX5",1,"!FGL2&P2RX5",1,0.33333,0.0,1.0
"P2RX5",1,"!FGL2&!RMI2",1,0.30952,0.0,1.0
"P2RX5",1,"!CRNDE&!FGL2",1,0.28571,0.0,1.0
"P2RX5",1,"CRNDE&P2RX5",1,0.11905,0.0,1.0
"P2RX5",1,"DFNA5&P2RX5",1,0.07143,0.0,1.0
"P2RX5",0,"!DFNA5&IQGAP3",1,0.07143,0.0,1.0
"P2RY14",1,"IL1B&!LOC100505650",1,0.47619,0.0,1.0
"P2RY14",1,"C5orf24&DENND3",1,0.45238,0.0,1.0
"P2RY14",1,"!BCL2L11&DENND3",1,0.42857,0.0,1.0
"P2RY14",1,"DPEP1&IL1B",1,0.42857,0.0,1.0
"P2RY14",1,"BMF&DENND3",1,0.40476,0.0,1.0
"P2RY14",0,"!METTL7A",1,0.19048,0.0,1.0
"P2RY14",0,"UBE2C",1,0.11905,0.0,1.0
"P2RY14",0,"!BTNL9&!DENND3",1,0.38095,0.0,1.0
"P2RY14",0,"CENPV&!KIF26A",1,0.35714,0.0,1.0
"P2RY14",0,"!GSN&!IRAK3",1,0.35714,0.0,1.0
"PAICS",1,"!CD53",1,0.33333,0.0,1.0
"PAICS",1,"GGH",1,0.28571,0.0,1.0
"PAICS",1,"FOXM1",1,0.2381,0.0,1.0
"PAICS",1,"KIF2C",1,0.2381,0.0,1.0
"PAICS",1,"STIL",1,0.2381,0.0,1.0
"PAICS",0,"!BYSL",1,0.42857,0.0,1.0
"PAICS",0,"!PAICS",1,0.42857,0.0,1.0
"PAICS",0,"!FABP5",1,0.28571,0.0,1.0
"PAICS",0,"F13A1",1,0.2381,0.0,1.0
"PAICS",0,"LGALS3",1,0.19048,0.0,1.0
"PBK",1,"APITD1-CORT",1,0.19048,0.0,1.0
"PBK",1,"ASF1B",1,0.19048,0.0,1.0
"PBK",1,"AURKA",1,0.19048,0.0,1.0
"PBK",1,"!BTG1",1,0.19048,0.0,1.0
"PBK",1,"CCDC34",1,0.19048,0.0,1.0
"PBK",0,"!APITD1-CORT",1,0.80952,0.0,1.0
"PBK",0,"!ASF1B",1,0.80952,0.0,1.0
"PBK",0,"!AURKA",1,0.80952,0.0,1.0
"PBK",0,"BTG1",1,0.80952,0.0,1.0
"PBK",0,"!CCDC34",1,0.80952,0.0,1.0
"PCNA",1,"BUB1B",1,0.28571,0.0,1.0
"PCNA",1,"CENPN",1,0.28571,0.0,1.0
"PCNA",1,"KIF15",1,0.28571,0.0,1.0
"PCNA",1,"MCM10",1,0.28571,0.0,1.0
"PCNA",1,"PLK4",1,0.28571,0.0,1.0
"PCNA",0,"!CDC20",1,0.66667,0.0,1.0
"PCNA",0,"!CENPW",1,0.64286,0.0,1.0
"PCNA",0,"!DHFR",1,0.64286,0.0,1.0
"PCNA",0,"!RAD51",1,0.64286,0.0,1.0
"PCNA",0,"!KIF11",1,0.61905,0.0,1.0
"PDE4B",1,"IL18R1",1,0.28571,0.0,1.0
"PDE4B",1,"F13A1",1,0.2381,0.0,1.0
"PDE4B",1,"IL18RAP",1,0.19048,0.0,1.0
"PDE4B",1,"!ASPM&PDE4B",1,0.40476,0.0,1.0
"PDE4B",1,"!ANP32E&MS4A4A",1,0.38095,0.0,1.0
"PDE4B",0,"!IRAK3",1,0.42857,0.0,1.0
"PDE4B",0,"!TMEM2",1,0.30952,0.0,1.0
"PDE4B",0,"ANP32E",1,0.28571,0.0,1.0
"PDE4B",0,"ECT2",1,0.28571,0.0,1.0
"PDE4B",0,"FH",1,0.28571,0.0,1.0
"PFKFB2",1,"BIRC3&!IL6ST",1,0.21429,0.0,1.0
"PFKFB2",1,"!MYRIP&PFKFB2",1,0.21429,0.0,1.0
"PFKFB2",0,"LOC728175",1,0.19048,0.0,1.0
"PFKFB2",0,"LILRA1",1,0.11905,0.0,1.0
"PFKFB2",0,"!BIRC3&LOC100996643",1,0.33333,0.0,1.0
"PFKFB2",0,"LOC100996643&MYRIP",1,0.2619,0.0,1.0
"PFKFB2",0,"MYRIP&!PFKFB2",1,0.2619,0.0,1.0
"PHF19",1,"APITD1-CORT",1,0.19048,0.0,1.0
"PHF19",1,"ASF1B",1,0.19048,0.0,1.0
"PHF19",1,"AURKA",1,0.19048,0.0,1.0
"PHF19",1,"!BTG1",1,0.19048,0.0,1.0
"PHF19",1,"CCDC34",1,0.19048,0.0,1.0
"PHF19",0,"!APITD1-CORT",1,0.80952,0.0,1.0
"PHF19",0,"!ASF1B",1,0.80952,0.0,1.0
"PHF19",0,"!AURKA",1,0.80952,0.0,1.0
"PHF19",0,"BTG1",1,0.80952,0.0,1.0
"PHF19",0,"!CCDC34",1,0.80952,0.0,1.0
"PIK3IP1",1,"!MCM7",1,0.52381,0.0,1.0
"PIK3IP1",1,"!PAICS",1,0.42857,0.0,1.0
"PIK3IP1",1,"DDIT4",1,0.40476,0.0,1.0
"PIK3IP1",1,"FGD2",1,0.33333,0.0,1.0
"PIK3IP1",1,"CCR1",1,0.30952,0.0,1.0
"PIK3IP1",0,"!ZFP36L2",1,0.11905,0.0,1.0
"PIK3IP1",0,"BRCA1&!SMIM3",1,0.19048,0.0,1.0
"PIK3IP1",0,"CENPU&!SMIM3",1,0.16667,0.0,1.0
"PIK3IP1",0,"BRIP1&!SMIM3",1,0.14286,0.0,1.0
"PIK3IP1",0,"CDT1&!SMIM3",1,0.14286,0.0,1.0
"PLK4",1,"CENPH",1,0.21429,0.0,1.0
"PLK4",1,"APITD1-CORT",1,0.19048,0.0,1.0
"PLK4",1,"ASF1B",1,0.19048,0.0,1.0
"PLK4",1,"AURKA",1,0.19048,0.0,1.0
"PLK4",1,"!BTG1",1,0.19048,0.0,1.0
"PLK4",0,"!CENPH",1,0.78571,0.0,1.0
"PLK4",0,"!CDK1",1,0.7619,0.0,1.0
"PLK4",0,"!HMMR",1,0.7619,0.0,1.0
"PLK4",0,"!KIF14",1,0.7619,0.0,1.0
"PLK4",0,"!KIF20A",1,0.7619,0.0,1.0
"POLE2",1,"AURKB&!P2RX5",1,0.16667,0.0,1.0
"POLE2",1,"CKAP2&!P2RX5",1,0.16667,0.0,1.0
"POLE2",1,"KIF18A&!P2RX5",1,0.16667,0.0,1.0
"POLE2",1,"OIP5&!P2RX5",1,0.16667,0.0,1.0
"POLE2",1,"!P2RX5&PBK",1,0.16667,0.0,1.0
"POLE2",0,"!APITD1-CORT",1,0.80952,0.0,1.0
"POLE2",0,"!ASF1B",1,0.80952,0.0,1.0
"POLE2",0,"!AURKA",1,0.80952,0.0,1.0
"POLE2",0,"BTG1",1,0.80952,0.0,1.0
"POLE2",0,"!CCDC34",1,0.80952,0.0,1.0
"POLQ",1,"AURKB&!P2RX5",1,0.16667,0.0,1.0
"POLQ",1,"CKAP2&!P2RX5",1,0.16667,0.0,1.0
"POLQ",1,"KIF18A&!P2RX5",1,0.16667,0.0,1.0
"POLQ",1,"OIP5&!P2RX5",1,0.16667,0.0,1.0
"POLQ",1,"!P2RX5&PBK",1,0.16667,0.0,1.0
"POLQ",0,"!APITD1-CORT",1,0.80952,0.0,1.0
"POLQ",0,"!ASF1B",1,0.80952,0.0,1.0
"POLQ",0,"!AURKA",1,0.80952,0.0,1.0
"POLQ",0,"BTG1",1,0.80952,0.0,1.0
"POLQ",0,"!CCDC34",1,0.80952,0.0,1.0
"POU4F1",1,"!BRIP1&POU4F1",1,0.28571,0.0,1.0
"POU4F1",1,"!BUB1B&POU4F1",1,0.28571,0.0,1.0
"POU4F1",1,"!CCNB1&POU4F1",1,0.28571,0.0,1.0
"POU4F1",1,"!CCNB2&POU4F1",1,0.28571,0.0,1.0
"POU4F1",1,"CD53&POU4F1",1,0.28571,0.0,1.0
"POU4F1",0,"!POU4F1",1,0.69048,0.0,1.0
"POU4F1",0,"!ISG20",1,0.35714,0.0,1.0
"POU4F1",0,"!CD53",1,0.33333,0.0,1.0
"POU4F1",0,"CDT1",1,0.33333,0.0,1.0
"POU4F1",0,"ZWINT",1,0.33333,0.0,1.0
"PPBP",1,"CELF2&F13A1",1,0.16667,0.0,1.0
"PPBP",1,"!C5orf24&PIK3IP1",1,0.14286,0.0,1.0
"PPBP",1,"CCR1&F13A1",1,0.14286,0.0,1.0
"PPBP",1,"CDC42EP3&FGD2",1,0.14286,0.0,1.0
"PPBP",1,"!DHX9&F13A1",1,0.14286,0.0,1.0
"PPBP",0,"E2F8",1,0.45238,0.0,1.0
"PPBP",0,"!GIMAP7",1,0.40476,0.0,1.0
"PPBP",0,"!GIMAP4",1,0.38095,0.0,1.0
"PPBP",0,"KIF11",1,0.38095,0.0,1.0
"PPBP",0,"KNL1",1,0.38095,0.0,1.0
"PPIF",1,"APITD1-CORT",1,0.19048,0.0,1.0
"PPIF",1,"ASF1B",1,0.19048,0.0,1.0
"PPIF",1,"AURKA",1,0.19048,0.0,1.0
"PPIF",1,"!BTG1",1,0.19048,0.0,1.0
"PPIF",1,"CCDC34",1,0.19048,0.0,1.0
"PPIF",0,"!BCL2L11",1,0.57143,0.0,1.0
"PPIF",0,"BMF",1,0.54762,0.0,1.0
"PPIF",0,"DPEP1",1,0.52381,0.0,1.0
"PPIF",0,"NPCDR1",1,0.52381,0.0,1.0
"PPIF",0,"IL1B",1,0.5,0.0,1.0
"PPP1R16B",1,"PPP1R16B",1,0.35714,0.0,1.0
"PPP1R16B",1,"LGALS3",1,0.19048,0.0,1.0
"PPP1R16B",1,"LOC100130872",1,0.19048,0.0,1.0
"PPP1R16B",1,"LILRA1",1,0.11905,0.0,1.0
"PPP1R16B",1,"!DTL&!PSPH",1,0.30952,0.0,1.0
"PPP1R16B",0,"RFC3",1,0.33333,0.0,1.0
"PPP1R16B",0,"FH",1,0.28571,0.0,1.0
"PPP1R16B",0,"CCNB1",1,0.2619,0.0,1.0
"PPP1R16B",0,"CENPF",1,0.2619,0.0,1.0
"PPP1R16B",0,"DEPDC1B",1,0.2619,0.0,1.0
"PRDM1",1,"PPBP",1,0.21429,0.0,1.0
"PRDM1",1,"FGL2",1,0.19048,0.0,1.0
"PRDM1",1,"CDC42EP3&FGR",1,0.19048,0.0,1.0
"PRDM1",1,"FCER1G&!RAD51AP1",1,0.19048,0.0,1.0
"PRDM1",1,"FCGR3B&!RAD51AP1",1,0.19048,0.0,1.0
"PRDM1",0,"RAD51AP1",1,0.54762,0.0,1.0
"PRDM1",0,"TOP2A",1,0.5,0.0,1.0
"PRDM1",0,"DTL",1,0.47619,0.0,1.0
"PRDM1",0,"!ID2",1,0.47619,0.0,1.0
"PRDM1",0,"MCM7",1,0.47619,0.0,1.0
"PRPS2",1,"!IFNGR1",1,0.47619,0.0,1.0
"PRPS2",1,"!SERPINB9",1,0.47619,0.0,1.0
"PRPS2",1,"CENPV",1,0.42857,0.0,1.0
"PRPS2",1,"!IRAK3",1,0.42857,0.0,1.0
"PRPS2",1,"!LILRB2",1,0.40476,0.0,1.0
"PRPS2",0,"IFNGR1&!PRPS2",1,0.30952,0.0,1.0
"PRPS2",0,"MIR6845&!PRPS2",1,0.30952,0.0,1.0
"PRPS2",0,"!PRPS2&!RCC1",1,0.30952,0.0,1.0
"PRPS2",0,"!PRPS2&RNASET2",1,0.30952,0.0,1.0
"PRPS2",0,"IGH&MIR6845",1,0.28571,0.0,1.0
"PRR11",1,"APITD1-CORT",1,0.19048,0.0,1.0
"PRR11",1,"ASF1B",1,0.19048,0.0,1.0
"PRR11",1,"AURKA",1,0.19048,0.0,1.0
"PRR11",1,"!BTG1",1,0.19048,0.0,1.0
"PRR11",1,"CCDC34",1,0.19048,0.0,1.0
"PRR11",0,"!APITD1-CORT",1,0.80952,0.0,1.0
"PRR11",0,"!ASF1B",1,0.80952,0.0,1.0
"PRR11",0,"!AURKA",1,0.80952,0.0,1.0
"PRR11",0,"BTG1",1,0.80952,0.0,1.0
"PRR11",0,"!CCDC34",1,0.80952,0.0,1.0
"PSPH",1,"CKAP2L",1,0.2381,0.0,1.0
"PSPH",1,"KIF18B",1,0.2381,0.0,1.0
"PSPH",1,"UBE2T",1,0.2381,0.0,1.0
"PSPH",1,"ATAD2",1,0.21429,0.0,1.0
"PSPH",1,"AURKB",1,0.21429,0.0,1.0
"PSPH",0,"LGALS3",1,0.19048,0.0,1.0
"PSPH",0,"RAB31",1,0.16667,0.0,1.0
"PSPH",0,"LILRA1",1,0.11905,0.0,1.0
"PSPH",0,"!CDC20&!RCC1",1,0.40476,0.0,1.0
"PSPH",0,"!KIF4A&!RCC1",1,0.38095,0.0,1.0
"PTP4A1",1,"KIF4A",1,0.33333,0.0,1.0
"PTP4A1",1,"RFC3",1,0.33333,0.0,1.0
"PTP4A1",1,"FH",1,0.28571,0.0,1.0
"PTP4A1",1,"CCNB1",1,0.2619,0.0,1.0
"PTP4A1",1,"CENPF",1,0.2619,0.0,1.0
"PTP4A1",0,"!TYMS",1,0.40476,0.0,1.0
"PTP4A1",0,"PPP1R16B",1,0.35714,0.0,1.0
"PTP4A1",0,"!PTP4A1",1,0.30952,0.0,1.0
"PTP4A1",0,"ITGB2-AS1",1,0.2381,0.0,1.0
"PTP4A1",0,"LGALS3",1,0.19048,0.0,1.0
"PTTG1",1,"APITD1-CORT",1,0.19048,0.0,1.0
"PTTG1",1,"ASF1B",1,0.19048,0.0,1.0
"PTTG1",1,"AURKA",1,0.19048,0.0,1.0
"PTTG1",1,"!BTG1",1,0.19048,0.0,1.0
"PTTG1",1,"CCDC34",1,0.19048,0.0,1.0
"PTTG1",0,"!PTTG1",1,0.7381,0.0,1.0
"PTTG1",0,"NEAT1",1,0.66667,0.0,1.0
"PTTG1",0,"GIMAP7",1,0.59524,0.0,1.0
"PTTG1",0,"!MND1",1,0.59524,0.0,1.0
"PTTG1",0,"IRAK3",1,0.57143,0.0,1.0
"RAB31",1,"!SELENOI&ZBTB16",1,0.19048,0.0,1.0
"RAB31",1,"CDC42EP3&!LEF1",1,0.16667,0.0,1.0
"RAB31",1,"CDC42EP3&ZBTB16",1,0.16667,0.0,1.0
"RAB31",1,"CELF2&LGALS3",1,0.16667,0.0,1.0
"RAB31",1,"!FABP5&ZBTB16",1,0.16667,0.0,1.0
"RAB31",0,"CRNDE",1,0.59524,0.0,1.0
"RAB31",0,"!KLF9",1,0.5,0.0,1.0
"RAB31",0,"RCC1",1,0.5,0.0,1.0
"RAB31",0,"!IFNGR1",1,0.47619,0.0,1.0
"RAB31",0,"LOC100996643",1,0.47619,0.0,1.0
"RAD51",1,"BUB1B",1,0.28571,0.0,1.0
"RAD51",1,"CENPN",1,0.28571,0.0,1.0
"RAD51",1,"KIF15",1,0.28571,0.0,1.0
"RAD51",1,"MCM10",1,0.28571,0.0,1.0
"RAD51",1,"PLK4",1,0.28571,0.0,1.0
"RAD51",0,"!BUB1B",1,0.71429,0.0,1.0
"RAD51",0,"!CENPN",1,0.71429,0.0,1.0
"RAD51",0,"!KIF15",1,0.71429,0.0,1.0
"RAD51",0,"!MCM10",1,0.71429,0.0,1.0
"RAD51",0,"!PLK4",1,0.71429,0.0,1.0
"RAD51AP1",1,"CKAP2L",1,0.2381,0.0,1.0
"RAD51AP1",1,"KIF18B",1,0.2381,0.0,1.0
"RAD51AP1",1,"UBE2T",1,0.2381,0.0,1.0
"RAD51AP1",1,"ATAD2",1,0.21429,0.0,1.0
"RAD51AP1",1,"AURKB",1,0.21429,0.0,1.0
"RAD51AP1",0,"!RAD51AP1",1,0.45238,0.0,1.0
"RAD51AP1",0,"!BYSL",1,0.42857,0.0,1.0
"RAD51AP1",0,"!PAICS",1,0.42857,0.0,1.0
"RAD51AP1",0,"!SELENOI",1,0.40476,0.0,1.0
"RAD51AP1",0,"CCR1",1,0.30952,0.0,1.0
"RAG1",1,"RAG1",1,0.7619,0.0,1.0
"RAG1",1,"ARPP21",1,0.5,0.0,1.0
"RAG1",1,"IL1B",1,0.5,0.0,1.0
"RAG1",1,"KIF26A",1,0.40476,0.0,1.0
"RAG1",1,"LOC285097",1,0.40476,0.0,1.0
"RAG1",0,"!BRCA1&!RAG1",1,0.19048,0.0,1.0
"RAG1",0,"!LOC100996643&!RAG1",1,0.19048,0.0,1.0
"RAG1",0,"!AKAP12&!PAICS",1,0.16667,0.0,1.0
"RAG1",0,"!BYSL&!RAG1",1,0.16667,0.0,1.0
"RAG1",0,"!C5orf24&!RAG1",1,0.16667,0.0,1.0
"RAG2",1,"!CELF2&RAG2",1,0.30952,0.0,1.0
"RAG2",1,"!CELF2&!IL27RA",1,0.2619,0.0,1.0
"RAG2",1,"!FUS&!IL27RA",1,0.2619,0.0,1.0
"RAG2",1,"!FUS&!SLA",1,0.21429,0.0,1.0
"RAG2",1,"ITGB2-AS1&!LOC100130872",1,0.04762,0.0,1.0
"RAG2",0,"!IGLL1",1,0.2381,0.0,1.0
"RAG2",0,"LOC100130872",1,0.19048,0.0,1.0
"RAG2",0,"IL27RA&!RAG2",1,0.30952,0.0,1.0
"RAG2",0,"!BCAT1&!RAG2",1,0.28571,0.0,1.0
"RAG2",0,"!AKAP12&!BCAT1",1,0.2619,0.0,1.0
"RASSF4",1,"F13A1",1,0.2381,0.0,1.0
"RASSF4",1,"LGALS3",1,0.19048,0.0,1.0
"RASSF4",1,"MNDA",1,0.19048,0.0,1.0
"RASSF4",1,"!CDT1&MIR8071-1",1,0.42857,0.0,1.0
"RASSF4",1,"!CENPU&MIR8071-1",1,0.42857,0.0,1.0
"RASSF4",0,"BCL10",1,0.11905,0.0,1.0
"RASSF4",0,"!CLEC2B&ELL2",1,0.19048,0.0,1.0
"RASSF4",0,"ELL2&!MIR8071-1",1,0.19048,0.0,1.0
"RASSF4",0,"ELL2&!MTSS1",1,0.19048,0.0,1.0
"RASSF4",0,"ELL2&NME1",1,0.16667,0.0,1.0
"RBM14",1,"UBE2C",1,0.11905,0.0,1.0
"RBM14",1,"MCM5&NME1",1,0.21429,0.0,1.0
"RBM14",1,"CCDC86&MCM5",1,0.19048,0.0,1.0
"RBM14",1,"!CELF2&MCM5",1,0.19048,0.0,1.0
"RBM14",1,"CEP55&MCM5",1,0.19048,0.0,1.0
"RBM14",0,"CDC42EP3",1,0.38095,0.0,1.0
"RBM14",0,"!DHX9",1,0.35714,0.0,1.0
"RBM14",0,"!PTP4A1",1,0.30952,0.0,1.0
"RBM14",0,"!FABP5",1,0.28571,0.0,1.0
"RBM14",0,"!HSP90AB1",1,0.2619,0.0,1.0
"RBMS3",1,"!FGL2&RBMS3",1,0.28571,0.0,1.0
"RBMS3",1,"!FGL2&RPS6KA2",1,0.2381,0.0,1.0
"RBMS3",1,"!PRPS2&!S100A11",1,0.21429,0.0,1.0
"RBMS3",1,"DDIT4&SNORD3B-1",1,0.16667,0.0,1.0
"RBMS3",1,"!ANP32E&TMEM100",1,0.14286,0.0,1.0
"RBMS3",0,"!GSN",1,0.45238,0.0,1.0
"RBMS3",0,"CENPV",1,0.42857,0.0,1.0
"RBMS3",0,"!LILRB2",1,0.40476,0.0,1.0
"RBMS3",0,"ECT2",1,0.28571,0.0,1.0
"RBMS3",0,"!ID3",1,0.28571,0.0,1.0
"RCC1",1,"FOXM1",1,0.2381,0.0,1.0
"RCC1",1,"STIL",1,0.2381,0.0,1.0
"RCC1",1,"ATAD2",1,0.21429,0.0,1.0
"RCC1",1,"BIRC5",1,0.21429,0.0,1.0
"RCC1",1,"BUB1",1,0.21429,0.0,1.0
"RCC1",0,"IL18R1",1,0.28571,0.0,1.0
"RCC1",0,"RPS6KA2",1,0.2619,0.0,1.0
"RCC1",0,"PRDM1",1,0.2381,0.0,1.0
"RCC1",0,"IL18RAP",1,0.19048,0.0,1.0
"RCC1",0,"LGALS3",1,0.19048,0.0,1.0
"RFC3",1,"CENPH",1,0.21429,0.0,1.0
"RFC3",1,"APITD1-CORT",1,0.19048,0.0,1.0
"RFC3",1,"ASF1B",1,0.19048,0.0,1.0
"RFC3",1,"AURKA",1,0.19048,0.0,1.0
"RFC3",1,"!BTG1",1,0.19048,0.0,1.0
"RFC3",0,"!FH",1,0.71429,0.0,1.0
"RFC3",0,"!NUSAP1",1,0.66667,0.0,1.0
"RFC3",0,"!RFC3",1,0.66667,0.0,1.0
"RFC3",0,"!NUF2",1,0.64286,0.0,1.0
"RFC3",0,"!KIF11",1,0.61905,0.0,1.0
"RHOBTB3",1,"DEPDC1B",1,0.2619,0.0,1.0
"RHOBTB3",1,"PTTG1",1,0.2619,0.0,1.0
"RHOBTB3",1,"!TXNIP",1,0.2381,0.0,1.0
"RHOBTB3",1,"AURKB",1,0.21429,0.0,1.0
"RHOBTB3",1,"CKAP2",1,0.21429,0.0,1.0
"RHOBTB3",0,"EMP1&!RHOBTB3",1,0.2619,0.0,1.0
"RHOBTB3",0,"!BCAT1&EMP1",1,0.2381,0.0,1.0
"RHOBTB3",0,"EMP1&HRK",1,0.2381,0.0,1.0
"RHOBTB3",0,"EMP1&MIR8071-1",1,0.21429,0.0,1.0
"RHOBTB3",0,"EMP1&RASSF4",1,0.21429,0.0,1.0
"RMI2",1,"DFNA5&!P2RX5",1,0.33333,0.0,1.0
"RMI2",1,"E2F8&!P2RX5",1,0.33333,0.0,1.0
"RMI2",1,"ABHD17B&TCF19",1,0.30952,0.0,1.0
"RMI2",1,"CENPV&!P2RX5",1,0.30952,0.0,1.0
"RMI2",1,"!LILRB2&!P2RX5",1,0.30952,0.0,1.0
"RMI2",0,"!FABP5",1,0.28571,0.0,1.0
"RMI2",0,"IL18RAP",1,0.19048,0.0,1.0
"RMI2",0,"LGALS3",1,0.19048,0.0,1.0
"RMI2",0,"RAB31",1,0.16667,0.0,1.0
"RMI2",0,"LILRA1",1,0.11905,0.0,1.0
"RNASET2",1,"LILRB2",1,0.59524,0.0,1.0
"RNASET2",1,"RNASET2",1,0.59524,0.0,1.0
"RNASET2",1,"!CENPV",1,0.57143,0.0,1.0
"RNASET2",1,"IRAK3",1,0.57143,0.0,1.0
"RNASET2",1,"GSN",1,0.54762,0.0,1.0
"RNASET2",0,"UBE2C",1,0.11905,0.0,1.0
"RNASET2",0,"!GSN&!MIR6845",1,0.30952,0.0,1.0
"RNASET2",0,"!GSN&RMI2",1,0.28571,0.0,1.0
"RNASET2",0,"!CD53&!KIF26A",1,0.2619,0.0,1.0
"RNASET2",0,"DFNA5&!GSN",1,0.2619,0.0,1.0
"RPS6KA2",1,"RPS6KA2",1,0.2619,0.0,1.0
"RPS6KA2",1,"AKAP12&RBMS3",1,0.2619,0.0,1.0
"RPS6KA2",1,"ID3&!PRPS2",1,0.2619,0.0,1.0
"RPS6KA2",1,"MTSS1&TNFRSF21",1,0.2619,0.0,1.0
"RPS6KA2",1,"RBMS3&SERPINB9",1,0.2619,0.0,1.0
"RPS6KA2",0,"!AKAP12&!PFKFB2",1,0.35714,0.0,1.0
"RPS6KA2",0,"!GSN&!PFKFB2",1,0.33333,0.0,1.0
"RPS6KA2",0,"!MSH6&!PFKFB2",1,0.33333,0.0,1.0
"RPS6KA2",0,"!LOC285097&S100A11",1,0.30952,0.0,1.0
"RPS6KA2",0,"!PFKFB2&S100A11",1,0.30952,0.0,1.0
"RRM2",1,"CKAP2L",1,0.2381,0.0,1.0
"RRM2",1,"KIF18B",1,0.2381,0.0,1.0
"RRM2",1,"UBE2T",1,0.2381,0.0,1.0
"RRM2",1,"ATAD2",1,0.21429,0.0,1.0
"RRM2",1,"AURKB",1,0.21429,0.0,1.0
"RRM2",0,"!RRM2",1,0.66667,0.0,1.0
"RRM2",0,"!CENPW",1,0.64286,0.0,1.0
"RRM2",0,"!TCF19",1,0.64286,0.0,1.0
"RRM2",0,"!WDR76",1,0.61905,0.0,1.0
"RRM2",0,"!TK1",1,0.59524,0.0,1.0
"S100A11",1,"!WASF1",1,0.14286,0.0,1.0
"S100A11",1,"LILRA1",1,0.11905,0.0,1.0
"S100A11",1,"UBE2C",1,0.11905,0.0,1.0
"S100A11",1,"FCER1G&!POU4F1",1,0.2619,0.0,1.0
"S100A11",1,"SLA&TUBA4A",1,0.2619,0.0,1.0
"S100A11",0,"!ZFP36L2",1,0.11905,0.0,1.0
"S100A11",0,"!KIF26A&MSH6",1,0.19048,0.0,1.0
"S100A11",0,"!HRK&MSH6",1,0.16667,0.0,1.0
"S100A11",0,"!BTNL9&MDM2",1,0.14286,0.0,1.0
"S100A11",0,"!IL1B&MSH6",1,0.14286,0.0,1.0
"S100A8",1,"F13A1",1,0.2381,0.0,1.0
"S100A8",1,"LGALS3",1,0.19048,0.0,1.0
"S100A8",1,"LOC100130872",1,0.19048,0.0,1.0
"S100A8",1,"!BCAT1&!KIF11",1,0.42857,0.0,1.0
"S100A8",1,"!BCAT1&S100A8",1,0.40476,0.0,1.0
"S100A8",0,"TMEM97",1,0.2381,0.0,1.0
"S100A8",0,"WDHD1",1,0.2381,0.0,1.0
"S100A8",0,"CENPH",1,0.21429,0.0,1.0
"S100A8",0,"APITD1-CORT",1,0.19048,0.0,1.0
"S100A8",0,"ASF1B",1,0.19048,0.0,1.0
"SCML4",1,"F13A1",1,0.2381,0.0,1.0
"SCML4",1,"MNDA",1,0.19048,0.0,1.0
"SCML4",1,"!BRIP1&SCML4",1,0.40476,0.0,1.0
"SCML4",1,"!BUB1B&SCML4",1,0.40476,0.0,1.0
"SCML4",1,"!C4orf46&SCML4",1,0.40476,0.0,1.0
"SCML4",0,"ECT2",1,0.28571,0.0,1.0
"SCML4",0,"FOXM1",1,0.2381,0.0,1.0
"SCML4",0,"STIL",1,0.2381,0.0,1.0
"SCML4",0,"ATAD2",1,0.21429,0.0,1.0
"SCML4",0,"BIRC5",1,0.21429,0.0,1.0
"SELENOI",1,"!TXNIP",1,0.2381,0.0,1.0
"SELENOI",1,"CENPH",1,0.21429,0.0,1.0
"SELENOI",1,"CKAP2",1,0.21429,0.0,1.0
"SELENOI",1,"APITD1-CORT",1,0.19048,0.0,1.0
"SELENOI",1,"ASF1B",1,0.19048,0.0,1.0
"SELENOI",0,"!LOC100996643",1,0.52381,0.0,1.0
"SELENOI",0,"!RAD51AP1",1,0.45238,0.0,1.0
"SELENOI",0,"!BYSL",1,0.42857,0.0,1.0
"SELENOI",0,"!SELENOI",1,0.40476,0.0,1.0
"SELENOI",0,"FGD2",1,0.33333,0.0,1.0
"SEMA4D",1,"SEMA4D",1,0.16667,0.0,1.0
"SEMA4D",1,"!B3GNT2&FGR",1,0.21429,0.0,1.0
"SEMA4D",1,"!MSH6&!NME1",1,0.21429,0.0,1.0
"SEMA4D",1,"!C5orf24&!MKI67",1,0.19048,0.0,1.0
"SEMA4D",1,"!C5orf24&!PTP4A1",1,0.19048,0.0,1.0
"SEMA4D",0,"!BIRC3&!HBG1",1,0.38095,0.0,1.0
"SEMA4D",0,"ABHD17B&ASPM",1,0.35714,0.0,1.0
"SEMA4D",0,"RBM14&!TNFSF8",1,0.35714,0.0,1.0
"SEMA4D",0,"ABHD17B&KIF11",1,0.33333,0.0,1.0
"SEMA4D",0,"ABHD17B&NME1",1,0.33333,0.0,1.0
"SERPINA1",1,"PPBP",1,0.21429,0.0,1.0
"SERPINA1",1,"FGL2",1,0.19048,0.0,1.0
"SERPINA1",1,"LILRA1",1,0.11905,0.0,1.0
"SERPINA1",1,"!CCDC86&!PRPS2",1,0.28571,0.0,1.0
"SERPINA1",1,"!CCDC86&SERPINA1",1,0.28571,0.0,1.0
"SERPINA1",0,"APITD1-CORT",1,0.19048,0.0,1.0
"SERPINA1",0,"ASF1B",1,0.19048,0.0,1.0
"SERPINA1",0,"AURKA",1,0.19048,0.0,1.0
"SERPINA1",0,"!BTG1",1,0.19048,0.0,1.0
"SERPINA1",0,"CCDC34",1,0.19048,0.0,1.0
"SERPINB9",1,"SERPINB9",1,0.52381,0.0,1.0
"SERPINB9",1,"ITGAM",1,0.40476,0.0,1.0
"SERPINB9",1,"CCR1",1,0.30952,0.0,1.0
"SERPINB9",1,"RPS6KA2",1,0.2619,0.0,1.0
"SERPINB9",1,"F13A1",1,0.2381,0.0,1.0
"SERPINB9",0,"!LILRB2",1,0.40476,0.0,1.0
"SERPINB9",0,"E2F7",1,0.30952,0.0,1.0
"SERPINB9",0,"!SMAP2",1,0.30952,0.0,1.0
"SERPINB9",0,"!TMEM2",1,0.30952,0.0,1.0
"SERPINB9",0,"ANP32E",1,0.28571,0.0,1.0
"SESN1",1,"PPBP",1,0.21429,0.0,1.0
"SESN1",1,"!ABHD17B",1,0.19048,0.0,1.0
"SESN1",1,"FGL2",1,0.19048,0.0,1.0
"SESN1",1,"MNDA",1,0.19048,0.0,1.0
"SESN1",1,"RAB31",1,0.16667,0.0,1.0
"SESN1",0,"BRIP1&!FKBP5",1,0.19048,0.0,1.0
"SESN1",0,"CDT1&!FKBP5",1,0.19048,0.0,1.0
"SESN1",0,"CHEK1&!FKBP5",1,0.19048,0.0,1.0
"SESN1",0,"FANCI&!FKBP5",1,0.19048,0.0,1.0
"SESN1",0,"!FKBP5&RAD51",1,0.19048,0.0,1.0
"SHCBP1",1,"CDK1",1,0.2381,0.0,1.0
"SHCBP1",1,"HMMR",1,0.2381,0.0,1.0
"SHCBP1",1,"KIF14",1,0.2381,0.0,1.0
"SHCBP1",1,"KIF20A",1,0.2381,0.0,1.0
"SHCBP1",1,"POLQ",1,0.2381,0.0,1.0
"SHCBP1",0,"!CDK1",1,0.7619,0.0,1.0
"SHCBP1",0,"!HMMR",1,0.7619,0.0,1.0
"SHCBP1",0,"!KIF14",1,0.7619,0.0,1.0
"SHCBP1",0,"!KIF20A",1,0.7619,0.0,1.0
"SHCBP1",0,"!POLQ",1,0.7619,0.0,1.0
"SIK1",1,"KIF26A",1,0.40476,0.0,1.0
"SIK1",1,"MIR4683",1,0.38095,0.0,1.0
"SIK1",1,"CPM",1,0.30952,0.0,1.0
"SIK1",1,"POU4F1",1,0.30952,0.0,1.0
"SIK1",1,"RPS6KA2",1,0.2619,0.0,1.0
"SIK1",0,"ITGB2-AS1",1,0.2381,0.0,1.0
"SIK1",0,"LOC100130872",1,0.19048,0.0,1.0
"SIK1",0,"!METTL7A",1,0.19048,0.0,1.0
"SIK1",0,"SEMA4D",1,0.16667,0.0,1.0
"SIK1",0,"!WASF1",1,0.14286,0.0,1.0
"SKP2",1,"APITD1-CORT",1,0.19048,0.0,1.0
"SKP2",1,"ASF1B",1,0.19048,0.0,1.0
"SKP2",1,"AURKA",1,0.19048,0.0,1.0
"SKP2",1,"!BTG1",1,0.19048,0.0,1.0
"SKP2",1,"CCDC34",1,0.19048,0.0,1.0
"SKP2",0,"!APITD1-CORT",1,0.80952,0.0,1.0
"SKP2",0,"!ASF1B",1,0.80952,0.0,1.0
"SKP2",0,"!AURKA",1,0.80952,0.0,1.0
"SKP2",0,"BTG1",1,0.80952,0.0,1.0
"SKP2",0,"!CCDC34",1,0.80952,0.0,1.0
"SLA",1,"!AKAP12",1,0.47619,0.0,1.0
"SLA",1,"!MSH6",1,0.45238,0.0,1.0
"SLA",1,"ITPKB",1,0.40476,0.0,1.0
"SLA",1,"S100A11",1,0.40476,0.0,1.0
"SLA",1,"TNFSF8",1,0.38095,0.0,1.0
"SLA",0,"!BIRC3&!ZFP36L2",1,0.09524,0.0,1.0
"SLA",0,"MSH6&!ZFP36L2",1,0.09524,0.0,1.0
"SLC22A23",1,"UBE2C",1,0.11905,0.0,1.0
"SLC22A23",1,"!SCML4&WFS1",1,0.2619,0.0,1.0
"SLC22A23",1,"!FCER1G&SLC22A23",1,0.2381,0.0,1.0
"SLC22A23",1,"!FCGR3B&SLC22A23",1,0.2381,0.0,1.0
"SLC22A23",1,"!FGD2&SLC22A23",1,0.2381,0.0,1.0
"SLC22A23",0,"FGL2",1,0.19048,0.0,1.0
"SLC22A23",0,"IL18RAP",1,0.19048,0.0,1.0
"SLC22A23",0,"!CENPK&FGD2",1,0.30952,0.0,1.0
"SLC22A23",0,"MIR8071-1&MS4A4A",1,0.30952,0.0,1.0
"SLC22A23",0,"MS4A4A&SCML4",1,0.30952,0.0,1.0
"SMAP2",1,"!CENPU",1,0.66667,0.0,1.0
"SMAP2",1,"!HIST4H4",1,0.66667,0.0,1.0
"SMAP2",1,"!CKS1B",1,0.61905,0.0,1.0
"SMAP2",1,"GIMAP4",1,0.61905,0.0,1.0
"SMAP2",1,"LILRB2",1,0.59524,0.0,1.0
"SMAP2",0,"HIST4H4&!IFNGR1",1,0.21429,0.0,1.0
"SMAP2",0,"HIST4H4&!LILRB2",1,0.21429,0.0,1.0
"SMAP2",0,"HIST4H4&!MIR4683",1,0.21429,0.0,1.0
"SMAP2",0,"HIST4H4&!RNASET2",1,0.21429,0.0,1.0
"SMAP2",0,"ANP32E&HIST4H4",1,0.19048,0.0,1.0
"SMC2",1,"CENPH",1,0.21429,0.0,1.0
"SMC2",1,"APITD1-CORT",1,0.19048,0.0,1.0
"SMC2",1,"ASF1B",1,0.19048,0.0,1.0
"SMC2",1,"AURKA",1,0.19048,0.0,1.0
"SMC2",1,"!BTG1",1,0.19048,0.0,1.0
"SMC2",0,"!CENPH",1,0.78571,0.0,1.0
"SMC2",0,"!CDK1",1,0.7619,0.0,1.0
"SMC2",0,"!HMMR",1,0.7619,0.0,1.0
"SMC2",0,"!KIF14",1,0.7619,0.0,1.0
"SMC2",0,"!KIF20A",1,0.7619,0.0,1.0
"SMIM3",1,"GSN",1,0.54762,0.0,1.0
"SMIM3",1,"P2RY14",1,0.42857,0.0,1.0
"SMIM3",1,"DDIT4",1,0.40476,0.0,1.0
"SMIM3",1,"TBXA2R",1,0.40476,0.0,1.0
"SMIM3",1,"MIR4683",1,0.38095,0.0,1.0
"SMIM3",0,"BMF&E2F7",1,0.04762,0.0,1.0
"SMIM3",0,"!CENPU&DEPDC1B",1,0.04762,0.0,1.0
"SMIM3",0,"!CEP55&DEPDC1B",1,0.04762,0.0,1.0
"SMIM3",0,"!CKAP2&FOXM1",1,0.04762,0.0,1.0
"SMIM3",0,"!CKAP2&STIL",1,0.04762,0.0,1.0
"SNORA21",1,"ELL2&!NEAT1",1,0.16667,0.0,1.0
"SNORA21",1,"!CDC42EP3&LOC728175",1,0.14286,0.0,1.0
"SNORA21",1,"ELL2&FH",1,0.14286,0.0,1.0
"SNORA21",1,"ELL2&PTTG1",1,0.14286,0.0,1.0
"SNORA21",1,"ELL2&RFC3",1,0.14286,0.0,1.0
"SNORA21",0,"!CRNDE",1,0.40476,0.0,1.0
"SNORA21",0,"CDC42EP3",1,0.38095,0.0,1.0
"SNORA21",0,"STAB1",1,0.2619,0.0,1.0
"SNORA21",0,"PPBP",1,0.21429,0.0,1.0
"SNORA21",0,"!FH&ID2",1,0.45238,0.0,1.0
"SNORD3B-1",0,"!RNASET2",1,0.40476,0.0,1.0
"SNORD3B-1",0,"!CD53",1,0.33333,0.0,1.0
"SNORD3B-1",0,"E2F7",1,0.30952,0.0,1.0
"SNORD3B-1",0,"HELLS",1,0.30952,0.0,1.0
"SNORD3B-1",0,"!SMAP2",1,0.30952,0.0,1.0
"SNTB2",1,"!C5orf24",1,0.2619,0.0,1.0
"SNTB2",1,"!RAG1",1,0.2381,0.0,1.0
"SNTB2",1,"!EMP1&SNTB2",1,0.47619,0.0,1.0
"SNTB2",1,"!DDIT4&SNTB2",1,0.40476,0.0,1.0
"SNTB2",1,"!IL1B&SNTB2",1,0.38095,0.0,1.0
"SNX10",1,"ITGB2-AS1",1,0.2381,0.0,1.0
"SNX10",1,"!LOC100996643&SNX10",1,0.42857,0.0,1.0
"SNX10",1,"MSH6&SNX10",1,0.2381,0.0,1.0
"SNX10",1,"!BIRC3&SNX10",1,0.19048,0.0,1.0
"SNX10",1,"!BIRC3&!RCC1",1,0.14286,0.0,1.0
"SNX10",0,"RCC1&!SNX10",1,0.21429,0.0,1.0
"SNX10",0,"!ITPKB&LOC728175",1,0.11905,0.0,1.0
"SNX10",0,"!KIF26A&!SNX10",1,0.07143,0.0,1.0
"SNX10",0,"!KIF26A&!ZFP36L2",1,0.04762,0.0,1.0
"SNX29P2",1,"DDIT4&KLF9",1,0.2619,0.0,1.0
"SNX29P2",1,"DDIT4&!RMI2",1,0.2381,0.0,1.0
"SNX29P2",1,"!LOC100130872&MPV17L",1,0.11905,0.0,1.0
"SNX29P2",1,"!LOC100130872&SNX29P2",1,0.11905,0.0,1.0
"SNX29P2",1,"PTP4A1&SNX29P2",1,0.11905,0.0,1.0
"SNX29P2",0,"UBE2C",1,0.11905,0.0,1.0
"SNX29P2",0,"!KLF9&SHCBP1",1,0.2381,0.0,1.0
"SNX29P2",0,"!KLF9&RFC3",1,0.21429,0.0,1.0
"SNX29P2",0,"!KLF9&NEK2",1,0.19048,0.0,1.0
"SNX29P2",0,"!KLF9&POLQ",1,0.19048,0.0,1.0
"SOCS1",1,"PPBP",1,0.21429,0.0,1.0
"SOCS1",1,"FGL2",1,0.19048,0.0,1.0
"SOCS1",1,"MNDA",1,0.19048,0.0,1.0
"SOCS1",1,"RAB31",1,0.16667,0.0,1.0
"SOCS1",1,"!CENPK&!SELENOI",1,0.33333,0.0,1.0
"SOCS1",0,"!BRCA1&CENPK",1,0.04762,0.0,1.0
"SOCS1",0,"!BRCA1&ECT2",1,0.04762,0.0,1.0
"SOCS1",0,"!BRCA1&!METTL7A",1,0.04762,0.0,1.0
"SOS1",1,"GBP4",1,0.61905,0.0,1.0
"SOS1",1,"LILRB2",1,0.59524,0.0,1.0
"SOS1",1,"!CENPV",1,0.57143,0.0,1.0
"SOS1",1,"IRAK3",1,0.57143,0.0,1.0
"SOS1",1,"DENND3",1,0.52381,0.0,1.0
"SOS1",0,"UBE2C",1,0.11905,0.0,1.0
"SOS1",0,"BCL2L11&!LY96",1,0.19048,0.0,1.0
"SOS1",0,"CENPV&!LY96",1,0.19048,0.0,1.0
"SOS1",0,"DEPDC1B&!LY96",1,0.19048,0.0,1.0
"SOS1",0,"!GBP4&!LY96",1,0.19048,0.0,1.0
"SQLE",1,"CCNB2",1,0.2619,0.0,1.0
"SQLE",1,"CDC45",1,0.2619,0.0,1.0
"SQLE",1,"CENPA",1,0.2619,0.0,1.0
"SQLE",1,"DLGAP5",1,0.2619,0.0,1.0
"SQLE",1,"MAD2L1",1,0.2619,0.0,1.0
"SQLE",0,"!BYSL",1,0.42857,0.0,1.0
"SQLE",0,"P2RY14",1,0.42857,0.0,1.0
"SQLE",0,"!PAICS",1,0.42857,0.0,1.0
"SQLE",0,"TBXA2R",1,0.40476,0.0,1.0
"SQLE",0,"!TNFRSF21",1,0.33333,0.0,1.0
"STAB1",1,"EPPK1",1,0.09524,0.0,1.0
"STAB1",1,"ID2&TBXA2R",1,0.28571,0.0,1.0
"STAB1",1,"CDC42EP3&TBXA2R",1,0.2619,0.0,1.0
"STAB1",1,"NEDD9&TBXA2R",1,0.2619,0.0,1.0
"STAB1",1,"!SELENOI&TBXA2R",1,0.2381,0.0,1.0
"STAB1",0,"TENM4",1,0.19048,0.0,1.0
"STAB1",0,"!F13A1&!WFS1",1,0.38095,0.0,1.0
"STAB1",0,"!RAB31&!WFS1",1,0.38095,0.0,1.0
"STAB1",0,"!MNDA&!WFS1",1,0.35714,0.0,1.0
"STAB1",0,"CRNDE&!WFS1",1,0.33333,0.0,1.0
"STIL",1,"KIF18B&!P2RX5",1,0.19048,0.0,1.0
"STIL",1,"!P2RX5&PHF19",1,0.19048,0.0,1.0
"STIL",1,"!P2RX5&POLE2",1,0.19048,0.0,1.0
"STIL",1,"!P2RX5&TIPIN",1,0.19048,0.0,1.0
"STIL",1,"!P2RX5&TPX2",1,0.19048,0.0,1.0
"STIL",0,"!ATAD2",1,0.78571,0.0,1.0
"STIL",0,"!BIRC5",1,0.78571,0.0,1.0
"STIL",0,"!BUB1",1,0.78571,0.0,1.0
"STIL",0,"!CCNA2",1,0.78571,0.0,1.0
"STIL",0,"!CDCA5",1,0.78571,0.0,1.0
"SUV39H2",1,"APITD1-CORT",1,0.19048,0.0,1.0
"SUV39H2",1,"ASF1B",1,0.19048,0.0,1.0
"SUV39H2",1,"AURKA",1,0.19048,0.0,1.0
"SUV39H2",1,"!BTG1",1,0.19048,0.0,1.0
"SUV39H2",1,"CCDC34",1,0.19048,0.0,1.0
"SUV39H2",0,"!APITD1-CORT",1,0.80952,0.0,1.0
"SUV39H2",0,"!ASF1B",1,0.80952,0.0,1.0
"SUV39H2",0,"!AURKA",1,0.80952,0.0,1.0
"SUV39H2",0,"BTG1",1,0.80952,0.0,1.0
"SUV39H2",0,"!CCDC34",1,0.80952,0.0,1.0
"TARSL2",1,"TBXA2R",1,0.40476,0.0,1.0
"TARSL2",1,"STAB1",1,0.2619,0.0,1.0
"TARSL2",1,"F13A1",1,0.2381,0.0,1.0
"TARSL2",1,"!ABHD17B",1,0.19048,0.0,1.0
"TARSL2",1,"MNDA",1,0.19048,0.0,1.0
"TARSL2",0,"!FKBP5&RRM2",1,0.14286,0.0,1.0
"TARSL2",0,"!FKBP5&FOXM1",1,0.11905,0.0,1.0
"TARSL2",0,"!FKBP5&KIF18B",1,0.11905,0.0,1.0
"TARSL2",0,"!FKBP5&STIL",1,0.11905,0.0,1.0
"TARSL2",0,"!FKBP5&UBE2T",1,0.11905,0.0,1.0
"TBXA2R",1,"TBXA2R",1,0.40476,0.0,1.0
"TBXA2R",1,"F13A1",1,0.2381,0.0,1.0
"TBXA2R",1,"RAB31",1,0.16667,0.0,1.0
"TBXA2R",1,"LILRA1",1,0.11905,0.0,1.0
"TBXA2R",1,"!ANP32E&RASSF4",1,0.35714,0.0,1.0
"TBXA2R",0,"!LILRB2",1,0.40476,0.0,1.0
"TBXA2R",0,"ECT2",1,0.28571,0.0,1.0
"TBXA2R",0,"CCNB2",1,0.2619,0.0,1.0
"TBXA2R",0,"CDC45",1,0.2619,0.0,1.0
"TBXA2R",0,"CENPA",1,0.2619,0.0,1.0
"TCF19",1,"!P2RX5&PHF19",1,0.19048,0.0,1.0
"TCF19",1,"!P2RX5&POLE2",1,0.19048,0.0,1.0
"TCF19",1,"!P2RX5&TIPIN",1,0.19048,0.0,1.0
"TCF19",1,"!P2RX5&TPX2",1,0.19048,0.0,1.0
"TCF19",1,"!P2RX5&UBE2T",1,0.19048,0.0,1.0
"TCF19",0,"!WDR76",1,0.61905,0.0,1.0
"TCF19",0,"!E2F8",1,0.54762,0.0,1.0
"TCF19",0,"!GINS2",1,0.54762,0.0,1.0
"TCF19",0,"!DTL",1,0.52381,0.0,1.0
"TCF19",0,"!TOP2A",1,0.5,0.0,1.0
"TENM4",1,"AURKB&MDM2",1,0.09524,0.0,1.0
"TENM4",1,"AURKB&!SLA",1,0.09524,0.0,1.0
"TENM4",1,"AURKB&TENM4",1,0.09524,0.0,1.0
"TENM4",1,"BCAT1&TENM4",1,0.09524,0.0,1.0
"TENM4",1,"BCL2L11&MDM2",1,0.09524,0.0,1.0
"TENM4",0,"!TENM4",1,0.80952,0.0,1.0
"TENM4",0,"!AURKB",1,0.78571,0.0,1.0
"TENM4",0,"!KIF18A",1,0.78571,0.0,1.0
"TENM4",0,"!OIP5",1,0.78571,0.0,1.0
"TENM4",0,"!TRIP13",1,0.78571,0.0,1.0
"TIMELESS",1,"BRIP1&MDK",1,0.19048,0.0,1.0
"TIMELESS",1,"C4orf46&MDK",1,0.19048,0.0,1.0
"TIMELESS",1,"CHEK1&MDK",1,0.19048,0.0,1.0
"TIMELESS",1,"FANCI&MDK",1,0.19048,0.0,1.0
"TIMELESS",1,"KIF11&MDK",1,0.19048,0.0,1.0
"TIMELESS",0,"!CKS1B",1,0.61905,0.0,1.0
"TIMELESS",0,"!TIMELESS",1,0.59524,0.0,1.0
"TIMELESS",0,"!BRCA1",1,0.54762,0.0,1.0
"TIMELESS",0,"!MCM7",1,0.52381,0.0,1.0
"TIMELESS",0,"!BYSL",1,0.42857,0.0,1.0
"TIPIN",1,"APITD1-CORT",1,0.19048,0.0,1.0
"TIPIN",1,"ASF1B",1,0.19048,0.0,1.0
"TIPIN",1,"AURKA",1,0.19048,0.0,1.0
"TIPIN",1,"!BTG1",1,0.19048,0.0,1.0
"TIPIN",1,"CCDC34",1,0.19048,0.0,1.0
"TIPIN",0,"!APITD1-CORT",1,0.80952,0.0,1.0
"TIPIN",0,"!ASF1B",1,0.80952,0.0,1.0
"TIPIN",0,"!AURKA",1,0.80952,0.0,1.0
"TIPIN",0,"BTG1",1,0.80952,0.0,1.0
"TIPIN",0,"!CCDC34",1,0.80952,0.0,1.0
"TK1",1,"CCNB1",1,0.2619,0.0,1.0
"TK1",1,"IQGAP3",1,0.2619,0.0,1.0
"TK1",1,"CDK1",1,0.2381,0.0,1.0
"TK1",1,"CKAP2L",1,0.2381,0.0,1.0
"TK1",1,"HMMR",1,0.2381,0.0,1.0
"TK1",0,"!CDC20",1,0.66667,0.0,1.0
"TK1",0,"!KIF4A",1,0.66667,0.0,1.0
"TK1",0,"!CENPW",1,0.64286,0.0,1.0
"TK1",0,"!DHFR",1,0.64286,0.0,1.0
"TK1",0,"!RAD51",1,0.64286,0.0,1.0
"TMEM100",1,"!CDC42EP3&RBMS3",1,0.16667,0.0,1.0
"TMEM100",1,"!CDC42EP3&TMEM100",1,0.16667,0.0,1.0
"TMEM100",1,"DTL&TMEM100",1,0.14286,0.0,1.0
"TMEM100",1,"!GIMAP7&TMEM100",1,0.14286,0.0,1.0
"TMEM100",1,"KNL1&TMEM100",1,0.14286,0.0,1.0
"TMEM100",0,"!IGLL1",1,0.2381,0.0,1.0
"TMEM100",0,"ITGB2-AS1",1,0.2381,0.0,1.0
"TMEM100",0,"LOC100130872",1,0.19048,0.0,1.0
"TMEM100",0,"!DEPDC1B&!RBMS3",1,0.45238,0.0,1.0
"TMEM100",0,"!FH&!RBMS3",1,0.45238,0.0,1.0
"TMEM2",1,"LILRB2",1,0.59524,0.0,1.0
"TMEM2",1,"!CENPV",1,0.57143,0.0,1.0
"TMEM2",1,"IRAK3",1,0.57143,0.0,1.0
"TMEM2",1,"GSN",1,0.54762,0.0,1.0
"TMEM2",1,"AKAP12",1,0.52381,0.0,1.0
"TMEM2",0,"!METTL7A",1,0.19048,0.0,1.0
"TMEM2",0,"UBE2C",1,0.11905,0.0,1.0
"TMEM2",0,"!AKAP12&!LILRB2",1,0.28571,0.0,1.0
"TMEM2",0,"!LILRB2&SLA",1,0.28571,0.0,1.0
"TMEM2",0,"!AKAP12&!IL6ST",1,0.2619,0.0,1.0
"TMEM97",1,"CENPH",1,0.21429,0.0,1.0
"TMEM97",1,"APITD1-CORT",1,0.19048,0.0,1.0
"TMEM97",1,"ASF1B",1,0.19048,0.0,1.0
"TMEM97",1,"AURKA",1,0.19048,0.0,1.0
"TMEM97",1,"!BTG1",1,0.19048,0.0,1.0
"TMEM97",0,"!CENPH",1,0.78571,0.0,1.0
"TMEM97",0,"!CDK1",1,0.7619,0.0,1.0
"TMEM97",0,"!HMMR",1,0.7619,0.0,1.0
"TMEM97",0,"!KIF14",1,0.7619,0.0,1.0
"TMEM97",0,"!KIF20A",1,0.7619,0.0,1.0
"TNFRSF21",1,"BYSL&!RASSF4",1,0.40476,0.0,1.0
"TNFRSF21",1,"!CLN8&RBM14",1,0.38095,0.0,1.0
"TNFRSF21",1,"DTL&!STAB1",1,0.38095,0.0,1.0
"TNFRSF21",1,"!STAB1&ZNF367",1,0.38095,0.0,1.0
"TNFRSF21",1,"BRCA1&!STAB1",1,0.35714,0.0,1.0
"TNFRSF21",0,"LILRA1",1,0.11905,0.0,1.0
"TNFRSF21",0,"!ANP32E&!TNFRSF21",1,0.30952,0.0,1.0
"TNFRSF21",0,"!FH&!TNFRSF21",1,0.30952,0.0,1.0
"TNFRSF21",0,"!RFC3&!TNFRSF21",1,0.30952,0.0,1.0
"TNFRSF21",0,"!DHFR&!TNFRSF21",1,0.28571,0.0,1.0
"TNFSF8",1,"TNFSF8",1,0.38095,0.0,1.0
"TNFSF8",1,"ITGB2-AS1",1,0.2381,0.0,1.0
"TNFSF8",1,"!RAG1",1,0.2381,0.0,1.0
"TNFSF8",1,"LOC100130872",1,0.19048,0.0,1.0
"TNFSF8",1,"SEMA4D",1,0.16667,0.0,1.0
"TNFSF8",0,"!SNX10",1,0.30952,0.0,1.0
"TNFSF8",0,"LOC728175",1,0.19048,0.0,1.0
"TNFSF8",0,"!ZFP36L2",1,0.11905,0.0,1.0
"TNFSF8",0,"LOC100996643&!TNFSF8",1,0.33333,0.0,1.0
"TNFSF8",0,"!BIRC3&MYRIP",1,0.30952,0.0,1.0
"TOP2A",1,"CENPF",1,0.2619,0.0,1.0
"TOP2A",1,"DEPDC1B",1,0.2619,0.0,1.0
"TOP2A",1,"NEK2",1,0.2619,0.0,1.0
"TOP2A",1,"CDK1",1,0.2381,0.0,1.0
"TOP2A",1,"CKAP2L",1,0.2381,0.0,1.0
"TOP2A",0,"!E2F8",1,0.54762,0.0,1.0
"TOP2A",0,"!TYMS",1,0.40476,0.0,1.0
"TOP2A",0,"PPP1R16B",1,0.35714,0.0,1.0
"TOP2A",0,"!PTP4A1",1,0.30952,0.0,1.0
"TOP2A",0,"!FABP5",1,0.28571,0.0,1.0
"TPX2",1,"APITD1-CORT",1,0.19048,0.0,1.0
"TPX2",1,"ASF1B",1,0.19048,0.0,1.0
"TPX2",1,"AURKA",1,0.19048,0.0,1.0
"TPX2",1,"!BTG1",1,0.19048,0.0,1.0
"TPX2",1,"CCDC34",1,0.19048,0.0,1.0
"TPX2",0,"!APITD1-CORT",1,0.80952,0.0,1.0
"TPX2",0,"!ASF1B",1,0.80952,0.0,1.0
"TPX2",0,"!AURKA",1,0.80952,0.0,1.0
"TPX2",0,"BTG1",1,0.80952,0.0,1.0
"TPX2",0,"!CCDC34",1,0.80952,0.0,1.0
"TRIB1",1,"!ABHD17B",1,0.19048,0.0,1.0
"TRIB1",1,"IL18RAP",1,0.19048,0.0,1.0
"TRIB1",1,"LOC728175",1,0.19048,0.0,1.0
"TRIB1",1,"!EPPK1&!PRPS2",1,0.33333,0.0,1.0
"TRIB1",1,"!EPPK1&IL18R1",1,0.2619,0.0,1.0
"TRIB1",0,"EPPK1",1,0.09524,0.0,1.0
"TRIB1",0,"CENPV&!TRIB1",1,0.2619,0.0,1.0
"TRIB1",0,"CENPV&!SHCBP1",1,0.2381,0.0,1.0
"TRIP13",1,"APITD1-CORT",1,0.19048,0.0,1.0
"TRIP13",1,"ASF1B",1,0.19048,0.0,1.0
"TRIP13",1,"AURKA",1,0.19048,0.0,1.0
"TRIP13",1,"!BTG1",1,0.19048,0.0,1.0
"TRIP13",1,"CCDC34",1,0.19048,0.0,1.0
"TRIP13",0,"!APITD1-CORT",1,0.80952,0.0,1.0
"TRIP13",0,"!ASF1B",1,0.80952,0.0,1.0
"TRIP13",0,"!AURKA",1,0.80952,0.0,1.0
"TRIP13",0,"BTG1",1,0.80952,0.0,1.0
"TRIP13",0,"!CCDC34",1,0.80952,0.0,1.0
"TTK",1,"KIF2C",1,0.2381,0.0,1.0
"TTK",1,"ATAD2",1,0.21429,0.0,1.0
"TTK",1,"BIRC5",1,0.21429,0.0,1.0
"TTK",1,"BUB1",1,0.21429,0.0,1.0
"TTK",1,"CCNA2",1,0.21429,0.0,1.0
"TTK",0,"!KIF2C",1,0.7619,0.0,1.0
"TTK",0,"!CCNB2",1,0.7381,0.0,1.0
"TTK",0,"!CDC45",1,0.7381,0.0,1.0
"TTK",0,"!CENPA",1,0.7381,0.0,1.0
"TTK",0,"!DLGAP5",1,0.7381,0.0,1.0
"TUBA4A",1,"TUBA4A",1,0.40476,0.0,1.0
"TUBA4A",1,"STAB1",1,0.2619,0.0,1.0
"TUBA4A",1,"!WASF1",1,0.14286,0.0,1.0
"TUBA4A",1,"!LILRB2&SMIM3",1,0.11905,0.0,1.0
"TUBA4A",1,"!SCML4&SESN1",1,0.09524,0.0,1.0
"TUBA4A",0,"LOC100505650",1,0.16667,0.0,1.0
"TUBA4A",0,"BCL10",1,0.11905,0.0,1.0
"TUBA4A",0,"ASPM&!TUBA4A",1,0.2619,0.0,1.0
"TUBA4A",0,"NUF2&!TUBA4A",1,0.2381,0.0,1.0
"TUBA4A",0,"CCNL1&!P2RY14",1,0.19048,0.0,1.0
"TXNIP",1,"!CKAP2",1,0.78571,0.0,1.0
"TXNIP",1,"TXNIP",1,0.7619,0.0,1.0
"TXNIP",1,"!CENPU",1,0.66667,0.0,1.0
"TXNIP",1,"!HIST4H4",1,0.66667,0.0,1.0
"TXNIP",1,"NEAT1",1,0.66667,0.0,1.0
"TXNIP",0,"!BIRC3&CENPU",1,0.14286,0.0,1.0
"TXNIP",0,"!BIRC3&CKAP2",1,0.14286,0.0,1.0
"TXNIP",0,"!BIRC3&!TXNIP",1,0.14286,0.0,1.0
"TXNIP",0,"ANP32E&MDK",1,0.11905,0.0,1.0
"TXNIP",0,"ATAD2&!BIRC3",1,0.11905,0.0,1.0
"TYMS",1,"WDR76",1,0.38095,0.0,1.0
"TYMS",1,"MKI67",1,0.33333,0.0,1.0
"TYMS",1,"ZWINT",1,0.33333,0.0,1.0
"TYMS",1,"ANLN",1,0.30952,0.0,1.0
"TYMS",1,"BRIP1",1,0.30952,0.0,1.0
"TYMS",0,"!TYMS",1,0.40476,0.0,1.0
"TYMS",0,"PRDM1",1,0.2381,0.0,1.0
"TYMS",0,"LGALS3",1,0.19048,0.0,1.0
"TYMS",0,"RAB31",1,0.16667,0.0,1.0
"TYMS",0,"LILRA1",1,0.11905,0.0,1.0
"UBE2C",1,"UBE2C",1,0.11905,0.0,1.0
"UBE2C",1,"!AKAP12&APITD1-CORT",1,0.11905,0.0,1.0
"UBE2C",1,"!AKAP12&ASF1B",1,0.11905,0.0,1.0
"UBE2C",1,"!AKAP12&AURKA",1,0.11905,0.0,1.0
"UBE2C",1,"!AKAP12&AURKB",1,0.11905,0.0,1.0
"UBE2C",0,"!UBE2C",1,0.88095,0.0,1.0
"UBE2C",0,"!APITD1-CORT",1,0.80952,0.0,1.0
"UBE2C",0,"!ASF1B",1,0.80952,0.0,1.0
"UBE2C",0,"!AURKA",1,0.80952,0.0,1.0
"UBE2C",0,"BTG1",1,0.80952,0.0,1.0
"UBE2T",1,"APITD1-CORT",1,0.19048,0.0,1.0
"UBE2T",1,"ASF1B",1,0.19048,0.0,1.0
"UBE2T",1,"AURKA",1,0.19048,0.0,1.0
"UBE2T",1,"!BTG1",1,0.19048,0.0,1.0
"UBE2T",1,"CCDC34",1,0.19048,0.0,1.0
"UBE2T",0,"!APITD1-CORT",1,0.80952,0.0,1.0
"UBE2T",0,"!ASF1B",1,0.80952,0.0,1.0
"UBE2T",0,"!AURKA",1,0.80952,0.0,1.0
"UBE2T",0,"BTG1",1,0.80952,0.0,1.0
"UBE2T",0,"!CCDC34",1,0.80952,0.0,1.0
"WASF1",1,"P2RX5",1,0.35714,0.0,1.0
"WASF1",1,"BTNL9",1,0.30952,0.0,1.0
"WASF1",1,"RBMS3",1,0.30952,0.0,1.0
"WASF1",1,"CLN8",1,0.28571,0.0,1.0
"WASF1",1,"MDK",1,0.28571,0.0,1.0
"WASF1",0,"!WASF1",1,0.14286,0.0,1.0
"WASF1",0,"FCGR3B&HBG1",1,0.16667,0.0,1.0
"WASF1",0,"FCGR3B&!IL1B",1,0.16667,0.0,1.0
"WASF1",0,"FCGR3B&ITGB2-AS1",1,0.16667,0.0,1.0
"WASF1",0,"ITGB2-AS1&!SNORA21",1,0.16667,0.0,1.0
"WDHD1",1,"CDK1&!P2RX5",1,0.19048,0.0,1.0
"WDHD1",1,"HMMR&!P2RX5",1,0.19048,0.0,1.0
"WDHD1",1,"KIF14&!P2RX5",1,0.19048,0.0,1.0
"WDHD1",1,"KIF20A&!P2RX5",1,0.19048,0.0,1.0
"WDHD1",1,"!P2RX5&POLQ",1,0.19048,0.0,1.0
"WDHD1",0,"!CENPH",1,0.78571,0.0,1.0
"WDHD1",0,"!CDK1",1,0.7619,0.0,1.0
"WDHD1",0,"!HMMR",1,0.7619,0.0,1.0
"WDHD1",0,"!KIF14",1,0.7619,0.0,1.0
"WDHD1",0,"!KIF20A",1,0.7619,0.0,1.0
"WDR76",1,"CENPH",1,0.21429,0.0,1.0
"WDR76",1,"APITD1-CORT",1,0.19048,0.0,1.0
"WDR76",1,"ASF1B",1,0.19048,0.0,1.0
"WDR76",1,"AURKA",1,0.19048,0.0,1.0
"WDR76",1,"!BTG1",1,0.19048,0.0,1.0
"WDR76",0,"!IQGAP3",1,0.7381,0.0,1.0
"WDR76",0,"!ANLN",1,0.69048,0.0,1.0
"WDR76",0,"!PRR11",1,0.69048,0.0,1.0
"WDR76",0,"!CDC20",1,0.66667,0.0,1.0
"WDR76",0,"!KIF4A",1,0.66667,0.0,1.0
"WFS1",1,"PDE4B&PTP4A1",1,0.35714,0.0,1.0
"WFS1",1,"!SERPINA1&WFS1",1,0.35714,0.0,1.0
"WFS1",1,"ARPP21&WFS1",1,0.33333,0.0,1.0
"WFS1",1,"!HBG1&PDE4B",1,0.33333,0.0,1.0
"WFS1",1,"PDE4B&WFS1",1,0.33333,0.0,1.0
"WFS1",0,"ITGB2-AS1",1,0.2381,0.0,1.0
"WFS1",0,"LOC100130872",1,0.19048,0.0,1.0
"WFS1",0,"LILRA1",1,0.11905,0.0,1.0
"WFS1",0,"!KIF26A&!WFS1",1,0.38095,0.0,1.0
"WFS1",0,"!IL1B&!WFS1",1,0.33333,0.0,1.0
"ZBTB16",1,"LILRA1",1,0.11905,0.0,1.0
"ZBTB16",1,"!LEF1&LILRB2",1,0.19048,0.0,1.0
"ZBTB16",1,"!LEF1&RNASET2",1,0.19048,0.0,1.0
"ZBTB16",1,"IFNGR1&LGALS3",1,0.16667,0.0,1.0
"ZBTB16",1,"!LEF1&LGALS3",1,0.16667,0.0,1.0
"ZBTB16",0,"!RBMS3&SNORA21",1,0.33333,0.0,1.0
"ZBTB16",0,"DFNA5&!ZBTB16",1,0.30952,0.0,1.0
"ZBTB16",0,"!GBP4&SNORA21",1,0.30952,0.0,1.0
"ZBTB16",0,"!GBP4&!ZBTB16",1,0.30952,0.0,1.0
"ZBTB16",0,"CENPV&SNORA21",1,0.28571,0.0,1.0
"ZFP36L2",1,"ZFP36L2",1,0.88095,0.0,1.0
"ZFP36L2",1,"TXNIP",1,0.7619,0.0,1.0
"ZFP36L2",1,"LEF1",1,0.71429,0.0,1.0
"ZFP36L2",1,"!HIST4H4",1,0.66667,0.0,1.0
"ZFP36L2",1,"!MTHFD2",1,0.64286,0.0,1.0
"ZFP36L2",0,"!B3GNT2&!ZFP36L2",1,0.09524,0.0,1.0
"ZFP36L2",0,"BCAT1&!LEF1",1,0.09524,0.0,1.0
"ZFP36L2",0,"BRCA1&!LEF1",1,0.09524,0.0,1.0
"ZFP36L2",0,"!LEF1&LOC100996643",1,0.09524,0.0,1.0
"ZFP36L2",0,"!LEF1&!MIR8071-1",1,0.09524,0.0,1.0
"ZNF367",1,"MDK&MKI67",1,0.16667,0.0,1.0
"ZNF367",1,"MDK&NCAPG",1,0.16667,0.0,1.0
"ZNF367",1,"MDK&NEK2",1,0.16667,0.0,1.0
"ZNF367",1,"MDK&NUSAP1",1,0.16667,0.0,1.0
"ZNF367",1,"MDK&POLQ",1,0.16667,0.0,1.0
"ZNF367",0,"!CKS1B",1,0.61905,0.0,1.0
"ZNF367",0,"!TIMELESS",1,0.59524,0.0,1.0
"ZNF367",0,"!BRCA1",1,0.54762,0.0,1.0
"ZNF367",0,"!MCM7",1,0.52381,0.0,1.0
"ZNF367",0,"!RAD51AP1",1,0.45238,0.0,1.0
"ZWINT",1,"KIF2C",1,0.2381,0.0,1.0
"ZWINT",1,"ATAD2",1,0.21429,0.0,1.0
"ZWINT",1,"BIRC5",1,0.21429,0.0,1.0
"ZWINT",1,"BUB1",1,0.21429,0.0,1.0
"ZWINT",1,"CCNA2",1,0.21429,0.0,1.0
"ZWINT",0,"!KIF2C",1,0.7619,0.0,1.0
"ZWINT",0,"!CCNB2",1,0.7381,0.0,1.0
"ZWINT",0,"!CDC45",1,0.7381,0.0,1.0
"ZWINT",0,"!CENPA",1,0.7381,0.0,1.0
"ZWINT",0,"!DLGAP5",1,0.7381,0.0,1.0
